"","MAT","MAP","MAT_bin","MAP_bin","MAT_MAP_bin"
"1",19.6,1096,"3","1","MAT3_MAP1"
"2",19.6,1111,"3","1","MAT3_MAP1"
"3",19.6,1119,"3","1","MAT3_MAP1"
"4",19.8,1108,"3","1","MAT3_MAP1"
"5",19.6,1121,"3","1","MAT3_MAP1"
"6",19.5,1126,"3","1","MAT3_MAP1"
"7",19.8,1120,"3","1","MAT3_MAP1"
"8",19.6,1126,"3","1","MAT3_MAP1"
"9",19.5,1125,"3","1","MAT3_MAP1"
"10",18.9,1059,"3","1","MAT3_MAP1"
"11",19.6,1139,"3","1","MAT3_MAP1"
"12",18.7,1067,"3","1","MAT3_MAP1"
"13",19.3,1097,"3","1","MAT3_MAP1"
"14",18.9,1071,"3","1","MAT3_MAP1"
"15",19.9,1158,"3","1","MAT3_MAP1"
"16",19.4,1106,"3","1","MAT3_MAP1"
"17",18.8,1073,"3","1","MAT3_MAP1"
"18",16.1,1231,"2","1","MAT2_MAP1"
"19",16,1232,"2","1","MAT2_MAP1"
"20",19.1,1085,"3","1","MAT3_MAP1"
"21",18.7,1061,"3","1","MAT3_MAP1"
"22",18.8,1074,"3","1","MAT3_MAP1"
"23",19.3,1148,"3","1","MAT3_MAP1"
"24",19.4,1179,"3","1","MAT3_MAP1"
"25",19,1067,"3","1","MAT3_MAP1"
"26",19.3,1158,"3","1","MAT3_MAP1"
"27",16.5,1213,"2","1","MAT2_MAP1"
"28",18.8,1086,"3","1","MAT3_MAP1"
"29",19,1074,"3","1","MAT3_MAP1"
"30",19,1098,"3","1","MAT3_MAP1"
"31",18.9,1090,"3","1","MAT3_MAP1"
"32",16.4,1233,"2","1","MAT2_MAP1"
"33",19.1,1112,"3","1","MAT3_MAP1"
"34",19.2,1173,"3","1","MAT3_MAP1"
"35",17.9,1070,"3","1","MAT3_MAP1"
"36",19.2,1208,"3","1","MAT3_MAP1"
"37",16.6,1219,"2","1","MAT2_MAP1"
"38",18.9,1097,"3","1","MAT3_MAP1"
"39",19.7,1216,"3","1","MAT3_MAP1"
"40",18.8,1089,"3","1","MAT3_MAP1"
"41",19,1103,"3","1","MAT3_MAP1"
"42",19,1118,"3","1","MAT3_MAP1"
"43",16.7,1218,"2","1","MAT2_MAP1"
"44",17,1195,"2","1","MAT2_MAP1"
"45",17.8,1076,"3","1","MAT3_MAP1"
"46",15.9,1276,"2","1","MAT2_MAP1"
"47",19.1,1153,"3","1","MAT3_MAP1"
"48",18.8,1090,"3","1","MAT3_MAP1"
"49",18.7,1097,"3","1","MAT3_MAP1"
"50",19.3,1237,"3","1","MAT3_MAP1"
"51",18.9,1126,"3","1","MAT3_MAP1"
"52",16.1,1270,"2","1","MAT2_MAP1"
"53",18.8,1099,"3","1","MAT3_MAP1"
"54",16.4,1252,"2","1","MAT2_MAP1"
"55",18.8,1101,"3","1","MAT3_MAP1"
"56",17.6,1098,"3","1","MAT3_MAP1"
"57",18.9,1118,"3","1","MAT3_MAP1"
"58",17.9,1082,"3","1","MAT3_MAP1"
"59",19.1,1241,"3","1","MAT3_MAP1"
"60",18.1,1096,"3","1","MAT3_MAP1"
"61",19.3,1264,"3","1","MAT3_MAP1"
"62",18.9,1135,"3","1","MAT3_MAP1"
"63",17,1197,"2","1","MAT2_MAP1"
"64",18.8,1117,"3","1","MAT3_MAP1"
"65",18.9,1162,"3","1","MAT3_MAP1"
"66",17,1204,"2","1","MAT2_MAP1"
"67",16.4,1255,"2","1","MAT2_MAP1"
"68",19,1152,"3","1","MAT3_MAP1"
"69",16.5,1259,"2","1","MAT2_MAP1"
"70",16.9,1231,"2","1","MAT2_MAP1"
"71",17.4,1118,"3","1","MAT3_MAP1"
"72",19.9,1278,"3","1","MAT3_MAP1"
"73",19,1160,"3","1","MAT3_MAP1"
"74",19,1204,"3","1","MAT3_MAP1"
"75",16.5,1270,"2","1","MAT2_MAP1"
"76",17,1209,"2","1","MAT2_MAP1"
"77",18.7,1117,"3","1","MAT3_MAP1"
"78",15.3,1321,"2","1","MAT2_MAP1"
"79",18.7,1110,"3","1","MAT3_MAP1"
"80",16.9,1239,"2","1","MAT2_MAP1"
"81",18,1130,"3","1","MAT3_MAP1"
"82",19.5,1293,"3","1","MAT3_MAP1"
"83",19.9,1293,"3","1","MAT3_MAP1"
"84",19.3,1292,"3","1","MAT3_MAP1"
"85",19.4,1294,"3","1","MAT3_MAP1"
"86",16.9,1218,"2","1","MAT2_MAP1"
"87",19,1274,"3","1","MAT3_MAP1"
"88",18.8,1127,"3","1","MAT3_MAP1"
"89",16.1,1304,"2","1","MAT2_MAP1"
"90",19.1,1251,"3","1","MAT3_MAP1"
"91",18.6,1125,"3","1","MAT3_MAP1"
"92",18.8,1121,"3","1","MAT3_MAP1"
"93",18.7,1216,"3","1","MAT3_MAP1"
"94",19.3,1302,"3","1","MAT3_MAP1"
"95",18.9,1171,"3","1","MAT3_MAP1"
"96",18.6,1129,"3","1","MAT3_MAP1"
"97",19.7,1314,"3","1","MAT3_MAP1"
"98",17.7,1138,"3","1","MAT3_MAP1"
"99",16.8,1260,"2","1","MAT2_MAP1"
"100",19.1,1298,"3","1","MAT3_MAP1"
"101",19.7,1319,"3","1","MAT3_MAP1"
"102",18.8,1159,"3","1","MAT3_MAP1"
"103",18.9,1143,"3","1","MAT3_MAP1"
"104",19,1165,"3","1","MAT3_MAP1"
"105",18.9,1217,"3","1","MAT3_MAP1"
"106",18.7,1127,"3","1","MAT3_MAP1"
"107",16.8,1263,"2","1","MAT2_MAP1"
"108",15.5,1318,"2","1","MAT2_MAP1"
"109",16.1,1301,"2","1","MAT2_MAP1"
"110",18.9,1172,"3","1","MAT3_MAP1"
"111",19,1275,"3","1","MAT3_MAP1"
"112",18.7,1135,"3","1","MAT3_MAP1"
"113",16.7,1269,"2","1","MAT2_MAP1"
"114",16.7,1264,"2","1","MAT2_MAP1"
"115",16.3,1305,"2","1","MAT2_MAP1"
"116",18.1,1153,"3","1","MAT3_MAP1"
"117",18.9,1166,"3","1","MAT3_MAP1"
"118",18.2,1163,"3","1","MAT3_MAP1"
"119",19.8,1331,"3","1","MAT3_MAP1"
"120",18.8,1137,"3","1","MAT3_MAP1"
"121",18.4,1151,"3","1","MAT3_MAP1"
"122",16,1318,"2","1","MAT2_MAP1"
"123",18.2,1165,"3","1","MAT3_MAP1"
"124",19.1,1305,"3","1","MAT3_MAP1"
"125",18.7,1274,"3","1","MAT3_MAP1"
"126",18.8,1214,"3","1","MAT3_MAP1"
"127",19,1140,"3","1","MAT3_MAP1"
"128",18.5,1155,"3","1","MAT3_MAP1"
"129",15.6,1293,"2","1","MAT2_MAP1"
"130",15.7,1236,"2","1","MAT2_MAP1"
"131",15.5,1341,"2","2","MAT2_MAP2"
"132",15.3,1281,"2","1","MAT2_MAP1"
"133",16.3,1293,"2","1","MAT2_MAP1"
"134",15.8,1330,"2","1","MAT2_MAP1"
"135",18.8,1298,"3","1","MAT3_MAP1"
"136",15.3,1323,"2","1","MAT2_MAP1"
"137",16.7,1249,"2","1","MAT2_MAP1"
"138",18.1,1181,"3","1","MAT3_MAP1"
"139",18,1176,"3","1","MAT3_MAP1"
"140",15.7,1334,"2","1","MAT2_MAP1"
"141",18.1,1166,"3","1","MAT3_MAP1"
"142",19.3,1342,"3","2","MAT3_MAP2"
"143",19.3,1335,"3","2","MAT3_MAP2"
"144",18.9,1194,"3","1","MAT3_MAP1"
"145",18.1,1174,"3","1","MAT3_MAP1"
"146",19.1,1322,"3","1","MAT3_MAP1"
"147",18.8,1218,"3","1","MAT3_MAP1"
"148",18.6,1270,"3","1","MAT3_MAP1"
"149",18.8,1154,"3","1","MAT3_MAP1"
"150",18,1183,"3","1","MAT3_MAP1"
"151",15.8,1332,"2","1","MAT2_MAP1"
"152",19.3,1351,"3","2","MAT3_MAP2"
"153",18.2,1170,"3","1","MAT3_MAP1"
"154",19.1,1337,"3","2","MAT3_MAP2"
"155",19.5,1354,"3","2","MAT3_MAP2"
"156",18,1186,"3","1","MAT3_MAP1"
"157",18.1,1173,"3","1","MAT3_MAP1"
"158",18.7,1245,"3","1","MAT3_MAP1"
"159",19.5,1359,"3","2","MAT3_MAP2"
"160",18.8,1310,"3","1","MAT3_MAP1"
"161",16.7,1267,"2","1","MAT2_MAP1"
"162",18.8,1178,"3","1","MAT3_MAP1"
"163",15.4,1294,"2","1","MAT2_MAP1"
"164",19.9,1366,"3","2","MAT3_MAP2"
"165",18,1187,"3","1","MAT3_MAP1"
"166",19.2,1355,"3","2","MAT3_MAP2"
"167",19.7,1372,"3","2","MAT3_MAP2"
"168",19,1331,"3","1","MAT3_MAP1"
"169",18.8,1225,"3","1","MAT3_MAP1"
"170",18,1194,"3","1","MAT3_MAP1"
"171",18.9,1235,"3","1","MAT3_MAP1"
"172",18.7,1179,"3","1","MAT3_MAP1"
"173",17,1244,"2","1","MAT2_MAP1"
"174",17.5,1204,"3","1","MAT3_MAP1"
"175",18.7,1278,"3","1","MAT3_MAP1"
"176",17.3,1226,"2","1","MAT2_MAP1"
"177",18.8,1317,"3","1","MAT3_MAP1"
"178",18.1,1180,"3","1","MAT3_MAP1"
"179",18.6,1293,"3","1","MAT3_MAP1"
"180",16.6,1283,"2","1","MAT2_MAP1"
"181",16,1332,"2","1","MAT2_MAP1"
"182",16.8,1262,"2","1","MAT2_MAP1"
"183",15.5,1369,"2","2","MAT2_MAP2"
"184",19.2,1361,"3","2","MAT3_MAP2"
"185",18.2,1180,"3","1","MAT3_MAP1"
"186",18.1,1193,"3","1","MAT3_MAP1"
"187",18.8,1245,"3","1","MAT3_MAP1"
"188",17.9,1190,"3","1","MAT3_MAP1"
"189",18,1189,"3","1","MAT3_MAP1"
"190",18.7,1225,"3","1","MAT3_MAP1"
"191",18.2,1198,"3","1","MAT3_MAP1"
"192",18.6,1187,"3","1","MAT3_MAP1"
"193",15.9,1345,"2","2","MAT2_MAP2"
"194",16.3,1314,"2","1","MAT2_MAP1"
"195",16.7,1279,"2","1","MAT2_MAP1"
"196",15.2,1341,"2","2","MAT2_MAP2"
"197",15.5,1325,"2","1","MAT2_MAP1"
"198",16.5,1298,"2","1","MAT2_MAP1"
"199",15.6,1087,"2","1","MAT2_MAP1"
"200",19.8,1377,"3","2","MAT3_MAP2"
"201",19.3,1373,"3","2","MAT3_MAP2"
"202",19.4,1377,"3","2","MAT3_MAP2"
"203",18.6,1208,"3","1","MAT3_MAP1"
"204",18.2,1203,"3","1","MAT3_MAP1"
"205",15.8,1353,"2","2","MAT2_MAP2"
"206",18.2,1207,"3","1","MAT3_MAP1"
"207",19.8,1381,"3","2","MAT3_MAP2"
"208",18.6,1200,"3","1","MAT3_MAP1"
"209",18,1209,"3","1","MAT3_MAP1"
"210",18.1,1200,"3","1","MAT3_MAP1"
"211",19.4,1382,"3","2","MAT3_MAP2"
"212",19.2,1373,"3","2","MAT3_MAP2"
"213",17.9,1195,"3","1","MAT3_MAP1"
"214",17.5,1212,"3","1","MAT3_MAP1"
"215",18.6,1227,"3","1","MAT3_MAP1"
"216",18.8,1243,"3","1","MAT3_MAP1"
"217",15.5,1379,"2","2","MAT2_MAP2"
"218",18.7,1246,"3","1","MAT3_MAP1"
"219",16.6,1290,"2","1","MAT2_MAP1"
"220",16.8,1279,"2","1","MAT2_MAP1"
"221",16.7,1287,"2","1","MAT2_MAP1"
"222",18.7,1295,"3","1","MAT3_MAP1"
"223",19,1356,"3","2","MAT3_MAP2"
"224",18.2,1219,"3","1","MAT3_MAP1"
"225",18.4,1221,"3","1","MAT3_MAP1"
"226",15.7,1376,"2","2","MAT2_MAP2"
"227",15.3,1393,"2","2","MAT2_MAP2"
"228",15.3,1312,"2","1","MAT2_MAP1"
"229",18.7,1315,"3","1","MAT3_MAP1"
"230",18.5,1226,"3","1","MAT3_MAP1"
"231",18.4,1225,"3","1","MAT3_MAP1"
"232",16.9,1274,"2","1","MAT2_MAP1"
"233",16,1353,"2","2","MAT2_MAP2"
"234",17.9,1227,"3","1","MAT3_MAP1"
"235",16.8,1281,"2","1","MAT2_MAP1"
"236",18.8,1330,"3","1","MAT3_MAP1"
"237",19.3,1384,"3","2","MAT3_MAP2"
"238",15.2,1152,"2","1","MAT2_MAP1"
"239",18.2,1227,"3","1","MAT3_MAP1"
"240",18.6,1287,"3","1","MAT3_MAP1"
"241",17.3,1215,"2","1","MAT2_MAP1"
"242",18.1,1234,"3","1","MAT3_MAP1"
"243",17.4,1209,"3","1","MAT3_MAP1"
"244",19,1370,"3","2","MAT3_MAP2"
"245",16.2,1343,"2","2","MAT2_MAP2"
"246",17,1265,"2","1","MAT2_MAP1"
"247",17.7,1205,"3","1","MAT3_MAP1"
"248",18.7,1349,"3","2","MAT3_MAP2"
"249",19.3,1386,"3","2","MAT3_MAP2"
"250",18,1225,"3","1","MAT3_MAP1"
"251",17.9,1226,"3","1","MAT3_MAP1"
"252",18,1240,"3","1","MAT3_MAP1"
"253",15.1,1412,"2","2","MAT2_MAP2"
"254",15.4,1180,"2","1","MAT2_MAP1"
"255",16.9,1280,"2","1","MAT2_MAP1"
"256",16.4,1326,"2","1","MAT2_MAP1"
"257",19.2,1389,"3","2","MAT3_MAP2"
"258",17.9,1207,"3","1","MAT3_MAP1"
"259",18.1,1223,"3","1","MAT3_MAP1"
"260",18,1227,"3","1","MAT3_MAP1"
"261",17.5,1214,"3","1","MAT3_MAP1"
"262",17.2,1216,"2","1","MAT2_MAP1"
"263",17.3,1218,"2","1","MAT2_MAP1"
"264",18.7,1287,"3","1","MAT3_MAP1"
"265",18.3,1265,"3","1","MAT3_MAP1"
"266",19.6,1412,"3","2","MAT3_MAP2"
"267",18,1230,"3","1","MAT3_MAP1"
"268",18.1,1225,"3","1","MAT3_MAP1"
"269",18.8,1343,"3","2","MAT3_MAP2"
"270",18.1,1226,"3","1","MAT3_MAP1"
"271",15.8,1389,"2","2","MAT2_MAP2"
"272",17.9,1202,"3","1","MAT3_MAP1"
"273",18.2,1272,"3","1","MAT3_MAP1"
"274",15.6,1095,"2","1","MAT2_MAP1"
"275",18,1250,"3","1","MAT3_MAP1"
"276",17.1,1268,"2","1","MAT2_MAP1"
"277",15.5,1417,"2","2","MAT2_MAP2"
"278",19.6,1419,"3","2","MAT3_MAP2"
"279",19.5,1415,"3","2","MAT3_MAP2"
"280",18.2,1226,"3","1","MAT3_MAP1"
"281",19.1,1375,"3","2","MAT3_MAP2"
"282",16.1,1356,"2","2","MAT2_MAP2"
"283",18.1,1272,"3","1","MAT3_MAP1"
"284",18.3,1271,"3","1","MAT3_MAP1"
"285",15,1457,"2","2","MAT2_MAP2"
"286",18,1249,"3","1","MAT3_MAP1"
"287",17.9,1279,"3","1","MAT3_MAP1"
"288",18.1,1270,"3","1","MAT3_MAP1"
"289",16.5,1323,"2","1","MAT2_MAP1"
"290",15.5,1130,"2","1","MAT2_MAP1"
"291",18,1233,"3","1","MAT3_MAP1"
"292",17.7,1207,"3","1","MAT3_MAP1"
"293",16.1,1353,"2","2","MAT2_MAP2"
"294",18.6,1306,"3","1","MAT3_MAP1"
"295",18.9,1354,"3","2","MAT3_MAP2"
"296",17.5,1195,"3","1","MAT3_MAP1"
"297",19.5,1422,"3","2","MAT3_MAP2"
"298",15.3,1445,"2","2","MAT2_MAP2"
"299",18,1258,"3","1","MAT3_MAP1"
"300",19.5,1426,"3","2","MAT3_MAP2"
"301",18,1243,"3","1","MAT3_MAP1"
"302",15.9,924,"2","1","MAT2_MAP1"
"303",18.8,1366,"3","2","MAT3_MAP2"
"304",16.9,1298,"2","1","MAT2_MAP1"
"305",18.3,1343,"3","2","MAT3_MAP2"
"306",18.7,1357,"3","2","MAT3_MAP2"
"307",19,1380,"3","2","MAT3_MAP2"
"308",18.1,1293,"3","1","MAT3_MAP1"
"309",19.2,1405,"3","2","MAT3_MAP2"
"310",18,1242,"3","1","MAT3_MAP1"
"311",18.1,1224,"3","1","MAT3_MAP1"
"312",18.3,1296,"3","1","MAT3_MAP1"
"313",17.9,1247,"3","1","MAT3_MAP1"
"314",17.8,1293,"3","1","MAT3_MAP1"
"315",15.4,1256,"2","1","MAT2_MAP1"
"316",17.4,1236,"3","1","MAT3_MAP1"
"317",15.7,1397,"2","2","MAT2_MAP2"
"318",17.6,1192,"3","1","MAT3_MAP1"
"319",15.5,1426,"2","2","MAT2_MAP2"
"320",18.4,1307,"3","1","MAT3_MAP1"
"321",18.1,1295,"3","1","MAT3_MAP1"
"322",17.9,1290,"3","1","MAT3_MAP1"
"323",17.9,1250,"3","1","MAT3_MAP1"
"324",17.4,1241,"3","1","MAT3_MAP1"
"325",15.6,1049,"2","1","MAT2_MAP1"
"326",15.7,1409,"2","2","MAT2_MAP2"
"327",18.3,1350,"3","2","MAT3_MAP2"
"328",19.3,1431,"3","2","MAT3_MAP2"
"329",17.8,1216,"3","1","MAT3_MAP1"
"330",15.9,1389,"2","2","MAT2_MAP2"
"331",18,1218,"3","1","MAT3_MAP1"
"332",18.2,1319,"3","1","MAT3_MAP1"
"333",18,1305,"3","1","MAT3_MAP1"
"334",17.8,1287,"3","1","MAT3_MAP1"
"335",17.9,1267,"3","1","MAT3_MAP1"
"336",18,1246,"3","1","MAT3_MAP1"
"337",15.3,1473,"2","2","MAT2_MAP2"
"338",15.2,1374,"2","2","MAT2_MAP2"
"339",18.7,1378,"3","2","MAT3_MAP2"
"340",17.9,1276,"3","1","MAT3_MAP1"
"341",15.4,1179,"2","1","MAT2_MAP1"
"342",18.5,1363,"3","2","MAT3_MAP2"
"343",15.9,1388,"2","2","MAT2_MAP2"
"344",18.5,1376,"3","2","MAT3_MAP2"
"345",15.1,1408,"2","2","MAT2_MAP2"
"346",15.7,1415,"2","2","MAT2_MAP2"
"347",15.5,1443,"2","2","MAT2_MAP2"
"348",18.8,1392,"3","2","MAT3_MAP2"
"349",18.1,1240,"3","1","MAT3_MAP1"
"350",19.1,1429,"3","2","MAT3_MAP2"
"351",17.9,1265,"3","1","MAT3_MAP1"
"352",18.3,1334,"3","1","MAT3_MAP1"
"353",17.4,1217,"3","1","MAT3_MAP1"
"354",17.8,1258,"3","1","MAT3_MAP1"
"355",16,1385,"2","2","MAT2_MAP2"
"356",15.6,1429,"2","2","MAT2_MAP2"
"357",15.3,1477,"2","2","MAT2_MAP2"
"358",15.4,1467,"2","2","MAT2_MAP2"
"359",17.9,1260,"3","1","MAT3_MAP1"
"360",19.1,1419,"3","2","MAT3_MAP2"
"361",17.9,1256,"3","1","MAT3_MAP1"
"362",19.2,1431,"3","2","MAT3_MAP2"
"363",18.3,1345,"3","2","MAT3_MAP2"
"364",19,1411,"3","2","MAT3_MAP2"
"365",18.2,1321,"3","1","MAT3_MAP1"
"366",19.4,1470,"3","2","MAT3_MAP2"
"367",17.1,1287,"2","1","MAT2_MAP1"
"368",15.6,1177,"2","1","MAT2_MAP1"
"369",18.5,1380,"3","2","MAT3_MAP2"
"370",18.2,1327,"3","1","MAT3_MAP1"
"371",19.2,1443,"3","2","MAT3_MAP2"
"372",19.1,1438,"3","2","MAT3_MAP2"
"373",18.1,1313,"3","1","MAT3_MAP1"
"374",17.6,1241,"3","1","MAT3_MAP1"
"375",18,1239,"3","1","MAT3_MAP1"
"376",17.9,1293,"3","1","MAT3_MAP1"
"377",15.3,1467,"2","2","MAT2_MAP2"
"378",17.2,1273,"2","1","MAT2_MAP1"
"379",16.7,1328,"2","1","MAT2_MAP1"
"380",19.4,1472,"3","2","MAT3_MAP2"
"381",18.3,1377,"3","2","MAT3_MAP2"
"382",15.5,1158,"2","1","MAT2_MAP1"
"383",15.2,1372,"2","2","MAT2_MAP2"
"384",15.2,1277,"2","1","MAT2_MAP1"
"385",15.5,1454,"2","2","MAT2_MAP2"
"386",15.7,1432,"2","2","MAT2_MAP2"
"387",18.2,1333,"3","1","MAT3_MAP1"
"388",18.3,1378,"3","2","MAT3_MAP2"
"389",18.5,1391,"3","2","MAT3_MAP2"
"390",17.8,1279,"3","1","MAT3_MAP1"
"391",17.8,1284,"3","1","MAT3_MAP1"
"392",17.8,1297,"3","1","MAT3_MAP1"
"393",17.4,1240,"3","1","MAT3_MAP1"
"394",17.8,1305,"3","1","MAT3_MAP1"
"395",17,1295,"2","1","MAT2_MAP1"
"396",19.2,1450,"3","2","MAT3_MAP2"
"397",16.3,1371,"2","2","MAT2_MAP2"
"398",19.1,1445,"3","2","MAT3_MAP2"
"399",15.6,1445,"2","2","MAT2_MAP2"
"400",15,1297,"2","1","MAT2_MAP1"
"401",15.9,1413,"2","2","MAT2_MAP2"
"402",19.3,1454,"3","2","MAT3_MAP2"
"403",17.6,1249,"3","1","MAT3_MAP1"
"404",15.6,1237,"2","1","MAT2_MAP1"
"405",15.7,1442,"2","2","MAT2_MAP2"
"406",17.3,1250,"2","1","MAT2_MAP1"
"407",18,1331,"3","1","MAT3_MAP1"
"408",19,1429,"3","2","MAT3_MAP2"
"409",16.3,1373,"2","2","MAT2_MAP2"
"410",17,1296,"2","1","MAT2_MAP1"
"411",18,1259,"3","1","MAT3_MAP1"
"412",17.5,1259,"3","1","MAT3_MAP1"
"413",19,1452,"3","2","MAT3_MAP2"
"414",17.4,1263,"3","1","MAT3_MAP1"
"415",19.2,1461,"3","2","MAT3_MAP2"
"416",19.1,1448,"3","2","MAT3_MAP2"
"417",17.8,1244,"3","1","MAT3_MAP1"
"418",17.3,1259,"2","1","MAT2_MAP1"
"419",17.7,1300,"3","1","MAT3_MAP1"
"420",19.4,1459,"3","2","MAT3_MAP2"
"421",17.8,1330,"3","1","MAT3_MAP1"
"422",17,1297,"2","1","MAT2_MAP1"
"423",18.5,1368,"3","2","MAT3_MAP2"
"424",15.9,1420,"2","2","MAT2_MAP2"
"425",15.6,1240,"2","1","MAT2_MAP1"
"426",17.7,1264,"3","1","MAT3_MAP1"
"427",15.6,1451,"2","2","MAT2_MAP2"
"428",17.8,1249,"3","1","MAT3_MAP1"
"429",17.6,1264,"3","1","MAT3_MAP1"
"430",18.2,1357,"3","2","MAT3_MAP2"
"431",18,1334,"3","1","MAT3_MAP1"
"432",19.2,1458,"3","2","MAT3_MAP2"
"433",17.9,1270,"3","1","MAT3_MAP1"
"434",17.9,1277,"3","1","MAT3_MAP1"
"435",17.8,1298,"3","1","MAT3_MAP1"
"436",15.4,1164,"2","1","MAT2_MAP1"
"437",18,1349,"3","2","MAT3_MAP2"
"438",18.1,1359,"3","2","MAT3_MAP2"
"439",16.8,1322,"2","1","MAT2_MAP1"
"440",18.3,1355,"3","2","MAT3_MAP2"
"441",17.2,1288,"2","1","MAT2_MAP1"
"442",16.3,1374,"2","2","MAT2_MAP2"
"443",15.8,1431,"2","2","MAT2_MAP2"
"444",15.7,1191,"2","1","MAT2_MAP1"
"445",17.8,1289,"3","1","MAT3_MAP1"
"446",17.8,1253,"3","1","MAT3_MAP1"
"447",17.8,1257,"3","1","MAT3_MAP1"
"448",17.2,1281,"2","1","MAT2_MAP1"
"449",18,1359,"3","2","MAT3_MAP2"
"450",17,1304,"2","1","MAT2_MAP1"
"451",16.5,1369,"2","2","MAT2_MAP2"
"452",18.2,1384,"3","2","MAT3_MAP2"
"453",18.8,1444,"3","2","MAT3_MAP2"
"454",16.2,1391,"2","2","MAT2_MAP2"
"455",18.6,1401,"3","2","MAT3_MAP2"
"456",18.7,1414,"3","2","MAT3_MAP2"
"457",18.8,1450,"3","2","MAT3_MAP2"
"458",16.1,1404,"2","2","MAT2_MAP2"
"459",15.3,1455,"2","2","MAT2_MAP2"
"460",18.8,1424,"3","2","MAT3_MAP2"
"461",17.3,1276,"2","1","MAT2_MAP1"
"462",17.9,1253,"3","1","MAT3_MAP1"
"463",17.9,1299,"3","1","MAT3_MAP1"
"464",18.4,1388,"3","2","MAT3_MAP2"
"465",16.9,1323,"2","1","MAT2_MAP1"
"466",18,1343,"3","2","MAT3_MAP2"
"467",17.9,1335,"3","2","MAT3_MAP2"
"468",18.2,1361,"3","2","MAT3_MAP2"
"469",16.8,1341,"2","2","MAT2_MAP2"
"470",16.5,1366,"2","2","MAT2_MAP2"
"471",18.9,1454,"3","2","MAT3_MAP2"
"472",19.2,1454,"3","2","MAT3_MAP2"
"473",17.7,1276,"3","1","MAT3_MAP1"
"474",16.3,1388,"2","2","MAT2_MAP2"
"475",17.9,1278,"3","1","MAT3_MAP1"
"476",17.1,1313,"2","1","MAT2_MAP1"
"477",17.9,1312,"3","1","MAT3_MAP1"
"478",18.2,1364,"3","2","MAT3_MAP2"
"479",15.8,1438,"2","2","MAT2_MAP2"
"480",15.5,1446,"2","2","MAT2_MAP2"
"481",16.8,1333,"2","1","MAT2_MAP1"
"482",15,1184,"2","1","MAT2_MAP1"
"483",18.9,1461,"3","2","MAT3_MAP2"
"484",16.6,1359,"2","2","MAT2_MAP2"
"485",18.9,1452,"3","2","MAT3_MAP2"
"486",19.5,1442,"3","2","MAT3_MAP2"
"487",19,1464,"3","2","MAT3_MAP2"
"488",15.2,1322,"2","1","MAT2_MAP1"
"489",15.3,1377,"2","2","MAT2_MAP2"
"490",17.2,1275,"2","1","MAT2_MAP1"
"491",15.2,1239,"2","1","MAT2_MAP1"
"492",17.8,1291,"3","1","MAT3_MAP1"
"493",17.8,1285,"3","1","MAT3_MAP1"
"494",15.8,1440,"2","2","MAT2_MAP2"
"495",16.6,1358,"2","2","MAT2_MAP2"
"496",18.1,1322,"3","1","MAT3_MAP1"
"497",17.1,1307,"2","1","MAT2_MAP1"
"498",17.1,1303,"2","1","MAT2_MAP1"
"499",18.6,1415,"3","2","MAT3_MAP2"
"500",17.5,1294,"3","1","MAT3_MAP1"
"501",19.1,1465,"3","2","MAT3_MAP2"
"502",16.6,1360,"2","2","MAT2_MAP2"
"503",18.9,1467,"3","2","MAT3_MAP2"
"504",18.9,1465,"3","2","MAT3_MAP2"
"505",18.1,1350,"3","2","MAT3_MAP2"
"506",15.1,1347,"2","2","MAT2_MAP2"
"507",17.2,1293,"2","1","MAT2_MAP1"
"508",17.7,1303,"3","1","MAT3_MAP1"
"509",16.4,1377,"2","2","MAT2_MAP2"
"510",18.3,1356,"3","2","MAT3_MAP2"
"511",16,1418,"2","2","MAT2_MAP2"
"512",15.3,1192,"2","1","MAT2_MAP1"
"513",18.2,1355,"3","2","MAT3_MAP2"
"514",17.2,1289,"2","1","MAT2_MAP1"
"515",19,1473,"3","2","MAT3_MAP2"
"516",19.2,1470,"3","2","MAT3_MAP2"
"517",17.1,1298,"2","1","MAT2_MAP1"
"518",16.3,1389,"2","2","MAT2_MAP2"
"519",16.7,1339,"2","2","MAT2_MAP2"
"520",17.1,1305,"2","1","MAT2_MAP1"
"521",18.6,1443,"3","2","MAT3_MAP2"
"522",15.3,1265,"2","1","MAT2_MAP1"
"523",17.4,1295,"3","1","MAT3_MAP1"
"524",17.8,1310,"3","1","MAT3_MAP1"
"525",18.2,1348,"3","2","MAT3_MAP2"
"526",18.4,1411,"3","2","MAT3_MAP2"
"527",18.2,1340,"3","2","MAT3_MAP2"
"528",18.4,1407,"3","2","MAT3_MAP2"
"529",17.9,1314,"3","1","MAT3_MAP1"
"530",17.2,1291,"2","1","MAT2_MAP1"
"531",17.1,1293,"2","1","MAT2_MAP1"
"532",18.3,1388,"3","2","MAT3_MAP2"
"533",18.5,1435,"3","2","MAT3_MAP2"
"534",18.3,1390,"3","2","MAT3_MAP2"
"535",16.7,1342,"2","2","MAT2_MAP2"
"536",16.8,1331,"2","1","MAT2_MAP1"
"537",15.5,1256,"2","1","MAT2_MAP1"
"538",15,1339,"2","2","MAT2_MAP2"
"539",19,1479,"3","2","MAT3_MAP2"
"540",17.3,1317,"2","1","MAT2_MAP1"
"541",17.7,1323,"3","1","MAT3_MAP1"
"542",18.4,1392,"3","2","MAT3_MAP2"
"543",18.5,1362,"3","2","MAT3_MAP2"
"544",18.7,1462,"3","2","MAT3_MAP2"
"545",18.4,1361,"3","2","MAT3_MAP2"
"546",18.6,1457,"3","2","MAT3_MAP2"
"547",18.4,1423,"3","2","MAT3_MAP2"
"548",16.6,1346,"2","2","MAT2_MAP2"
"549",18.5,1426,"3","2","MAT3_MAP2"
"550",18.7,1472,"3","2","MAT3_MAP2"
"551",17.1,1300,"2","1","MAT2_MAP1"
"552",17,1314,"2","1","MAT2_MAP1"
"553",18.8,1475,"3","2","MAT3_MAP2"
"554",19,1492,"3","2","MAT3_MAP2"
"555",16.8,1320,"2","1","MAT2_MAP1"
"556",15.5,1405,"2","2","MAT2_MAP2"
"557",18.1,1334,"3","1","MAT3_MAP1"
"558",15.3,1308,"2","1","MAT2_MAP1"
"559",17.7,1331,"3","1","MAT3_MAP1"
"560",17.4,1312,"3","1","MAT3_MAP1"
"561",17.6,1326,"3","1","MAT3_MAP1"
"562",15.2,1413,"2","2","MAT2_MAP2"
"563",17.3,1333,"2","1","MAT2_MAP1"
"564",14.9,1390,"2","2","MAT2_MAP2"
"565",17.2,1318,"2","1","MAT2_MAP1"
"566",17.7,1340,"3","2","MAT3_MAP2"
"567",16.4,1380,"2","2","MAT2_MAP2"
"568",16.6,1343,"2","2","MAT2_MAP2"
"569",18.5,1418,"3","2","MAT3_MAP2"
"570",16.2,1399,"2","2","MAT2_MAP2"
"571",18.6,1422,"3","2","MAT3_MAP2"
"572",16.6,1352,"2","2","MAT2_MAP2"
"573",16.9,1312,"2","1","MAT2_MAP1"
"574",15.7,1451,"2","2","MAT2_MAP2"
"575",15.1,1214,"2","1","MAT2_MAP1"
"576",19.4,1477,"3","2","MAT3_MAP2"
"577",19.6,1456,"3","2","MAT3_MAP2"
"578",15.4,1396,"2","2","MAT2_MAP2"
"579",15.4,1413,"2","2","MAT2_MAP2"
"580",17.2,1316,"2","1","MAT2_MAP1"
"581",15.4,1320,"2","1","MAT2_MAP1"
"582",15.6,1305,"2","1","MAT2_MAP1"
"583",17.6,1332,"3","1","MAT3_MAP1"
"584",17.5,1367,"3","2","MAT3_MAP2"
"585",17.7,1354,"3","2","MAT3_MAP2"
"586",17.4,1341,"3","2","MAT3_MAP2"
"587",18.4,1403,"3","2","MAT3_MAP2"
"588",15.7,1445,"2","2","MAT2_MAP2"
"589",17.2,1295,"2","1","MAT2_MAP1"
"590",16.6,1335,"2","2","MAT2_MAP2"
"591",16.6,1342,"2","2","MAT2_MAP2"
"592",16.6,1354,"2","2","MAT2_MAP2"
"593",18.6,1453,"3","2","MAT3_MAP2"
"594",19.1,1510,"3","2","MAT3_MAP2"
"595",15.7,1209,"2","1","MAT2_MAP1"
"596",19.4,1485,"3","2","MAT3_MAP2"
"597",18.8,1432,"3","2","MAT3_MAP2"
"598",15.5,1415,"2","2","MAT2_MAP2"
"599",15.6,1396,"2","2","MAT2_MAP2"
"600",15.4,1300,"2","1","MAT2_MAP1"
"601",16.3,1390,"2","2","MAT2_MAP2"
"602",17.2,1322,"2","1","MAT2_MAP1"
"603",17.3,1325,"2","1","MAT2_MAP1"
"604",17.8,1359,"3","2","MAT3_MAP2"
"605",18.8,1498,"3","2","MAT3_MAP2"
"606",17.7,1360,"3","2","MAT3_MAP2"
"607",18.9,1503,"3","2","MAT3_MAP2"
"608",16.1,1413,"2","2","MAT2_MAP2"
"609",18.9,1496,"3","2","MAT3_MAP2"
"610",19.2,1516,"3","2","MAT3_MAP2"
"611",17.6,1381,"3","2","MAT3_MAP2"
"612",18.9,1501,"3","2","MAT3_MAP2"
"613",15.5,1362,"2","2","MAT2_MAP2"
"614",17.4,1348,"3","2","MAT3_MAP2"
"615",17.3,1334,"2","1","MAT2_MAP1"
"616",17.3,1326,"2","1","MAT2_MAP1"
"617",17.8,1385,"3","2","MAT3_MAP2"
"618",17.8,1377,"3","2","MAT3_MAP2"
"619",17.9,1374,"3","2","MAT3_MAP2"
"620",16,1407,"2","2","MAT2_MAP2"
"621",18.7,1490,"3","2","MAT3_MAP2"
"622",18.8,1408,"3","2","MAT3_MAP2"
"623",19.4,1512,"3","2","MAT3_MAP2"
"624",16.5,1355,"2","2","MAT2_MAP2"
"625",19,1530,"3","2","MAT3_MAP2"
"626",16.7,1315,"2","1","MAT2_MAP1"
"627",16.6,1330,"2","1","MAT2_MAP1"
"628",16.6,1337,"2","2","MAT2_MAP2"
"629",16.6,1344,"2","2","MAT2_MAP2"
"630",15.3,1359,"2","2","MAT2_MAP2"
"631",15.8,1262,"2","1","MAT2_MAP1"
"632",17.1,1286,"2","1","MAT2_MAP1"
"633",16.6,1323,"2","1","MAT2_MAP1"
"634",17.4,1365,"3","2","MAT3_MAP2"
"635",15.8,1288,"2","1","MAT2_MAP1"
"636",17.8,1391,"3","2","MAT3_MAP2"
"637",18.9,1512,"3","2","MAT3_MAP2"
"638",17.7,1398,"3","2","MAT3_MAP2"
"639",18.8,1468,"3","2","MAT3_MAP2"
"640",18.9,1431,"3","2","MAT3_MAP2"
"641",18.8,1443,"3","2","MAT3_MAP2"
"642",16.7,1308,"2","1","MAT2_MAP1"
"643",19.1,1533,"3","2","MAT3_MAP2"
"644",16.4,1362,"2","2","MAT2_MAP2"
"645",16.1,1412,"2","2","MAT2_MAP2"
"646",16.8,1304,"2","1","MAT2_MAP1"
"647",16.2,1392,"2","2","MAT2_MAP2"
"648",17.2,1285,"2","1","MAT2_MAP1"
"649",16.1,1390,"2","2","MAT2_MAP2"
"650",17.6,1393,"3","2","MAT3_MAP2"
"651",17.7,1404,"3","2","MAT3_MAP2"
"652",17.5,1377,"3","2","MAT3_MAP2"
"653",18.8,1396,"3","2","MAT3_MAP2"
"654",16.4,1375,"2","2","MAT2_MAP2"
"655",17.8,1410,"3","2","MAT3_MAP2"
"656",17,1284,"2","1","MAT2_MAP1"
"657",18.9,1473,"3","2","MAT3_MAP2"
"658",19.1,1548,"3","2","MAT3_MAP2"
"659",18.9,1517,"3","2","MAT3_MAP2"
"660",19,1535,"3","2","MAT3_MAP2"
"661",17.3,1304,"2","1","MAT2_MAP1"
"662",16,1417,"2","2","MAT2_MAP2"
"663",16.3,1377,"2","2","MAT2_MAP2"
"664",17.4,1361,"3","2","MAT3_MAP2"
"665",17.5,1335,"3","2","MAT3_MAP2"
"666",15.8,1276,"2","1","MAT2_MAP1"
"667",17.5,1344,"3","2","MAT3_MAP2"
"668",17.9,1406,"3","2","MAT3_MAP2"
"669",16.2,1376,"2","2","MAT2_MAP2"
"670",17.3,1319,"2","1","MAT2_MAP1"
"671",18.1,1427,"3","2","MAT3_MAP2"
"672",19,1555,"3","2","MAT3_MAP2"
"673",19,1428,"3","2","MAT3_MAP2"
"674",18.4,1420,"3","2","MAT3_MAP2"
"675",16.1,1321,"2","1","MAT2_MAP1"
"676",16.2,1370,"2","2","MAT2_MAP2"
"677",17.1,1275,"2","1","MAT2_MAP1"
"678",16.5,1320,"2","1","MAT2_MAP1"
"679",17.7,1373,"3","2","MAT3_MAP2"
"680",16.4,1338,"2","2","MAT2_MAP2"
"681",19.3,1573,"3","2","MAT3_MAP2"
"682",16.2,1379,"2","2","MAT2_MAP2"
"683",15.9,1277,"2","1","MAT2_MAP1"
"684",17.7,1350,"3","2","MAT3_MAP2"
"685",18.5,1427,"3","2","MAT3_MAP2"
"686",18.1,1448,"3","2","MAT3_MAP2"
"687",18.3,1434,"3","2","MAT3_MAP2"
"688",19,1422,"3","2","MAT3_MAP2"
"689",18.9,1541,"3","2","MAT3_MAP2"
"690",16.3,1375,"2","2","MAT2_MAP2"
"691",16.4,1335,"2","2","MAT2_MAP2"
"692",16.6,1320,"2","1","MAT2_MAP1"
"693",16.2,1368,"2","2","MAT2_MAP2"
"694",17,1288,"2","1","MAT2_MAP1"
"695",17.5,1336,"3","2","MAT3_MAP2"
"696",17.7,1382,"3","2","MAT3_MAP2"
"697",18.6,1429,"3","2","MAT3_MAP2"
"698",18.9,1418,"3","2","MAT3_MAP2"
"699",19,1566,"3","2","MAT3_MAP2"
"700",15.7,1339,"2","2","MAT2_MAP2"
"701",18.2,1455,"3","2","MAT3_MAP2"
"702",18.9,1521,"3","2","MAT3_MAP2"
"703",17,1287,"2","1","MAT2_MAP1"
"704",19.1,1570,"3","2","MAT3_MAP2"
"705",18.9,1459,"3","2","MAT3_MAP2"
"706",16.4,1365,"2","2","MAT2_MAP2"
"707",16.7,1312,"2","1","MAT2_MAP1"
"708",16.8,1306,"2","1","MAT2_MAP1"
"709",15.1,1241,"2","1","MAT2_MAP1"
"710",17.6,1333,"3","1","MAT3_MAP1"
"711",17.9,1412,"3","2","MAT3_MAP2"
"712",18,1474,"3","2","MAT3_MAP2"
"713",18.9,1462,"3","2","MAT3_MAP2"
"714",18.6,1431,"3","2","MAT3_MAP2"
"715",17.6,1345,"3","2","MAT3_MAP2"
"716",16.5,1356,"2","2","MAT2_MAP2"
"717",16.8,1307,"2","1","MAT2_MAP1"
"718",16.4,1330,"2","1","MAT2_MAP1"
"719",17,1301,"2","1","MAT2_MAP1"
"720",16.4,1357,"2","2","MAT2_MAP2"
"721",16.4,1351,"2","2","MAT2_MAP2"
"722",17.8,1419,"3","2","MAT3_MAP2"
"723",16.2,1318,"2","1","MAT2_MAP1"
"724",18,1435,"3","2","MAT3_MAP2"
"725",18.8,1421,"3","2","MAT3_MAP2"
"726",16.5,1350,"2","2","MAT2_MAP2"
"727",18.8,1532,"3","2","MAT3_MAP2"
"728",18.7,1429,"3","2","MAT3_MAP2"
"729",19,1564,"3","2","MAT3_MAP2"
"730",16.5,1340,"2","2","MAT2_MAP2"
"731",18.9,1553,"3","2","MAT3_MAP2"
"732",16.8,1308,"2","1","MAT2_MAP1"
"733",16.5,1341,"2","2","MAT2_MAP2"
"734",18.3,1463,"3","2","MAT3_MAP2"
"735",16.2,1345,"2","2","MAT2_MAP2"
"736",17.6,1344,"3","2","MAT3_MAP2"
"737",17.7,1361,"3","2","MAT3_MAP2"
"738",16.6,1327,"2","1","MAT2_MAP1"
"739",18.2,1468,"3","2","MAT3_MAP2"
"740",17.6,1356,"3","2","MAT3_MAP2"
"741",18.7,1517,"3","2","MAT3_MAP2"
"742",18.3,1467,"3","2","MAT3_MAP2"
"743",17.8,1406,"3","2","MAT3_MAP2"
"744",18.9,1558,"3","2","MAT3_MAP2"
"745",16.4,1344,"2","2","MAT2_MAP2"
"746",19.3,1552,"3","2","MAT3_MAP2"
"747",16.4,1346,"2","2","MAT2_MAP2"
"748",16.7,1319,"2","1","MAT2_MAP1"
"749",16.9,1319,"2","1","MAT2_MAP1"
"750",16.6,1325,"2","1","MAT2_MAP1"
"751",17.9,1444,"3","2","MAT3_MAP2"
"752",19,1554,"3","2","MAT3_MAP2"
"753",18.9,1476,"3","2","MAT3_MAP2"
"754",18.4,1454,"3","2","MAT3_MAP2"
"755",17.3,1331,"2","1","MAT2_MAP1"
"756",19,1556,"3","2","MAT3_MAP2"
"757",18.1,1469,"3","2","MAT3_MAP2"
"758",17.9,1408,"3","2","MAT3_MAP2"
"759",18.8,1501,"3","2","MAT3_MAP2"
"760",19.2,1556,"3","2","MAT3_MAP2"
"761",16.5,1334,"2","1","MAT2_MAP1"
"762",16.6,1331,"2","1","MAT2_MAP1"
"763",16.5,1335,"2","2","MAT2_MAP2"
"764",16.8,1316,"2","1","MAT2_MAP1"
"765",16.5,1337,"2","2","MAT2_MAP2"
"766",16.9,1320,"2","1","MAT2_MAP1"
"767",17.4,1333,"3","1","MAT3_MAP1"
"768",17.6,1339,"3","2","MAT3_MAP2"
"769",17.3,1335,"2","2","MAT2_MAP2"
"770",17.8,1338,"3","2","MAT3_MAP2"
"771",18.1,1474,"3","2","MAT3_MAP2"
"772",18.4,1459,"3","2","MAT3_MAP2"
"773",18.6,1435,"3","2","MAT3_MAP2"
"774",18,1440,"3","2","MAT3_MAP2"
"775",18,1421,"3","2","MAT3_MAP2"
"776",18.9,1547,"3","2","MAT3_MAP2"
"777",16.8,1323,"2","1","MAT2_MAP1"
"778",17.8,1364,"3","2","MAT3_MAP2"
"779",18.2,1463,"3","2","MAT3_MAP2"
"780",18.9,1549,"3","2","MAT3_MAP2"
"781",18,1418,"3","2","MAT3_MAP2"
"782",18.2,1465,"3","2","MAT3_MAP2"
"783",16.6,1328,"2","1","MAT2_MAP1"
"784",16.8,1332,"2","1","MAT2_MAP1"
"785",17,1333,"2","1","MAT2_MAP1"
"786",17.1,1341,"2","2","MAT2_MAP2"
"787",16.5,1321,"2","1","MAT2_MAP1"
"788",16.5,1312,"2","1","MAT2_MAP1"
"789",18.4,1463,"3","2","MAT3_MAP2"
"790",17.3,1341,"2","2","MAT2_MAP2"
"791",18,1405,"3","2","MAT3_MAP2"
"792",17.3,1340,"2","2","MAT2_MAP2"
"793",16.6,1339,"2","2","MAT2_MAP2"
"794",16.8,1336,"2","2","MAT2_MAP2"
"795",16.9,1342,"2","2","MAT2_MAP2"
"796",16.6,1336,"2","2","MAT2_MAP2"
"797",18.1,1418,"3","2","MAT3_MAP2"
"798",18.7,1445,"3","2","MAT3_MAP2"
"799",18.5,1453,"3","2","MAT3_MAP2"
"800",18.4,1467,"3","2","MAT3_MAP2"
"801",18,1373,"3","2","MAT3_MAP2"
"802",16.7,1320,"2","1","MAT2_MAP1"
"803",16.5,1308,"2","1","MAT2_MAP1"
"804",16.7,1316,"2","1","MAT2_MAP1"
"805",16.7,1314,"2","1","MAT2_MAP1"
"806",16.8,1343,"2","2","MAT2_MAP2"
"807",17.2,1354,"2","2","MAT2_MAP2"
"808",17.7,1324,"3","1","MAT3_MAP1"
"809",18.7,1491,"3","2","MAT3_MAP2"
"810",17.5,1337,"3","2","MAT3_MAP2"
"811",17.1,1351,"2","2","MAT2_MAP2"
"812",18.5,1454,"3","2","MAT3_MAP2"
"813",16.6,1301,"2","1","MAT2_MAP1"
"814",17,1352,"2","2","MAT2_MAP2"
"815",17.3,1353,"2","2","MAT2_MAP2"
"816",16.6,1347,"2","2","MAT2_MAP2"
"817",16.8,1352,"2","2","MAT2_MAP2"
"818",18.1,1337,"3","2","MAT3_MAP2"
"819",18.2,1466,"3","2","MAT3_MAP2"
"820",18.8,1490,"3","2","MAT3_MAP2"
"821",18.3,1474,"3","2","MAT3_MAP2"
"822",18,1356,"3","2","MAT3_MAP2"
"823",18.1,1404,"3","2","MAT3_MAP2"
"824",16.6,1260,"2","1","MAT2_MAP1"
"825",16.7,1304,"2","1","MAT2_MAP1"
"826",16.8,1325,"2","1","MAT2_MAP1"
"827",15.2,1307,"2","1","MAT2_MAP1"
"828",16.5,1358,"2","2","MAT2_MAP2"
"829",17.1,1364,"2","2","MAT2_MAP2"
"830",16.7,1332,"2","1","MAT2_MAP1"
"831",17.3,1360,"2","2","MAT2_MAP2"
"832",18.1,1402,"3","2","MAT3_MAP2"
"833",18.3,1487,"3","2","MAT3_MAP2"
"834",18.2,1437,"3","2","MAT3_MAP2"
"835",18.3,1480,"3","2","MAT3_MAP2"
"836",18.2,1419,"3","2","MAT3_MAP2"
"837",17.8,1323,"3","1","MAT3_MAP1"
"838",18.4,1476,"3","2","MAT3_MAP2"
"839",16.7,1338,"2","2","MAT2_MAP2"
"840",15.3,1305,"2","1","MAT2_MAP1"
"841",18.1,1412,"3","2","MAT3_MAP2"
"842",14.9,1312,"2","1","MAT2_MAP1"
"843",18.2,1476,"3","2","MAT3_MAP2"
"844",18.1,1431,"3","2","MAT3_MAP2"
"845",16.7,1374,"2","2","MAT2_MAP2"
"846",16.8,1324,"2","1","MAT2_MAP1"
"847",18.3,1481,"3","2","MAT3_MAP2"
"848",18.1,1331,"3","1","MAT3_MAP1"
"849",16.6,1367,"2","2","MAT2_MAP2"
"850",16.7,1378,"2","2","MAT2_MAP2"
"851",18.4,1471,"3","2","MAT3_MAP2"
"852",17.4,1376,"3","2","MAT3_MAP2"
"853",16.8,1385,"2","2","MAT2_MAP2"
"854",15,1312,"2","1","MAT2_MAP1"
"855",17.8,1348,"3","2","MAT3_MAP2"
"856",18.3,1453,"3","2","MAT3_MAP2"
"857",17.5,1374,"3","2","MAT3_MAP2"
"858",17.2,1388,"2","2","MAT2_MAP2"
"859",16.9,1283,"2","1","MAT2_MAP1"
"860",16.8,1393,"2","2","MAT2_MAP2"
"861",17,1394,"2","2","MAT2_MAP2"
"862",16.7,1368,"2","2","MAT2_MAP2"
"863",16.7,1382,"2","2","MAT2_MAP2"
"864",17,1281,"2","1","MAT2_MAP1"
"865",16.8,1387,"2","2","MAT2_MAP2"
"866",16.2,1277,"2","1","MAT2_MAP1"
"867",16.4,1268,"2","1","MAT2_MAP1"
"868",16.7,1359,"2","2","MAT2_MAP2"
"869",16.7,1380,"2","2","MAT2_MAP2"
"870",17.6,1380,"3","2","MAT3_MAP2"
"871",18.6,1455,"3","2","MAT3_MAP2"
"872",15.1,1284,"2","1","MAT2_MAP1"
"873",16.6,1374,"2","2","MAT2_MAP2"
"874",16.8,1392,"2","2","MAT2_MAP2"
"875",16.7,1349,"2","2","MAT2_MAP2"
"876",17,1397,"2","2","MAT2_MAP2"
"877",18.1,1365,"3","2","MAT3_MAP2"
"878",15.2,1269,"2","1","MAT2_MAP1"
"879",15.9,1303,"2","1","MAT2_MAP1"
"880",17.6,1385,"3","2","MAT3_MAP2"
"881",16.8,1345,"2","2","MAT2_MAP2"
"882",18.3,1387,"3","2","MAT3_MAP2"
"883",17.3,1398,"2","2","MAT2_MAP2"
"884",18.1,1372,"3","2","MAT3_MAP2"
"885",16.8,1384,"2","2","MAT2_MAP2"
"886",16.9,1386,"2","2","MAT2_MAP2"
"887",16.8,1382,"2","2","MAT2_MAP2"
"888",16.9,1326,"2","1","MAT2_MAP1"
"889",17.1,1392,"2","2","MAT2_MAP2"
"890",17.2,1393,"2","2","MAT2_MAP2"
"891",15.6,1302,"2","1","MAT2_MAP1"
"892",16.8,1355,"2","2","MAT2_MAP2"
"893",16.8,1360,"2","2","MAT2_MAP2"
"894",16.9,1371,"2","2","MAT2_MAP2"
"895",16.9,1339,"2","2","MAT2_MAP2"
"896",15,1265,"2","1","MAT2_MAP1"
"897",17,1364,"2","2","MAT2_MAP2"
"898",17,1335,"2","2","MAT2_MAP2"
"899",16.2,1286,"2","1","MAT2_MAP1"
"900",17,1370,"2","2","MAT2_MAP2"
"901",18.1,1392,"3","2","MAT3_MAP2"
"902",18,1394,"3","2","MAT3_MAP2"
"903",17,1349,"2","2","MAT2_MAP2"
"904",17,1344,"2","2","MAT2_MAP2"
"905",18.6,1555,"3","2","MAT3_MAP2"
"906",17.5,1394,"3","2","MAT3_MAP2"
"907",15.5,1226,"2","1","MAT2_MAP1"
"908",16.4,1266,"2","1","MAT2_MAP1"
"909",18.9,1556,"3","2","MAT3_MAP2"
"910",17.5,1385,"3","2","MAT3_MAP2"
"911",15.9,1257,"2","1","MAT2_MAP1"
"912",16.6,1291,"2","1","MAT2_MAP1"
"913",16.9,1314,"2","1","MAT2_MAP1"
"914",18.5,1591,"3","2","MAT3_MAP2"
"915",18.6,1573,"3","2","MAT3_MAP2"
"916",18.5,1558,"3","2","MAT3_MAP2"
"917",18.2,1542,"3","2","MAT3_MAP2"
"918",18.5,1575,"3","2","MAT3_MAP2"
"919",18.6,1582,"3","2","MAT3_MAP2"
"920",18.3,1570,"3","2","MAT3_MAP2"
"921",18.2,1527,"3","2","MAT3_MAP2"
"922",18.4,1584,"3","2","MAT3_MAP2"
"923",18.3,1563,"3","2","MAT3_MAP2"
"924",18.3,1524,"3","2","MAT3_MAP2"
"925",18.2,1588,"3","2","MAT3_MAP2"
"926",18,1457,"3","2","MAT3_MAP2"
"927",18.9,1583,"3","2","MAT3_MAP2"
"928",19.1,1581,"3","2","MAT3_MAP2"
"929",18.1,1484,"3","2","MAT3_MAP2"
"930",18.1,1415,"3","2","MAT3_MAP2"
"931",18.2,1515,"3","2","MAT3_MAP2"
"932",18.3,1592,"3","2","MAT3_MAP2"
"933",18.9,1601,"3","3","MAT3_MAP3"
"934",18.6,1597,"3","2","MAT3_MAP2"
"935",18.2,1520,"3","2","MAT3_MAP2"
"936",18.1,1575,"3","2","MAT3_MAP2"
"937",18,1433,"3","2","MAT3_MAP2"
"938",18,1573,"3","2","MAT3_MAP2"
"939",18,1579,"3","2","MAT3_MAP2"
"940",18.1,1540,"3","2","MAT3_MAP2"
"941",18,1502,"3","2","MAT3_MAP2"
"942",17.9,1442,"3","2","MAT3_MAP2"
"943",18.1,1523,"3","2","MAT3_MAP2"
"944",18,1526,"3","2","MAT3_MAP2"
"945",18,1510,"3","2","MAT3_MAP2"
"946",19,1651,"3","3","MAT3_MAP3"
"947",18.5,1603,"3","3","MAT3_MAP3"
"948",18,1561,"3","2","MAT3_MAP2"
"949",18.4,1589,"3","2","MAT3_MAP2"
"950",18.3,1604,"3","3","MAT3_MAP3"
"951",18,1565,"3","2","MAT3_MAP2"
"952",17.9,1476,"3","2","MAT3_MAP2"
"953",18,1560,"3","2","MAT3_MAP2"
"954",19.2,1658,"3","3","MAT3_MAP3"
"955",19.4,1632,"3","3","MAT3_MAP3"
"956",18.6,1627,"3","3","MAT3_MAP3"
"957",17.9,1551,"3","2","MAT3_MAP2"
"958",18.2,1589,"3","2","MAT3_MAP2"
"959",18.2,1582,"3","2","MAT3_MAP2"
"960",18.1,1501,"3","2","MAT3_MAP2"
"961",18.6,1652,"3","3","MAT3_MAP3"
"962",18,1441,"3","2","MAT3_MAP2"
"963",18.6,1641,"3","3","MAT3_MAP3"
"964",18.8,1697,"3","3","MAT3_MAP3"
"965",18,1498,"3","2","MAT3_MAP2"
"966",19.3,1661,"3","3","MAT3_MAP3"
"967",18,1559,"3","2","MAT3_MAP2"
"968",19,1694,"3","3","MAT3_MAP3"
"969",18,1541,"3","2","MAT3_MAP2"
"970",19.5,1629,"3","3","MAT3_MAP3"
"971",15.7,1225,"2","1","MAT2_MAP1"
"972",18,1555,"3","2","MAT3_MAP2"
"973",17.9,1451,"3","2","MAT3_MAP2"
"974",18.2,1581,"3","2","MAT3_MAP2"
"975",19.4,1650,"3","3","MAT3_MAP3"
"976",19.3,1657,"3","3","MAT3_MAP3"
"977",19.4,1644,"3","3","MAT3_MAP3"
"978",18.6,1634,"3","3","MAT3_MAP3"
"979",18.5,1610,"3","3","MAT3_MAP3"
"980",18.2,1564,"3","2","MAT3_MAP2"
"981",18.3,1576,"3","2","MAT3_MAP2"
"982",17.8,1478,"3","2","MAT3_MAP2"
"983",18.4,1598,"3","2","MAT3_MAP2"
"984",18,1454,"3","2","MAT3_MAP2"
"985",19.3,1651,"3","3","MAT3_MAP3"
"986",19.2,1654,"3","3","MAT3_MAP3"
"987",17.9,1430,"3","2","MAT3_MAP2"
"988",17.9,1404,"3","2","MAT3_MAP2"
"989",18.4,1591,"3","2","MAT3_MAP2"
"990",17.9,1503,"3","2","MAT3_MAP2"
"991",18.1,1432,"3","2","MAT3_MAP2"
"992",19.1,1649,"3","3","MAT3_MAP3"
"993",18.9,1653,"3","3","MAT3_MAP3"
"994",18,1542,"3","2","MAT3_MAP2"
"995",17.8,1381,"3","2","MAT3_MAP2"
"996",17.9,1435,"3","2","MAT3_MAP2"
"997",18.1,1534,"3","2","MAT3_MAP2"
"998",17.8,1498,"3","2","MAT3_MAP2"
"999",18,1527,"3","2","MAT3_MAP2"
"1000",18,1456,"3","2","MAT3_MAP2"
"1001",18.9,1643,"3","3","MAT3_MAP3"
"1002",17.8,1345,"3","2","MAT3_MAP2"
"1003",17.8,1362,"3","2","MAT3_MAP2"
"1004",17.8,1501,"3","2","MAT3_MAP2"
"1005",18.5,1552,"3","2","MAT3_MAP2"
"1006",19.2,1606,"3","3","MAT3_MAP3"
"1007",18,1473,"3","2","MAT3_MAP2"
"1008",18.5,1573,"3","2","MAT3_MAP2"
"1009",18.7,1636,"3","3","MAT3_MAP3"
"1010",18.7,1610,"3","3","MAT3_MAP3"
"1011",17.8,1306,"3","1","MAT3_MAP1"
"1012",17.6,1352,"3","2","MAT3_MAP2"
"1013",17.9,1370,"3","2","MAT3_MAP2"
"1014",17.7,1309,"3","1","MAT3_MAP1"
"1015",18.1,1485,"3","2","MAT3_MAP2"
"1016",18.6,1566,"3","2","MAT3_MAP2"
"1017",17.8,1469,"3","2","MAT3_MAP2"
"1018",19.1,1595,"3","2","MAT3_MAP2"
"1019",18.8,1627,"3","3","MAT3_MAP3"
"1020",18,1432,"3","2","MAT3_MAP2"
"1021",17.6,1369,"3","2","MAT3_MAP2"
"1022",18.8,1590,"3","2","MAT3_MAP2"
"1023",18.6,1577,"3","2","MAT3_MAP2"
"1024",18,1489,"3","2","MAT3_MAP2"
"1025",18.2,1537,"3","2","MAT3_MAP2"
"1026",18.7,1593,"3","2","MAT3_MAP2"
"1027",18.2,1512,"3","2","MAT3_MAP2"
"1028",18.2,1500,"3","2","MAT3_MAP2"
"1029",18.4,1561,"3","2","MAT3_MAP2"
"1030",17.2,1412,"2","2","MAT2_MAP2"
"1031",18.2,1534,"3","2","MAT3_MAP2"
"1032",18,1470,"3","2","MAT3_MAP2"
"1033",18.9,1616,"3","3","MAT3_MAP3"
"1034",18.2,1494,"3","2","MAT3_MAP2"
"1035",18.8,1602,"3","3","MAT3_MAP3"
"1036",17.2,1402,"2","2","MAT2_MAP2"
"1037",17.1,1409,"2","2","MAT2_MAP2"
"1038",18.7,1582,"3","2","MAT3_MAP2"
"1039",18.8,1607,"3","3","MAT3_MAP3"
"1040",17,1424,"2","2","MAT2_MAP2"
"1041",17,1415,"2","2","MAT2_MAP2"
"1042",17.9,1469,"3","2","MAT3_MAP2"
"1043",18.4,1574,"3","2","MAT3_MAP2"
"1044",17.9,1510,"3","2","MAT3_MAP2"
"1045",19.2,1569,"3","2","MAT3_MAP2"
"1046",18.1,1526,"3","2","MAT3_MAP2"
"1047",16.1,1328,"2","1","MAT2_MAP1"
"1048",16.7,1402,"2","2","MAT2_MAP2"
"1049",17.5,1375,"3","2","MAT3_MAP2"
"1050",17.8,1397,"3","2","MAT3_MAP2"
"1051",18.8,1658,"3","3","MAT3_MAP3"
"1052",16,1372,"2","2","MAT2_MAP2"
"1053",17.7,1461,"3","2","MAT3_MAP2"
"1054",18.7,1615,"3","3","MAT3_MAP3"
"1055",18.5,1586,"3","2","MAT3_MAP2"
"1056",17.5,1373,"3","2","MAT3_MAP2"
"1057",17,1419,"2","2","MAT2_MAP2"
"1058",18.8,1662,"3","3","MAT3_MAP3"
"1059",16.9,1418,"2","2","MAT2_MAP2"
"1060",16.6,1404,"2","2","MAT2_MAP2"
"1061",19.2,1560,"3","2","MAT3_MAP2"
"1062",16.8,1412,"2","2","MAT2_MAP2"
"1063",16.8,1432,"2","2","MAT2_MAP2"
"1064",17,1421,"2","2","MAT2_MAP2"
"1065",17.7,1502,"3","2","MAT3_MAP2"
"1066",19,1616,"3","3","MAT3_MAP3"
"1067",17.8,1492,"3","2","MAT3_MAP2"
"1068",19.1,1586,"3","2","MAT3_MAP2"
"1069",16.9,1433,"2","2","MAT2_MAP2"
"1070",16.6,1434,"2","2","MAT2_MAP2"
"1071",16.9,1424,"2","2","MAT2_MAP2"
"1072",18.1,1531,"3","2","MAT3_MAP2"
"1073",18.9,1634,"3","3","MAT3_MAP3"
"1074",17.7,1435,"3","2","MAT3_MAP2"
"1075",16.9,1422,"2","2","MAT2_MAP2"
"1076",18.4,1546,"3","2","MAT3_MAP2"
"1077",18.3,1531,"3","2","MAT3_MAP2"
"1078",18.4,1534,"3","2","MAT3_MAP2"
"1079",18.7,1629,"3","3","MAT3_MAP3"
"1080",18.9,1618,"3","3","MAT3_MAP3"
"1081",19,1622,"3","3","MAT3_MAP3"
"1082",16.5,1424,"2","2","MAT2_MAP2"
"1083",16.8,1442,"2","2","MAT2_MAP2"
"1084",16.4,1417,"2","2","MAT2_MAP2"
"1085",16.7,1446,"2","2","MAT2_MAP2"
"1086",17.7,1415,"3","2","MAT3_MAP2"
"1087",18.3,1537,"3","2","MAT3_MAP2"
"1088",17.9,1535,"3","2","MAT3_MAP2"
"1089",17.6,1401,"3","2","MAT3_MAP2"
"1090",19.4,1531,"3","2","MAT3_MAP2"
"1091",19.4,1539,"3","2","MAT3_MAP2"
"1092",17.6,1479,"3","2","MAT3_MAP2"
"1093",19.2,1565,"3","2","MAT3_MAP2"
"1094",18.9,1573,"3","2","MAT3_MAP2"
"1095",16.7,1445,"2","2","MAT2_MAP2"
"1096",16.4,1428,"2","2","MAT2_MAP2"
"1097",16.1,1409,"2","2","MAT2_MAP2"
"1098",16.5,1437,"2","2","MAT2_MAP2"
"1099",17.6,1463,"3","2","MAT3_MAP2"
"1100",16.3,1424,"2","2","MAT2_MAP2"
"1101",17.2,1411,"2","2","MAT2_MAP2"
"1102",17.7,1428,"3","2","MAT3_MAP2"
"1103",17.1,1417,"2","2","MAT2_MAP2"
"1104",16.3,1430,"2","2","MAT2_MAP2"
"1105",17.6,1492,"3","2","MAT3_MAP2"
"1106",16.9,1438,"2","2","MAT2_MAP2"
"1107",18.7,1565,"3","2","MAT3_MAP2"
"1108",19.4,1537,"3","2","MAT3_MAP2"
"1109",19.1,1596,"3","2","MAT3_MAP2"
"1110",17.7,1469,"3","2","MAT3_MAP2"
"1111",18.5,1560,"3","2","MAT3_MAP2"
"1112",16.2,1417,"2","2","MAT2_MAP2"
"1113",16.9,1440,"2","2","MAT2_MAP2"
"1114",17.6,1458,"3","2","MAT3_MAP2"
"1115",17.5,1411,"3","2","MAT3_MAP2"
"1116",16.8,1446,"2","2","MAT2_MAP2"
"1117",16.4,1433,"2","2","MAT2_MAP2"
"1118",17.1,1423,"2","2","MAT2_MAP2"
"1119",17.5,1497,"3","2","MAT3_MAP2"
"1120",17.8,1523,"3","2","MAT3_MAP2"
"1121",18.4,1551,"3","2","MAT3_MAP2"
"1122",16.5,1448,"2","2","MAT2_MAP2"
"1123",16.4,1436,"2","2","MAT2_MAP2"
"1124",19.1,1579,"3","2","MAT3_MAP2"
"1125",17.5,1452,"3","2","MAT3_MAP2"
"1126",17.4,1424,"3","2","MAT3_MAP2"
"1127",17.6,1483,"3","2","MAT3_MAP2"
"1128",18.6,1580,"3","2","MAT3_MAP2"
"1129",18.9,1581,"3","2","MAT3_MAP2"
"1130",18.6,1563,"3","2","MAT3_MAP2"
"1131",16.2,1439,"2","2","MAT2_MAP2"
"1132",16.9,1444,"2","2","MAT2_MAP2"
"1133",16.6,1451,"2","2","MAT2_MAP2"
"1134",16.8,1447,"2","2","MAT2_MAP2"
"1135",15.7,1356,"2","2","MAT2_MAP2"
"1136",17.4,1431,"3","2","MAT3_MAP2"
"1137",19.2,1559,"3","2","MAT3_MAP2"
"1138",19,1591,"3","2","MAT3_MAP2"
"1139",19,1585,"3","2","MAT3_MAP2"
"1140",19.2,1568,"3","2","MAT3_MAP2"
"1141",19.1,1587,"3","2","MAT3_MAP2"
"1142",16.3,1443,"2","2","MAT2_MAP2"
"1143",16.3,1435,"2","2","MAT2_MAP2"
"1144",17,1441,"2","2","MAT2_MAP2"
"1145",17,1438,"2","2","MAT2_MAP2"
"1146",17.2,1427,"2","2","MAT2_MAP2"
"1147",16.3,1439,"2","2","MAT2_MAP2"
"1148",17.8,1493,"3","2","MAT3_MAP2"
"1149",18.1,1513,"3","2","MAT3_MAP2"
"1150",17.4,1454,"3","2","MAT3_MAP2"
"1151",17.4,1460,"3","2","MAT3_MAP2"
"1152",18.4,1528,"3","2","MAT3_MAP2"
"1153",19,1593,"3","2","MAT3_MAP2"
"1154",18.7,1596,"3","2","MAT3_MAP2"
"1155",19.4,1552,"3","2","MAT3_MAP2"
"1156",19.4,1549,"3","2","MAT3_MAP2"
"1157",17.8,1502,"3","2","MAT3_MAP2"
"1158",16,1433,"2","2","MAT2_MAP2"
"1159",16.5,1451,"2","2","MAT2_MAP2"
"1160",17.7,1483,"3","2","MAT3_MAP2"
"1161",18.2,1531,"3","2","MAT3_MAP2"
"1162",17.9,1486,"3","2","MAT3_MAP2"
"1163",17.5,1474,"3","2","MAT3_MAP2"
"1164",18.6,1576,"3","2","MAT3_MAP2"
"1165",15.6,1344,"2","2","MAT2_MAP2"
"1166",16.5,1447,"2","2","MAT2_MAP2"
"1167",16.5,1423,"2","2","MAT2_MAP2"
"1168",16.6,1448,"2","2","MAT2_MAP2"
"1169",17.2,1430,"2","2","MAT2_MAP2"
"1170",19.5,1551,"3","2","MAT3_MAP2"
"1171",18.4,1555,"3","2","MAT3_MAP2"
"1172",18,1483,"3","2","MAT3_MAP2"
"1173",18.7,1589,"3","2","MAT3_MAP2"
"1174",19.2,1599,"3","2","MAT3_MAP2"
"1175",16.4,1438,"2","2","MAT2_MAP2"
"1176",16.7,1452,"2","2","MAT2_MAP2"
"1177",15.8,1442,"2","2","MAT2_MAP2"
"1178",17.1,1431,"2","2","MAT2_MAP2"
"1179",16.5,1426,"2","2","MAT2_MAP2"
"1180",16.3,1444,"2","2","MAT2_MAP2"
"1181",16.4,1432,"2","2","MAT2_MAP2"
"1182",16.6,1437,"2","2","MAT2_MAP2"
"1183",18.5,1524,"3","2","MAT3_MAP2"
"1184",17.2,1451,"2","2","MAT2_MAP2"
"1185",19.3,1586,"3","2","MAT3_MAP2"
"1186",17.8,1482,"3","2","MAT3_MAP2"
"1187",19,1598,"3","2","MAT3_MAP2"
"1188",18.8,1601,"3","3","MAT3_MAP3"
"1189",16.7,1451,"2","2","MAT2_MAP2"
"1190",17.1,1445,"2","2","MAT2_MAP2"
"1191",17.8,1475,"3","2","MAT3_MAP2"
"1192",17.9,1473,"3","2","MAT3_MAP2"
"1193",16.2,1444,"2","2","MAT2_MAP2"
"1194",19.1,1620,"3","3","MAT3_MAP3"
"1195",18.2,1487,"3","2","MAT3_MAP2"
"1196",16.1,1455,"2","2","MAT2_MAP2"
"1197",15.8,1425,"2","2","MAT2_MAP2"
"1198",16.6,1417,"2","2","MAT2_MAP2"
"1199",18.2,1513,"3","2","MAT3_MAP2"
"1200",16.3,1446,"2","2","MAT2_MAP2"
"1201",17.1,1474,"2","2","MAT2_MAP2"
"1202",17.4,1468,"3","2","MAT3_MAP2"
"1203",18.5,1542,"3","2","MAT3_MAP2"
"1204",16.7,1447,"2","2","MAT2_MAP2"
"1205",15.5,1365,"2","2","MAT2_MAP2"
"1206",15.6,1427,"2","2","MAT2_MAP2"
"1207",16.5,1452,"2","2","MAT2_MAP2"
"1208",17.1,1450,"2","2","MAT2_MAP2"
"1209",16.5,1439,"2","2","MAT2_MAP2"
"1210",17.3,1459,"2","2","MAT2_MAP2"
"1211",17,1440,"2","2","MAT2_MAP2"
"1212",17.6,1465,"3","2","MAT3_MAP2"
"1213",17.9,1478,"3","2","MAT3_MAP2"
"1214",18.9,1617,"3","3","MAT3_MAP3"
"1215",16.6,1457,"2","2","MAT2_MAP2"
"1216",16.7,1440,"2","2","MAT2_MAP2"
"1217",17.1,1446,"2","2","MAT2_MAP2"
"1218",17,1447,"2","2","MAT2_MAP2"
"1219",16.6,1429,"2","2","MAT2_MAP2"
"1220",16.1,1456,"2","2","MAT2_MAP2"
"1221",17.2,1447,"2","2","MAT2_MAP2"
"1222",17.5,1465,"3","2","MAT3_MAP2"
"1223",15.8,1435,"2","2","MAT2_MAP2"
"1224",19.5,1616,"3","3","MAT3_MAP3"
"1225",16.8,1439,"2","2","MAT2_MAP2"
"1226",15.4,1323,"2","1","MAT2_MAP1"
"1227",15.4,1337,"2","2","MAT2_MAP2"
"1228",16.9,1454,"2","2","MAT2_MAP2"
"1229",18.1,1493,"3","2","MAT3_MAP2"
"1230",15.2,1366,"2","2","MAT2_MAP2"
"1231",17,1449,"2","2","MAT2_MAP2"
"1232",16.1,1463,"2","2","MAT2_MAP2"
"1233",15.5,1395,"2","2","MAT2_MAP2"
"1234",16.5,1435,"2","2","MAT2_MAP2"
"1235",18.6,1547,"3","2","MAT3_MAP2"
"1236",18.8,1616,"3","3","MAT3_MAP3"
"1237",18.6,1578,"3","2","MAT3_MAP2"
"1238",16.6,1440,"2","2","MAT2_MAP2"
"1239",18.3,1509,"3","2","MAT3_MAP2"
"1240",15.8,1461,"2","2","MAT2_MAP2"
"1241",15.4,1444,"2","2","MAT2_MAP2"
"1242",16.7,1425,"2","2","MAT2_MAP2"
"1243",16.1,1437,"2","2","MAT2_MAP2"
"1244",16.9,1455,"2","2","MAT2_MAP2"
"1245",17.5,1461,"3","2","MAT3_MAP2"
"1246",16.7,1434,"2","2","MAT2_MAP2"
"1247",16.7,1431,"2","2","MAT2_MAP2"
"1248",16.5,1427,"2","2","MAT2_MAP2"
"1249",16.7,1428,"2","2","MAT2_MAP2"
"1250",17.9,1467,"3","2","MAT3_MAP2"
"1251",16.4,1430,"2","2","MAT2_MAP2"
"1252",17.1,1447,"2","2","MAT2_MAP2"
"1253",17,1443,"2","2","MAT2_MAP2"
"1254",15.7,1447,"2","2","MAT2_MAP2"
"1255",16.7,1433,"2","2","MAT2_MAP2"
"1256",18.1,1486,"3","2","MAT3_MAP2"
"1257",16.9,1441,"2","2","MAT2_MAP2"
"1258",17,1448,"2","2","MAT2_MAP2"
"1259",17.5,1472,"3","2","MAT3_MAP2"
"1260",16.6,1421,"2","2","MAT2_MAP2"
"1261",15.6,1443,"2","2","MAT2_MAP2"
"1262",17.3,1444,"2","2","MAT2_MAP2"
"1263",17.4,1441,"3","2","MAT3_MAP2"
"1264",19.6,1618,"3","3","MAT3_MAP3"
"1265",16.7,1416,"2","2","MAT2_MAP2"
"1266",15.5,1436,"2","2","MAT2_MAP2"
"1267",17.5,1448,"3","2","MAT3_MAP2"
"1268",17.2,1432,"2","2","MAT2_MAP2"
"1269",18,1500,"3","2","MAT3_MAP2"
"1270",18.2,1526,"3","2","MAT3_MAP2"
"1271",15.2,1391,"2","2","MAT2_MAP2"
"1272",17.5,1456,"3","2","MAT3_MAP2"
"1273",16.4,1429,"2","2","MAT2_MAP2"
"1274",15.4,1352,"2","2","MAT2_MAP2"
"1275",19.6,1621,"3","3","MAT3_MAP3"
"1276",16.7,1418,"2","2","MAT2_MAP2"
"1277",17.3,1441,"2","2","MAT2_MAP2"
"1278",19.1,1644,"3","3","MAT3_MAP3"
"1279",16.8,1407,"2","2","MAT2_MAP2"
"1280",16.7,1409,"2","2","MAT2_MAP2"
"1281",16.8,1426,"2","2","MAT2_MAP2"
"1282",16.6,1428,"2","2","MAT2_MAP2"
"1283",17.9,1495,"3","2","MAT3_MAP2"
"1284",17.8,1480,"3","2","MAT3_MAP2"
"1285",17.4,1443,"3","2","MAT3_MAP2"
"1286",18.1,1551,"3","2","MAT3_MAP2"
"1287",15.1,1345,"2","2","MAT2_MAP2"
"1288",17.6,1454,"3","2","MAT3_MAP2"
"1289",15.4,1425,"2","2","MAT2_MAP2"
"1290",17.4,1478,"3","2","MAT3_MAP2"
"1291",18.4,1609,"3","3","MAT3_MAP3"
"1292",15.2,1392,"2","2","MAT2_MAP2"
"1293",15.9,1439,"2","2","MAT2_MAP2"
"1294",19,1632,"3","3","MAT3_MAP3"
"1295",16.5,1422,"2","2","MAT2_MAP2"
"1296",16.6,1427,"2","2","MAT2_MAP2"
"1297",19.3,1637,"3","3","MAT3_MAP3"
"1298",17.5,1481,"3","2","MAT3_MAP2"
"1299",19.4,1634,"3","3","MAT3_MAP3"
"1300",18.2,1552,"3","2","MAT3_MAP2"
"1301",18.6,1636,"3","3","MAT3_MAP3"
"1302",18.5,1635,"3","3","MAT3_MAP3"
"1303",16.5,1418,"2","2","MAT2_MAP2"
"1304",15,1355,"2","2","MAT2_MAP2"
"1305",16.7,1408,"2","2","MAT2_MAP2"
"1306",16.8,1409,"2","2","MAT2_MAP2"
"1307",15.5,1444,"2","2","MAT2_MAP2"
"1308",16.7,1404,"2","2","MAT2_MAP2"
"1309",16.7,1411,"2","2","MAT2_MAP2"
"1310",16.8,1413,"2","2","MAT2_MAP2"
"1311",16.6,1430,"2","2","MAT2_MAP2"
"1312",16.5,1411,"2","2","MAT2_MAP2"
"1313",18,1529,"3","2","MAT3_MAP2"
"1314",16.9,1432,"2","2","MAT2_MAP2"
"1315",17.4,1428,"3","2","MAT3_MAP2"
"1316",17.4,1430,"3","2","MAT3_MAP2"
"1317",16.9,1420,"2","2","MAT2_MAP2"
"1318",18.8,1635,"3","3","MAT3_MAP3"
"1319",16.3,1411,"2","2","MAT2_MAP2"
"1320",17.3,1428,"2","2","MAT2_MAP2"
"1321",15.4,1410,"2","2","MAT2_MAP2"
"1322",15.5,1440,"2","2","MAT2_MAP2"
"1323",15.5,1448,"2","2","MAT2_MAP2"
"1324",16.9,1405,"2","2","MAT2_MAP2"
"1325",16.9,1407,"2","2","MAT2_MAP2"
"1326",17.9,1528,"3","2","MAT3_MAP2"
"1327",17.6,1422,"3","2","MAT3_MAP2"
"1328",19.7,1602,"3","3","MAT3_MAP3"
"1329",18.2,1570,"3","2","MAT3_MAP2"
"1330",15.1,1352,"2","2","MAT2_MAP2"
"1331",15,1376,"2","2","MAT2_MAP2"
"1332",15.4,1434,"2","2","MAT2_MAP2"
"1333",16,1420,"2","2","MAT2_MAP2"
"1334",15.3,1407,"2","2","MAT2_MAP2"
"1335",17,1400,"2","2","MAT2_MAP2"
"1336",17.1,1433,"2","2","MAT2_MAP2"
"1337",17.6,1462,"3","2","MAT3_MAP2"
"1338",16.5,1398,"2","2","MAT2_MAP2"
"1339",17.3,1425,"2","2","MAT2_MAP2"
"1340",17.7,1468,"3","2","MAT3_MAP2"
"1341",15.4,1424,"2","2","MAT2_MAP2"
"1342",16.6,1396,"2","2","MAT2_MAP2"
"1343",17.8,1508,"3","2","MAT3_MAP2"
"1344",18.3,1601,"3","3","MAT3_MAP3"
"1345",16.9,1397,"2","2","MAT2_MAP2"
"1346",17,1386,"2","2","MAT2_MAP2"
"1347",17.2,1433,"2","2","MAT2_MAP2"
"1348",17.2,1417,"2","2","MAT2_MAP2"
"1349",17.4,1466,"3","2","MAT3_MAP2"
"1350",17.7,1473,"3","2","MAT3_MAP2"
"1351",18.5,1631,"3","3","MAT3_MAP3"
"1352",19.1,1656,"3","3","MAT3_MAP3"
"1353",15.4,1405,"2","2","MAT2_MAP2"
"1354",17.9,1537,"3","2","MAT3_MAP2"
"1355",15.2,1397,"2","2","MAT2_MAP2"
"1356",15.5,1420,"2","2","MAT2_MAP2"
"1357",15.1,1394,"2","2","MAT2_MAP2"
"1358",14.4,1355,"1","2","MAT1_MAP2"
"1359",17,1385,"2","2","MAT2_MAP2"
"1360",17,1392,"2","2","MAT2_MAP2"
"1361",18.6,1618,"3","3","MAT3_MAP3"
"1362",17.1,1404,"2","2","MAT2_MAP2"
"1363",17.7,1496,"3","2","MAT3_MAP2"
"1364",18.1,1574,"3","2","MAT3_MAP2"
"1365",17.9,1554,"3","2","MAT3_MAP2"
"1366",17.7,1500,"3","2","MAT3_MAP2"
"1367",16.7,1406,"2","2","MAT2_MAP2"
"1368",14.4,1354,"1","2","MAT1_MAP2"
"1369",16.8,1417,"2","2","MAT2_MAP2"
"1370",17.1,1390,"2","2","MAT2_MAP2"
"1371",17.6,1508,"3","2","MAT3_MAP2"
"1372",17.3,1469,"2","2","MAT2_MAP2"
"1373",18.4,1596,"3","2","MAT3_MAP2"
"1374",17.4,1439,"3","2","MAT3_MAP2"
"1375",17.2,1463,"2","2","MAT2_MAP2"
"1376",15.1,1392,"2","2","MAT2_MAP2"
"1377",15.9,1425,"2","2","MAT2_MAP2"
"1378",15.1,1407,"2","2","MAT2_MAP2"
"1379",17.1,1422,"2","2","MAT2_MAP2"
"1380",15.1,1411,"2","2","MAT2_MAP2"
"1381",17.5,1496,"3","2","MAT3_MAP2"
"1382",17.2,1408,"2","2","MAT2_MAP2"
"1383",17.1,1403,"2","2","MAT2_MAP2"
"1384",17.1,1394,"2","2","MAT2_MAP2"
"1385",18.4,1634,"3","3","MAT3_MAP3"
"1386",17,1388,"2","2","MAT2_MAP2"
"1387",15,1378,"2","2","MAT2_MAP2"
"1388",17.6,1509,"3","2","MAT3_MAP2"
"1389",17.5,1449,"3","2","MAT3_MAP2"
"1390",16.5,1415,"2","2","MAT2_MAP2"
"1391",18.3,1567,"3","2","MAT3_MAP2"
"1392",17.7,1503,"3","2","MAT3_MAP2"
"1393",16.6,1406,"2","2","MAT2_MAP2"
"1394",16.6,1408,"2","2","MAT2_MAP2"
"1395",17.8,1538,"3","2","MAT3_MAP2"
"1396",18.3,1621,"3","3","MAT3_MAP3"
"1397",17.2,1407,"2","2","MAT2_MAP2"
"1398",18.3,1575,"3","2","MAT3_MAP2"
"1399",18,1544,"3","2","MAT3_MAP2"
"1400",17.7,1528,"3","2","MAT3_MAP2"
"1401",17.5,1524,"3","2","MAT3_MAP2"
"1402",18,1568,"3","2","MAT3_MAP2"
"1403",17.4,1526,"3","2","MAT3_MAP2"
"1404",19.2,1627,"3","3","MAT3_MAP3"
"1405",15.8,1415,"2","2","MAT2_MAP2"
"1406",16.1,1444,"2","2","MAT2_MAP2"
"1407",14.9,1378,"2","2","MAT2_MAP2"
"1408",16.1,1439,"2","2","MAT2_MAP2"
"1409",17.7,1517,"3","2","MAT3_MAP2"
"1410",14.5,1361,"1","2","MAT1_MAP2"
"1411",17.5,1531,"3","2","MAT3_MAP2"
"1412",18.8,1628,"3","3","MAT3_MAP3"
"1413",17.3,1412,"2","2","MAT2_MAP2"
"1414",18.2,1595,"3","2","MAT3_MAP2"
"1415",17.9,1567,"3","2","MAT3_MAP2"
"1416",16.1,1421,"2","2","MAT2_MAP2"
"1417",17.4,1479,"3","2","MAT3_MAP2"
"1418",16.9,1400,"2","2","MAT2_MAP2"
"1419",15.5,1410,"2","2","MAT2_MAP2"
"1420",17.7,1505,"3","2","MAT3_MAP2"
"1421",15.3,1408,"2","2","MAT2_MAP2"
"1422",16.3,1431,"2","2","MAT2_MAP2"
"1423",17.6,1491,"3","2","MAT3_MAP2"
"1424",15.6,1424,"2","2","MAT2_MAP2"
"1425",17.9,1553,"3","2","MAT3_MAP2"
"1426",17.3,1401,"2","2","MAT2_MAP2"
"1427",17.1,1391,"2","2","MAT2_MAP2"
"1428",17.3,1418,"2","2","MAT2_MAP2"
"1429",15.5,1428,"2","2","MAT2_MAP2"
"1430",16.8,1406,"2","2","MAT2_MAP2"
"1431",17.6,1494,"3","2","MAT3_MAP2"
"1432",16.6,1419,"2","2","MAT2_MAP2"
"1433",18.7,1625,"3","3","MAT3_MAP3"
"1434",19.3,1604,"3","3","MAT3_MAP3"
"1435",17.2,1450,"2","2","MAT2_MAP2"
"1436",15.8,1419,"2","2","MAT2_MAP2"
"1437",17.8,1526,"3","2","MAT3_MAP2"
"1438",17.8,1522,"3","2","MAT3_MAP2"
"1439",16.2,1445,"2","2","MAT2_MAP2"
"1440",14.4,1363,"1","2","MAT1_MAP2"
"1441",14.7,1371,"2","2","MAT2_MAP2"
"1442",19,1620,"3","3","MAT3_MAP3"
"1443",15,1411,"2","2","MAT2_MAP2"
"1444",17.4,1429,"3","2","MAT3_MAP2"
"1445",18.5,1596,"3","2","MAT3_MAP2"
"1446",17.6,1516,"3","2","MAT3_MAP2"
"1447",17.5,1513,"3","2","MAT3_MAP2"
"1448",16.3,1436,"2","2","MAT2_MAP2"
"1449",14.4,1371,"1","2","MAT1_MAP2"
"1450",17.8,1541,"3","2","MAT3_MAP2"
"1451",17.9,1516,"3","2","MAT3_MAP2"
"1452",17.5,1463,"3","2","MAT3_MAP2"
"1453",15.7,1456,"2","2","MAT2_MAP2"
"1454",16.8,1402,"2","2","MAT2_MAP2"
"1455",15.9,1461,"2","2","MAT2_MAP2"
"1456",16.5,1434,"2","2","MAT2_MAP2"
"1457",14.5,1364,"1","2","MAT1_MAP2"
"1458",17.6,1464,"3","2","MAT3_MAP2"
"1459",15.3,1433,"2","2","MAT2_MAP2"
"1460",17.4,1433,"3","2","MAT3_MAP2"
"1461",17.2,1400,"2","2","MAT2_MAP2"
"1462",16,1455,"2","2","MAT2_MAP2"
"1463",15.8,1451,"2","2","MAT2_MAP2"
"1464",15.8,1471,"2","2","MAT2_MAP2"
"1465",18.1,1510,"3","2","MAT3_MAP2"
"1466",17,1398,"2","2","MAT2_MAP2"
"1467",16.9,1401,"2","2","MAT2_MAP2"
"1468",17.5,1455,"3","2","MAT3_MAP2"
"1469",18.1,1527,"3","2","MAT3_MAP2"
"1470",15.6,1463,"2","2","MAT2_MAP2"
"1471",17.9,1526,"3","2","MAT3_MAP2"
"1472",15.3,1424,"2","2","MAT2_MAP2"
"1473",17.4,1447,"3","2","MAT3_MAP2"
"1474",16,1473,"2","2","MAT2_MAP2"
"1475",18.5,1601,"3","3","MAT3_MAP3"
"1476",15.3,1427,"2","2","MAT2_MAP2"
"1477",16.4,1454,"2","2","MAT2_MAP2"
"1478",14.6,1383,"1","2","MAT1_MAP2"
"1479",16.6,1442,"2","2","MAT2_MAP2"
"1480",17.2,1392,"2","2","MAT2_MAP2"
"1481",15.5,1432,"2","2","MAT2_MAP2"
"1482",17.3,1426,"2","2","MAT2_MAP2"
"1483",16.8,1416,"2","2","MAT2_MAP2"
"1484",17.5,1440,"3","2","MAT3_MAP2"
"1485",18.1,1532,"3","2","MAT3_MAP2"
"1486",15.9,1488,"2","2","MAT2_MAP2"
"1487",14.5,1369,"1","2","MAT1_MAP2"
"1488",17.5,1429,"3","2","MAT3_MAP2"
"1489",14.3,1366,"1","2","MAT1_MAP2"
"1490",16.3,1467,"2","2","MAT2_MAP2"
"1491",17.2,1397,"2","2","MAT2_MAP2"
"1492",18.7,1595,"3","2","MAT3_MAP2"
"1493",18,1507,"3","2","MAT3_MAP2"
"1494",19.3,1602,"3","3","MAT3_MAP3"
"1495",17.6,1428,"3","2","MAT3_MAP2"
"1496",18.9,1611,"3","3","MAT3_MAP3"
"1497",18.7,1616,"3","3","MAT3_MAP3"
"1498",17.8,1452,"3","2","MAT3_MAP2"
"1499",15.8,1480,"2","2","MAT2_MAP2"
"1500",15.3,1458,"2","2","MAT2_MAP2"
"1501",16.2,1479,"2","2","MAT2_MAP2"
"1502",18.9,1630,"3","3","MAT3_MAP3"
"1503",18.7,1609,"3","3","MAT3_MAP3"
"1504",17.4,1425,"3","2","MAT3_MAP2"
"1505",18.2,1551,"3","2","MAT3_MAP2"
"1506",17.4,1406,"3","2","MAT3_MAP2"
"1507",17.6,1442,"3","2","MAT3_MAP2"
"1508",17.8,1445,"3","2","MAT3_MAP2"
"1509",17.7,1430,"3","2","MAT3_MAP2"
"1510",15.3,1478,"2","2","MAT2_MAP2"
"1511",15.2,1498,"2","2","MAT2_MAP2"
"1512",16.9,1416,"2","2","MAT2_MAP2"
"1513",17.3,1390,"2","2","MAT2_MAP2"
"1514",16,1492,"2","2","MAT2_MAP2"
"1515",17.8,1505,"3","2","MAT3_MAP2"
"1516",15.4,1438,"2","2","MAT2_MAP2"
"1517",17.4,1405,"3","2","MAT3_MAP2"
"1518",18,1532,"3","2","MAT3_MAP2"
"1519",19.1,1599,"3","2","MAT3_MAP2"
"1520",18.2,1533,"3","2","MAT3_MAP2"
"1521",18,1537,"3","2","MAT3_MAP2"
"1522",18.7,1580,"3","2","MAT3_MAP2"
"1523",14.9,1442,"2","2","MAT2_MAP2"
"1524",14.6,1448,"1","2","MAT1_MAP2"
"1525",16.3,1485,"2","2","MAT2_MAP2"
"1526",18,1516,"3","2","MAT3_MAP2"
"1527",18.5,1553,"3","2","MAT3_MAP2"
"1528",15.1,1513,"2","2","MAT2_MAP2"
"1529",15,1453,"2","2","MAT2_MAP2"
"1530",17.1,1398,"2","2","MAT2_MAP2"
"1531",16.9,1434,"2","2","MAT2_MAP2"
"1532",16.4,1479,"2","2","MAT2_MAP2"
"1533",17.7,1434,"3","2","MAT3_MAP2"
"1534",15.5,1511,"2","2","MAT2_MAP2"
"1535",15.1,1502,"2","2","MAT2_MAP2"
"1536",18,1533,"3","2","MAT3_MAP2"
"1537",18,1515,"3","2","MAT3_MAP2"
"1538",18.4,1560,"3","2","MAT3_MAP2"
"1539",17.7,1419,"3","2","MAT3_MAP2"
"1540",15.1,1517,"2","2","MAT2_MAP2"
"1541",17.9,1466,"3","2","MAT3_MAP2"
"1542",16.9,1426,"2","2","MAT2_MAP2"
"1543",15.3,1507,"2","2","MAT2_MAP2"
"1544",17.8,1485,"3","2","MAT3_MAP2"
"1545",16.2,1498,"2","2","MAT2_MAP2"
"1546",16.9,1430,"2","2","MAT2_MAP2"
"1547",17.3,1382,"2","2","MAT2_MAP2"
"1548",16,1507,"2","2","MAT2_MAP2"
"1549",15.1,1443,"2","2","MAT2_MAP2"
"1550",17.8,1455,"3","2","MAT3_MAP2"
"1551",18,1482,"3","2","MAT3_MAP2"
"1552",16.8,1438,"2","2","MAT2_MAP2"
"1553",14.9,1512,"2","2","MAT2_MAP2"
"1554",17.7,1418,"3","2","MAT3_MAP2"
"1555",19.4,1624,"3","3","MAT3_MAP3"
"1556",18.2,1572,"3","2","MAT3_MAP2"
"1557",19.2,1635,"3","3","MAT3_MAP3"
"1558",18,1540,"3","2","MAT3_MAP2"
"1559",19.3,1634,"3","3","MAT3_MAP3"
"1560",18.9,1609,"3","3","MAT3_MAP3"
"1561",19,1607,"3","3","MAT3_MAP3"
"1562",14.9,1510,"2","2","MAT2_MAP2"
"1563",15.7,1509,"2","2","MAT2_MAP2"
"1564",14.9,1507,"2","2","MAT2_MAP2"
"1565",16.3,1483,"2","2","MAT2_MAP2"
"1566",17,1412,"2","2","MAT2_MAP2"
"1567",16.3,1484,"2","2","MAT2_MAP2"
"1568",16.7,1457,"2","2","MAT2_MAP2"
"1569",17.7,1463,"3","2","MAT3_MAP2"
"1570",17.9,1555,"3","2","MAT3_MAP2"
"1571",17.8,1547,"3","2","MAT3_MAP2"
"1572",17.5,1410,"3","2","MAT3_MAP2"
"1573",17.6,1445,"3","2","MAT3_MAP2"
"1574",15.5,1513,"2","2","MAT2_MAP2"
"1575",14.9,1520,"2","2","MAT2_MAP2"
"1576",18.9,1604,"3","3","MAT3_MAP3"
"1577",15.1,1515,"2","2","MAT2_MAP2"
"1578",14.9,1458,"2","2","MAT2_MAP2"
"1579",17.5,1376,"3","2","MAT3_MAP2"
"1580",17.8,1450,"3","2","MAT3_MAP2"
"1581",17.7,1459,"3","2","MAT3_MAP2"
"1582",17.5,1378,"3","2","MAT3_MAP2"
"1583",14.8,1430,"2","2","MAT2_MAP2"
"1584",19.2,1639,"3","3","MAT3_MAP3"
"1585",16.7,1454,"2","2","MAT2_MAP2"
"1586",17.9,1494,"3","2","MAT3_MAP2"
"1587",19.5,1589,"3","2","MAT3_MAP2"
"1588",18.8,1599,"3","2","MAT3_MAP2"
"1589",19.4,1600,"3","3","MAT3_MAP3"
"1590",15.8,1493,"2","2","MAT2_MAP2"
"1591",18.6,1587,"3","2","MAT3_MAP2"
"1592",17.5,1379,"3","2","MAT3_MAP2"
"1593",16.1,1500,"2","2","MAT2_MAP2"
"1594",17.8,1512,"3","2","MAT3_MAP2"
"1595",16.6,1461,"2","2","MAT2_MAP2"
"1596",17.5,1382,"3","2","MAT3_MAP2"
"1597",18.7,1605,"3","3","MAT3_MAP3"
"1598",15.9,1504,"2","2","MAT2_MAP2"
"1599",17.3,1387,"2","2","MAT2_MAP2"
"1600",18.6,1548,"3","2","MAT3_MAP2"
"1601",18.5,1574,"3","2","MAT3_MAP2"
"1602",19.2,1632,"3","3","MAT3_MAP3"
"1603",17.9,1452,"3","2","MAT3_MAP2"
"1604",18.6,1591,"3","2","MAT3_MAP2"
"1605",19,1628,"3","3","MAT3_MAP3"
"1606",17.8,1500,"3","2","MAT3_MAP2"
"1607",19.2,1631,"3","3","MAT3_MAP3"
"1608",17.7,1423,"3","2","MAT3_MAP2"
"1609",17.9,1488,"3","2","MAT3_MAP2"
"1610",18.1,1553,"3","2","MAT3_MAP2"
"1611",19.3,1616,"3","3","MAT3_MAP3"
"1612",18.4,1531,"3","2","MAT3_MAP2"
"1613",19.5,1579,"3","2","MAT3_MAP2"
"1614",18,1446,"3","2","MAT3_MAP2"
"1615",18,1509,"3","2","MAT3_MAP2"
"1616",19.2,1621,"3","3","MAT3_MAP3"
"1617",19.6,1557,"3","2","MAT3_MAP2"
"1618",17.9,1492,"3","2","MAT3_MAP2"
"1619",17.3,1404,"2","2","MAT2_MAP2"
"1620",18.3,1585,"3","2","MAT3_MAP2"
"1621",17.7,1405,"3","2","MAT3_MAP2"
"1622",17.9,1441,"3","2","MAT3_MAP2"
"1623",17.3,1406,"2","2","MAT2_MAP2"
"1624",19.8,1526,"3","2","MAT3_MAP2"
"1625",19.2,1616,"3","3","MAT3_MAP3"
"1626",18.4,1611,"3","3","MAT3_MAP3"
"1627",19.7,1529,"3","2","MAT3_MAP2"
"1628",19.6,1555,"3","2","MAT3_MAP2"
"1629",19,1624,"3","3","MAT3_MAP3"
"1630",18.8,1631,"3","3","MAT3_MAP3"
"1631",18.2,1550,"3","2","MAT3_MAP2"
"1632",17.8,1408,"3","2","MAT3_MAP2"
"1633",17.3,1405,"2","2","MAT2_MAP2"
"1634",17.8,1403,"3","2","MAT3_MAP2"
"1635",18.2,1532,"3","2","MAT3_MAP2"
"1636",17.8,1402,"3","2","MAT3_MAP2"
"1637",18.3,1607,"3","3","MAT3_MAP3"
"1638",19.7,1528,"3","2","MAT3_MAP2"
"1639",17.1,1419,"2","2","MAT2_MAP2"
"1640",17.3,1413,"2","2","MAT2_MAP2"
"1641",18,1430,"3","2","MAT3_MAP2"
"1642",18,1572,"3","2","MAT3_MAP2"
"1643",17.9,1543,"3","2","MAT3_MAP2"
"1644",18.8,1622,"3","3","MAT3_MAP3"
"1645",19.4,1576,"3","2","MAT3_MAP2"
"1646",17.8,1487,"3","2","MAT3_MAP2"
"1647",19.8,1500,"3","2","MAT3_MAP2"
"1648",18.9,1626,"3","3","MAT3_MAP3"
"1649",19.7,1519,"3","2","MAT3_MAP2"
"1650",18,1569,"3","2","MAT3_MAP2"
"1651",18.5,1616,"3","3","MAT3_MAP3"
"1652",17.9,1530,"3","2","MAT3_MAP2"
"1653",17.7,1411,"3","2","MAT3_MAP2"
"1654",17.6,1379,"3","2","MAT3_MAP2"
"1655",18,1443,"3","2","MAT3_MAP2"
"1656",18.3,1571,"3","2","MAT3_MAP2"
"1657",17.3,1420,"2","2","MAT2_MAP2"
"1658",18.2,1607,"3","3","MAT3_MAP3"
"1659",17.8,1388,"3","2","MAT3_MAP2"
"1660",16.8,1455,"2","2","MAT2_MAP2"
"1661",18.1,1608,"3","3","MAT3_MAP3"
"1662",17.9,1365,"3","2","MAT3_MAP2"
"1663",17.9,1449,"3","2","MAT3_MAP2"
"1664",18.1,1455,"3","2","MAT3_MAP2"
"1665",17.5,1409,"3","2","MAT3_MAP2"
"1666",18.6,1605,"3","3","MAT3_MAP3"
"1667",17.9,1353,"3","2","MAT3_MAP2"
"1668",18.1,1563,"3","2","MAT3_MAP2"
"1669",17.9,1437,"3","2","MAT3_MAP2"
"1670",17.4,1413,"3","2","MAT3_MAP2"
"1671",17.9,1531,"3","2","MAT3_MAP2"
"1672",19.1,1616,"3","3","MAT3_MAP3"
"1673",17.9,1410,"3","2","MAT3_MAP2"
"1674",18,1570,"3","2","MAT3_MAP2"
"1675",18.9,1628,"3","3","MAT3_MAP3"
"1676",19.3,1596,"3","2","MAT3_MAP2"
"1677",17.8,1384,"3","2","MAT3_MAP2"
"1678",17.9,1354,"3","2","MAT3_MAP2"
"1679",18,1366,"3","2","MAT3_MAP2"
"1680",18.6,1625,"3","3","MAT3_MAP3"
"1681",18,1580,"3","2","MAT3_MAP2"
"1682",17.8,1521,"3","2","MAT3_MAP2"
"1683",17.6,1386,"3","2","MAT3_MAP2"
"1684",18.1,1320,"3","1","MAT3_MAP1"
"1685",17.9,1434,"3","2","MAT3_MAP2"
"1686",17.9,1384,"3","2","MAT3_MAP2"
"1687",17.7,1377,"3","2","MAT3_MAP2"
"1688",18.2,1320,"3","1","MAT3_MAP1"
"1689",18,1392,"3","2","MAT3_MAP2"
"1690",17.9,1417,"3","2","MAT3_MAP2"
"1691",17.8,1489,"3","2","MAT3_MAP2"
"1692",17,1456,"2","2","MAT2_MAP2"
"1693",19.4,1567,"3","2","MAT3_MAP2"
"1694",17.9,1364,"3","2","MAT3_MAP2"
"1695",17.5,1413,"3","2","MAT3_MAP2"
"1696",18.2,1309,"3","1","MAT3_MAP1"
"1697",17.8,1370,"3","2","MAT3_MAP2"
"1698",19.5,1543,"3","2","MAT3_MAP2"
"1699",17.2,1440,"2","2","MAT2_MAP2"
"1700",17.9,1457,"3","2","MAT3_MAP2"
"1701",17.1,1442,"2","2","MAT2_MAP2"
"1702",18.1,1324,"3","1","MAT3_MAP1"
"1703",19.3,1557,"3","2","MAT3_MAP2"
"1704",19,1582,"3","2","MAT3_MAP2"
"1705",18,1425,"3","2","MAT3_MAP2"
"1706",18.3,1581,"3","2","MAT3_MAP2"
"1707",18.1,1588,"3","2","MAT3_MAP2"
"1708",18,1360,"3","2","MAT3_MAP2"
"1709",17.9,1483,"3","2","MAT3_MAP2"
"1710",17.1,1436,"2","2","MAT2_MAP2"
"1711",18.1,1326,"3","1","MAT3_MAP1"
"1712",18,1575,"3","2","MAT3_MAP2"
"1713",17.9,1463,"3","2","MAT3_MAP2"
"1714",19.3,1543,"3","2","MAT3_MAP2"
"1715",18.4,1562,"3","2","MAT3_MAP2"
"1716",17.7,1385,"3","2","MAT3_MAP2"
"1717",18,1335,"3","2","MAT3_MAP2"
"1718",18.2,1553,"3","2","MAT3_MAP2"
"1719",18,1545,"3","2","MAT3_MAP2"
"1720",18.4,1578,"3","2","MAT3_MAP2"
"1721",17.3,1415,"2","2","MAT2_MAP2"
"1722",19.3,1536,"3","2","MAT3_MAP2"
"1723",18,1448,"3","2","MAT3_MAP2"
"1724",19,1558,"3","2","MAT3_MAP2"
"1725",18.7,1574,"3","2","MAT3_MAP2"
"1726",18,1546,"3","2","MAT3_MAP2"
"1727",18,1363,"3","2","MAT3_MAP2"
"1728",17.9,1345,"3","2","MAT3_MAP2"
"1729",17.4,1398,"3","2","MAT3_MAP2"
"1730",18.1,1460,"3","2","MAT3_MAP2"
"1731",18.1,1538,"3","2","MAT3_MAP2"
"1732",18.2,1555,"3","2","MAT3_MAP2"
"1733",19.2,1521,"3","2","MAT3_MAP2"
"1734",17.8,1351,"3","2","MAT3_MAP2"
"1735",16.7,1422,"2","2","MAT2_MAP2"
"1736",17.9,1421,"3","2","MAT3_MAP2"
"1737",18.1,1541,"3","2","MAT3_MAP2"
"1738",18.2,1556,"3","2","MAT3_MAP2"
"1739",18,1468,"3","2","MAT3_MAP2"
"1740",17.6,1361,"3","2","MAT3_MAP2"
"1741",17.9,1380,"3","2","MAT3_MAP2"
"1742",18,1436,"3","2","MAT3_MAP2"
"1743",17.8,1516,"3","2","MAT3_MAP2"
"1744",18,1442,"3","2","MAT3_MAP2"
"1745",18.6,1568,"3","2","MAT3_MAP2"
"1746",18.4,1550,"3","2","MAT3_MAP2"
"1747",18,1375,"3","2","MAT3_MAP2"
"1748",17.6,1366,"3","2","MAT3_MAP2"
"1749",18.8,1554,"3","2","MAT3_MAP2"
"1750",17.9,1394,"3","2","MAT3_MAP2"
"1751",17.9,1436,"3","2","MAT3_MAP2"
"1752",18.1,1347,"3","2","MAT3_MAP2"
"1753",17.9,1382,"3","2","MAT3_MAP2"
"1754",16.6,1439,"2","2","MAT2_MAP2"
"1755",17.9,1501,"3","2","MAT3_MAP2"
"1756",18.8,1561,"3","2","MAT3_MAP2"
"1757",18.3,1561,"3","2","MAT3_MAP2"
"1758",16.5,1454,"2","2","MAT2_MAP2"
"1759",17.8,1460,"3","2","MAT3_MAP2"
"1760",18.5,1537,"3","2","MAT3_MAP2"
"1761",16.3,1460,"2","2","MAT2_MAP2"
"1762",17.9,1482,"3","2","MAT3_MAP2"
"1763",19,1574,"3","2","MAT3_MAP2"
"1764",17.9,1439,"3","2","MAT3_MAP2"
"1765",18.2,1516,"3","2","MAT3_MAP2"
"1766",18.4,1517,"3","2","MAT3_MAP2"
"1767",19,1568,"3","2","MAT3_MAP2"
"1768",18.5,1562,"3","2","MAT3_MAP2"
"1769",17.9,1418,"3","2","MAT3_MAP2"
"1770",18.6,1529,"3","2","MAT3_MAP2"
"1771",19.5,1538,"3","2","MAT3_MAP2"
"1772",18.6,1546,"3","2","MAT3_MAP2"
"1773",17.9,1375,"3","2","MAT3_MAP2"
"1774",16.9,1439,"2","2","MAT2_MAP2"
"1775",18.8,1538,"3","2","MAT3_MAP2"
"1776",16.6,1453,"2","2","MAT2_MAP2"
"1777",17.9,1468,"3","2","MAT3_MAP2"
"1778",18.7,1532,"3","2","MAT3_MAP2"
"1779",18.5,1494,"3","2","MAT3_MAP2"
"1780",18,1374,"3","2","MAT3_MAP2"
"1781",16,1460,"2","2","MAT2_MAP2"
"1782",19.6,1545,"3","2","MAT3_MAP2"
"1783",16.4,1473,"2","2","MAT2_MAP2"
"1784",18.7,1568,"3","2","MAT3_MAP2"
"1785",19.5,1548,"3","2","MAT3_MAP2"
"1786",17.4,1400,"3","2","MAT3_MAP2"
"1787",16.3,1480,"2","2","MAT2_MAP2"
"1788",16.4,1478,"2","2","MAT2_MAP2"
"1789",18.2,1427,"3","2","MAT3_MAP2"
"1790",16.4,1475,"2","2","MAT2_MAP2"
"1791",19.4,1564,"3","2","MAT3_MAP2"
"1792",16.3,1479,"2","2","MAT2_MAP2"
"1793",18,1390,"3","2","MAT3_MAP2"
"1794",18.4,1469,"3","2","MAT3_MAP2"
"1795",17.9,1358,"3","2","MAT3_MAP2"
"1796",19.3,1581,"3","2","MAT3_MAP2"
"1797",18.6,1486,"3","2","MAT3_MAP2"
"1798",19.6,1554,"3","2","MAT3_MAP2"
"1799",18.2,1404,"3","2","MAT3_MAP2"
"1800",19.2,1587,"3","2","MAT3_MAP2"
"1801",16.9,1447,"2","2","MAT2_MAP2"
"1802",19.2,1579,"3","2","MAT3_MAP2"
"1803",15.8,1468,"2","2","MAT2_MAP2"
"1804",18.1,1363,"3","2","MAT3_MAP2"
"1805",15.9,1491,"2","2","MAT2_MAP2"
"1806",16,1472,"2","2","MAT2_MAP2"
"1807",15.7,1493,"2","2","MAT2_MAP2"
"1808",18.3,1432,"3","2","MAT3_MAP2"
"1809",18.1,1370,"3","2","MAT3_MAP2"
"1810",18.4,1410,"3","2","MAT3_MAP2"
"1811",17.8,1363,"3","2","MAT3_MAP2"
"1812",17.8,1369,"3","2","MAT3_MAP2"
"1813",17.9,1349,"3","2","MAT3_MAP2"
"1814",19.6,1556,"3","2","MAT3_MAP2"
"1815",19.6,1558,"3","2","MAT3_MAP2"
"1816",16.2,1458,"2","2","MAT2_MAP2"
"1817",16.4,1459,"2","2","MAT2_MAP2"
"1818",17.3,1422,"2","2","MAT2_MAP2"
"1819",18,1352,"3","2","MAT3_MAP2"
"1820",17.5,1396,"3","2","MAT3_MAP2"
"1821",17.1,1429,"2","2","MAT2_MAP2"
"1822",17.8,1360,"3","2","MAT3_MAP2"
"1823",16.5,1464,"2","2","MAT2_MAP2"
"1824",19.2,1509,"3","2","MAT3_MAP2"
"1825",16.3,1465,"2","2","MAT2_MAP2"
"1826",15.5,1464,"2","2","MAT2_MAP2"
"1827",18.1,1367,"3","2","MAT3_MAP2"
"1828",19,1474,"3","2","MAT3_MAP2"
"1829",19.1,1487,"3","2","MAT3_MAP2"
"1830",19.6,1565,"3","2","MAT3_MAP2"
"1831",19.2,1534,"3","2","MAT3_MAP2"
"1832",17.8,1354,"3","2","MAT3_MAP2"
"1833",15.9,1463,"2","2","MAT2_MAP2"
"1834",16.3,1476,"2","2","MAT2_MAP2"
"1835",19.5,1572,"3","2","MAT3_MAP2"
"1836",16.5,1458,"2","2","MAT2_MAP2"
"1837",17.9,1352,"3","2","MAT3_MAP2"
"1838",18.9,1439,"3","2","MAT3_MAP2"
"1839",17.6,1367,"3","2","MAT3_MAP2"
"1840",18.2,1346,"3","2","MAT3_MAP2"
"1841",19.1,1492,"3","2","MAT3_MAP2"
"1842",19.3,1566,"3","2","MAT3_MAP2"
"1843",19.5,1570,"3","2","MAT3_MAP2"
"1844",17.8,1343,"3","2","MAT3_MAP2"
"1845",19.3,1570,"3","2","MAT3_MAP2"
"1846",18.6,1366,"3","2","MAT3_MAP2"
"1847",17.7,1348,"3","2","MAT3_MAP2"
"1848",18.4,1374,"3","2","MAT3_MAP2"
"1849",17.7,1352,"3","2","MAT3_MAP2"
"1850",18.8,1374,"3","2","MAT3_MAP2"
"1851",19,1434,"3","2","MAT3_MAP2"
"1852",16.4,1453,"2","2","MAT2_MAP2"
"1853",18.6,1360,"3","2","MAT3_MAP2"
"1854",15.4,1471,"2","2","MAT2_MAP2"
"1855",19,1425,"3","2","MAT3_MAP2"
"1856",16.1,1464,"2","2","MAT2_MAP2"
"1857",16.5,1444,"2","2","MAT2_MAP2"
"1858",16.4,1445,"2","2","MAT2_MAP2"
"1859",17,1431,"2","2","MAT2_MAP2"
"1860",17.5,1356,"3","2","MAT3_MAP2"
"1861",17.7,1339,"3","2","MAT3_MAP2"
"1862",15.6,1431,"2","2","MAT2_MAP2"
"1863",19,1414,"3","2","MAT3_MAP2"
"1864",18.3,1347,"3","2","MAT3_MAP2"
"1865",19.7,1542,"3","2","MAT3_MAP2"
"1866",19.1,1456,"3","2","MAT3_MAP2"
"1867",19.6,1560,"3","2","MAT3_MAP2"
"1868",17.6,1357,"3","2","MAT3_MAP2"
"1869",15.9,1456,"2","2","MAT2_MAP2"
"1870",16.2,1443,"2","2","MAT2_MAP2"
"1871",16.6,1455,"2","2","MAT2_MAP2"
"1872",18.9,1347,"3","2","MAT3_MAP2"
"1873",17.8,1346,"3","2","MAT3_MAP2"
"1874",19.1,1506,"3","2","MAT3_MAP2"
"1875",19,1405,"3","2","MAT3_MAP2"
"1876",20,1472,"3","2","MAT3_MAP2"
"1877",15.8,1455,"2","2","MAT2_MAP2"
"1878",18.1,1340,"3","2","MAT3_MAP2"
"1879",17.5,1357,"3","2","MAT3_MAP2"
"1880",17.9,1324,"3","1","MAT3_MAP1"
"1881",19.3,1562,"3","2","MAT3_MAP2"
"1882",19,1465,"3","2","MAT3_MAP2"
"1883",16.6,1452,"2","2","MAT2_MAP2"
"1884",19.5,1563,"3","2","MAT3_MAP2"
"1885",18.5,1359,"3","2","MAT3_MAP2"
"1886",15.7,1441,"2","2","MAT2_MAP2"
"1887",17.8,1319,"3","1","MAT3_MAP1"
"1888",20,1494,"3","2","MAT3_MAP2"
"1889",19.8,1532,"3","2","MAT3_MAP2"
"1890",19,1528,"3","2","MAT3_MAP2"
"1891",16.7,1435,"2","2","MAT2_MAP2"
"1892",18.2,1368,"3","2","MAT3_MAP2"
"1893",15.7,1448,"2","2","MAT2_MAP2"
"1894",16.2,1418,"2","2","MAT2_MAP2"
"1895",15.4,1447,"2","2","MAT2_MAP2"
"1896",18.3,1346,"3","2","MAT3_MAP2"
"1897",19.1,1404,"3","2","MAT3_MAP2"
"1898",14.8,1464,"2","2","MAT2_MAP2"
"1899",18.8,1358,"3","2","MAT3_MAP2"
"1900",19.1,1442,"3","2","MAT3_MAP2"
"1901",15.4,1472,"2","2","MAT2_MAP2"
"1902",16.5,1420,"2","2","MAT2_MAP2"
"1903",18.6,1370,"3","2","MAT3_MAP2"
"1904",19.1,1458,"3","2","MAT3_MAP2"
"1905",19.1,1406,"3","2","MAT3_MAP2"
"1906",19,1386,"3","2","MAT3_MAP2"
"1907",18.5,1357,"3","2","MAT3_MAP2"
"1908",15.1,1449,"2","2","MAT2_MAP2"
"1909",17.5,1323,"3","1","MAT3_MAP1"
"1910",16.8,1394,"2","2","MAT2_MAP2"
"1911",17.9,1294,"3","1","MAT3_MAP1"
"1912",19.2,1541,"3","2","MAT3_MAP2"
"1913",20,1518,"3","2","MAT3_MAP2"
"1914",19.2,1529,"3","2","MAT3_MAP2"
"1915",19.9,1576,"3","2","MAT3_MAP2"
"1916",15.2,1428,"2","2","MAT2_MAP2"
"1917",19.3,1459,"3","2","MAT3_MAP2"
"1918",17.1,1358,"2","2","MAT2_MAP2"
"1919",18.3,1319,"3","1","MAT3_MAP1"
"1920",15.6,1437,"2","2","MAT2_MAP2"
"1921",19.4,1540,"3","2","MAT3_MAP2"
"1922",19.5,1547,"3","2","MAT3_MAP2"
"1923",18.6,1369,"3","2","MAT3_MAP2"
"1924",16.1,1405,"2","2","MAT2_MAP2"
"1925",20.1,1493,"3","2","MAT3_MAP2"
"1926",16.3,1395,"2","2","MAT2_MAP2"
"1927",19.9,1593,"3","2","MAT3_MAP2"
"1928",19.3,1517,"3","2","MAT3_MAP2"
"1929",18.9,1364,"3","2","MAT3_MAP2"
"1930",19.7,1586,"3","2","MAT3_MAP2"
"1931",17,1365,"2","2","MAT2_MAP2"
"1932",17.9,1266,"3","1","MAT3_MAP1"
"1933",16.2,1396,"2","2","MAT2_MAP2"
"1934",19.3,1477,"3","2","MAT3_MAP2"
"1935",19.1,1394,"3","2","MAT3_MAP2"
"1936",18.5,1353,"3","2","MAT3_MAP2"
"1937",20,1541,"3","2","MAT3_MAP2"
"1938",19.6,1575,"3","2","MAT3_MAP2"
"1939",19.6,1547,"3","2","MAT3_MAP2"
"1940",19.2,1410,"3","2","MAT3_MAP2"
"1941",18.7,1366,"3","2","MAT3_MAP2"
"1942",18.1,1280,"3","1","MAT3_MAP1"
"1943",15.1,1415,"2","2","MAT2_MAP2"
"1944",19.2,1421,"3","2","MAT3_MAP2"
"1945",20.1,1472,"3","2","MAT3_MAP2"
"1946",19.7,1573,"3","2","MAT3_MAP2"
"1947",19.2,1417,"3","2","MAT3_MAP2"
"1948",19.5,1530,"3","2","MAT3_MAP2"
"1949",16.4,1368,"2","2","MAT2_MAP2"
"1950",15,1434,"2","2","MAT2_MAP2"
"1951",19.4,1486,"3","2","MAT3_MAP2"
"1952",19.3,1458,"3","2","MAT3_MAP2"
"1953",19.4,1492,"3","2","MAT3_MAP2"
"1954",19,1350,"3","2","MAT3_MAP2"
"1955",19.5,1503,"3","2","MAT3_MAP2"
"1956",16.1,1376,"2","2","MAT2_MAP2"
"1957",19.2,1375,"3","2","MAT3_MAP2"
"1958",20.1,1467,"3","2","MAT3_MAP2"
"1959",19.3,1404,"3","2","MAT3_MAP2"
"1960",17,1337,"2","2","MAT2_MAP2"
"1961",19,1363,"3","2","MAT3_MAP2"
"1962",19.3,1453,"3","2","MAT3_MAP2"
"1963",19.3,1448,"3","2","MAT3_MAP2"
"1964",16.7,1357,"2","2","MAT2_MAP2"
"1965",19.7,1545,"3","2","MAT3_MAP2"
"1966",19.7,1560,"3","2","MAT3_MAP2"
"1967",18.9,1324,"3","1","MAT3_MAP1"
"1968",19.3,1398,"3","2","MAT3_MAP2"
"1969",18.3,1314,"3","1","MAT3_MAP1"
"1970",18.9,1351,"3","2","MAT3_MAP2"
"1971",19.5,1474,"3","2","MAT3_MAP2"
"1972",19.4,1468,"3","2","MAT3_MAP2"
"1973",19.4,1466,"3","2","MAT3_MAP2"
"1974",19.7,1547,"3","2","MAT3_MAP2"
"1975",19.1,1357,"3","2","MAT3_MAP2"
"1976",17,1328,"2","1","MAT2_MAP1"
"1977",18,1192,"3","1","MAT3_MAP1"
"1978",18.7,1339,"3","2","MAT3_MAP2"
"1979",19.3,1395,"3","2","MAT3_MAP2"
"1980",17.3,1295,"2","1","MAT2_MAP1"
"1981",16.3,1352,"2","2","MAT2_MAP2"
"1982",18.9,1355,"3","2","MAT3_MAP2"
"1983",16.1,1361,"2","2","MAT2_MAP2"
"1984",18.1,1294,"3","1","MAT3_MAP1"
"1985",19.7,1532,"3","2","MAT3_MAP2"
"1986",19.4,1418,"3","2","MAT3_MAP2"
"1987",16.7,1354,"2","2","MAT2_MAP2"
"1988",20,1508,"3","2","MAT3_MAP2"
"1989",19.3,1389,"3","2","MAT3_MAP2"
"1990",19.1,1360,"3","2","MAT3_MAP2"
"1991",19.4,1491,"3","2","MAT3_MAP2"
"1992",20,1502,"3","2","MAT3_MAP2"
"1993",18.7,1337,"3","2","MAT3_MAP2"
"1994",15.6,1371,"2","2","MAT2_MAP2"
"1995",16.7,1348,"2","2","MAT2_MAP2"
"1996",17.3,1290,"2","1","MAT2_MAP1"
"1997",16.6,1357,"2","2","MAT2_MAP2"
"1998",17.8,1259,"3","1","MAT3_MAP1"
"1999",19.2,1367,"3","2","MAT3_MAP2"
"2000",18.4,1313,"3","1","MAT3_MAP1"
"2001",19,1349,"3","2","MAT3_MAP2"
"2002",18.9,1345,"3","2","MAT3_MAP2"
"2003",15.6,1366,"2","2","MAT2_MAP2"
"2004",18.9,1343,"3","2","MAT3_MAP2"
"2005",18.9,1341,"3","2","MAT3_MAP2"
"2006",18,1216,"3","1","MAT3_MAP1"
"2007",19.7,1523,"3","2","MAT3_MAP2"
"2008",18.6,1332,"3","1","MAT3_MAP1"
"2009",18,1179,"3","1","MAT3_MAP1"
"2010",18.6,1294,"3","1","MAT3_MAP1"
"2011",19,1340,"3","2","MAT3_MAP2"
"2012",16.1,1332,"2","1","MAT2_MAP1"
"2013",15.2,1356,"2","2","MAT2_MAP2"
"2014",16.8,1330,"2","1","MAT2_MAP1"
"2015",20.1,1483,"3","2","MAT3_MAP2"
"2016",18.1,1219,"3","1","MAT3_MAP1"
"2017",19.9,1524,"3","2","MAT3_MAP2"
"2018",18.7,1322,"3","1","MAT3_MAP1"
"2019",18.7,1332,"3","1","MAT3_MAP1"
"2020",16.2,1339,"2","2","MAT2_MAP2"
"2021",19.4,1381,"3","2","MAT3_MAP2"
"2022",20,1495,"3","2","MAT3_MAP2"
"2023",19.2,1455,"3","2","MAT3_MAP2"
"2024",19.9,1516,"3","2","MAT3_MAP2"
"2025",19.6,1495,"3","2","MAT3_MAP2"
"2026",19.2,1346,"3","2","MAT3_MAP2"
"2027",17.9,1206,"3","1","MAT3_MAP1"
"2028",19.9,1519,"3","2","MAT3_MAP2"
"2029",19.3,1361,"3","2","MAT3_MAP2"
"2030",19.3,1352,"3","2","MAT3_MAP2"
"2031",19.4,1483,"3","2","MAT3_MAP2"
"2032",19.4,1397,"3","2","MAT3_MAP2"
"2033",15.5,1354,"2","2","MAT2_MAP2"
"2034",18.2,1254,"3","1","MAT3_MAP1"
"2035",19.1,1336,"3","2","MAT3_MAP2"
"2036",20,1497,"3","2","MAT3_MAP2"
"2037",18.2,1286,"3","1","MAT3_MAP1"
"2038",19.8,1519,"3","2","MAT3_MAP2"
"2039",19.4,1385,"3","2","MAT3_MAP2"
"2040",17.9,1212,"3","1","MAT3_MAP1"
"2041",16.2,1317,"2","1","MAT2_MAP1"
"2042",18.9,1315,"3","1","MAT3_MAP1"
"2043",19.3,1346,"3","2","MAT3_MAP2"
"2044",19.8,1515,"3","2","MAT3_MAP2"
"2045",19.6,1501,"3","2","MAT3_MAP2"
"2046",15.9,1318,"2","1","MAT2_MAP1"
"2047",20,1496,"3","2","MAT3_MAP2"
"2048",16.8,1318,"2","1","MAT2_MAP1"
"2049",16.4,1325,"2","1","MAT2_MAP1"
"2050",17.8,1220,"3","1","MAT3_MAP1"
"2051",19.4,1378,"3","2","MAT3_MAP2"
"2052",17.7,1225,"3","1","MAT3_MAP1"
"2053",16.5,1318,"2","1","MAT2_MAP1"
"2054",19.7,1515,"3","2","MAT3_MAP2"
"2055",16.7,1317,"2","1","MAT2_MAP1"
"2056",17.9,1240,"3","1","MAT3_MAP1"
"2057",19.9,1511,"3","2","MAT3_MAP2"
"2058",18.3,1281,"3","1","MAT3_MAP1"
"2059",19.9,1506,"3","2","MAT3_MAP2"
"2060",19.3,1366,"3","2","MAT3_MAP2"
"2061",17.9,1236,"3","1","MAT3_MAP1"
"2062",19.5,1504,"3","2","MAT3_MAP2"
"2063",17.8,1225,"3","1","MAT3_MAP1"
"2064",18.2,1262,"3","1","MAT3_MAP1"
"2065",19.8,1516,"3","2","MAT3_MAP2"
"2066",19.7,1514,"3","2","MAT3_MAP2"
"2067",17.3,1274,"2","1","MAT2_MAP1"
"2068",19.2,1445,"3","2","MAT3_MAP2"
"2069",18.7,1297,"3","1","MAT3_MAP1"
"2070",18.4,1264,"3","1","MAT3_MAP1"
"2071",17.6,1237,"3","1","MAT3_MAP1"
"2072",19.2,1411,"3","2","MAT3_MAP2"
"2073",19.6,1511,"3","2","MAT3_MAP2"
"2074",17,1299,"2","1","MAT2_MAP1"
"2075",19.4,1455,"3","2","MAT3_MAP2"
"2076",19.2,1427,"3","2","MAT3_MAP2"
"2077",19.2,1414,"3","2","MAT3_MAP2"
"2078",19.4,1369,"3","2","MAT3_MAP2"
"2079",17.3,1270,"2","1","MAT2_MAP1"
"2080",19,1303,"3","1","MAT3_MAP1"
"2081",18.8,1291,"3","1","MAT3_MAP1"
"2082",16.6,1294,"2","1","MAT2_MAP1"
"2083",19.4,1355,"3","2","MAT3_MAP2"
"2084",20,1501,"3","2","MAT3_MAP2"
"2085",19.6,1515,"3","2","MAT3_MAP2"
"2086",19.4,1481,"3","2","MAT3_MAP2"
"2087",17.7,1237,"3","1","MAT3_MAP1"
"2088",17.9,1235,"3","1","MAT3_MAP1"
"2089",18.4,1262,"3","1","MAT3_MAP1"
"2090",19.3,1388,"3","2","MAT3_MAP2"
"2091",19,1299,"3","1","MAT3_MAP1"
"2092",19.3,1340,"3","2","MAT3_MAP2"
"2093",17.7,1241,"3","1","MAT3_MAP1"
"2094",17.9,1245,"3","1","MAT3_MAP1"
"2095",17.3,1267,"2","1","MAT2_MAP1"
"2096",19.3,1322,"3","1","MAT3_MAP1"
"2097",18.5,1271,"3","1","MAT3_MAP1"
"2098",18.1,1238,"3","1","MAT3_MAP1"
"2099",17.6,1239,"3","1","MAT3_MAP1"
"2100",19.2,1406,"3","2","MAT3_MAP2"
"2101",18,1241,"3","1","MAT3_MAP1"
"2102",17.4,1257,"3","1","MAT3_MAP1"
"2103",19.1,1308,"3","1","MAT3_MAP1"
"2104",19.4,1349,"3","2","MAT3_MAP2"
"2105",19.2,1315,"3","1","MAT3_MAP1"
"2106",19.4,1344,"3","2","MAT3_MAP2"
"2107",19.3,1421,"3","2","MAT3_MAP2"
"2108",17.3,1258,"2","1","MAT2_MAP1"
"2109",19.2,1444,"3","2","MAT3_MAP2"
"2110",19.5,1525,"3","2","MAT3_MAP2"
"2111",16.5,1300,"2","1","MAT2_MAP1"
"2112",17.6,1235,"3","1","MAT3_MAP1"
"2113",17.9,1219,"3","1","MAT3_MAP1"
"2114",18.2,1233,"3","1","MAT3_MAP1"
"2115",17.8,1222,"3","1","MAT3_MAP1"
"2116",19.7,1518,"3","2","MAT3_MAP2"
"2117",17.5,1238,"3","1","MAT3_MAP1"
"2118",17.4,1255,"3","1","MAT3_MAP1"
"2119",19.4,1348,"3","2","MAT3_MAP2"
"2120",18.9,1272,"3","1","MAT3_MAP1"
"2121",19.8,1511,"3","2","MAT3_MAP2"
"2122",19.3,1326,"3","1","MAT3_MAP1"
"2123",19.4,1441,"3","2","MAT3_MAP2"
"2124",18.8,1267,"3","1","MAT3_MAP1"
"2125",19.3,1328,"3","1","MAT3_MAP1"
"2126",19.3,1336,"3","2","MAT3_MAP2"
"2127",17.6,1228,"3","1","MAT3_MAP1"
"2128",17.8,1206,"3","1","MAT3_MAP1"
"2129",19.7,1508,"3","2","MAT3_MAP2"
"2130",18.7,1250,"3","1","MAT3_MAP1"
"2131",16.5,1292,"2","1","MAT2_MAP1"
"2132",19.2,1384,"3","2","MAT3_MAP2"
"2133",18,1219,"3","1","MAT3_MAP1"
"2134",17.7,1216,"3","1","MAT3_MAP1"
"2135",19.3,1381,"3","2","MAT3_MAP2"
"2136",17.8,1213,"3","1","MAT3_MAP1"
"2137",17.9,1205,"3","1","MAT3_MAP1"
"2138",19.4,1398,"3","2","MAT3_MAP2"
"2139",19.6,1494,"3","2","MAT3_MAP2"
"2140",19.4,1416,"3","2","MAT3_MAP2"
"2141",17.5,1219,"3","1","MAT3_MAP1"
"2142",17.6,1217,"3","1","MAT3_MAP1"
"2143",19.7,1498,"3","2","MAT3_MAP2"
"2144",18.5,1224,"3","1","MAT3_MAP1"
"2145",19.1,1285,"3","1","MAT3_MAP1"
"2146",18.6,1228,"3","1","MAT3_MAP1"
"2147",19.3,1418,"3","2","MAT3_MAP2"
"2148",19.8,1494,"3","2","MAT3_MAP2"
"2149",19.1,1354,"3","2","MAT3_MAP2"
"2150",18.6,1222,"3","1","MAT3_MAP1"
"2151",18,1200,"3","1","MAT3_MAP1"
"2152",16.2,1279,"2","1","MAT2_MAP1"
"2153",18.1,1204,"3","1","MAT3_MAP1"
"2154",17.6,1213,"3","1","MAT3_MAP1"
"2155",19.3,1309,"3","1","MAT3_MAP1"
"2156",19.6,1479,"3","2","MAT3_MAP2"
"2157",17.7,1204,"3","1","MAT3_MAP1"
"2158",19.3,1410,"3","2","MAT3_MAP2"
"2159",19.4,1453,"3","2","MAT3_MAP2"
"2160",19.3,1382,"3","2","MAT3_MAP2"
"2161",18.2,1197,"3","1","MAT3_MAP1"
"2162",18.8,1219,"3","1","MAT3_MAP1"
"2163",17.4,1231,"3","1","MAT3_MAP1"
"2164",19.7,1475,"3","2","MAT3_MAP2"
"2165",19.2,1407,"3","2","MAT3_MAP2"
"2166",19.3,1359,"3","2","MAT3_MAP2"
"2167",19.6,1460,"3","2","MAT3_MAP2"
"2168",19.7,1476,"3","2","MAT3_MAP2"
"2169",17.8,1189,"3","1","MAT3_MAP1"
"2170",19,1270,"3","1","MAT3_MAP1"
"2171",16.7,1263,"2","1","MAT2_MAP1"
"2172",16.9,1259,"2","1","MAT2_MAP1"
"2173",19,1267,"3","1","MAT3_MAP1"
"2174",18.9,1306,"3","1","MAT3_MAP1"
"2175",19.4,1358,"3","2","MAT3_MAP2"
"2176",18.4,1196,"3","1","MAT3_MAP1"
"2177",16.3,1261,"2","1","MAT2_MAP1"
"2178",19.1,1324,"3","1","MAT3_MAP1"
"2179",17.8,1180,"3","1","MAT3_MAP1"
"2180",19.4,1461,"3","2","MAT3_MAP2"
"2181",17.2,1232,"2","1","MAT2_MAP1"
"2182",16.7,1262,"2","1","MAT2_MAP1"
"2183",18.9,1242,"3","1","MAT3_MAP1"
"2184",17.6,1208,"3","1","MAT3_MAP1"
"2185",17.9,1181,"3","1","MAT3_MAP1"
"2186",19.3,1364,"3","2","MAT3_MAP2"
"2187",18.5,1191,"3","1","MAT3_MAP1"
"2188",16.6,1249,"2","1","MAT2_MAP1"
"2189",19.3,1319,"3","1","MAT3_MAP1"
"2190",17.2,1231,"2","1","MAT2_MAP1"
"2191",18.7,1199,"3","1","MAT3_MAP1"
"2192",16.6,1240,"2","1","MAT2_MAP1"
"2193",18,1177,"3","1","MAT3_MAP1"
"2194",19.3,1329,"3","1","MAT3_MAP1"
"2195",18.2,1175,"3","1","MAT3_MAP1"
"2196",17.7,1198,"3","1","MAT3_MAP1"
"2197",17.5,1206,"3","1","MAT3_MAP1"
"2198",17.9,1182,"3","1","MAT3_MAP1"
"2199",19.8,1458,"3","2","MAT3_MAP2"
"2200",16.7,1245,"2","1","MAT2_MAP1"
"2201",19.6,1449,"3","2","MAT3_MAP2"
"2202",19,1295,"3","1","MAT3_MAP1"
"2203",19.3,1310,"3","1","MAT3_MAP1"
"2204",16.8,1243,"2","1","MAT2_MAP1"
"2205",16.7,1232,"2","1","MAT2_MAP1"
"2206",18.8,1211,"3","1","MAT3_MAP1"
"2207",19.3,1320,"3","1","MAT3_MAP1"
"2208",18.7,1244,"3","1","MAT3_MAP1"
"2209",17.6,1191,"3","1","MAT3_MAP1"
"2210",19.3,1318,"3","1","MAT3_MAP1"
"2211",18.2,1168,"3","1","MAT3_MAP1"
"2212",17.8,1176,"3","1","MAT3_MAP1"
"2213",18.6,1205,"3","1","MAT3_MAP1"
"2214",18.9,1267,"3","1","MAT3_MAP1"
"2215",18.5,1170,"3","1","MAT3_MAP1"
"2216",18.6,1235,"3","1","MAT3_MAP1"
"2217",17.9,1169,"3","1","MAT3_MAP1"
"2218",17.3,1217,"2","1","MAT2_MAP1"
"2219",16,1286,"2","1","MAT2_MAP1"
"2220",17,1222,"2","1","MAT2_MAP1"
"2221",17.1,1224,"2","1","MAT2_MAP1"
"2222",17.4,1208,"3","1","MAT3_MAP1"
"2223",19.3,1344,"3","2","MAT3_MAP2"
"2224",19.8,1440,"3","2","MAT3_MAP2"
"2225",17.5,1208,"3","1","MAT3_MAP1"
"2226",18.4,1167,"3","1","MAT3_MAP1"
"2227",18.5,1210,"3","1","MAT3_MAP1"
"2228",18.9,1243,"3","1","MAT3_MAP1"
"2229",17.4,1212,"3","1","MAT3_MAP1"
"2230",16.6,1236,"2","1","MAT2_MAP1"
"2231",14.8,1476,"2","2","MAT2_MAP2"
"2232",19.5,1385,"3","2","MAT3_MAP2"
"2233",17.2,1219,"2","1","MAT2_MAP1"
"2234",18.5,1189,"3","1","MAT3_MAP1"
"2235",16.3,1257,"2","1","MAT2_MAP1"
"2236",19.3,1305,"3","1","MAT3_MAP1"
"2237",17.2,1217,"2","1","MAT2_MAP1"
"2238",18.1,1164,"3","1","MAT3_MAP1"
"2239",18.2,1162,"3","1","MAT3_MAP1"
"2240",18,1148,"3","1","MAT3_MAP1"
"2241",17.5,1190,"3","1","MAT3_MAP1"
"2242",18.4,1156,"3","1","MAT3_MAP1"
"2243",19.3,1273,"3","1","MAT3_MAP1"
"2244",19.1,1240,"3","1","MAT3_MAP1"
"2245",15.5,1383,"2","2","MAT2_MAP2"
"2246",20,1444,"3","2","MAT3_MAP2"
"2247",18.2,1159,"3","1","MAT3_MAP1"
"2248",19.6,1406,"3","2","MAT3_MAP2"
"2249",20,1443,"3","2","MAT3_MAP2"
"2250",19.4,1332,"3","1","MAT3_MAP1"
"2251",16,1294,"2","1","MAT2_MAP1"
"2252",19.5,1350,"3","2","MAT3_MAP2"
"2253",17.3,1207,"2","1","MAT2_MAP1"
"2254",17.6,1181,"3","1","MAT3_MAP1"
"2255",15.6,1360,"2","2","MAT2_MAP2"
"2256",19.3,1325,"3","1","MAT3_MAP1"
"2257",19.9,1429,"3","2","MAT3_MAP2"
"2258",17.2,1210,"2","1","MAT2_MAP1"
"2259",20,1437,"3","2","MAT3_MAP2"
"2260",18.1,1152,"3","1","MAT3_MAP1"
"2261",19.3,1281,"3","1","MAT3_MAP1"
"2262",19.1,1232,"3","1","MAT3_MAP1"
"2263",18.1,1133,"3","1","MAT3_MAP1"
"2264",18.4,1165,"3","1","MAT3_MAP1"
"2265",18.5,1186,"3","1","MAT3_MAP1"
"2266",18.6,1201,"3","1","MAT3_MAP1"
"2267",17.1,1204,"2","1","MAT2_MAP1"
"2268",18.5,1184,"3","1","MAT3_MAP1"
"2269",19.7,1403,"3","2","MAT3_MAP2"
"2270",18.3,1145,"3","1","MAT3_MAP1"
"2271",19.9,1430,"3","2","MAT3_MAP2"
"2272",16.5,1233,"2","1","MAT2_MAP1"
"2273",16.1,1273,"2","1","MAT2_MAP1"
"2274",18.4,1179,"3","1","MAT3_MAP1"
"2275",18.5,1177,"3","1","MAT3_MAP1"
"2276",18.5,1171,"3","1","MAT3_MAP1"
"2277",17,1201,"2","1","MAT2_MAP1"
"2278",17.2,1206,"2","1","MAT2_MAP1"
"2279",18.1,1144,"3","1","MAT3_MAP1"
"2280",19.2,1243,"3","1","MAT3_MAP1"
"2281",18,1153,"3","1","MAT3_MAP1"
"2282",18.2,1143,"3","1","MAT3_MAP1"
"2283",17.6,1185,"3","1","MAT3_MAP1"
"2284",17.7,1173,"3","1","MAT3_MAP1"
"2285",18,1151,"3","1","MAT3_MAP1"
"2286",19.4,1265,"3","1","MAT3_MAP1"
"2287",17.2,1203,"2","1","MAT2_MAP1"
"2288",18.4,1157,"3","1","MAT3_MAP1"
"2289",20.1,1402,"3","2","MAT3_MAP2"
"2290",19.9,1416,"3","2","MAT3_MAP2"
"2291",16.2,1260,"2","1","MAT2_MAP1"
"2292",17.6,1186,"3","1","MAT3_MAP1"
"2293",19.1,1226,"3","1","MAT3_MAP1"
"2294",18.2,1152,"3","1","MAT3_MAP1"
"2295",18.3,1157,"3","1","MAT3_MAP1"
"2296",19.5,1277,"3","1","MAT3_MAP1"
"2297",18.6,1185,"3","1","MAT3_MAP1"
"2298",16.1,1285,"2","1","MAT2_MAP1"
"2299",19.4,1250,"3","1","MAT3_MAP1"
"2300",19.2,1227,"3","1","MAT3_MAP1"
"2301",16.8,1211,"2","1","MAT2_MAP1"
"2302",18.5,1174,"3","1","MAT3_MAP1"
"2303",16.9,1210,"2","1","MAT2_MAP1"
"2304",15.7,1340,"2","2","MAT2_MAP2"
"2305",19.9,1398,"3","2","MAT3_MAP2"
"2306",18.7,1198,"3","1","MAT3_MAP1"
"2307",18.9,1210,"3","1","MAT3_MAP1"
"2308",17.6,1188,"3","1","MAT3_MAP1"
"2309",17.6,1180,"3","1","MAT3_MAP1"
"2310",19.8,1387,"3","2","MAT3_MAP2"
"2311",19.5,1305,"3","1","MAT3_MAP1"
"2312",19.4,1285,"3","1","MAT3_MAP1"
"2313",16.7,1214,"2","1","MAT2_MAP1"
"2314",17.2,1184,"2","1","MAT2_MAP1"
"2315",17.9,1163,"3","1","MAT3_MAP1"
"2316",20.2,1227,"3","1","MAT3_MAP1"
"2317",18.8,1197,"3","1","MAT3_MAP1"
"2318",19.4,1298,"3","1","MAT3_MAP1"
"2319",18.6,1170,"3","1","MAT3_MAP1"
"2320",18.4,1162,"3","1","MAT3_MAP1"
"2321",17.7,1187,"3","1","MAT3_MAP1"
"2322",18.6,1171,"3","1","MAT3_MAP1"
"2323",15.4,1418,"2","2","MAT2_MAP2"
"2324",19.9,1380,"3","2","MAT3_MAP2"
"2325",18,1170,"3","1","MAT3_MAP1"
"2326",17.1,1194,"2","1","MAT2_MAP1"
"2327",19.3,1218,"3","1","MAT3_MAP1"
"2328",16.8,1205,"2","1","MAT2_MAP1"
"2329",19.9,1364,"3","2","MAT3_MAP2"
"2330",19.4,1230,"3","1","MAT3_MAP1"
"2331",18.6,1181,"3","1","MAT3_MAP1"
"2332",18.7,1203,"3","1","MAT3_MAP1"
"2333",19.7,1340,"3","2","MAT3_MAP2"
"2334",19.8,1383,"3","2","MAT3_MAP2"
"2335",18.3,1168,"3","1","MAT3_MAP1"
"2336",17.6,1178,"3","1","MAT3_MAP1"
"2337",18.1,1171,"3","1","MAT3_MAP1"
"2338",19.7,1333,"3","1","MAT3_MAP1"
"2339",19.6,1324,"3","1","MAT3_MAP1"
"2340",16.6,1210,"2","1","MAT2_MAP1"
"2341",17.8,1172,"3","1","MAT3_MAP1"
"2342",16.3,1244,"2","1","MAT2_MAP1"
"2343",18.3,1170,"3","1","MAT3_MAP1"
"2344",19.2,1218,"3","1","MAT3_MAP1"
"2345",19,1216,"3","1","MAT3_MAP1"
"2346",20,1312,"3","1","MAT3_MAP1"
"2347",18.6,1162,"3","1","MAT3_MAP1"
"2348",18.6,1174,"3","1","MAT3_MAP1"
"2349",17.3,1179,"2","1","MAT2_MAP1"
"2350",16.1,1262,"2","1","MAT2_MAP1"
"2351",16.8,1200,"2","1","MAT2_MAP1"
"2352",19.7,1334,"3","1","MAT3_MAP1"
"2353",17.8,1184,"3","1","MAT3_MAP1"
"2354",16.7,1205,"2","1","MAT2_MAP1"
"2355",19,1222,"3","1","MAT3_MAP1"
"2356",19.5,1313,"3","1","MAT3_MAP1"
"2357",16.9,1206,"2","1","MAT2_MAP1"
"2358",18.6,1179,"3","1","MAT3_MAP1"
"2359",17.7,1179,"3","1","MAT3_MAP1"
"2360",19.8,1355,"3","2","MAT3_MAP2"
"2361",20,1272,"3","1","MAT3_MAP1"
"2362",19.5,1302,"3","1","MAT3_MAP1"
"2363",18.6,1196,"3","1","MAT3_MAP1"
"2364",17.9,1173,"3","1","MAT3_MAP1"
"2365",18.8,1210,"3","1","MAT3_MAP1"
"2366",18.6,1167,"3","1","MAT3_MAP1"
"2367",20,1163,"3","1","MAT3_MAP1"
"2368",16.3,1235,"2","1","MAT2_MAP1"
"2369",18.3,1175,"3","1","MAT3_MAP1"
"2370",17.1,1182,"2","1","MAT2_MAP1"
"2371",19,1221,"3","1","MAT3_MAP1"
"2372",18.4,1171,"3","1","MAT3_MAP1"
"2373",17.1,1181,"2","1","MAT2_MAP1"
"2374",18.6,1176,"3","1","MAT3_MAP1"
"2375",18.6,1184,"3","1","MAT3_MAP1"
"2376",19.5,1309,"3","1","MAT3_MAP1"
"2377",19.4,1251,"3","1","MAT3_MAP1"
"2378",18,1167,"3","1","MAT3_MAP1"
"2379",17.8,1175,"3","1","MAT3_MAP1"
"2380",17,1187,"2","1","MAT2_MAP1"
"2381",19.3,1228,"3","1","MAT3_MAP1"
"2382",17.9,1161,"3","1","MAT3_MAP1"
"2383",18.9,1218,"3","1","MAT3_MAP1"
"2384",18.4,1173,"3","1","MAT3_MAP1"
"2385",18.7,1209,"3","1","MAT3_MAP1"
"2386",18.1,1167,"3","1","MAT3_MAP1"
"2387",19.4,1274,"3","1","MAT3_MAP1"
"2388",16.9,1201,"2","1","MAT2_MAP1"
"2389",16.4,1225,"2","1","MAT2_MAP1"
"2390",18.7,1217,"3","1","MAT3_MAP1"
"2391",19.2,1230,"3","1","MAT3_MAP1"
"2392",15.6,1315,"2","1","MAT2_MAP1"
"2393",18.7,1211,"3","1","MAT3_MAP1"
"2394",18.9,1230,"3","1","MAT3_MAP1"
"2395",20,1349,"3","2","MAT3_MAP2"
"2396",20.2,672,"3","1","MAT3_MAP1"
"2397",19.5,1310,"3","1","MAT3_MAP1"
"2398",18,1160,"3","1","MAT3_MAP1"
"2399",17.9,1170,"3","1","MAT3_MAP1"
"2400",16.5,1216,"2","1","MAT2_MAP1"
"2401",16.1,1242,"2","1","MAT2_MAP1"
"2402",20,1015,"3","1","MAT3_MAP1"
"2403",18.5,1192,"3","1","MAT3_MAP1"
"2404",16.2,1229,"2","1","MAT2_MAP1"
"2405",17.3,1175,"2","1","MAT2_MAP1"
"2406",16.3,1228,"2","1","MAT2_MAP1"
"2407",19.7,1345,"3","2","MAT3_MAP2"
"2408",20,1333,"3","1","MAT3_MAP1"
"2409",18.1,1169,"3","1","MAT3_MAP1"
"2410",19.4,1260,"3","1","MAT3_MAP1"
"2411",18.4,1168,"3","1","MAT3_MAP1"
"2412",15.6,1369,"2","2","MAT2_MAP2"
"2413",20,1235,"3","1","MAT3_MAP1"
"2414",17.4,1174,"3","1","MAT3_MAP1"
"2415",19.4,1306,"3","1","MAT3_MAP1"
"2416",20.5,1058,"3","1","MAT3_MAP1"
"2417",19.3,1285,"3","1","MAT3_MAP1"
"2418",17.2,1176,"2","1","MAT2_MAP1"
"2419",16.1,1233,"2","1","MAT2_MAP1"
"2420",19.3,1269,"3","1","MAT3_MAP1"
"2421",19,1250,"3","1","MAT3_MAP1"
"2422",16.8,1199,"2","1","MAT2_MAP1"
"2423",19.1,1255,"3","1","MAT3_MAP1"
"2424",19.3,1280,"3","1","MAT3_MAP1"
"2425",17.3,1173,"2","1","MAT2_MAP1"
"2426",19.1,1264,"3","1","MAT3_MAP1"
"2427",16.5,1215,"2","1","MAT2_MAP1"
"2428",18.3,1158,"3","1","MAT3_MAP1"
"2429",20,1308,"3","1","MAT3_MAP1"
"2430",16.6,1204,"2","1","MAT2_MAP1"
"2431",19,1253,"3","1","MAT3_MAP1"
"2432",19.3,1276,"3","1","MAT3_MAP1"
"2433",19.5,1342,"3","2","MAT3_MAP2"
"2434",19.2,1277,"3","1","MAT3_MAP1"
"2435",18.4,1158,"3","1","MAT3_MAP1"
"2436",16.5,1205,"2","1","MAT2_MAP1"
"2437",17.7,1172,"3","1","MAT3_MAP1"
"2438",17.3,1169,"2","1","MAT2_MAP1"
"2439",17.3,1164,"2","1","MAT2_MAP1"
"2440",16.7,1203,"2","1","MAT2_MAP1"
"2441",18.7,1233,"3","1","MAT3_MAP1"
"2442",16.4,1212,"2","1","MAT2_MAP1"
"2443",18.8,1233,"3","1","MAT3_MAP1"
"2444",19.4,1313,"3","1","MAT3_MAP1"
"2445",15.9,1270,"2","1","MAT2_MAP1"
"2446",15,1551,"2","2","MAT2_MAP2"
"2447",19.8,1350,"3","2","MAT3_MAP2"
"2448",19.2,1288,"3","1","MAT3_MAP1"
"2449",18.6,1237,"3","1","MAT3_MAP1"
"2450",19.3,1295,"3","1","MAT3_MAP1"
"2451",18.6,1177,"3","1","MAT3_MAP1"
"2452",19.9,1345,"3","2","MAT3_MAP2"
"2453",18.2,1151,"3","1","MAT3_MAP1"
"2454",20.2,1144,"3","1","MAT3_MAP1"
"2455",20.3,944,"3","1","MAT3_MAP1"
"2456",18.1,1155,"3","1","MAT3_MAP1"
"2457",17.6,1168,"3","1","MAT3_MAP1"
"2458",20.7,1248,"3","1","MAT3_MAP1"
"2459",18.8,1249,"3","1","MAT3_MAP1"
"2460",20,1311,"3","1","MAT3_MAP1"
"2461",16.5,1209,"2","1","MAT2_MAP1"
"2462",20.2,1212,"3","1","MAT3_MAP1"
"2463",18.2,1148,"3","1","MAT3_MAP1"
"2464",20.3,1169,"3","1","MAT3_MAP1"
"2465",19.9,1340,"3","2","MAT3_MAP2"
"2466",17.5,1170,"3","1","MAT3_MAP1"
"2467",18.4,1153,"3","1","MAT3_MAP1"
"2468",19,1271,"3","1","MAT3_MAP1"
"2469",19,1281,"3","1","MAT3_MAP1"
"2470",18.4,1146,"3","1","MAT3_MAP1"
"2471",16.3,1214,"2","1","MAT2_MAP1"
"2472",16.9,1190,"2","1","MAT2_MAP1"
"2473",19.2,1300,"3","1","MAT3_MAP1"
"2474",16.8,1192,"2","1","MAT2_MAP1"
"2475",18.9,1255,"3","1","MAT3_MAP1"
"2476",18.9,1261,"3","1","MAT3_MAP1"
"2477",16.2,1218,"2","1","MAT2_MAP1"
"2478",17,1191,"2","1","MAT2_MAP1"
"2479",18.5,1203,"3","1","MAT3_MAP1"
"2480",17.8,1160,"3","1","MAT3_MAP1"
"2481",17,1184,"2","1","MAT2_MAP1"
"2482",17.2,1178,"2","1","MAT2_MAP1"
"2483",17.3,1177,"2","1","MAT2_MAP1"
"2484",16,1254,"2","1","MAT2_MAP1"
"2485",17.8,1159,"3","1","MAT3_MAP1"
"2486",19,1284,"3","1","MAT3_MAP1"
"2487",18.2,1142,"3","1","MAT3_MAP1"
"2488",20.6,1314,"3","1","MAT3_MAP1"
"2489",18.4,1141,"3","1","MAT3_MAP1"
"2490",20.5,1316,"3","1","MAT3_MAP1"
"2491",16.9,1192,"2","1","MAT2_MAP1"
"2492",18.3,1141,"3","1","MAT3_MAP1"
"2493",19.2,1312,"3","1","MAT3_MAP1"
"2494",19,1282,"3","1","MAT3_MAP1"
"2495",17.2,1179,"2","1","MAT2_MAP1"
"2496",17.1,1184,"2","1","MAT2_MAP1"
"2497",18.4,1201,"3","1","MAT3_MAP1"
"2498",19.5,1344,"3","2","MAT3_MAP2"
"2499",19.5,1331,"3","1","MAT3_MAP1"
"2500",18.2,1140,"3","1","MAT3_MAP1"
"2501",19.5,1336,"3","2","MAT3_MAP2"
"2502",19.4,1322,"3","1","MAT3_MAP1"
"2503",16.1,1228,"2","1","MAT2_MAP1"
"2504",17.1,1183,"2","1","MAT2_MAP1"
"2505",18.5,1209,"3","1","MAT3_MAP1"
"2506",18.8,1251,"3","1","MAT3_MAP1"
"2507",16.6,1216,"2","1","MAT2_MAP1"
"2508",16.4,1196,"2","1","MAT2_MAP1"
"2509",16,1242,"2","1","MAT2_MAP1"
"2510",18.3,1138,"3","1","MAT3_MAP1"
"2511",19.6,1349,"3","2","MAT3_MAP2"
"2512",16.6,1218,"2","1","MAT2_MAP1"
"2513",19.4,1327,"3","1","MAT3_MAP1"
"2514",16.5,1193,"2","1","MAT2_MAP1"
"2515",16.6,1207,"2","1","MAT2_MAP1"
"2516",15.8,1295,"2","1","MAT2_MAP1"
"2517",18.4,1144,"3","1","MAT3_MAP1"
"2518",18.4,1133,"3","1","MAT3_MAP1"
"2519",17.6,1166,"3","1","MAT3_MAP1"
"2520",20.4,1189,"3","1","MAT3_MAP1"
"2521",19,1268,"3","1","MAT3_MAP1"
"2522",16.4,1208,"2","1","MAT2_MAP1"
"2523",16.1,1223,"2","1","MAT2_MAP1"
"2524",16.6,1217,"2","1","MAT2_MAP1"
"2525",20.1,1302,"3","1","MAT3_MAP1"
"2526",17.2,1167,"2","1","MAT2_MAP1"
"2527",18.5,1212,"3","1","MAT3_MAP1"
"2528",19.8,1347,"3","2","MAT3_MAP2"
"2529",17.8,1163,"3","1","MAT3_MAP1"
"2530",20.4,1273,"3","1","MAT3_MAP1"
"2531",16.5,1199,"2","1","MAT2_MAP1"
"2532",20.3,1230,"3","1","MAT3_MAP1"
"2533",17.2,1172,"2","1","MAT2_MAP1"
"2534",19.4,1333,"3","1","MAT3_MAP1"
"2535",20.8,1367,"3","2","MAT3_MAP2"
"2536",20.8,1371,"3","2","MAT3_MAP2"
"2537",20.4,1275,"3","1","MAT3_MAP1"
"2538",16.3,1197,"2","1","MAT2_MAP1"
"2539",20.7,1393,"3","2","MAT3_MAP2"
"2540",19.6,1350,"3","2","MAT3_MAP2"
"2541",18.4,1152,"3","1","MAT3_MAP1"
"2542",18.6,1215,"3","1","MAT3_MAP1"
"2543",19.4,1328,"3","1","MAT3_MAP1"
"2544",18.4,1125,"3","1","MAT3_MAP1"
"2545",22,1329,"3","1","MAT3_MAP1"
"2546",18.5,1122,"3","1","MAT3_MAP1"
"2547",17.4,1166,"3","1","MAT3_MAP1"
"2548",18.8,1235,"3","1","MAT3_MAP1"
"2549",19,1254,"3","1","MAT3_MAP1"
"2550",17.4,1167,"3","1","MAT3_MAP1"
"2551",18.9,1248,"3","1","MAT3_MAP1"
"2552",16,1236,"2","1","MAT2_MAP1"
"2553",15.5,1400,"2","2","MAT2_MAP2"
"2554",17.4,1164,"3","1","MAT3_MAP1"
"2555",18.4,1130,"3","1","MAT3_MAP1"
"2556",18.4,1132,"3","1","MAT3_MAP1"
"2557",17,1186,"2","1","MAT2_MAP1"
"2558",18.3,1140,"3","1","MAT3_MAP1"
"2559",16.5,1204,"2","1","MAT2_MAP1"
"2560",18,1152,"3","1","MAT3_MAP1"
"2561",19.3,1307,"3","1","MAT3_MAP1"
"2562",16.6,1201,"2","1","MAT2_MAP1"
"2563",19.2,1302,"3","1","MAT3_MAP1"
"2564",19.9,1350,"3","2","MAT3_MAP2"
"2565",20.9,1372,"3","2","MAT3_MAP2"
"2566",18.9,1237,"3","1","MAT3_MAP1"
"2567",18.9,1240,"3","1","MAT3_MAP1"
"2568",19.4,1318,"3","1","MAT3_MAP1"
"2569",15.6,1373,"2","2","MAT2_MAP2"
"2570",18.6,1144,"3","1","MAT3_MAP1"
"2571",20.5,1366,"3","2","MAT3_MAP2"
"2572",16,1216,"2","1","MAT2_MAP1"
"2573",17.5,1159,"3","1","MAT3_MAP1"
"2574",18.3,1143,"3","1","MAT3_MAP1"
"2575",18,1154,"3","1","MAT3_MAP1"
"2576",20.4,1316,"3","1","MAT3_MAP1"
"2577",19.6,1348,"3","2","MAT3_MAP2"
"2578",18.7,1218,"3","1","MAT3_MAP1"
"2579",18.7,1202,"3","1","MAT3_MAP1"
"2580",18.6,1139,"3","1","MAT3_MAP1"
"2581",18,1157,"3","1","MAT3_MAP1"
"2582",16.7,1199,"2","1","MAT2_MAP1"
"2583",18.9,1236,"3","1","MAT3_MAP1"
"2584",19.2,1267,"3","1","MAT3_MAP1"
"2585",18.6,1143,"3","1","MAT3_MAP1"
"2586",17.6,1167,"3","1","MAT3_MAP1"
"2587",18.5,1140,"3","1","MAT3_MAP1"
"2588",17.5,1163,"3","1","MAT3_MAP1"
"2589",19.2,1259,"3","1","MAT3_MAP1"
"2590",18.7,1205,"3","1","MAT3_MAP1"
"2591",18.7,1152,"3","1","MAT3_MAP1"
"2592",18.5,1185,"3","1","MAT3_MAP1"
"2593",16.3,1185,"2","1","MAT2_MAP1"
"2594",18.6,1153,"3","1","MAT3_MAP1"
"2595",17.8,1158,"3","1","MAT3_MAP1"
"2596",17.9,1159,"3","1","MAT3_MAP1"
"2597",19.1,1265,"3","1","MAT3_MAP1"
"2598",19.8,1356,"3","2","MAT3_MAP2"
"2599",19.2,1279,"3","1","MAT3_MAP1"
"2600",18.7,1154,"3","1","MAT3_MAP1"
"2601",19.2,1271,"3","1","MAT3_MAP1"
"2602",16.8,1195,"2","1","MAT2_MAP1"
"2603",20.7,1390,"3","2","MAT3_MAP2"
"2604",18.2,1150,"3","1","MAT3_MAP1"
"2605",19.6,1341,"3","2","MAT3_MAP2"
"2606",17.7,1164,"3","1","MAT3_MAP1"
"2607",16,1208,"2","1","MAT2_MAP1"
"2608",19,1237,"3","1","MAT3_MAP1"
"2609",19.4,1300,"3","1","MAT3_MAP1"
"2610",16.3,1194,"2","1","MAT2_MAP1"
"2611",18.7,1161,"3","1","MAT3_MAP1"
"2612",16.5,1203,"2","1","MAT2_MAP1"
"2613",20,1344,"3","2","MAT3_MAP2"
"2614",18.9,1222,"3","1","MAT3_MAP1"
"2615",18.4,1150,"3","1","MAT3_MAP1"
"2616",19.3,1291,"3","1","MAT3_MAP1"
"2617",19.1,1242,"3","1","MAT3_MAP1"
"2618",16.1,1197,"2","1","MAT2_MAP1"
"2619",18.7,1170,"3","1","MAT3_MAP1"
"2620",18.8,1209,"3","1","MAT3_MAP1"
"2621",17.5,1168,"3","1","MAT3_MAP1"
"2622",20.2,1335,"3","2","MAT3_MAP2"
"2623",20,1342,"3","2","MAT3_MAP2"
"2624",16.5,1185,"2","1","MAT2_MAP1"
"2625",18.1,1157,"3","1","MAT3_MAP1"
"2626",21.2,1375,"3","2","MAT3_MAP2"
"2627",19.3,1263,"3","1","MAT3_MAP1"
"2628",20.7,1372,"3","2","MAT3_MAP2"
"2629",17.8,1164,"3","1","MAT3_MAP1"
"2630",18.7,1206,"3","1","MAT3_MAP1"
"2631",18.6,1156,"3","1","MAT3_MAP1"
"2632",18.5,1156,"3","1","MAT3_MAP1"
"2633",19.1,1246,"3","1","MAT3_MAP1"
"2634",16.2,1192,"2","1","MAT2_MAP1"
"2635",20.5,1357,"3","2","MAT3_MAP2"
"2636",21.3,1396,"3","2","MAT3_MAP2"
"2637",19.8,1363,"3","2","MAT3_MAP2"
"2638",17.5,1164,"3","1","MAT3_MAP1"
"2639",18.8,1203,"3","1","MAT3_MAP1"
"2640",17.8,1171,"3","1","MAT3_MAP1"
"2641",16.5,1192,"2","1","MAT2_MAP1"
"2642",17.9,1158,"3","1","MAT3_MAP1"
"2643",17.7,1156,"3","1","MAT3_MAP1"
"2644",16.1,1198,"2","1","MAT2_MAP1"
"2645",19.8,1365,"3","2","MAT3_MAP2"
"2646",16.9,1187,"2","1","MAT2_MAP1"
"2647",18.2,1156,"3","1","MAT3_MAP1"
"2648",18.9,1231,"3","1","MAT3_MAP1"
"2649",16.4,1176,"2","1","MAT2_MAP1"
"2650",18.7,1167,"3","1","MAT3_MAP1"
"2651",19.6,1333,"3","1","MAT3_MAP1"
"2652",21.2,1353,"3","2","MAT3_MAP2"
"2653",19,1224,"3","1","MAT3_MAP1"
"2654",19.7,1350,"3","2","MAT3_MAP2"
"2655",18.8,1174,"3","1","MAT3_MAP1"
"2656",15.9,1238,"2","1","MAT2_MAP1"
"2657",22.3,1282,"3","1","MAT3_MAP1"
"2658",18.7,1178,"3","1","MAT3_MAP1"
"2659",18.2,1166,"3","1","MAT3_MAP1"
"2660",16,1212,"2","1","MAT2_MAP1"
"2661",19.7,1369,"3","2","MAT3_MAP2"
"2662",18,1169,"3","1","MAT3_MAP1"
"2663",18.7,1195,"3","1","MAT3_MAP1"
"2664",16,1210,"2","1","MAT2_MAP1"
"2665",16.3,1182,"2","1","MAT2_MAP1"
"2666",16.1,1186,"2","1","MAT2_MAP1"
"2667",17.4,1170,"3","1","MAT3_MAP1"
"2668",20.3,1317,"3","1","MAT3_MAP1"
"2669",18.7,1201,"3","1","MAT3_MAP1"
"2670",18.7,1177,"3","1","MAT3_MAP1"
"2671",18.5,1163,"3","1","MAT3_MAP1"
"2672",19.9,1354,"3","2","MAT3_MAP2"
"2673",16.5,1195,"2","1","MAT2_MAP1"
"2674",19.2,1265,"3","1","MAT3_MAP1"
"2675",16.3,1203,"2","1","MAT2_MAP1"
"2676",16,1207,"2","1","MAT2_MAP1"
"2677",18.8,1183,"3","1","MAT3_MAP1"
"2678",16.3,1192,"2","1","MAT2_MAP1"
"2679",17,1179,"2","1","MAT2_MAP1"
"2680",18.8,1207,"3","1","MAT3_MAP1"
"2681",19.4,1283,"3","1","MAT3_MAP1"
"2682",19.4,1290,"3","1","MAT3_MAP1"
"2683",20.1,1330,"3","1","MAT3_MAP1"
"2684",20.1,1324,"3","1","MAT3_MAP1"
"2685",16.5,1202,"2","1","MAT2_MAP1"
"2686",19.1,1231,"3","1","MAT3_MAP1"
"2687",19.8,1368,"3","2","MAT3_MAP2"
"2688",20,1343,"3","2","MAT3_MAP2"
"2689",19.3,1290,"3","1","MAT3_MAP1"
"2690",20,1337,"3","2","MAT3_MAP2"
"2691",15.9,1202,"2","1","MAT2_MAP1"
"2692",20.5,1321,"3","1","MAT3_MAP1"
"2693",18,1168,"3","1","MAT3_MAP1"
"2694",19.1,1253,"3","1","MAT3_MAP1"
"2695",16.8,1179,"2","1","MAT2_MAP1"
"2696",15.3,1394,"2","2","MAT2_MAP2"
"2697",18.9,1180,"3","1","MAT3_MAP1"
"2698",16.4,1195,"2","1","MAT2_MAP1"
"2699",16.8,1185,"2","1","MAT2_MAP1"
"2700",18.9,1196,"3","1","MAT3_MAP1"
"2701",20.4,1317,"3","1","MAT3_MAP1"
"2702",16.6,1191,"2","1","MAT2_MAP1"
"2703",16,1200,"2","1","MAT2_MAP1"
"2704",19.9,1359,"3","2","MAT3_MAP2"
"2705",16.2,1205,"2","1","MAT2_MAP1"
"2706",18.7,1186,"3","1","MAT3_MAP1"
"2707",18.8,1184,"3","1","MAT3_MAP1"
"2708",20.3,1309,"3","1","MAT3_MAP1"
"2709",16.6,1199,"2","1","MAT2_MAP1"
"2710",18.9,1239,"3","1","MAT3_MAP1"
"2711",19.8,1361,"3","2","MAT3_MAP2"
"2712",16.4,1200,"2","1","MAT2_MAP1"
"2713",19.4,1295,"3","1","MAT3_MAP1"
"2714",18.4,1193,"3","1","MAT3_MAP1"
"2715",19.1,1257,"3","1","MAT3_MAP1"
"2716",18.2,1187,"3","1","MAT3_MAP1"
"2717",19.8,1354,"3","2","MAT3_MAP2"
"2718",15.6,1249,"2","1","MAT2_MAP1"
"2719",19.6,1321,"3","1","MAT3_MAP1"
"2720",19.8,1335,"3","2","MAT3_MAP2"
"2721",20.2,1315,"3","1","MAT3_MAP1"
"2722",19.6,1322,"3","1","MAT3_MAP1"
"2723",18.7,1196,"3","1","MAT3_MAP1"
"2724",17.1,1164,"2","1","MAT2_MAP1"
"2725",18.9,1197,"3","1","MAT3_MAP1"
"2726",18.8,1196,"3","1","MAT3_MAP1"
"2727",17.6,1169,"3","1","MAT3_MAP1"
"2728",19.3,1303,"3","1","MAT3_MAP1"
"2729",16.7,1186,"2","1","MAT2_MAP1"
"2730",17.2,1156,"2","1","MAT2_MAP1"
"2731",18.2,1188,"3","1","MAT3_MAP1"
"2732",19.6,1314,"3","1","MAT3_MAP1"
"2733",19.9,1349,"3","2","MAT3_MAP2"
"2734",19.2,1266,"3","1","MAT3_MAP1"
"2735",19.8,1338,"3","2","MAT3_MAP2"
"2736",19.8,1326,"3","1","MAT3_MAP1"
"2737",19.3,1300,"3","1","MAT3_MAP1"
"2738",16,1196,"2","1","MAT2_MAP1"
"2739",19,1251,"3","1","MAT3_MAP1"
"2740",16.4,1197,"2","1","MAT2_MAP1"
"2741",19.2,1293,"3","1","MAT3_MAP1"
"2742",17.2,1162,"2","1","MAT2_MAP1"
"2743",19.9,1335,"3","2","MAT3_MAP2"
"2744",16.2,1204,"2","1","MAT2_MAP1"
"2745",18.9,1207,"3","1","MAT3_MAP1"
"2746",15.6,1272,"2","1","MAT2_MAP1"
"2747",20.3,1316,"3","1","MAT3_MAP1"
"2748",19.3,1271,"3","1","MAT3_MAP1"
"2749",19.3,1293,"3","1","MAT3_MAP1"
"2750",19.7,1316,"3","1","MAT3_MAP1"
"2751",20.9,1310,"3","1","MAT3_MAP1"
"2752",19.9,1333,"3","1","MAT3_MAP1"
"2753",20.8,1322,"3","1","MAT3_MAP1"
"2754",20.5,1319,"3","1","MAT3_MAP1"
"2755",16.9,1171,"2","1","MAT2_MAP1"
"2756",18.9,1206,"3","1","MAT3_MAP1"
"2757",16.2,1201,"2","1","MAT2_MAP1"
"2758",19.4,1308,"3","1","MAT3_MAP1"
"2759",19.5,1308,"3","1","MAT3_MAP1"
"2760",20.1,1343,"3","2","MAT3_MAP2"
"2761",16.1,1191,"2","1","MAT2_MAP1"
"2762",18.8,1206,"3","1","MAT3_MAP1"
"2763",19.9,1334,"3","1","MAT3_MAP1"
"2764",19,1210,"3","1","MAT3_MAP1"
"2765",20.1,1339,"3","2","MAT3_MAP2"
"2766",20,1336,"3","2","MAT3_MAP2"
"2767",17.2,1147,"2","1","MAT2_MAP1"
"2768",21.7,1294,"3","1","MAT3_MAP1"
"2769",18.8,1198,"3","1","MAT3_MAP1"
"2770",15.9,1199,"2","1","MAT2_MAP1"
"2771",19.4,1303,"3","1","MAT3_MAP1"
"2772",15,1328,"2","1","MAT2_MAP1"
"2773",19.1,1212,"3","1","MAT3_MAP1"
"2774",18.9,1212,"3","1","MAT3_MAP1"
"2775",19.1,1210,"3","1","MAT3_MAP1"
"2776",20.1,1320,"3","1","MAT3_MAP1"
"2777",20.1,1333,"3","1","MAT3_MAP1"
"2778",22.1,1265,"3","1","MAT3_MAP1"
"2779",19.7,1317,"3","1","MAT3_MAP1"
"2780",17.3,1165,"2","1","MAT2_MAP1"
"2781",20.2,1324,"3","1","MAT3_MAP1"
"2782",15.1,1331,"2","1","MAT2_MAP1"
"2783",17.2,1157,"2","1","MAT2_MAP1"
"2784",16.9,1178,"2","1","MAT2_MAP1"
"2785",19.9,1310,"3","1","MAT3_MAP1"
"2786",15.6,1231,"2","1","MAT2_MAP1"
"2787",21.8,1295,"3","1","MAT3_MAP1"
"2788",19.9,1311,"3","1","MAT3_MAP1"
"2789",22.3,1284,"3","1","MAT3_MAP1"
"2790",20.9,1298,"3","1","MAT3_MAP1"
"2791",16.4,1207,"2","1","MAT2_MAP1"
"2792",19.9,1328,"3","1","MAT3_MAP1"
"2793",20.2,1331,"3","1","MAT3_MAP1"
"2794",19.2,1278,"3","1","MAT3_MAP1"
"2795",22,1294,"3","1","MAT3_MAP1"
"2796",20.2,1327,"3","1","MAT3_MAP1"
"2797",20.9,1302,"3","1","MAT3_MAP1"
"2798",19.5,1306,"3","1","MAT3_MAP1"
"2799",20.7,1312,"3","1","MAT3_MAP1"
"2800",20.7,1317,"3","1","MAT3_MAP1"
"2801",19.7,1306,"3","1","MAT3_MAP1"
"2802",19.8,1310,"3","1","MAT3_MAP1"
"2803",17.4,1177,"3","1","MAT3_MAP1"
"2804",18.9,1213,"3","1","MAT3_MAP1"
"2805",22,1284,"3","1","MAT3_MAP1"
"2806",19.1,1225,"3","1","MAT3_MAP1"
"2807",19.2,1280,"3","1","MAT3_MAP1"
"2808",20.8,1311,"3","1","MAT3_MAP1"
"2809",18.6,1203,"3","1","MAT3_MAP1"
"2810",15.6,1244,"2","1","MAT2_MAP1"
"2811",16.2,1207,"2","1","MAT2_MAP1"
"2812",13.9,1274,"1","1","MAT1_MAP1"
"2813",16.8,1197,"2","1","MAT2_MAP1"
"2814",22,1285,"3","1","MAT3_MAP1"
"2815",20,1332,"3","1","MAT3_MAP1"
"2816",17.3,1157,"2","1","MAT2_MAP1"
"2817",16,1203,"2","1","MAT2_MAP1"
"2818",20.3,1310,"3","1","MAT3_MAP1"
"2819",17.3,1159,"2","1","MAT2_MAP1"
"2820",19.3,1288,"3","1","MAT3_MAP1"
"2821",19.4,1310,"3","1","MAT3_MAP1"
"2822",14.7,1307,"2","1","MAT2_MAP1"
"2823",16.6,1211,"2","1","MAT2_MAP1"
"2824",19.2,1298,"3","1","MAT3_MAP1"
"2825",19.1,1245,"3","1","MAT3_MAP1"
"2826",16.3,1226,"2","1","MAT2_MAP1"
"2827",18.4,1213,"3","1","MAT3_MAP1"
"2828",15.7,1224,"2","1","MAT2_MAP1"
"2829",19.6,1313,"3","1","MAT3_MAP1"
"2830",16,1204,"2","1","MAT2_MAP1"
"2831",16.3,1189,"2","1","MAT2_MAP1"
"2832",15,1324,"2","1","MAT2_MAP1"
"2833",20.9,1304,"3","1","MAT3_MAP1"
"2834",21,1255,"3","1","MAT3_MAP1"
"2835",17.4,1146,"3","1","MAT3_MAP1"
"2836",20.5,1311,"3","1","MAT3_MAP1"
"2837",17.7,1190,"3","1","MAT3_MAP1"
"2838",19.1,1234,"3","1","MAT3_MAP1"
"2839",16.3,1211,"2","1","MAT2_MAP1"
"2840",20.3,1318,"3","1","MAT3_MAP1"
"2841",15.8,1227,"2","1","MAT2_MAP1"
"2842",18.8,1202,"3","1","MAT3_MAP1"
"2843",19.3,1308,"3","1","MAT3_MAP1"
"2844",20.1,1314,"3","1","MAT3_MAP1"
"2845",19.1,1267,"3","1","MAT3_MAP1"
"2846",19.4,1311,"3","1","MAT3_MAP1"
"2847",20.4,1303,"3","1","MAT3_MAP1"
"2848",20.3,1303,"3","1","MAT3_MAP1"
"2849",17.4,1162,"3","1","MAT3_MAP1"
"2850",18.1,1188,"3","1","MAT3_MAP1"
"2851",16.4,1220,"2","1","MAT2_MAP1"
"2852",17.3,1172,"2","1","MAT2_MAP1"
"2853",20,1310,"3","1","MAT3_MAP1"
"2854",19.1,1237,"3","1","MAT3_MAP1"
"2855",16.3,1193,"2","1","MAT2_MAP1"
"2856",17.6,1183,"3","1","MAT3_MAP1"
"2857",20.4,1302,"3","1","MAT3_MAP1"
"2858",15.6,1234,"2","1","MAT2_MAP1"
"2859",16.3,1205,"2","1","MAT2_MAP1"
"2860",17.7,1178,"3","1","MAT3_MAP1"
"2861",21.6,1235,"3","1","MAT3_MAP1"
"2862",19.1,1235,"3","1","MAT3_MAP1"
"2863",19.6,1303,"3","1","MAT3_MAP1"
"2864",20.7,1309,"3","1","MAT3_MAP1"
"2865",15.1,1295,"2","1","MAT2_MAP1"
"2866",19.2,1292,"3","1","MAT3_MAP1"
"2867",20.6,1305,"3","1","MAT3_MAP1"
"2868",20,1306,"3","1","MAT3_MAP1"
"2869",15.8,1221,"2","1","MAT2_MAP1"
"2870",19.9,1303,"3","1","MAT3_MAP1"
"2871",19.6,1304,"3","1","MAT3_MAP1"
"2872",18,1199,"3","1","MAT3_MAP1"
"2873",18.3,1196,"3","1","MAT3_MAP1"
"2874",19.6,1307,"3","1","MAT3_MAP1"
"2875",17.9,1194,"3","1","MAT3_MAP1"
"2876",16.7,1226,"2","1","MAT2_MAP1"
"2877",15.7,1235,"2","1","MAT2_MAP1"
"2878",16.4,1226,"2","1","MAT2_MAP1"
"2879",20.7,1310,"3","1","MAT3_MAP1"
"2880",17.1,1192,"2","1","MAT2_MAP1"
"2881",19.1,1283,"3","1","MAT3_MAP1"
"2882",16.7,1228,"2","1","MAT2_MAP1"
"2883",18.5,1201,"3","1","MAT3_MAP1"
"2884",18.5,1206,"3","1","MAT3_MAP1"
"2885",21.5,1262,"3","1","MAT3_MAP1"
"2886",16.3,1210,"2","1","MAT2_MAP1"
"2887",21.2,1240,"3","1","MAT3_MAP1"
"2888",17.5,1166,"3","1","MAT3_MAP1"
"2889",19.5,1301,"3","1","MAT3_MAP1"
"2890",17.2,1188,"2","1","MAT2_MAP1"
"2891",17.7,1186,"3","1","MAT3_MAP1"
"2892",20.4,1298,"3","1","MAT3_MAP1"
"2893",15.4,1264,"2","1","MAT2_MAP1"
"2894",16.1,1207,"2","1","MAT2_MAP1"
"2895",20.6,1310,"3","1","MAT3_MAP1"
"2896",19.7,1300,"3","1","MAT3_MAP1"
"2897",18,1197,"3","1","MAT3_MAP1"
"2898",19.4,1296,"3","1","MAT3_MAP1"
"2899",20.3,1294,"3","1","MAT3_MAP1"
"2900",20.8,1315,"3","1","MAT3_MAP1"
"2901",19.2,1283,"3","1","MAT3_MAP1"
"2902",17.9,1184,"3","1","MAT3_MAP1"
"2903",18.5,1208,"3","1","MAT3_MAP1"
"2904",19.7,1301,"3","1","MAT3_MAP1"
"2905",18.1,1201,"3","1","MAT3_MAP1"
"2906",19.3,1296,"3","1","MAT3_MAP1"
"2907",19.2,1272,"3","1","MAT3_MAP1"
"2908",15.9,1215,"2","1","MAT2_MAP1"
"2909",17.2,1196,"2","1","MAT2_MAP1"
"2910",19.2,1238,"3","1","MAT3_MAP1"
"2911",17.6,1171,"3","1","MAT3_MAP1"
"2912",19.2,1237,"3","1","MAT3_MAP1"
"2913",16.5,1221,"2","1","MAT2_MAP1"
"2914",19.6,1298,"3","1","MAT3_MAP1"
"2915",20.6,1299,"3","1","MAT3_MAP1"
"2916",19.8,1296,"3","1","MAT3_MAP1"
"2917",20.6,1298,"3","1","MAT3_MAP1"
"2918",18.4,1204,"3","1","MAT3_MAP1"
"2919",16.1,1212,"2","1","MAT2_MAP1"
"2920",15.1,1277,"2","1","MAT2_MAP1"
"2921",17.5,1180,"3","1","MAT3_MAP1"
"2922",16.5,1223,"2","1","MAT2_MAP1"
"2923",15.4,1250,"2","1","MAT2_MAP1"
"2924",19.1,1219,"3","1","MAT3_MAP1"
"2925",17.3,1197,"2","1","MAT2_MAP1"
"2926",15.6,1235,"2","1","MAT2_MAP1"
"2927",17.4,1191,"3","1","MAT3_MAP1"
"2928",19.5,1299,"3","1","MAT3_MAP1"
"2929",20.8,1307,"3","1","MAT3_MAP1"
"2930",16.6,1214,"2","1","MAT2_MAP1"
"2931",14.5,1286,"1","1","MAT1_MAP1"
"2932",19.6,1294,"3","1","MAT3_MAP1"
"2933",15.3,1258,"2","1","MAT2_MAP1"
"2934",17,1216,"2","1","MAT2_MAP1"
"2935",20,1288,"3","1","MAT3_MAP1"
"2936",18.1,1191,"3","1","MAT3_MAP1"
"2937",19.7,1299,"3","1","MAT3_MAP1"
"2938",17.4,1201,"3","1","MAT3_MAP1"
"2939",20.7,1266,"3","1","MAT3_MAP1"
"2940",21.1,1292,"3","1","MAT3_MAP1"
"2941",15.7,1227,"2","1","MAT2_MAP1"
"2942",20.7,1267,"3","1","MAT3_MAP1"
"2943",17.2,1207,"2","1","MAT2_MAP1"
"2944",17.8,1190,"3","1","MAT3_MAP1"
"2945",17.5,1197,"3","1","MAT3_MAP1"
"2946",16.6,1221,"2","1","MAT2_MAP1"
"2947",20.9,1317,"3","1","MAT3_MAP1"
"2948",17,1229,"2","1","MAT2_MAP1"
"2949",19.2,1284,"3","1","MAT3_MAP1"
"2950",21.2,1297,"3","1","MAT3_MAP1"
"2951",15.8,1223,"2","1","MAT2_MAP1"
"2952",19.9,1288,"3","1","MAT3_MAP1"
"2953",19.2,1285,"3","1","MAT3_MAP1"
"2954",14.2,1252,"1","1","MAT1_MAP1"
"2955",19,1228,"3","1","MAT3_MAP1"
"2956",17.2,1215,"2","1","MAT2_MAP1"
"2957",21.6,1253,"3","1","MAT3_MAP1"
"2958",18.3,1202,"3","1","MAT3_MAP1"
"2959",19.3,1298,"3","1","MAT3_MAP1"
"2960",17.3,1201,"2","1","MAT2_MAP1"
"2961",18.8,1213,"3","1","MAT3_MAP1"
"2962",18.5,1215,"3","1","MAT3_MAP1"
"2963",15.9,1218,"2","1","MAT2_MAP1"
"2964",18.3,1200,"3","1","MAT3_MAP1"
"2965",17.3,1209,"2","1","MAT2_MAP1"
"2966",20.7,1265,"3","1","MAT3_MAP1"
"2967",20.8,1305,"3","1","MAT3_MAP1"
"2968",22.4,1262,"3","1","MAT3_MAP1"
"2969",18.9,1223,"3","1","MAT3_MAP1"
"2970",16.1,1204,"2","1","MAT2_MAP1"
"2971",17.2,1213,"2","1","MAT2_MAP1"
"2972",19.2,1281,"3","1","MAT3_MAP1"
"2973",15.7,1215,"2","1","MAT2_MAP1"
"2974",15.5,1224,"2","1","MAT2_MAP1"
"2975",17.4,1203,"3","1","MAT3_MAP1"
"2976",15.8,1205,"2","1","MAT2_MAP1"
"2977",17.2,1214,"2","1","MAT2_MAP1"
"2978",17.1,1220,"2","1","MAT2_MAP1"
"2979",18.9,1226,"3","1","MAT3_MAP1"
"2980",18.7,1222,"3","1","MAT3_MAP1"
"2981",15.9,1200,"2","1","MAT2_MAP1"
"2982",18.5,1219,"3","1","MAT3_MAP1"
"2983",19.2,1240,"3","1","MAT3_MAP1"
"2984",15.1,1232,"2","1","MAT2_MAP1"
"2985",15.3,1234,"2","1","MAT2_MAP1"
"2986",18.8,1226,"3","1","MAT3_MAP1"
"2987",19,1232,"3","1","MAT3_MAP1"
"2988",22.6,1282,"3","1","MAT3_MAP1"
"2989",20,1282,"3","1","MAT3_MAP1"
"2990",20.7,1257,"3","1","MAT3_MAP1"
"2991",20.9,1308,"3","1","MAT3_MAP1"
"2992",20.8,1272,"3","1","MAT3_MAP1"
"2993",14.6,1252,"1","1","MAT1_MAP1"
"2994",17.7,1197,"3","1","MAT3_MAP1"
"2995",19.2,1296,"3","1","MAT3_MAP1"
"2996",20.7,1280,"3","1","MAT3_MAP1"
"2997",22.6,1277,"3","1","MAT3_MAP1"
"2998",18,1202,"3","1","MAT3_MAP1"
"2999",16.4,1184,"2","1","MAT2_MAP1"
"3000",21.1,1327,"3","1","MAT3_MAP1"
"3001",15.2,1241,"2","1","MAT2_MAP1"
"3002",17,1225,"2","1","MAT2_MAP1"
"3003",17.4,1204,"3","1","MAT3_MAP1"
"3004",22.4,1236,"3","1","MAT3_MAP1"
"3005",16.3,1184,"2","1","MAT2_MAP1"
"3006",17.6,1200,"3","1","MAT3_MAP1"
"3007",16.4,1188,"2","1","MAT2_MAP1"
"3008",15.7,1213,"2","1","MAT2_MAP1"
"3009",18,1213,"3","1","MAT3_MAP1"
"3010",18.3,1210,"3","1","MAT3_MAP1"
"3011",17.9,1201,"3","1","MAT3_MAP1"
"3012",17.5,1205,"3","1","MAT3_MAP1"
"3013",17.7,1209,"3","1","MAT3_MAP1"
"3014",18.7,1231,"3","1","MAT3_MAP1"
"3015",15.4,1218,"2","1","MAT2_MAP1"
"3016",20.8,1297,"3","1","MAT3_MAP1"
"3017",20.8,1289,"3","1","MAT3_MAP1"
"3018",18.8,1234,"3","1","MAT3_MAP1"
"3019",17.4,1199,"3","1","MAT3_MAP1"
"3020",18.6,1231,"3","1","MAT3_MAP1"
"3021",17.6,1210,"3","1","MAT3_MAP1"
"3022",18.4,1217,"3","1","MAT3_MAP1"
"3023",18.4,1220,"3","1","MAT3_MAP1"
"3024",19.1,1248,"3","1","MAT3_MAP1"
"3025",17.9,1217,"3","1","MAT3_MAP1"
"3026",16,1201,"2","1","MAT2_MAP1"
"3027",18.9,1234,"3","1","MAT3_MAP1"
"3028",19.1,1284,"3","1","MAT3_MAP1"
"3029",22.8,1309,"3","1","MAT3_MAP1"
"3030",15.4,1229,"2","1","MAT2_MAP1"
"3031",16.1,1196,"2","1","MAT2_MAP1"
"3032",16,1194,"2","1","MAT2_MAP1"
"3033",18.2,1225,"3","1","MAT3_MAP1"
"3034",15.5,1216,"2","1","MAT2_MAP1"
"3035",17.5,1198,"3","1","MAT3_MAP1"
"3036",15.8,1206,"2","1","MAT2_MAP1"
"3037",21.1,1309,"3","1","MAT3_MAP1"
"3038",20.9,1292,"3","1","MAT3_MAP1"
"3039",22.6,1245,"3","1","MAT3_MAP1"
"3040",17.4,1207,"3","1","MAT3_MAP1"
"3041",17.8,1204,"3","1","MAT3_MAP1"
"3042",18.5,1237,"3","1","MAT3_MAP1"
"3043",18.7,1241,"3","1","MAT3_MAP1"
"3044",16,1190,"2","1","MAT2_MAP1"
"3045",20.8,1271,"3","1","MAT3_MAP1"
"3046",18.3,1231,"3","1","MAT3_MAP1"
"3047",15.6,1215,"2","1","MAT2_MAP1"
"3048",16.4,1180,"2","1","MAT2_MAP1"
"3049",22.4,1226,"3","1","MAT3_MAP1"
"3050",18.9,1244,"3","1","MAT3_MAP1"
"3051",17.6,1198,"3","1","MAT3_MAP1"
"3052",18.6,1242,"3","1","MAT3_MAP1"
"3053",17.9,1214,"3","1","MAT3_MAP1"
"3054",17.1,1210,"2","1","MAT2_MAP1"
"3055",18.5,1240,"3","1","MAT3_MAP1"
"3056",18.2,1230,"3","1","MAT3_MAP1"
"3057",21,1289,"3","1","MAT3_MAP1"
"3058",19,1261,"3","1","MAT3_MAP1"
"3059",22.4,1221,"3","1","MAT3_MAP1"
"3060",17,1206,"2","1","MAT2_MAP1"
"3061",20.9,1272,"3","1","MAT3_MAP1"
"3062",17.8,1212,"3","1","MAT3_MAP1"
"3063",16.6,1168,"2","1","MAT2_MAP1"
"3064",21.2,1321,"3","1","MAT3_MAP1"
"3065",17,1234,"2","1","MAT2_MAP1"
"3066",18.3,1241,"3","1","MAT3_MAP1"
"3067",18.4,1246,"3","1","MAT3_MAP1"
"3068",21,1276,"3","1","MAT3_MAP1"
"3069",17.6,1205,"3","1","MAT3_MAP1"
"3070",15.9,1201,"2","1","MAT2_MAP1"
"3071",16.7,1165,"2","1","MAT2_MAP1"
"3072",17.3,1220,"2","1","MAT2_MAP1"
"3073",17.1,1214,"2","1","MAT2_MAP1"
"3074",17.4,1215,"3","1","MAT3_MAP1"
"3075",18.2,1240,"3","1","MAT3_MAP1"
"3076",21.5,1305,"3","1","MAT3_MAP1"
"3077",15.7,1203,"2","1","MAT2_MAP1"
"3078",15.1,1186,"2","1","MAT2_MAP1"
"3079",17.7,1217,"3","1","MAT3_MAP1"
"3080",18.2,1249,"3","1","MAT3_MAP1"
"3081",18.4,1248,"3","1","MAT3_MAP1"
"3082",17.8,1219,"3","1","MAT3_MAP1"
"3083",16.6,1172,"2","1","MAT2_MAP1"
"3084",18.4,1260,"3","1","MAT3_MAP1"
"3085",21.2,1261,"3","1","MAT3_MAP1"
"3086",18.8,1258,"3","1","MAT3_MAP1"
"3087",15.9,1197,"2","1","MAT2_MAP1"
"3088",17.8,1215,"3","1","MAT3_MAP1"
"3089",18.3,1257,"3","1","MAT3_MAP1"
"3090",18.5,1260,"3","1","MAT3_MAP1"
"3091",18.1,1241,"3","1","MAT3_MAP1"
"3092",15.5,1186,"2","1","MAT2_MAP1"
"3093",21.7,1285,"3","1","MAT3_MAP1"
"3094",16,1185,"2","1","MAT2_MAP1"
"3095",16.3,1175,"2","1","MAT2_MAP1"
"3096",18.7,1260,"3","1","MAT3_MAP1"
"3097",18.4,1266,"3","1","MAT3_MAP1"
"3098",18.5,1266,"3","1","MAT3_MAP1"
"3099",18.7,1259,"3","1","MAT3_MAP1"
"3100",18.7,1262,"3","1","MAT3_MAP1"
"3101",18.1,1252,"3","1","MAT3_MAP1"
"3102",22.5,1192,"3","1","MAT3_MAP1"
"3103",18,1238,"3","1","MAT3_MAP1"
"3104",17.9,1211,"3","1","MAT3_MAP1"
"3105",17.5,1175,"3","1","MAT3_MAP1"
"3106",18.1,1250,"3","1","MAT3_MAP1"
"3107",17.9,1231,"3","1","MAT3_MAP1"
"3108",21.5,1288,"3","1","MAT3_MAP1"
"3109",16.1,1174,"2","1","MAT2_MAP1"
"3110",14.9,1168,"2","1","MAT2_MAP1"
"3111",22,1310,"3","1","MAT3_MAP1"
"3112",18.5,1270,"3","1","MAT3_MAP1"
"3113",18.5,1269,"3","1","MAT3_MAP1"
"3114",17.6,1202,"3","1","MAT3_MAP1"
"3115",18.1,1266,"3","1","MAT3_MAP1"
"3116",18,1236,"3","1","MAT3_MAP1"
"3117",16.4,1159,"2","1","MAT2_MAP1"
"3118",18.3,1274,"3","1","MAT3_MAP1"
"3119",18.9,1263,"3","1","MAT3_MAP1"
"3120",17.7,1203,"3","1","MAT3_MAP1"
"3121",17.9,1216,"3","1","MAT3_MAP1"
"3122",17.7,1212,"3","1","MAT3_MAP1"
"3123",17.8,1207,"3","1","MAT3_MAP1"
"3124",15.7,1192,"2","1","MAT2_MAP1"
"3125",15.9,1178,"2","1","MAT2_MAP1"
"3126",13.1,1209,"1","1","MAT1_MAP1"
"3127",18.2,1273,"3","1","MAT3_MAP1"
"3128",15.8,1185,"2","1","MAT2_MAP1"
"3129",17.9,1228,"3","1","MAT3_MAP1"
"3130",17.9,1218,"3","1","MAT3_MAP1"
"3131",15.7,1177,"2","1","MAT2_MAP1"
"3132",22.3,1249,"3","1","MAT3_MAP1"
"3133",16.6,1185,"2","1","MAT2_MAP1"
"3134",18.2,1264,"3","1","MAT3_MAP1"
"3135",15.9,1174,"2","1","MAT2_MAP1"
"3136",15.2,1153,"2","1","MAT2_MAP1"
"3137",16.7,1154,"2","1","MAT2_MAP1"
"3138",17.2,1173,"2","1","MAT2_MAP1"
"3139",18,1280,"3","1","MAT3_MAP1"
"3140",18,1260,"3","1","MAT3_MAP1"
"3141",16.1,1148,"2","1","MAT2_MAP1"
"3142",17.7,1195,"3","1","MAT3_MAP1"
"3143",18.2,1282,"3","1","MAT3_MAP1"
"3144",18,1261,"3","1","MAT3_MAP1"
"3145",17.4,1183,"3","1","MAT3_MAP1"
"3146",18,1270,"3","1","MAT3_MAP1"
"3147",17.9,1244,"3","1","MAT3_MAP1"
"3148",15.6,1192,"2","1","MAT2_MAP1"
"3149",17,1180,"2","1","MAT2_MAP1"
"3150",17.1,1162,"2","1","MAT2_MAP1"
"3151",18.2,1281,"3","1","MAT3_MAP1"
"3152",18,1244,"3","1","MAT3_MAP1"
"3153",18.7,1281,"3","1","MAT3_MAP1"
"3154",17.5,1158,"3","1","MAT3_MAP1"
"3155",16.3,1122,"2","1","MAT2_MAP1"
"3156",22.5,1237,"3","1","MAT3_MAP1"
"3157",17.5,1188,"3","1","MAT3_MAP1"
"3158",17.8,1196,"3","1","MAT3_MAP1"
"3159",18.3,1279,"3","1","MAT3_MAP1"
"3160",17.5,1157,"3","1","MAT3_MAP1"
"3161",17.7,1191,"3","1","MAT3_MAP1"
"3162",15.6,1195,"2","1","MAT2_MAP1"
"3163",18,1273,"3","1","MAT3_MAP1"
"3164",14.1,1172,"1","1","MAT1_MAP1"
"3165",16.6,1126,"2","1","MAT2_MAP1"
"3166",15.2,1145,"2","1","MAT2_MAP1"
"3167",17.5,1156,"3","1","MAT3_MAP1"
"3168",18.3,1277,"3","1","MAT3_MAP1"
"3169",18,1281,"3","1","MAT3_MAP1"
"3170",16.2,1135,"2","1","MAT2_MAP1"
"3171",18.1,1279,"3","1","MAT3_MAP1"
"3172",18.2,1277,"3","1","MAT3_MAP1"
"3173",15.8,1173,"2","1","MAT2_MAP1"
"3174",17.2,1138,"2","1","MAT2_MAP1"
"3175",17,1137,"2","1","MAT2_MAP1"
"3176",17,1139,"2","1","MAT2_MAP1"
"3177",18.4,1275,"3","1","MAT3_MAP1"
"3178",17.8,1214,"3","1","MAT3_MAP1"
"3179",14.7,1133,"2","1","MAT2_MAP1"
"3180",17.3,1163,"2","1","MAT2_MAP1"
"3181",17.3,1170,"2","1","MAT2_MAP1"
"3182",16.3,1142,"2","1","MAT2_MAP1"
"3183",17.2,1152,"2","1","MAT2_MAP1"
"3184",17.9,1259,"3","1","MAT3_MAP1"
"3185",15,1149,"2","1","MAT2_MAP1"
"3186",18.2,1278,"3","1","MAT3_MAP1"
"3187",16.8,1144,"2","1","MAT2_MAP1"
"3188",18.2,1279,"3","1","MAT3_MAP1"
"3189",16.4,1144,"2","1","MAT2_MAP1"
"3190",18.1,1276,"3","1","MAT3_MAP1"
"3191",17.9,1255,"3","1","MAT3_MAP1"
"3192",15.8,1182,"2","1","MAT2_MAP1"
"3193",14.9,1132,"2","1","MAT2_MAP1"
"3194",18,1278,"3","1","MAT3_MAP1"
"3195",18.1,1273,"3","1","MAT3_MAP1"
"3196",16.1,1158,"2","1","MAT2_MAP1"
"3197",14.9,1147,"2","1","MAT2_MAP1"
"3198",16.2,1158,"2","1","MAT2_MAP1"
"3199",17.4,1185,"3","1","MAT3_MAP1"
"3200",18.4,1269,"3","1","MAT3_MAP1"
"3201",16.4,1164,"2","1","MAT2_MAP1"
"3202",17.8,1247,"3","1","MAT3_MAP1"
"3203",16.9,1158,"2","1","MAT2_MAP1"
"3204",15,1132,"2","1","MAT2_MAP1"
"3205",18.3,1273,"3","1","MAT3_MAP1"
"3206",16.5,1160,"2","1","MAT2_MAP1"
"3207",18,1272,"3","1","MAT3_MAP1"
"3208",17.8,1250,"3","1","MAT3_MAP1"
"3209",15.1,1152,"2","1","MAT2_MAP1"
"3210",16.2,1172,"2","1","MAT2_MAP1"
"3211",13.7,1194,"1","1","MAT1_MAP1"
"3212",17,1165,"2","1","MAT2_MAP1"
"3213",17.6,1230,"3","1","MAT3_MAP1"
"3214",16.2,1171,"2","1","MAT2_MAP1"
"3215",16.6,1154,"2","1","MAT2_MAP1"
"3216",17.2,1181,"2","1","MAT2_MAP1"
"3217",15.1,1136,"2","1","MAT2_MAP1"
"3218",17.6,1233,"3","1","MAT3_MAP1"
"3219",15.8,1174,"2","1","MAT2_MAP1"
"3220",16.5,1158,"2","1","MAT2_MAP1"
"3221",17.9,1264,"3","1","MAT3_MAP1"
"3222",15,1134,"2","1","MAT2_MAP1"
"3223",16,1183,"2","1","MAT2_MAP1"
"3224",16,1189,"2","1","MAT2_MAP1"
"3225",16.3,1174,"2","1","MAT2_MAP1"
"3226",15.9,1176,"2","1","MAT2_MAP1"
"3227",17.7,1254,"3","1","MAT3_MAP1"
"3228",18.5,1255,"3","1","MAT3_MAP1"
"3229",16.4,1167,"2","1","MAT2_MAP1"
"3230",18.4,1259,"3","1","MAT3_MAP1"
"3231",17.9,1272,"3","1","MAT3_MAP1"
"3232",17.7,1259,"3","1","MAT3_MAP1"
"3233",17,1170,"2","1","MAT2_MAP1"
"3234",16.3,1169,"2","1","MAT2_MAP1"
"3235",17.1,1179,"2","1","MAT2_MAP1"
"3236",15.3,1161,"2","1","MAT2_MAP1"
"3237",16.4,1175,"2","1","MAT2_MAP1"
"3238",17.8,1263,"3","1","MAT3_MAP1"
"3239",16.2,1184,"2","1","MAT2_MAP1"
"3240",17.2,1197,"2","1","MAT2_MAP1"
"3241",16.8,1161,"2","1","MAT2_MAP1"
"3242",15,1136,"2","1","MAT2_MAP1"
"3243",18,1268,"3","1","MAT3_MAP1"
"3244",17.3,1216,"2","1","MAT2_MAP1"
"3245",17,1166,"2","1","MAT2_MAP1"
"3246",13.3,1198,"1","1","MAT1_MAP1"
"3247",16,1192,"2","1","MAT2_MAP1"
"3248",16.6,1165,"2","1","MAT2_MAP1"
"3249",13,1200,"1","1","MAT1_MAP1"
"3250",15.2,1147,"2","1","MAT2_MAP1"
"3251",15.3,1148,"2","1","MAT2_MAP1"
"3252",17.2,1198,"2","1","MAT2_MAP1"
"3253",16.5,1166,"2","1","MAT2_MAP1"
"3254",15.5,1172,"2","1","MAT2_MAP1"
"3255",16.1,1190,"2","1","MAT2_MAP1"
"3256",17.2,1204,"2","1","MAT2_MAP1"
"3257",12.9,1101,"1","1","MAT1_MAP1"
"3258",16.9,1163,"2","1","MAT2_MAP1"
"3259",15.9,1190,"2","1","MAT2_MAP1"
"3260",17.6,1257,"3","1","MAT3_MAP1"
"3261",15.6,1183,"2","1","MAT2_MAP1"
"3262",18.4,1244,"3","1","MAT3_MAP1"
"3263",17.2,1226,"2","1","MAT2_MAP1"
"3264",16.5,1176,"2","1","MAT2_MAP1"
"3265",15.8,1178,"2","1","MAT2_MAP1"
"3266",18.2,1259,"3","1","MAT3_MAP1"
"3267",15.6,1175,"2","1","MAT2_MAP1"
"3268",18,1267,"3","1","MAT3_MAP1"
"3269",15.9,1175,"2","1","MAT2_MAP1"
"3270",17.7,1269,"3","1","MAT3_MAP1"
"3271",13.1,1158,"1","1","MAT1_MAP1"
"3272",16.5,1178,"2","1","MAT2_MAP1"
"3273",15.5,1187,"2","1","MAT2_MAP1"
"3274",17.4,1248,"3","1","MAT3_MAP1"
"3275",16.2,1190,"2","1","MAT2_MAP1"
"3276",16.3,1186,"2","1","MAT2_MAP1"
"3277",17.4,1252,"3","1","MAT3_MAP1"
"3278",17.2,1211,"2","1","MAT2_MAP1"
"3279",17.1,1160,"2","1","MAT2_MAP1"
"3280",17.2,1230,"2","1","MAT2_MAP1"
"3281",16.9,1156,"2","1","MAT2_MAP1"
"3282",18,1275,"3","1","MAT3_MAP1"
"3283",16.2,1193,"2","1","MAT2_MAP1"
"3284",16.6,1166,"2","1","MAT2_MAP1"
"3285",17.3,1243,"2","1","MAT2_MAP1"
"3286",17.5,1265,"3","1","MAT3_MAP1"
"3287",13.5,1145,"1","1","MAT1_MAP1"
"3288",16.9,1159,"2","1","MAT2_MAP1"
"3289",13.2,1152,"1","1","MAT1_MAP1"
"3290",15.4,1175,"2","1","MAT2_MAP1"
"3291",18.1,1285,"3","1","MAT3_MAP1"
"3292",15.5,1194,"2","1","MAT2_MAP1"
"3293",14.1,1122,"1","1","MAT1_MAP1"
"3294",15.4,1177,"2","1","MAT2_MAP1"
"3295",18.2,1287,"3","1","MAT3_MAP1"
"3296",15.4,1182,"2","1","MAT2_MAP1"
"3297",13,1074,"1","1","MAT1_MAP1"
"3298",14.1,1114,"1","1","MAT1_MAP1"
"3299",15.3,1200,"2","1","MAT2_MAP1"
"3300",17.1,1188,"2","1","MAT2_MAP1"
"3301",15.3,1194,"2","1","MAT2_MAP1"
"3302",16.5,1169,"2","1","MAT2_MAP1"
"3303",17.4,1254,"3","1","MAT3_MAP1"
"3304",16.7,1169,"2","1","MAT2_MAP1"
"3305",14.3,1118,"1","1","MAT1_MAP1"
"3306",17,1167,"2","1","MAT2_MAP1"
"3307",16.3,1188,"2","1","MAT2_MAP1"
"3308",16.6,1167,"2","1","MAT2_MAP1"
"3309",16.7,1167,"2","1","MAT2_MAP1"
"3310",17.1,1193,"2","1","MAT2_MAP1"
"3311",17.4,1268,"3","1","MAT3_MAP1"
"3312",13.5,1103,"1","1","MAT1_MAP1"
"3313",18,1301,"3","1","MAT3_MAP1"
"3314",13.4,1121,"1","1","MAT1_MAP1"
"3315",15.8,1197,"2","1","MAT2_MAP1"
"3316",16.6,1171,"2","1","MAT2_MAP1"
"3317",13.3,1104,"1","1","MAT1_MAP1"
"3318",15.7,1198,"2","1","MAT2_MAP1"
"3319",15.9,1184,"2","1","MAT2_MAP1"
"3320",13.5,1102,"1","1","MAT1_MAP1"
"3321",17.8,1292,"3","1","MAT3_MAP1"
"3322",17.7,1275,"3","1","MAT3_MAP1"
"3323",13.5,1121,"1","1","MAT1_MAP1"
"3324",17.8,1296,"3","1","MAT3_MAP1"
"3325",16.5,1175,"2","1","MAT2_MAP1"
"3326",16.5,1172,"2","1","MAT2_MAP1"
"3327",14.6,1174,"1","1","MAT1_MAP1"
"3328",15.3,1180,"2","1","MAT2_MAP1"
"3329",16.4,1182,"2","1","MAT2_MAP1"
"3330",17,1192,"2","1","MAT2_MAP1"
"3331",14.8,1178,"2","1","MAT2_MAP1"
"3332",14.3,1119,"1","1","MAT1_MAP1"
"3333",17.5,1275,"3","1","MAT3_MAP1"
"3334",15.3,1171,"2","1","MAT2_MAP1"
"3335",15.4,1163,"2","1","MAT2_MAP1"
"3336",17.5,1290,"3","1","MAT3_MAP1"
"3337",15.5,1169,"2","1","MAT2_MAP1"
"3338",17.2,1233,"2","1","MAT2_MAP1"
"3339",16.7,1184,"2","1","MAT2_MAP1"
"3340",15.6,1180,"2","1","MAT2_MAP1"
"3341",17.4,1260,"3","1","MAT3_MAP1"
"3342",13.5,1104,"1","1","MAT1_MAP1"
"3343",17.4,1266,"3","1","MAT3_MAP1"
"3344",16.8,1206,"2","1","MAT2_MAP1"
"3345",15.8,1195,"2","1","MAT2_MAP1"
"3346",15.4,1188,"2","1","MAT2_MAP1"
"3347",17.5,1285,"3","1","MAT3_MAP1"
"3348",13.7,1110,"1","1","MAT1_MAP1"
"3349",13.1,1053,"1","1","MAT1_MAP1"
"3350",17.6,1311,"3","1","MAT3_MAP1"
"3351",17.7,1330,"3","1","MAT3_MAP1"
"3352",15.4,1167,"2","1","MAT2_MAP1"
"3353",15.9,1192,"2","1","MAT2_MAP1"
"3354",14.8,1150,"2","1","MAT2_MAP1"
"3355",15.7,1187,"2","1","MAT2_MAP1"
"3356",14.7,1169,"2","1","MAT2_MAP1"
"3357",17.6,1305,"3","1","MAT3_MAP1"
"3358",13.9,1115,"1","1","MAT1_MAP1"
"3359",17.8,1334,"3","1","MAT3_MAP1"
"3360",13.4,1098,"1","1","MAT1_MAP1"
"3361",17.5,1295,"3","1","MAT3_MAP1"
"3362",14.4,1114,"1","1","MAT1_MAP1"
"3363",13.5,1074,"1","1","MAT1_MAP1"
"3364",17.6,1307,"3","1","MAT3_MAP1"
"3365",13.7,1115,"1","1","MAT1_MAP1"
"3366",15.4,1183,"2","1","MAT2_MAP1"
"3367",17.6,1309,"3","1","MAT3_MAP1"
"3368",16.1,1189,"2","1","MAT2_MAP1"
"3369",15.2,1163,"2","1","MAT2_MAP1"
"3370",15.5,1183,"2","1","MAT2_MAP1"
"3371",14.8,1164,"2","1","MAT2_MAP1"
"3372",17.1,1261,"2","1","MAT2_MAP1"
"3373",17.4,1299,"3","1","MAT3_MAP1"
"3374",15.7,1178,"2","1","MAT2_MAP1"
"3375",14.3,1112,"1","1","MAT1_MAP1"
"3376",17.6,1319,"3","1","MAT3_MAP1"
"3377",14.2,1110,"1","1","MAT1_MAP1"
"3378",17.5,1317,"3","1","MAT3_MAP1"
"3379",14.7,1164,"2","1","MAT2_MAP1"
"3380",14.4,1154,"1","1","MAT1_MAP1"
"3381",17.2,1265,"2","1","MAT2_MAP1"
"3382",13.5,1087,"1","1","MAT1_MAP1"
"3383",15,1168,"2","1","MAT2_MAP1"
"3384",13.8,1091,"1","1","MAT1_MAP1"
"3385",13.9,1097,"1","1","MAT1_MAP1"
"3386",16.6,1229,"2","1","MAT2_MAP1"
"3387",13,1087,"1","1","MAT1_MAP1"
"3388",15.8,1179,"2","1","MAT2_MAP1"
"3389",17.3,1278,"2","1","MAT2_MAP1"
"3390",15.3,1177,"2","1","MAT2_MAP1"
"3391",14.1,1103,"1","1","MAT1_MAP1"
"3392",13,1072,"1","1","MAT1_MAP1"
"3393",16.6,1231,"2","1","MAT2_MAP1"
"3394",13.8,1087,"1","1","MAT1_MAP1"
"3395",16,1181,"2","1","MAT2_MAP1"
"3396",13.5,1098,"1","1","MAT1_MAP1"
"3397",13,1093,"1","1","MAT1_MAP1"
"3398",14.6,1162,"1","1","MAT1_MAP1"
"3399",13,1096,"1","1","MAT1_MAP1"
"3400",17.4,1300,"3","1","MAT3_MAP1"
"3401",13.6,1092,"1","1","MAT1_MAP1"
"3402",16.4,1216,"2","1","MAT2_MAP1"
"3403",17.1,1272,"2","1","MAT2_MAP1"
"3404",16.4,1223,"2","1","MAT2_MAP1"
"3405",13.9,1096,"1","1","MAT1_MAP1"
"3406",15.8,1176,"2","1","MAT2_MAP1"
"3407",13.4,1083,"1","1","MAT1_MAP1"
"3408",14.2,1167,"1","1","MAT1_MAP1"
"3409",15.7,1175,"2","1","MAT2_MAP1"
"3410",14.1,1101,"1","1","MAT1_MAP1"
"3411",15.5,1163,"2","1","MAT2_MAP1"
"3412",15.3,1153,"2","1","MAT2_MAP1"
"3413",13.4,1086,"1","1","MAT1_MAP1"
"3414",16.3,1220,"2","1","MAT2_MAP1"
"3415",15.5,1167,"2","1","MAT2_MAP1"
"3416",13.3,1092,"1","1","MAT1_MAP1"
"3417",14.3,1134,"1","1","MAT1_MAP1"
"3418",15.5,1178,"2","1","MAT2_MAP1"
"3419",16.6,1241,"2","1","MAT2_MAP1"
"3420",15.6,1160,"2","1","MAT2_MAP1"
"3421",17.2,1299,"2","1","MAT2_MAP1"
"3422",13.6,1094,"1","1","MAT1_MAP1"
"3423",15.2,1158,"2","1","MAT2_MAP1"
"3424",15.7,1159,"2","1","MAT2_MAP1"
"3425",15.7,1180,"2","1","MAT2_MAP1"
"3426",13.4,1105,"1","1","MAT1_MAP1"
"3427",16.8,1265,"2","1","MAT2_MAP1"
"3428",14,1118,"1","1","MAT1_MAP1"
"3429",14.6,1143,"1","1","MAT1_MAP1"
"3430",17.1,1291,"2","1","MAT2_MAP1"
"3431",13.6,1097,"1","1","MAT1_MAP1"
"3432",14.4,1130,"1","1","MAT1_MAP1"
"3433",14,1099,"1","1","MAT1_MAP1"
"3434",13.9,1092,"1","1","MAT1_MAP1"
"3435",13.7,1091,"1","1","MAT1_MAP1"
"3436",16.4,1242,"2","1","MAT2_MAP1"
"3437",15.6,1179,"2","1","MAT2_MAP1"
"3438",13.1,1102,"1","1","MAT1_MAP1"
"3439",16.2,1210,"2","1","MAT2_MAP1"
"3440",13.2,1103,"1","1","MAT1_MAP1"
"3441",14.2,1107,"1","1","MAT1_MAP1"
"3442",13,1116,"1","1","MAT1_MAP1"
"3443",14.1,1083,"1","1","MAT1_MAP1"
"3444",16.7,1268,"2","1","MAT2_MAP1"
"3445",14.3,1124,"1","1","MAT1_MAP1"
"3446",13.5,1096,"1","1","MAT1_MAP1"
"3447",16.2,1231,"2","1","MAT2_MAP1"
"3448",13.5,1097,"1","1","MAT1_MAP1"
"3449",13.3,1106,"1","1","MAT1_MAP1"
"3450",16.7,1278,"2","1","MAT2_MAP1"
"3451",15.6,1161,"2","1","MAT2_MAP1"
"3452",17.1,1311,"2","1","MAT2_MAP1"
"3453",13.9,1087,"1","1","MAT1_MAP1"
"3454",13.3,1126,"1","1","MAT1_MAP1"
"3455",16.3,1237,"2","1","MAT2_MAP1"
"3456",17,1306,"2","1","MAT2_MAP1"
"3457",16.4,1248,"2","1","MAT2_MAP1"
"3458",14,1086,"1","1","MAT1_MAP1"
"3459",13.9,1090,"1","1","MAT1_MAP1"
"3460",14.6,1138,"1","1","MAT1_MAP1"
"3461",16.2,1225,"2","1","MAT2_MAP1"
"3462",14.6,1124,"1","1","MAT1_MAP1"
"3463",13.2,1104,"1","1","MAT1_MAP1"
"3464",13.6,1102,"1","1","MAT1_MAP1"
"3465",16.4,1264,"2","1","MAT2_MAP1"
"3466",13.3,1113,"1","1","MAT1_MAP1"
"3467",13.3,1103,"1","1","MAT1_MAP1"
"3468",16.3,1229,"2","1","MAT2_MAP1"
"3469",16.5,1275,"2","1","MAT2_MAP1"
"3470",14,1085,"1","1","MAT1_MAP1"
"3471",16.2,1232,"2","1","MAT2_MAP1"
"3472",16.9,1309,"2","1","MAT2_MAP1"
"3473",16.9,1311,"2","1","MAT2_MAP1"
"3474",15.6,1203,"2","1","MAT2_MAP1"
"3475",14,1087,"1","1","MAT1_MAP1"
"3476",16.7,1296,"2","1","MAT2_MAP1"
"3477",16.4,1245,"2","1","MAT2_MAP1"
"3478",16.3,1240,"2","1","MAT2_MAP1"
"3479",16.4,1257,"2","1","MAT2_MAP1"
"3480",15.8,1222,"2","1","MAT2_MAP1"
"3481",14.7,1149,"2","1","MAT2_MAP1"
"3482",13.1,1105,"1","1","MAT1_MAP1"
"3483",14.3,1099,"1","1","MAT1_MAP1"
"3484",13.5,1088,"1","1","MAT1_MAP1"
"3485",13.4,1096,"1","1","MAT1_MAP1"
"3486",13.3,1110,"1","1","MAT1_MAP1"
"3487",16,1237,"2","1","MAT2_MAP1"
"3488",13.7,1099,"1","1","MAT1_MAP1"
"3489",13.1,1101,"1","1","MAT1_MAP1"
"3490",17.1,1337,"2","2","MAT2_MAP2"
"3491",13.1,1104,"1","1","MAT1_MAP1"
"3492",15.4,1169,"2","1","MAT2_MAP1"
"3493",16.6,1277,"2","1","MAT2_MAP1"
"3494",16.4,1269,"2","1","MAT2_MAP1"
"3495",13.6,1098,"1","1","MAT1_MAP1"
"3496",17,1343,"2","2","MAT2_MAP2"
"3497",16.3,1254,"2","1","MAT2_MAP1"
"3498",13.6,1100,"1","1","MAT1_MAP1"
"3499",16.7,1300,"2","1","MAT2_MAP1"
"3500",16.7,1311,"2","1","MAT2_MAP1"
"3501",15.1,1159,"2","1","MAT2_MAP1"
"3502",17,1347,"2","2","MAT2_MAP2"
"3503",13.4,1079,"1","1","MAT1_MAP1"
"3504",13.2,1116,"1","1","MAT1_MAP1"
"3505",13.2,1096,"1","1","MAT1_MAP1"
"3506",13.7,1098,"1","1","MAT1_MAP1"
"3507",14.1,1116,"1","1","MAT1_MAP1"
"3508",16.8,1321,"2","1","MAT2_MAP1"
"3509",13.3,1073,"1","1","MAT1_MAP1"
"3510",15.9,1239,"2","1","MAT2_MAP1"
"3511",14.2,1091,"1","1","MAT1_MAP1"
"3512",13.8,1102,"1","1","MAT1_MAP1"
"3513",13.6,1107,"1","1","MAT1_MAP1"
"3514",15.1,1150,"2","1","MAT2_MAP1"
"3515",14.7,1143,"2","1","MAT2_MAP1"
"3516",13.4,1060,"1","1","MAT1_MAP1"
"3517",15.3,1173,"2","1","MAT2_MAP1"
"3518",16.1,1258,"2","1","MAT2_MAP1"
"3519",13.2,1094,"1","1","MAT1_MAP1"
"3520",14.6,1154,"1","1","MAT1_MAP1"
"3521",17,1361,"2","2","MAT2_MAP2"
"3522",13.2,1109,"1","1","MAT1_MAP1"
"3523",13.4,1107,"1","1","MAT1_MAP1"
"3524",17.2,1369,"2","2","MAT2_MAP2"
"3525",13.8,1100,"1","1","MAT1_MAP1"
"3526",13.4,1068,"1","1","MAT1_MAP1"
"3527",13.5,1113,"1","1","MAT1_MAP1"
"3528",14.6,1127,"1","1","MAT1_MAP1"
"3529",16,1264,"2","1","MAT2_MAP1"
"3530",13.3,1081,"1","1","MAT1_MAP1"
"3531",13.5,1106,"1","1","MAT1_MAP1"
"3532",17,1356,"2","2","MAT2_MAP2"
"3533",13.3,1086,"1","1","MAT1_MAP1"
"3534",16.9,1349,"2","2","MAT2_MAP2"
"3535",13.4,1057,"1","1","MAT1_MAP1"
"3536",16.2,1280,"2","1","MAT2_MAP1"
"3537",13.8,1106,"1","1","MAT1_MAP1"
"3538",13.4,1078,"1","1","MAT1_MAP1"
"3539",13.3,1069,"1","1","MAT1_MAP1"
"3540",13.4,1100,"1","1","MAT1_MAP1"
"3541",14.7,1134,"2","1","MAT2_MAP1"
"3542",13.7,1106,"1","1","MAT1_MAP1"
"3543",13.4,1084,"1","1","MAT1_MAP1"
"3544",17,1367,"2","2","MAT2_MAP2"
"3545",13.2,1076,"1","1","MAT1_MAP1"
"3546",14.2,1108,"1","1","MAT1_MAP1"
"3547",13.4,1070,"1","1","MAT1_MAP1"
"3548",16.6,1322,"2","1","MAT2_MAP1"
"3549",13.4,1085,"1","1","MAT1_MAP1"
"3550",15.7,1200,"2","1","MAT2_MAP1"
"3551",13.2,1088,"1","1","MAT1_MAP1"
"3552",13.4,1088,"1","1","MAT1_MAP1"
"3553",13.4,1072,"1","1","MAT1_MAP1"
"3554",13.7,1114,"1","1","MAT1_MAP1"
"3555",16.8,1339,"2","2","MAT2_MAP2"
"3556",13.5,1091,"1","1","MAT1_MAP1"
"3557",17.2,1381,"2","2","MAT2_MAP2"
"3558",16.9,1350,"2","2","MAT2_MAP2"
"3559",13.6,1117,"1","1","MAT1_MAP1"
"3560",14,1109,"1","1","MAT1_MAP1"
"3561",17.2,1401,"2","2","MAT2_MAP2"
"3562",13.6,1093,"1","1","MAT1_MAP1"
"3563",16.7,1340,"2","2","MAT2_MAP2"
"3564",14.2,1114,"1","1","MAT1_MAP1"
"3565",13.1,1086,"1","1","MAT1_MAP1"
"3566",13.1,1091,"1","1","MAT1_MAP1"
"3567",13.9,1116,"1","1","MAT1_MAP1"
"3568",16.6,1324,"2","1","MAT2_MAP1"
"3569",13.6,1081,"1","1","MAT1_MAP1"
"3570",15.6,1182,"2","1","MAT2_MAP1"
"3571",16.2,1307,"2","1","MAT2_MAP1"
"3572",14.1,1124,"1","1","MAT1_MAP1"
"3573",17.2,1376,"2","2","MAT2_MAP2"
"3574",14.8,1127,"2","1","MAT2_MAP1"
"3575",15.3,1156,"2","1","MAT2_MAP1"
"3576",16.3,1295,"2","1","MAT2_MAP1"
"3577",16.1,1257,"2","1","MAT2_MAP1"
"3578",13.8,1118,"1","1","MAT1_MAP1"
"3579",15.9,1234,"2","1","MAT2_MAP1"
"3580",13.5,1111,"1","1","MAT1_MAP1"
"3581",16.4,1300,"2","1","MAT2_MAP1"
"3582",13.5,1085,"1","1","MAT1_MAP1"
"3583",13.6,1078,"1","1","MAT1_MAP1"
"3584",16.3,1292,"2","1","MAT2_MAP1"
"3585",13.6,1104,"1","1","MAT1_MAP1"
"3586",13.2,1083,"1","1","MAT1_MAP1"
"3587",14.1,1126,"1","1","MAT1_MAP1"
"3588",13.6,1109,"1","1","MAT1_MAP1"
"3589",14.6,1137,"1","1","MAT1_MAP1"
"3590",14.1,1125,"1","1","MAT1_MAP1"
"3591",15.1,1141,"2","1","MAT2_MAP1"
"3592",13.2,1084,"1","1","MAT1_MAP1"
"3593",13.3,1084,"1","1","MAT1_MAP1"
"3594",13.6,1113,"1","1","MAT1_MAP1"
"3595",14.7,1137,"2","1","MAT2_MAP1"
"3596",13.8,1090,"1","1","MAT1_MAP1"
"3597",13.7,1101,"1","1","MAT1_MAP1"
"3598",14.5,1133,"1","1","MAT1_MAP1"
"3599",14.2,1126,"1","1","MAT1_MAP1"
"3600",13.5,1090,"1","1","MAT1_MAP1"
"3601",13.1,1078,"1","1","MAT1_MAP1"
"3602",13.6,1096,"1","1","MAT1_MAP1"
"3603",13.1,1079,"1","1","MAT1_MAP1"
"3604",13.1,1084,"1","1","MAT1_MAP1"
"3605",14.9,1135,"2","1","MAT2_MAP1"
"3606",14,1112,"1","1","MAT1_MAP1"
"3607",15.9,1273,"2","1","MAT2_MAP1"
"3608",14.4,1117,"1","1","MAT1_MAP1"
"3609",16.7,1355,"2","2","MAT2_MAP2"
"3610",15.3,1154,"2","1","MAT2_MAP1"
"3611",15.5,1199,"2","1","MAT2_MAP1"
"3612",15.1,1142,"2","1","MAT2_MAP1"
"3613",14,1122,"1","1","MAT1_MAP1"
"3614",16.1,1290,"2","1","MAT2_MAP1"
"3615",15.5,1168,"2","1","MAT2_MAP1"
"3616",15.3,1155,"2","1","MAT2_MAP1"
"3617",13.1,1056,"1","1","MAT1_MAP1"
"3618",13.9,1117,"1","1","MAT1_MAP1"
"3619",13.8,1116,"1","1","MAT1_MAP1"
"3620",14.3,1117,"1","1","MAT1_MAP1"
"3621",14,1126,"1","1","MAT1_MAP1"
"3622",16.2,1319,"2","1","MAT2_MAP1"
"3623",14.4,1115,"1","1","MAT1_MAP1"
"3624",17,1376,"2","2","MAT2_MAP2"
"3625",16.7,1358,"2","2","MAT2_MAP2"
"3626",14.6,1126,"1","1","MAT1_MAP1"
"3627",13.9,1107,"1","1","MAT1_MAP1"
"3628",13.3,1074,"1","1","MAT1_MAP1"
"3629",16.8,1366,"2","2","MAT2_MAP2"
"3630",13.6,1085,"1","1","MAT1_MAP1"
"3631",15.2,1157,"2","1","MAT2_MAP1"
"3632",14.1,1119,"1","1","MAT1_MAP1"
"3633",16.1,1309,"2","1","MAT2_MAP1"
"3634",16.5,1342,"2","2","MAT2_MAP2"
"3635",16.4,1336,"2","2","MAT2_MAP2"
"3636",14.2,1123,"1","1","MAT1_MAP1"
"3637",14.9,1136,"2","1","MAT2_MAP1"
"3638",14.1,1117,"1","1","MAT1_MAP1"
"3639",15,1144,"2","1","MAT2_MAP1"
"3640",13.5,1080,"1","1","MAT1_MAP1"
"3641",14.8,1139,"2","1","MAT2_MAP1"
"3642",16.5,1347,"2","2","MAT2_MAP2"
"3643",15.6,1208,"2","1","MAT2_MAP1"
"3644",14.3,1128,"1","1","MAT1_MAP1"
"3645",17,1377,"2","2","MAT2_MAP2"
"3646",16.2,1316,"2","1","MAT2_MAP1"
"3647",14.4,1124,"1","1","MAT1_MAP1"
"3648",16.7,1356,"2","2","MAT2_MAP2"
"3649",14.1,1110,"1","1","MAT1_MAP1"
"3650",16.1,1299,"2","1","MAT2_MAP1"
"3651",14.3,1127,"1","1","MAT1_MAP1"
"3652",15,1157,"2","1","MAT2_MAP1"
"3653",16.5,1345,"2","2","MAT2_MAP2"
"3654",15.6,1211,"2","1","MAT2_MAP1"
"3655",16.1,1281,"2","1","MAT2_MAP1"
"3656",15.4,1184,"2","1","MAT2_MAP1"
"3657",15.5,1196,"2","1","MAT2_MAP1"
"3658",16.4,1339,"2","2","MAT2_MAP2"
"3659",14.2,1128,"1","1","MAT1_MAP1"
"3660",15.5,1209,"2","1","MAT2_MAP1"
"3661",16.2,1311,"2","1","MAT2_MAP1"
"3662",16.1,1308,"2","1","MAT2_MAP1"
"3663",14.3,1131,"1","1","MAT1_MAP1"
"3664",14.6,1131,"1","1","MAT1_MAP1"
"3665",15.7,1222,"2","1","MAT2_MAP1"
"3666",14.5,1134,"1","1","MAT1_MAP1"
"3667",13.7,1085,"1","1","MAT1_MAP1"
"3668",14.7,1151,"2","1","MAT2_MAP1"
"3669",15.2,1188,"2","1","MAT2_MAP1"
"3670",16.5,1346,"2","2","MAT2_MAP2"
"3671",15.9,1267,"2","1","MAT2_MAP1"
"3672",15.4,1199,"2","1","MAT2_MAP1"
"3673",15.3,1196,"2","1","MAT2_MAP1"
"3674",16.6,1353,"2","2","MAT2_MAP2"
"3675",15.5,1206,"2","1","MAT2_MAP1"
"3676",15.5,1201,"2","1","MAT2_MAP1"
"3677",13.9,1095,"1","1","MAT1_MAP1"
"3678",15,1171,"2","1","MAT2_MAP1"
"3679",15,1163,"2","1","MAT2_MAP1"
"3680",13.4,1073,"1","1","MAT1_MAP1"
"3681",14.9,1161,"2","1","MAT2_MAP1"
"3682",14.3,1132,"1","1","MAT1_MAP1"
"3683",14.6,1145,"1","1","MAT1_MAP1"
"3684",13.7,1078,"1","1","MAT1_MAP1"
"3685",16.9,1382,"2","2","MAT2_MAP2"
"3686",14.1,1102,"1","1","MAT1_MAP1"
"3687",14.2,1138,"1","1","MAT1_MAP1"
"3688",14,1088,"1","1","MAT1_MAP1"
"3689",14.3,1145,"1","1","MAT1_MAP1"
"3690",16.7,1366,"2","2","MAT2_MAP2"
"3691",14.7,1153,"2","1","MAT2_MAP1"
"3692",14.3,1143,"1","1","MAT1_MAP1"
"3693",14.5,1154,"1","1","MAT1_MAP1"
"3694",16.9,1383,"2","2","MAT2_MAP2"
"3695",15.2,1203,"2","1","MAT2_MAP1"
"3696",14.4,1140,"1","1","MAT1_MAP1"
"3697",14.4,1145,"1","1","MAT1_MAP1"
"3698",16.3,1319,"2","1","MAT2_MAP1"
"3699",13.7,1074,"1","1","MAT1_MAP1"
"3700",16.8,1379,"2","2","MAT2_MAP2"
"3701",13.7,1082,"1","1","MAT1_MAP1"
"3702",16.3,1307,"2","1","MAT2_MAP1"
"3703",16,1287,"2","1","MAT2_MAP1"
"3704",14.4,1113,"1","1","MAT1_MAP1"
"3705",14.6,1161,"1","1","MAT1_MAP1"
"3706",14.8,1171,"2","1","MAT2_MAP1"
"3707",14.5,1148,"1","1","MAT1_MAP1"
"3708",16.3,1312,"2","1","MAT2_MAP1"
"3709",14.5,1151,"1","1","MAT1_MAP1"
"3710",14.3,1133,"1","1","MAT1_MAP1"
"3711",15,1189,"2","1","MAT2_MAP1"
"3712",16.4,1322,"2","1","MAT2_MAP1"
"3713",15.6,1229,"2","1","MAT2_MAP1"
"3714",15.4,1212,"2","1","MAT2_MAP1"
"3715",16,1277,"2","1","MAT2_MAP1"
"3716",16.1,1293,"2","1","MAT2_MAP1"
"3717",14.6,1168,"1","1","MAT1_MAP1"
"3718",15,1196,"2","1","MAT2_MAP1"
"3719",14.1,1084,"1","1","MAT1_MAP1"
"3720",14.4,1151,"1","1","MAT1_MAP1"
"3721",14.6,1164,"1","1","MAT1_MAP1"
"3722",13.8,1074,"1","1","MAT1_MAP1"
"3723",16.1,1292,"2","1","MAT2_MAP1"
"3724",14.3,1139,"1","1","MAT1_MAP1"
"3725",16.7,1352,"2","2","MAT2_MAP2"
"3726",14.4,1128,"1","1","MAT1_MAP1"
"3727",16.3,1318,"2","1","MAT2_MAP1"
"3728",15,1192,"2","1","MAT2_MAP1"
"3729",14.3,1140,"1","1","MAT1_MAP1"
"3730",15.2,1216,"2","1","MAT2_MAP1"
"3731",14.2,1101,"1","1","MAT1_MAP1"
"3732",13.9,1084,"1","1","MAT1_MAP1"
"3733",15.8,1257,"2","1","MAT2_MAP1"
"3734",16.4,1321,"2","1","MAT2_MAP1"
"3735",16.5,1333,"2","1","MAT2_MAP1"
"3736",15.9,1274,"2","1","MAT2_MAP1"
"3737",13.9,1089,"1","1","MAT1_MAP1"
"3738",15.1,1213,"2","1","MAT2_MAP1"
"3739",17,1389,"2","2","MAT2_MAP2"
"3740",15.1,1207,"2","1","MAT2_MAP1"
"3741",14.1,1039,"1","1","MAT1_MAP1"
"3742",14.5,1155,"1","1","MAT1_MAP1"
"3743",14.3,1120,"1","1","MAT1_MAP1"
"3744",14.5,1159,"1","1","MAT1_MAP1"
"3745",16.9,1364,"2","2","MAT2_MAP2"
"3746",16.5,1331,"2","1","MAT2_MAP1"
"3747",14.2,1109,"1","1","MAT1_MAP1"
"3748",15.9,1280,"2","1","MAT2_MAP1"
"3749",16.3,1320,"2","1","MAT2_MAP1"
"3750",15,1204,"2","1","MAT2_MAP1"
"3751",16,1274,"2","1","MAT2_MAP1"
"3752",15.8,1261,"2","1","MAT2_MAP1"
"3753",14.8,1181,"2","1","MAT2_MAP1"
"3754",15.3,1221,"2","1","MAT2_MAP1"
"3755",15.9,1271,"2","1","MAT2_MAP1"
"3756",14.5,1165,"1","1","MAT1_MAP1"
"3757",14.4,1129,"1","1","MAT1_MAP1"
"3758",14.1,1064,"1","1","MAT1_MAP1"
"3759",15,1202,"2","1","MAT2_MAP1"
"3760",14.6,1159,"1","1","MAT1_MAP1"
"3761",14,1093,"1","1","MAT1_MAP1"
"3762",14.9,1192,"2","1","MAT2_MAP1"
"3763",13.9,1069,"1","1","MAT1_MAP1"
"3764",15,1207,"2","1","MAT2_MAP1"
"3765",16.1,1294,"2","1","MAT2_MAP1"
"3766",14.5,1141,"1","1","MAT1_MAP1"
"3767",15.6,1242,"2","1","MAT2_MAP1"
"3768",14.7,1179,"2","1","MAT2_MAP1"
"3769",16.1,1287,"2","1","MAT2_MAP1"
"3770",14.8,1188,"2","1","MAT2_MAP1"
"3771",15.8,1272,"2","1","MAT2_MAP1"
"3772",15.4,1236,"2","1","MAT2_MAP1"
"3773",16.7,1351,"2","2","MAT2_MAP2"
"3774",14.1,1098,"1","1","MAT1_MAP1"
"3775",14.8,1194,"2","1","MAT2_MAP1"
"3776",14.3,1125,"1","1","MAT1_MAP1"
"3777",14.7,1194,"2","1","MAT2_MAP1"
"3778",14.1,1090,"1","1","MAT1_MAP1"
"3779",14.9,1196,"2","1","MAT2_MAP1"
"3780",14.9,1201,"2","1","MAT2_MAP1"
"3781",14.1,1106,"1","1","MAT1_MAP1"
"3782",15.7,1268,"2","1","MAT2_MAP1"
"3783",14.9,1198,"2","1","MAT2_MAP1"
"3784",16.2,1302,"2","1","MAT2_MAP1"
"3785",16.4,1320,"2","1","MAT2_MAP1"
"3786",16.2,1296,"2","1","MAT2_MAP1"
"3787",14.5,1137,"1","1","MAT1_MAP1"
"3788",14.1,1100,"1","1","MAT1_MAP1"
"3789",14.8,1201,"2","1","MAT2_MAP1"
"3790",14.2,1077,"1","1","MAT1_MAP1"
"3791",14.1,1107,"1","1","MAT1_MAP1"
"3792",16.8,1361,"2","2","MAT2_MAP2"
"3793",14.8,1200,"2","1","MAT2_MAP1"
"3794",14.5,1130,"1","1","MAT1_MAP1"
"3795",16.9,1389,"2","2","MAT2_MAP2"
"3796",14,1084,"1","1","MAT1_MAP1"
"3797",14.8,1203,"2","1","MAT2_MAP1"
"3798",15.8,1271,"2","1","MAT2_MAP1"
"3799",14.9,1204,"2","1","MAT2_MAP1"
"3800",16.8,1367,"2","2","MAT2_MAP2"
"3801",14.2,1111,"1","1","MAT1_MAP1"
"3802",14.9,1212,"2","1","MAT2_MAP1"
"3803",14.6,1136,"1","1","MAT1_MAP1"
"3804",14.6,1119,"1","1","MAT1_MAP1"
"3805",15.4,1225,"2","1","MAT2_MAP1"
"3806",15.8,1263,"2","1","MAT2_MAP1"
"3807",16.9,1394,"2","2","MAT2_MAP2"
"3808",14.8,1208,"2","1","MAT2_MAP1"
"3809",14,1074,"1","1","MAT1_MAP1"
"3810",17,1403,"2","2","MAT2_MAP2"
"3811",14.8,1197,"2","1","MAT2_MAP1"
"3812",16.1,1295,"2","1","MAT2_MAP1"
"3813",15,1217,"2","1","MAT2_MAP1"
"3814",15,1209,"2","1","MAT2_MAP1"
"3815",14.7,1110,"2","1","MAT2_MAP1"
"3816",15.5,1241,"2","1","MAT2_MAP1"
"3817",16.9,1392,"2","2","MAT2_MAP2"
"3818",16.8,1370,"2","2","MAT2_MAP2"
"3819",16.4,1333,"2","1","MAT2_MAP1"
"3820",14.1,1080,"1","1","MAT1_MAP1"
"3821",15.5,1239,"2","1","MAT2_MAP1"
"3822",14.1,1082,"1","1","MAT1_MAP1"
"3823",15.5,1229,"2","1","MAT2_MAP1"
"3824",16.2,1309,"2","1","MAT2_MAP1"
"3825",15.8,1269,"2","1","MAT2_MAP1"
"3826",16.9,1404,"2","2","MAT2_MAP2"
"3827",15.4,1224,"2","1","MAT2_MAP1"
"3828",15.7,1250,"2","1","MAT2_MAP1"
"3829",14.2,1083,"1","1","MAT1_MAP1"
"3830",14.7,1112,"2","1","MAT2_MAP1"
"3831",16.3,1323,"2","1","MAT2_MAP1"
"3832",15.6,1241,"2","1","MAT2_MAP1"
"3833",14.3,1078,"1","1","MAT1_MAP1"
"3834",14.6,1109,"1","1","MAT1_MAP1"
"3835",14.3,1069,"1","1","MAT1_MAP1"
"3836",15.7,1245,"2","1","MAT2_MAP1"
"3837",14.5,1100,"1","1","MAT1_MAP1"
"3838",14.4,1062,"1","1","MAT1_MAP1"
"3839",15.4,1216,"2","1","MAT2_MAP1"
"3840",14.6,1102,"1","1","MAT1_MAP1"
"3841",14.7,1101,"2","1","MAT2_MAP1"
"3842",16.3,1306,"2","1","MAT2_MAP1"
"3843",16.2,1288,"2","1","MAT2_MAP1"
"3844",14.8,1073,"2","1","MAT2_MAP1"
"3845",14.4,1038,"1","1","MAT1_MAP1"
"3846",14.3,1022,"1","1","MAT1_MAP1"
"3847",14.4,1039,"1","1","MAT1_MAP1"
"3848",14.2,1030,"1","1","MAT1_MAP1"
"3849",14.3,1034,"1","1","MAT1_MAP1"
"3850",14.2,1027,"1","1","MAT1_MAP1"
"3851",14,1021,"1","1","MAT1_MAP1"
"3852",13.8,1021,"1","1","MAT1_MAP1"
"3853",13.7,1023,"1","1","MAT1_MAP1"
"3854",21.8,2251,"3","3","MAT3_MAP3"
"3855",16.2,2298,"2","3","MAT2_MAP3"
"3856",15.6,2365,"2","3","MAT2_MAP3"
"3857",15.5,2298,"2","3","MAT2_MAP3"
"3858",16.2,2190,"2","3","MAT2_MAP3"
"3859",15.8,2234,"2","3","MAT2_MAP3"
"3860",14.8,2169,"2","3","MAT2_MAP3"
"3861",14.2,2162,"1","3","MAT1_MAP3"
"3862",13.5,2154,"1","3","MAT1_MAP3"
"3863",14.3,2131,"1","3","MAT1_MAP3"
"3864",14,2134,"1","3","MAT1_MAP3"
"3865",14.8,2109,"2","3","MAT2_MAP3"
"3866",13.9,1888,"1","3","MAT1_MAP3"
"3867",14.2,1838,"1","3","MAT1_MAP3"
"3868",14.6,1739,"1","3","MAT1_MAP3"
"3869",14.3,1746,"1","3","MAT1_MAP3"
"3870",14.5,2213,"1","3","MAT1_MAP3"
"3871",15.7,2054,"2","3","MAT2_MAP3"
"3872",15.5,2059,"2","3","MAT2_MAP3"
"3873",16.8,1962,"2","3","MAT2_MAP3"
"3874",15.5,2144,"2","3","MAT2_MAP3"
"3875",16,2061,"2","3","MAT2_MAP3"
"3876",14.6,2314,"1","3","MAT1_MAP3"
"3877",15.9,2052,"2","3","MAT2_MAP3"
"3878",14.7,2136,"2","3","MAT2_MAP3"
"3879",14.7,2303,"2","3","MAT2_MAP3"
"3880",14.2,2371,"1","3","MAT1_MAP3"
"3881",14,2279,"1","3","MAT1_MAP3"
"3882",15.3,2010,"2","3","MAT2_MAP3"
"3883",14,2216,"1","3","MAT1_MAP3"
"3884",15.5,2028,"2","3","MAT2_MAP3"
"3885",16,1937,"2","3","MAT2_MAP3"
"3886",16.3,1882,"2","3","MAT2_MAP3"
"3887",15.7,1900,"2","3","MAT2_MAP3"
"3888",16.1,2003,"2","3","MAT2_MAP3"
"3889",14.9,2271,"2","3","MAT2_MAP3"
"3890",15.6,1961,"2","3","MAT2_MAP3"
"3891",16,1900,"2","3","MAT2_MAP3"
"3892",15.8,1922,"2","3","MAT2_MAP3"
"3893",15.5,2011,"2","3","MAT2_MAP3"
"3894",15.8,1932,"2","3","MAT2_MAP3"
"3895",16.3,1851,"2","3","MAT2_MAP3"
"3896",15.7,1947,"2","3","MAT2_MAP3"
"3897",16.2,1891,"2","3","MAT2_MAP3"
"3898",14.9,2179,"2","3","MAT2_MAP3"
"3899",14,2386,"1","3","MAT1_MAP3"
"3900",13.4,2460,"1","3","MAT1_MAP3"
"3901",15.1,2077,"2","3","MAT2_MAP3"
"3902",16.1,1878,"2","3","MAT2_MAP3"
"3903",15.7,1935,"2","3","MAT2_MAP3"
"3904",16,1877,"2","3","MAT2_MAP3"
"3905",16.7,2235,"2","3","MAT2_MAP3"
"3906",16.6,2231,"2","3","MAT2_MAP3"
"3907",15.5,2394,"2","3","MAT2_MAP3"
"3908",15.9,1905,"2","3","MAT2_MAP3"
"3909",13.9,2154,"1","3","MAT1_MAP3"
"3910",16.6,2178,"2","3","MAT2_MAP3"
"3911",16,2264,"2","3","MAT2_MAP3"
"3912",14.4,2242,"1","3","MAT1_MAP3"
"3913",15.7,1929,"2","3","MAT2_MAP3"
"3914",13.2,2266,"1","3","MAT1_MAP3"
"3915",14.6,2251,"1","3","MAT1_MAP3"
"3916",13.4,2492,"1","3","MAT1_MAP3"
"3917",15.1,2089,"2","3","MAT2_MAP3"
"3918",13.4,2260,"1","3","MAT1_MAP3"
"3919",15.9,1928,"2","3","MAT2_MAP3"
"3920",12,2521,"1","3","MAT1_MAP3"
"3921",13.5,2204,"1","3","MAT1_MAP3"
"3922",12.7,2309,"1","3","MAT1_MAP3"
"3923",14.3,2608,"1","3","MAT1_MAP3"
"3924",16.4,2122,"2","3","MAT2_MAP3"
"3925",16.5,2532,"2","3","MAT2_MAP3"
"3926",15.7,2124,"2","3","MAT2_MAP3"
"3927",14.3,2115,"1","3","MAT1_MAP3"
"3928",13.4,2218,"1","3","MAT1_MAP3"
"3929",12.2,2391,"1","3","MAT1_MAP3"
"3930",16.6,2097,"2","3","MAT2_MAP3"
"3931",15.8,2026,"2","3","MAT2_MAP3"
"3932",14.2,2129,"1","3","MAT1_MAP3"
"3933",14.9,2011,"2","3","MAT2_MAP3"
"3934",14.3,2063,"1","3","MAT1_MAP3"
"3935",12.2,2387,"1","3","MAT1_MAP3"
"3936",16,1792,"2","3","MAT2_MAP3"
"3937",15.9,1762,"2","3","MAT2_MAP3"
"3938",15.3,2617,"2","3","MAT2_MAP3"
"3939",16.7,2344,"2","3","MAT2_MAP3"
"3940",15.4,2291,"2","3","MAT2_MAP3"
"3941",15.8,2090,"2","3","MAT2_MAP3"
"3942",13.9,2573,"1","3","MAT1_MAP3"
"3943",11.4,3075,"1","3","MAT1_MAP3"
"3944",15.3,1942,"2","3","MAT2_MAP3"
"3945",13.5,2203,"1","3","MAT1_MAP3"
"3946",12.9,2276,"1","3","MAT1_MAP3"
"3947",15.1,1903,"2","3","MAT2_MAP3"
"3948",17.7,2329,"3","3","MAT3_MAP3"
"3949",16.1,2386,"2","3","MAT2_MAP3"
"3950",15,2262,"2","3","MAT2_MAP3"
"3951",13.7,2605,"1","3","MAT1_MAP3"
"3952",15.1,1888,"2","3","MAT2_MAP3"
"3953",17.4,2369,"3","3","MAT3_MAP3"
"3954",17.1,2360,"2","3","MAT2_MAP3"
"3955",16.5,2340,"2","3","MAT2_MAP3"
"3956",14.9,2591,"2","3","MAT2_MAP3"
"3957",12.3,2411,"1","3","MAT1_MAP3"
"3958",14.3,2010,"1","3","MAT1_MAP3"
"3959",16.1,2504,"2","3","MAT2_MAP3"
"3960",15.8,2452,"2","3","MAT2_MAP3"
"3961",12.6,3043,"1","3","MAT1_MAP3"
"3962",16.4,2228,"2","3","MAT2_MAP3"
"3963",16.4,2094,"2","3","MAT2_MAP3"
"3964",16.8,2460,"2","3","MAT2_MAP3"
"3965",17.4,2368,"3","3","MAT3_MAP3"
"3966",16.5,2483,"2","3","MAT2_MAP3"
"3967",17.2,2358,"2","3","MAT2_MAP3"
"3968",15.3,2443,"2","3","MAT2_MAP3"
"3969",14.6,2566,"1","3","MAT1_MAP3"
"3970",12.5,2380,"1","3","MAT1_MAP3"
"3971",16.7,2467,"2","3","MAT2_MAP3"
"3972",15.6,2579,"2","3","MAT2_MAP3"
"3973",14.6,3306,"1","3","MAT1_MAP3"
"3974",16,3179,"2","3","MAT2_MAP3"
"3975",15.5,1881,"2","3","MAT2_MAP3"
"3976",11.4,2550,"1","3","MAT1_MAP3"
"3977",13.2,2237,"1","3","MAT1_MAP3"
"3978",17.2,2405,"2","3","MAT2_MAP3"
"3979",16.7,2476,"2","3","MAT2_MAP3"
"3980",16,2575,"2","3","MAT2_MAP3"
"3981",15.6,2643,"2","3","MAT2_MAP3"
"3982",16.2,2527,"2","3","MAT2_MAP3"
"3983",16.3,2469,"2","3","MAT2_MAP3"
"3984",15.5,2407,"2","3","MAT2_MAP3"
"3985",14.6,2584,"1","3","MAT1_MAP3"
"3986",15.4,2366,"2","3","MAT2_MAP3"
"3987",15.9,2263,"2","3","MAT2_MAP3"
"3988",17.7,3182,"3","3","MAT3_MAP3"
"3989",14.7,1972,"2","3","MAT2_MAP3"
"3990",14.2,2046,"1","3","MAT1_MAP3"
"3991",16.2,2567,"2","3","MAT2_MAP3"
"3992",16.4,2532,"2","3","MAT2_MAP3"
"3993",15.1,2737,"2","3","MAT2_MAP3"
"3994",15.7,2554,"2","3","MAT2_MAP3"
"3995",15.9,2495,"2","3","MAT2_MAP3"
"3996",13.4,2843,"1","3","MAT1_MAP3"
"3997",15.2,2430,"2","3","MAT2_MAP3"
"3998",13.8,2734,"1","3","MAT1_MAP3"
"3999",16,2233,"2","3","MAT2_MAP3"
"4000",17.5,3149,"3","3","MAT3_MAP3"
"4001",14.8,2600,"2","3","MAT2_MAP3"
"4002",15.2,2484,"2","3","MAT2_MAP3"
"4003",14,2695,"1","3","MAT1_MAP3"
"4004",16,2209,"2","3","MAT2_MAP3"
"4005",15.1,2375,"2","3","MAT2_MAP3"
"4006",15.6,2265,"2","3","MAT2_MAP3"
"4007",16.7,2481,"2","3","MAT2_MAP3"
"4008",16,2596,"2","3","MAT2_MAP3"
"4009",17.5,2397,"3","3","MAT3_MAP3"
"4010",14.4,2747,"1","3","MAT1_MAP3"
"4011",15,2555,"2","3","MAT2_MAP3"
"4012",15.3,2493,"2","3","MAT2_MAP3"
"4013",14.6,2609,"1","3","MAT1_MAP3"
"4014",13.7,2787,"1","3","MAT1_MAP3"
"4015",13.9,2697,"1","3","MAT1_MAP3"
"4016",14.4,2575,"1","3","MAT1_MAP3"
"4017",15.4,2326,"2","3","MAT2_MAP3"
"4018",15.4,2316,"2","3","MAT2_MAP3"
"4019",15.2,2325,"2","3","MAT2_MAP3"
"4020",15.5,2158,"2","3","MAT2_MAP3"
"4021",15.2,1991,"2","3","MAT2_MAP3"
"4022",14.2,1948,"1","3","MAT1_MAP3"
"4023",13.7,3426,"1","3","MAT1_MAP3"
"4024",17.9,2353,"3","3","MAT3_MAP3"
"4025",16.1,2471,"2","3","MAT2_MAP3"
"4026",16.2,2436,"2","3","MAT2_MAP3"
"4027",14,2832,"1","3","MAT1_MAP3"
"4028",15.4,2272,"2","3","MAT2_MAP3"
"4029",15.5,2250,"2","3","MAT2_MAP3"
"4030",16.4,1858,"2","3","MAT2_MAP3"
"4031",15.3,1961,"2","3","MAT2_MAP3"
"4032",14.4,2073,"1","3","MAT1_MAP3"
"4033",13.6,2211,"1","3","MAT1_MAP3"
"4034",15.6,1786,"2","3","MAT2_MAP3"
"4035",17.8,3326,"3","3","MAT3_MAP3"
"4036",14.7,2700,"2","3","MAT2_MAP3"
"4037",15.3,2457,"2","3","MAT2_MAP3"
"4038",12.4,3067,"1","3","MAT1_MAP3"
"4039",14.6,2526,"1","3","MAT1_MAP3"
"4040",13.5,2796,"1","3","MAT1_MAP3"
"4041",14.2,2561,"1","3","MAT1_MAP3"
"4042",15.1,2016,"2","3","MAT2_MAP3"
"4043",14.7,2065,"2","3","MAT2_MAP3"
"4044",14.2,2016,"1","3","MAT1_MAP3"
"4045",14.1,2020,"1","3","MAT1_MAP3"
"4046",14.4,1937,"1","3","MAT1_MAP3"
"4047",15.7,2539,"2","3","MAT2_MAP3"
"4048",15.1,2628,"2","3","MAT2_MAP3"
"4049",13.3,2894,"1","3","MAT1_MAP3"
"4050",12.6,3039,"1","3","MAT1_MAP3"
"4051",13.4,2847,"1","3","MAT1_MAP3"
"4052",13.8,2746,"1","3","MAT1_MAP3"
"4053",12.5,2996,"1","3","MAT1_MAP3"
"4054",14.9,2385,"2","3","MAT2_MAP3"
"4055",15.6,2224,"2","3","MAT2_MAP3"
"4056",14.6,2272,"1","3","MAT1_MAP3"
"4057",16,1884,"2","3","MAT2_MAP3"
"4058",16.2,2492,"2","3","MAT2_MAP3"
"4059",15.4,2547,"2","3","MAT2_MAP3"
"4060",15.1,2568,"2","3","MAT2_MAP3"
"4061",13.1,2881,"1","3","MAT1_MAP3"
"4062",13.4,2781,"1","3","MAT1_MAP3"
"4063",15.2,2322,"2","3","MAT2_MAP3"
"4064",15,2357,"2","3","MAT2_MAP3"
"4065",14.3,2136,"1","3","MAT1_MAP3"
"4066",14.2,2147,"1","3","MAT1_MAP3"
"4067",14.5,1977,"1","3","MAT1_MAP3"
"4068",14.9,1902,"2","3","MAT2_MAP3"
"4069",15.9,2530,"2","3","MAT2_MAP3"
"4070",15.9,2507,"2","3","MAT2_MAP3"
"4071",15.7,2527,"2","3","MAT2_MAP3"
"4072",15.5,2511,"2","3","MAT2_MAP3"
"4073",14.5,2659,"1","3","MAT1_MAP3"
"4074",13.2,2947,"1","3","MAT1_MAP3"
"4075",14.8,2535,"2","3","MAT2_MAP3"
"4076",13.5,2793,"1","3","MAT1_MAP3"
"4077",12.3,2998,"1","3","MAT1_MAP3"
"4078",13.6,2678,"1","3","MAT1_MAP3"
"4079",15.1,2321,"2","3","MAT2_MAP3"
"4080",15.7,2154,"2","3","MAT2_MAP3"
"4081",14.4,2181,"1","3","MAT1_MAP3"
"4082",13.1,2427,"1","3","MAT1_MAP3"
"4083",13.6,2256,"1","3","MAT1_MAP3"
"4084",14.7,2051,"2","3","MAT2_MAP3"
"4085",14.5,2050,"1","3","MAT1_MAP3"
"4086",12.9,2322,"1","3","MAT1_MAP3"
"4087",13.6,2106,"1","3","MAT1_MAP3"
"4088",17.3,2376,"2","3","MAT2_MAP3"
"4089",11.8,3094,"1","3","MAT1_MAP3"
"4090",12.5,2935,"1","3","MAT1_MAP3"
"4091",12.9,2830,"1","3","MAT1_MAP3"
"4092",15.2,2277,"2","3","MAT2_MAP3"
"4093",14.7,2361,"2","3","MAT2_MAP3"
"4094",15,2047,"2","3","MAT2_MAP3"
"4095",13.4,2325,"1","3","MAT1_MAP3"
"4096",12.3,2529,"1","3","MAT1_MAP3"
"4097",13.8,2200,"1","3","MAT1_MAP3"
"4098",12.8,2345,"1","3","MAT1_MAP3"
"4099",13.7,2170,"1","3","MAT1_MAP3"
"4100",14.4,1917,"1","3","MAT1_MAP3"
"4101",14.8,1871,"2","3","MAT2_MAP3"
"4102",16.2,2605,"2","3","MAT2_MAP3"
"4103",15,2832,"2","3","MAT2_MAP3"
"4104",15.2,2801,"2","3","MAT2_MAP3"
"4105",17.7,2354,"3","3","MAT3_MAP3"
"4106",16.1,2516,"2","3","MAT2_MAP3"
"4107",15.7,2567,"2","3","MAT2_MAP3"
"4108",13.3,3004,"1","3","MAT1_MAP3"
"4109",15.1,2471,"2","3","MAT2_MAP3"
"4110",13,2915,"1","3","MAT1_MAP3"
"4111",16.6,2529,"2","3","MAT2_MAP3"
"4112",17,2497,"2","3","MAT2_MAP3"
"4113",15.8,2684,"2","3","MAT2_MAP3"
"4114",15.6,2719,"2","3","MAT2_MAP3"
"4115",15.5,2718,"2","3","MAT2_MAP3"
"4116",16.2,2543,"2","3","MAT2_MAP3"
"4117",15.7,2616,"2","3","MAT2_MAP3"
"4118",11.6,3272,"1","3","MAT1_MAP3"
"4119",10.6,3399,"1","3","MAT1_MAP3"
"4120",13.6,2902,"1","3","MAT1_MAP3"
"4121",13,3009,"1","3","MAT1_MAP3"
"4122",14.5,2670,"1","3","MAT1_MAP3"
"4123",15.2,2451,"2","3","MAT2_MAP3"
"4124",14.7,2522,"2","3","MAT2_MAP3"
"4125",13.8,2711,"1","3","MAT1_MAP3"
"4126",10.8,3259,"1","3","MAT1_MAP3"
"4127",10.9,3226,"1","3","MAT1_MAP3"
"4128",13.6,2672,"1","3","MAT1_MAP3"
"4129",14,2555,"1","3","MAT1_MAP3"
"4130",14.2,2199,"1","3","MAT1_MAP3"
"4131",11.3,2749,"1","3","MAT1_MAP3"
"4132",13.7,2219,"1","3","MAT1_MAP3"
"4133",12,2531,"1","3","MAT1_MAP3"
"4134",13.3,2224,"1","3","MAT1_MAP3"
"4135",12.5,2289,"1","3","MAT1_MAP3"
"4136",13,2180,"1","3","MAT1_MAP3"
"4137",13.7,2060,"1","3","MAT1_MAP3"
"4138",14,1999,"1","3","MAT1_MAP3"
"4139",17.3,2460,"2","3","MAT2_MAP3"
"4140",14.9,2787,"2","3","MAT2_MAP3"
"4141",12.1,3197,"1","3","MAT1_MAP3"
"4142",13.5,2913,"1","3","MAT1_MAP3"
"4143",13.5,2899,"1","3","MAT1_MAP3"
"4144",12.3,3065,"1","3","MAT1_MAP3"
"4145",11.9,3118,"1","3","MAT1_MAP3"
"4146",13.7,2731,"1","3","MAT1_MAP3"
"4147",10.6,3265,"1","3","MAT1_MAP3"
"4148",10.9,3200,"1","3","MAT1_MAP3"
"4149",15.2,2283,"2","3","MAT2_MAP3"
"4150",13.9,2506,"1","3","MAT1_MAP3"
"4151",14.9,2212,"2","3","MAT2_MAP3"
"4152",14.6,2124,"1","3","MAT1_MAP3"
"4153",12.7,2471,"1","3","MAT1_MAP3"
"4154",11.5,2662,"1","3","MAT1_MAP3"
"4155",11.7,2605,"1","3","MAT1_MAP3"
"4156",12.6,2382,"1","3","MAT1_MAP3"
"4157",14.6,1972,"1","3","MAT1_MAP3"
"4158",13.9,2027,"1","3","MAT1_MAP3"
"4159",14,1996,"1","3","MAT1_MAP3"
"4160",14.2,1962,"1","3","MAT1_MAP3"
"4161",14.3,1914,"1","3","MAT1_MAP3"
"4162",17.4,2417,"3","3","MAT3_MAP3"
"4163",14.6,2911,"1","3","MAT1_MAP3"
"4164",17.5,2417,"3","3","MAT3_MAP3"
"4165",15.9,2661,"2","3","MAT2_MAP3"
"4166",15.7,2677,"2","3","MAT2_MAP3"
"4167",13.3,2989,"1","3","MAT1_MAP3"
"4168",11.5,3250,"1","3","MAT1_MAP3"
"4169",15.6,2337,"2","3","MAT2_MAP3"
"4170",15.4,2334,"2","3","MAT2_MAP3"
"4171",12.2,3085,"1","3","MAT1_MAP3"
"4172",9.8,3372,"1","3","MAT1_MAP3"
"4173",15.2,2267,"2","3","MAT2_MAP3"
"4174",13.3,2629,"1","3","MAT1_MAP3"
"4175",13.9,2450,"1","3","MAT1_MAP3"
"4176",13.3,2559,"1","3","MAT1_MAP3"
"4177",12.2,2587,"1","3","MAT1_MAP3"
"4178",11.9,2622,"1","3","MAT1_MAP3"
"4179",12.9,2361,"1","3","MAT1_MAP3"
"4180",11.2,2697,"1","3","MAT1_MAP3"
"4181",12.2,2456,"1","3","MAT1_MAP3"
"4182",12.8,2308,"1","3","MAT1_MAP3"
"4183",14.5,2012,"1","3","MAT1_MAP3"
"4184",14.5,1981,"1","3","MAT1_MAP3"
"4185",11.9,2379,"1","3","MAT1_MAP3"
"4186",11.9,2357,"1","3","MAT1_MAP3"
"4187",13.8,2029,"1","3","MAT1_MAP3"
"4188",13.6,2050,"1","3","MAT1_MAP3"
"4189",13.6,2027,"1","3","MAT1_MAP3"
"4190",14.1,2472,"1","3","MAT1_MAP3"
"4191",11.9,2872,"1","3","MAT1_MAP3"
"4192",13.5,2394,"1","3","MAT1_MAP3"
"4193",11.9,2652,"1","3","MAT1_MAP3"
"4194",13,2382,"1","3","MAT1_MAP3"
"4195",12,2569,"1","3","MAT1_MAP3"
"4196",12.9,2297,"1","3","MAT1_MAP3"
"4197",13.5,2169,"1","3","MAT1_MAP3"
"4198",14.5,1998,"1","3","MAT1_MAP3"
"4199",15.4,1868,"2","3","MAT2_MAP3"
"4200",14.4,1977,"1","3","MAT1_MAP3"
"4201",13.2,2093,"1","3","MAT1_MAP3"
"4202",15.3,1766,"2","3","MAT2_MAP3"
"4203",15.7,1716,"2","3","MAT2_MAP3"
"4204",14.2,1906,"1","3","MAT1_MAP3"
"4205",15.1,1772,"2","3","MAT2_MAP3"
"4206",14.5,1821,"1","3","MAT1_MAP3"
"4207",15.6,2753,"2","3","MAT2_MAP3"
"4208",16.2,2627,"2","3","MAT2_MAP3"
"4209",17.2,2438,"2","3","MAT2_MAP3"
"4210",16.7,2523,"2","3","MAT2_MAP3"
"4211",15.8,2677,"2","3","MAT2_MAP3"
"4212",15.6,2698,"2","3","MAT2_MAP3"
"4213",15.4,2697,"2","3","MAT2_MAP3"
"4214",13.3,3001,"1","3","MAT1_MAP3"
"4215",13,3045,"1","3","MAT1_MAP3"
"4216",13.8,2864,"1","3","MAT1_MAP3"
"4217",14,2805,"1","3","MAT1_MAP3"
"4218",13.4,2876,"1","3","MAT1_MAP3"
"4219",10.5,3326,"1","3","MAT1_MAP3"
"4220",9.6,3397,"1","3","MAT1_MAP3"
"4221",9.4,3403,"1","3","MAT1_MAP3"
"4222",11.6,3052,"1","3","MAT1_MAP3"
"4223",13.2,1975,"1","3","MAT1_MAP3"
"4224",15.1,1764,"2","3","MAT2_MAP3"
"4225",14.6,1783,"1","3","MAT1_MAP3"
"4226",18.7,2609,"3","3","MAT3_MAP3"
"4227",17.5,2424,"3","3","MAT3_MAP3"
"4228",14.4,2959,"1","3","MAT1_MAP3"
"4229",16.8,2472,"2","3","MAT2_MAP3"
"4230",16.3,2592,"2","3","MAT2_MAP3"
"4231",16.2,2619,"2","3","MAT2_MAP3"
"4232",16,2637,"2","3","MAT2_MAP3"
"4233",15.7,2668,"2","3","MAT2_MAP3"
"4234",16.2,2538,"2","3","MAT2_MAP3"
"4235",15.6,2618,"2","3","MAT2_MAP3"
"4236",14.6,2799,"1","3","MAT1_MAP3"
"4237",13.7,2929,"1","3","MAT1_MAP3"
"4238",15.3,2467,"2","3","MAT2_MAP3"
"4239",13.8,2815,"1","3","MAT1_MAP3"
"4240",11.1,3222,"1","3","MAT1_MAP3"
"4241",8.1,3547,"1","3","MAT1_MAP3"
"4242",8.2,3530,"1","3","MAT1_MAP3"
"4243",13.7,2551,"1","3","MAT1_MAP3"
"4244",12.4,2767,"1","3","MAT1_MAP3"
"4245",14,2321,"1","3","MAT1_MAP3"
"4246",10.8,2916,"1","3","MAT1_MAP3"
"4247",11.2,2791,"1","3","MAT1_MAP3"
"4248",12.2,2541,"1","3","MAT1_MAP3"
"4249",12.3,2480,"1","3","MAT1_MAP3"
"4250",12.7,2369,"1","3","MAT1_MAP3"
"4251",13.5,2166,"1","3","MAT1_MAP3"
"4252",14.9,1927,"2","3","MAT2_MAP3"
"4253",14.9,1908,"2","3","MAT2_MAP3"
"4254",13.6,2083,"1","3","MAT1_MAP3"
"4255",12.2,2325,"1","3","MAT1_MAP3"
"4256",14.7,1807,"2","3","MAT2_MAP3"
"4257",14.4,2963,"1","3","MAT1_MAP3"
"4258",16.9,2457,"2","3","MAT2_MAP3"
"4259",16.7,2486,"2","3","MAT2_MAP3"
"4260",16.2,2621,"2","3","MAT2_MAP3"
"4261",16,2639,"2","3","MAT2_MAP3"
"4262",15.9,2632,"2","3","MAT2_MAP3"
"4263",16,2589,"2","3","MAT2_MAP3"
"4264",14.2,2855,"1","3","MAT1_MAP3"
"4265",13.5,2909,"1","3","MAT1_MAP3"
"4266",11.7,3182,"1","3","MAT1_MAP3"
"4267",11.5,2829,"1","3","MAT1_MAP3"
"4268",13,2466,"1","3","MAT1_MAP3"
"4269",12.3,2567,"1","3","MAT1_MAP3"
"4270",12.7,2383,"1","3","MAT1_MAP3"
"4271",13.1,2277,"1","3","MAT1_MAP3"
"4272",13.8,2135,"1","3","MAT1_MAP3"
"4273",14.5,1911,"1","3","MAT1_MAP3"
"4274",12.8,2163,"1","3","MAT1_MAP3"
"4275",11.8,2330,"1","3","MAT1_MAP3"
"4276",12.2,2244,"1","3","MAT1_MAP3"
"4277",14,1933,"1","3","MAT1_MAP3"
"4278",15.5,2782,"2","3","MAT2_MAP3"
"4279",17,2422,"2","3","MAT2_MAP3"
"4280",16.5,2547,"2","3","MAT2_MAP3"
"4281",16.1,2653,"2","3","MAT2_MAP3"
"4282",16.2,2615,"2","3","MAT2_MAP3"
"4283",16,2618,"2","3","MAT2_MAP3"
"4284",14.2,2930,"1","3","MAT1_MAP3"
"4285",13.9,2967,"1","3","MAT1_MAP3"
"4286",13.7,2966,"1","3","MAT1_MAP3"
"4287",11.1,3294,"1","3","MAT1_MAP3"
"4288",11,3278,"1","3","MAT1_MAP3"
"4289",12.7,2955,"1","3","MAT1_MAP3"
"4290",12,3063,"1","3","MAT1_MAP3"
"4291",11.7,3085,"1","3","MAT1_MAP3"
"4292",11,3150,"1","3","MAT1_MAP3"
"4293",11.1,3020,"1","3","MAT1_MAP3"
"4294",11.9,2618,"1","3","MAT1_MAP3"
"4295",13,2333,"1","3","MAT1_MAP3"
"4296",13.2,2238,"1","3","MAT1_MAP3"
"4297",12.3,2410,"1","3","MAT1_MAP3"
"4298",11.9,2460,"1","3","MAT1_MAP3"
"4299",12.8,2226,"1","3","MAT1_MAP3"
"4300",13.5,2079,"1","3","MAT1_MAP3"
"4301",14.6,1828,"1","3","MAT1_MAP3"
"4302",13.1,1948,"1","3","MAT1_MAP3"
"4303",14,1855,"1","3","MAT1_MAP3"
"4304",13.5,1885,"1","3","MAT1_MAP3"
"4305",16,2692,"2","3","MAT2_MAP3"
"4306",15.8,2737,"2","3","MAT2_MAP3"
"4307",14.7,2926,"2","3","MAT2_MAP3"
"4308",14.9,2858,"2","3","MAT2_MAP3"
"4309",13.4,3034,"1","3","MAT1_MAP3"
"4310",11.4,3243,"1","3","MAT1_MAP3"
"4311",9.9,3410,"1","3","MAT1_MAP3"
"4312",11.2,3235,"1","3","MAT1_MAP3"
"4313",13.4,2860,"1","3","MAT1_MAP3"
"4314",9.2,3423,"1","3","MAT1_MAP3"
"4315",10.7,3219,"1","3","MAT1_MAP3"
"4316",11.5,3044,"1","3","MAT1_MAP3"
"4317",12.9,2699,"1","3","MAT1_MAP3"
"4318",12.3,2776,"1","3","MAT1_MAP3"
"4319",12,2737,"1","3","MAT1_MAP3"
"4320",12.1,2677,"1","3","MAT1_MAP3"
"4321",11.5,2629,"1","3","MAT1_MAP3"
"4322",12.1,2466,"1","3","MAT1_MAP3"
"4323",12.1,2439,"1","3","MAT1_MAP3"
"4324",13.4,2131,"1","3","MAT1_MAP3"
"4325",14,2013,"1","3","MAT1_MAP3"
"4326",13,2165,"1","3","MAT1_MAP3"
"4327",13.6,2041,"1","3","MAT1_MAP3"
"4328",15.2,1746,"2","3","MAT2_MAP3"
"4329",13.6,2001,"1","3","MAT1_MAP3"
"4330",16.3,2666,"2","3","MAT2_MAP3"
"4331",16,2720,"2","3","MAT2_MAP3"
"4332",16.3,2632,"2","3","MAT2_MAP3"
"4333",15.8,2714,"2","3","MAT2_MAP3"
"4334",10.8,3286,"1","3","MAT1_MAP3"
"4335",12.1,3035,"1","3","MAT1_MAP3"
"4336",12.4,2896,"1","3","MAT1_MAP3"
"4337",11.9,2796,"1","3","MAT1_MAP3"
"4338",13.1,2195,"1","3","MAT1_MAP3"
"4339",13.5,2089,"1","3","MAT1_MAP3"
"4340",13.1,2138,"1","3","MAT1_MAP3"
"4341",14.3,1882,"1","3","MAT1_MAP3"
"4342",14.7,1811,"2","3","MAT2_MAP3"
"4343",15,1739,"2","3","MAT2_MAP3"
"4344",14.3,1849,"1","3","MAT1_MAP3"
"4345",17.1,2529,"2","3","MAT2_MAP3"
"4346",14.8,2951,"2","3","MAT2_MAP3"
"4347",14.3,3020,"1","3","MAT1_MAP3"
"4348",13.3,3145,"1","3","MAT1_MAP3"
"4349",15,2902,"2","3","MAT2_MAP3"
"4350",15.9,2741,"2","3","MAT2_MAP3"
"4351",16.4,2630,"2","3","MAT2_MAP3"
"4352",16.4,2615,"2","3","MAT2_MAP3"
"4353",12,3133,"1","3","MAT1_MAP3"
"4354",10.5,3306,"1","3","MAT1_MAP3"
"4355",9.6,3355,"1","3","MAT1_MAP3"
"4356",11.1,3117,"1","3","MAT1_MAP3"
"4357",12.5,2777,"1","3","MAT1_MAP3"
"4358",13.3,2564,"1","3","MAT1_MAP3"
"4359",11.7,2774,"1","3","MAT1_MAP3"
"4360",12,2613,"1","3","MAT1_MAP3"
"4361",11.9,2457,"1","3","MAT1_MAP3"
"4362",12.8,2221,"1","3","MAT1_MAP3"
"4363",12.5,2248,"1","3","MAT1_MAP3"
"4364",13.6,2014,"1","3","MAT1_MAP3"
"4365",14.3,1848,"1","3","MAT1_MAP3"
"4366",14,1888,"1","3","MAT1_MAP3"
"4367",13,1958,"1","3","MAT1_MAP3"
"4368",15.6,2828,"2","3","MAT2_MAP3"
"4369",13.8,3098,"1","3","MAT1_MAP3"
"4370",13.9,3086,"1","3","MAT1_MAP3"
"4371",15.5,2850,"2","3","MAT2_MAP3"
"4372",16.7,2614,"2","3","MAT2_MAP3"
"4373",16.5,2630,"2","3","MAT2_MAP3"
"4374",13.2,3101,"1","3","MAT1_MAP3"
"4375",12.2,3011,"1","3","MAT1_MAP3"
"4376",9.5,3338,"1","3","MAT1_MAP3"
"4377",12.6,2667,"1","3","MAT1_MAP3"
"4378",12.1,2655,"1","3","MAT1_MAP3"
"4379",12.4,2553,"1","3","MAT1_MAP3"
"4380",12.6,2454,"1","3","MAT1_MAP3"
"4381",14.7,1797,"2","3","MAT2_MAP3"
"4382",13.9,1868,"1","3","MAT1_MAP3"
"4383",9,2997,"1","3","MAT1_MAP3"
"4384",11.9,2401,"1","3","MAT1_MAP3"
"4385",17,2619,"2","3","MAT2_MAP3"
"4386",17.4,2560,"3","3","MAT3_MAP3"
"4387",16.7,2673,"2","3","MAT2_MAP3"
"4388",16.8,2662,"2","3","MAT2_MAP3"
"4389",14.9,2947,"2","3","MAT2_MAP3"
"4390",14,3082,"1","3","MAT1_MAP3"
"4391",15.1,2923,"2","3","MAT2_MAP3"
"4392",17,2541,"2","3","MAT2_MAP3"
"4393",14.3,3009,"1","3","MAT1_MAP3"
"4394",14.6,2967,"1","3","MAT1_MAP3"
"4395",14,3021,"1","3","MAT1_MAP3"
"4396",11.8,3223,"1","3","MAT1_MAP3"
"4397",14.5,2940,"1","3","MAT1_MAP3"
"4398",14.8,2673,"2","3","MAT2_MAP3"
"4399",12.7,2842,"1","3","MAT1_MAP3"
"4400",12.2,2892,"1","3","MAT1_MAP3"
"4401",13.3,2659,"1","3","MAT1_MAP3"
"4402",11.7,2846,"1","3","MAT1_MAP3"
"4403",10.2,3104,"1","3","MAT1_MAP3"
"4404",13.5,2322,"1","3","MAT1_MAP3"
"4405",13.6,2192,"1","3","MAT1_MAP3"
"4406",13.4,2214,"1","3","MAT1_MAP3"
"4407",9.9,2870,"1","3","MAT1_MAP3"
"4408",10.7,2691,"1","3","MAT1_MAP3"
"4409",11.7,2439,"1","3","MAT1_MAP3"
"4410",11.3,2503,"1","3","MAT1_MAP3"
"4411",13.3,2059,"1","3","MAT1_MAP3"
"4412",14.6,1817,"1","3","MAT1_MAP3"
"4413",12.5,1996,"1","3","MAT1_MAP3"
"4414",16.6,2718,"2","3","MAT2_MAP3"
"4415",17.4,2613,"3","3","MAT3_MAP3"
"4416",16.9,2694,"2","3","MAT2_MAP3"
"4417",17.4,2631,"3","3","MAT3_MAP3"
"4418",14.2,3069,"1","3","MAT1_MAP3"
"4419",14.6,3004,"1","3","MAT1_MAP3"
"4420",14.6,3011,"1","3","MAT1_MAP3"
"4421",17.2,2546,"2","3","MAT2_MAP3"
"4422",15.3,2917,"2","3","MAT2_MAP3"
"4423",15.1,2902,"2","3","MAT2_MAP3"
"4424",11.3,3195,"1","3","MAT1_MAP3"
"4425",13.8,2848,"1","3","MAT1_MAP3"
"4426",15,2660,"2","3","MAT2_MAP3"
"4427",8.8,3300,"1","3","MAT1_MAP3"
"4428",13.7,2197,"1","3","MAT1_MAP3"
"4429",13.4,2211,"1","3","MAT1_MAP3"
"4430",12.6,2342,"1","3","MAT1_MAP3"
"4431",12,2316,"1","3","MAT1_MAP3"
"4432",14.8,1804,"2","3","MAT2_MAP3"
"4433",13.8,1870,"1","3","MAT1_MAP3"
"4434",17.3,2677,"2","3","MAT2_MAP3"
"4435",17.5,2634,"3","3","MAT3_MAP3"
"4436",16,2828,"2","3","MAT2_MAP3"
"4437",16.9,2663,"2","3","MAT2_MAP3"
"4438",13.1,2986,"1","3","MAT1_MAP3"
"4439",12,2996,"1","3","MAT1_MAP3"
"4440",12.1,2826,"1","3","MAT1_MAP3"
"4441",12.5,2325,"1","3","MAT1_MAP3"
"4442",11.2,2529,"1","3","MAT1_MAP3"
"4443",11.8,2344,"1","3","MAT1_MAP3"
"4444",13.3,1948,"1","3","MAT1_MAP3"
"4445",13.9,1892,"1","3","MAT1_MAP3"
"4446",12.3,2028,"1","3","MAT1_MAP3"
"4447",13.5,1916,"1","3","MAT1_MAP3"
"4448",14.6,1790,"1","3","MAT1_MAP3"
"4449",15.1,1758,"2","3","MAT2_MAP3"
"4450",17,2746,"2","3","MAT2_MAP3"
"4451",16.2,2827,"2","3","MAT2_MAP3"
"4452",15.5,2915,"2","3","MAT2_MAP3"
"4453",17.2,2648,"2","3","MAT2_MAP3"
"4454",17.1,2593,"2","3","MAT2_MAP3"
"4455",13.1,3108,"1","3","MAT1_MAP3"
"4456",13.5,3034,"1","3","MAT1_MAP3"
"4457",14.9,2926,"2","3","MAT2_MAP3"
"4458",13.9,2830,"1","3","MAT1_MAP3"
"4459",14.5,2727,"1","3","MAT1_MAP3"
"4460",11.8,3022,"1","3","MAT1_MAP3"
"4461",12.3,2778,"1","3","MAT1_MAP3"
"4462",13.1,2414,"1","3","MAT1_MAP3"
"4463",14.3,2008,"1","3","MAT1_MAP3"
"4464",13.7,2059,"1","3","MAT1_MAP3"
"4465",12,2287,"1","3","MAT1_MAP3"
"4466",12.6,1988,"1","3","MAT1_MAP3"
"4467",13.8,1875,"1","3","MAT1_MAP3"
"4468",17.2,2670,"2","3","MAT2_MAP3"
"4469",15.2,2931,"2","3","MAT2_MAP3"
"4470",13.4,3084,"1","3","MAT1_MAP3"
"4471",13.4,3063,"1","3","MAT1_MAP3"
"4472",16,2699,"2","3","MAT2_MAP3"
"4473",16,2652,"2","3","MAT2_MAP3"
"4474",12.4,2921,"1","3","MAT1_MAP3"
"4475",12.1,2615,"1","3","MAT1_MAP3"
"4476",14.6,1908,"1","3","MAT1_MAP3"
"4477",14.1,1888,"1","3","MAT1_MAP3"
"4478",13.2,1913,"1","3","MAT1_MAP3"
"4479",14.1,2851,"1","3","MAT1_MAP3"
"4480",14.9,2724,"2","3","MAT2_MAP3"
"4481",12.1,2842,"1","3","MAT1_MAP3"
"4482",11.3,2942,"1","3","MAT1_MAP3"
"4483",12.7,2515,"1","3","MAT1_MAP3"
"4484",15.3,2758,"2","3","MAT2_MAP3"
"4485",10.9,2965,"1","3","MAT1_MAP3"
"4486",12.9,2233,"1","3","MAT1_MAP3"
"4487",13.2,1903,"1","3","MAT1_MAP3"
"4488",14.1,1991,"1","3","MAT1_MAP3"
"4489",14.2,1879,"1","3","MAT1_MAP3"
"4490",14.4,1839,"1","3","MAT1_MAP3"
"4491",13.1,1939,"1","3","MAT1_MAP3"
"4492",15.7,2651,"2","3","MAT2_MAP3"
"4493",15,2236,"2","3","MAT2_MAP3"
"4494",14.7,2226,"2","3","MAT2_MAP3"
"4495",14,2242,"1","3","MAT1_MAP3"
"4496",14.3,1863,"1","3","MAT1_MAP3"
"4497",12.6,2073,"1","3","MAT1_MAP3"
"4498",13.9,1895,"1","3","MAT1_MAP3"
"4499",15.3,1753,"2","3","MAT2_MAP3"
"4500",12.8,1895,"1","3","MAT1_MAP3"
"4501",16.2,2496,"2","3","MAT2_MAP3"
"4502",15.8,2448,"2","3","MAT2_MAP3"
"4503",13.3,2503,"1","3","MAT1_MAP3"
"4504",15.1,2184,"2","3","MAT2_MAP3"
"4505",14.3,2199,"1","3","MAT1_MAP3"
"4506",13.3,2318,"1","3","MAT1_MAP3"
"4507",14.2,2114,"1","3","MAT1_MAP3"
"4508",13.5,1965,"1","3","MAT1_MAP3"
"4509",12,2067,"1","3","MAT1_MAP3"
"4510",14,1905,"1","3","MAT1_MAP3"
"4511",11.6,2053,"1","3","MAT1_MAP3"
"4512",11.3,2070,"1","3","MAT1_MAP3"
"4513",11.7,2023,"1","3","MAT1_MAP3"
"4514",14.8,1708,"2","3","MAT2_MAP3"
"4515",15.5,2419,"2","3","MAT2_MAP3"
"4516",14.4,2277,"1","3","MAT1_MAP3"
"4517",13.8,2291,"1","3","MAT1_MAP3"
"4518",14.5,2129,"1","3","MAT1_MAP3"
"4519",15.7,2400,"2","3","MAT2_MAP3"
"4520",15.6,2240,"2","3","MAT2_MAP3"
"4521",14.2,2228,"1","3","MAT1_MAP3"
"4522",12.9,2352,"1","3","MAT1_MAP3"
"4523",15.5,1941,"2","3","MAT2_MAP3"
"4524",15.5,1918,"2","3","MAT2_MAP3"
"4525",15.4,1835,"2","3","MAT2_MAP3"
"4526",12.8,1976,"1","3","MAT1_MAP3"
"4527",11.5,2074,"1","3","MAT1_MAP3"
"4528",12.3,2000,"1","3","MAT1_MAP3"
"4529",12.6,1966,"1","3","MAT1_MAP3"
"4530",13.9,1822,"1","3","MAT1_MAP3"
"4531",14.2,2468,"1","3","MAT1_MAP3"
"4532",14.5,2286,"1","3","MAT1_MAP3"
"4533",15.3,2055,"2","3","MAT2_MAP3"
"4534",14.4,2134,"1","3","MAT1_MAP3"
"4535",14.6,2012,"1","3","MAT1_MAP3"
"4536",16,1769,"2","3","MAT2_MAP3"
"4537",12,2029,"1","3","MAT1_MAP3"
"4538",11.6,2050,"1","3","MAT1_MAP3"
"4539",11,2093,"1","3","MAT1_MAP3"
"4540",12.6,1935,"1","3","MAT1_MAP3"
"4541",13.8,2334,"1","3","MAT1_MAP3"
"4542",14.6,2191,"1","3","MAT1_MAP3"
"4543",14.7,2031,"2","3","MAT2_MAP3"
"4544",15.5,1828,"2","3","MAT2_MAP3"
"4545",13.4,1935,"1","3","MAT1_MAP3"
"4546",11.6,2008,"1","3","MAT1_MAP3"
"4547",14.5,2217,"1","3","MAT1_MAP3"
"4548",14.1,2115,"1","3","MAT1_MAP3"
"4549",14,1907,"1","3","MAT1_MAP3"
"4550",12.5,1987,"1","3","MAT1_MAP3"
"4551",12.3,1995,"1","3","MAT1_MAP3"
"4552",14,1760,"1","3","MAT1_MAP3"
"4553",15.1,2137,"2","3","MAT2_MAP3"
"4554",16.2,1958,"2","3","MAT2_MAP3"
"4555",13.6,1923,"1","3","MAT1_MAP3"
"4556",10.9,2093,"1","3","MAT1_MAP3"
"4557",12.4,1898,"1","3","MAT1_MAP3"
"4558",15.6,2102,"2","3","MAT2_MAP3"
"4559",16.2,1971,"2","3","MAT2_MAP3"
"4560",12.7,1961,"1","3","MAT1_MAP3"
"4561",12.6,1879,"1","3","MAT1_MAP3"
"4562",13.5,1911,"1","3","MAT1_MAP3"
"4563",13.6,1901,"1","3","MAT1_MAP3"
"4564",13.5,1899,"1","3","MAT1_MAP3"
"4565",13.8,1871,"1","3","MAT1_MAP3"
"4566",15.7,1744,"2","3","MAT2_MAP3"
"4567",13.6,1893,"1","3","MAT1_MAP3"
"4568",12.6,1868,"1","3","MAT1_MAP3"
"4569",13.1,1823,"1","3","MAT1_MAP3"
"4570",12.7,1932,"1","3","MAT1_MAP3"
"4571",14,1853,"1","3","MAT1_MAP3"
"4572",13.1,1890,"1","3","MAT1_MAP3"
"4573",11,2041,"1","3","MAT1_MAP3"
"4574",10.5,2071,"1","3","MAT1_MAP3"
"4575",15,1802,"2","3","MAT2_MAP3"
"4576",14.4,1832,"1","3","MAT1_MAP3"
"4577",14.1,1768,"1","3","MAT1_MAP3"
"4578",12.7,1917,"1","3","MAT1_MAP3"
"4579",14.4,1814,"1","3","MAT1_MAP3"
"4580",13.6,1851,"1","3","MAT1_MAP3"
"4581",12.5,1856,"1","3","MAT1_MAP3"
"4582",12.7,1828,"1","3","MAT1_MAP3"
"4583",11.8,1890,"1","3","MAT1_MAP3"
"4584",12.6,1827,"1","3","MAT1_MAP3"
"4585",12.4,1840,"1","3","MAT1_MAP3"
"4586",13.2,1827,"1","3","MAT1_MAP3"
"4587",13.2,1769,"1","3","MAT1_MAP3"
"4588",13,1815,"1","3","MAT1_MAP3"
"4589",14.7,1742,"2","3","MAT2_MAP3"
"4590",13,1767,"1","3","MAT1_MAP3"
"4591",13,1829,"1","3","MAT1_MAP3"
"4592",14.5,1793,"1","3","MAT1_MAP3"
"4593",14,1811,"1","3","MAT1_MAP3"
"4594",13.2,1951,"1","3","MAT1_MAP3"
"4595",12.2,2061,"1","3","MAT1_MAP3"
"4596",14.7,1689,"2","3","MAT2_MAP3"
"4597",13.9,1930,"1","3","MAT1_MAP3"
"4598",16,1573,"2","2","MAT2_MAP2"
"4599",13.2,1816,"1","3","MAT1_MAP3"
"4600",13.4,1823,"1","3","MAT1_MAP3"
"4601",16.1,1839,"2","3","MAT2_MAP3"
"4602",12.9,2061,"1","3","MAT1_MAP3"
"4603",10.9,2194,"1","3","MAT1_MAP3"
"4604",12.5,1747,"1","3","MAT1_MAP3"
"4605",11.2,1872,"1","3","MAT1_MAP3"
"4606",12.6,1861,"1","3","MAT1_MAP3"
"4607",14.2,1835,"1","3","MAT1_MAP3"
"4608",16.2,1555,"2","2","MAT2_MAP2"
"4609",14.7,2165,"2","3","MAT2_MAP3"
"4610",12.7,2267,"1","3","MAT1_MAP3"
"4611",13.8,2060,"1","3","MAT1_MAP3"
"4612",13.8,2002,"1","3","MAT1_MAP3"
"4613",11.9,1791,"1","3","MAT1_MAP3"
"4614",12.1,1784,"1","3","MAT1_MAP3"
"4615",10.9,1888,"1","3","MAT1_MAP3"
"4616",13.8,1765,"1","3","MAT1_MAP3"
"4617",12.3,1991,"1","3","MAT1_MAP3"
"4618",14.4,2217,"1","3","MAT1_MAP3"
"4619",14,2233,"1","3","MAT1_MAP3"
"4620",11.8,2482,"1","3","MAT1_MAP3"
"4621",14.3,2126,"1","3","MAT1_MAP3"
"4622",11.9,2422,"1","3","MAT1_MAP3"
"4623",12.7,2249,"1","3","MAT1_MAP3"
"4624",12.2,2226,"1","3","MAT1_MAP3"
"4625",15.2,1763,"2","3","MAT2_MAP3"
"4626",14.3,1797,"1","3","MAT1_MAP3"
"4627",14.6,1696,"1","3","MAT1_MAP3"
"4628",11.8,1881,"1","3","MAT1_MAP3"
"4629",11.1,1928,"1","3","MAT1_MAP3"
"4630",12.1,1884,"1","3","MAT1_MAP3"
"4631",14.3,2184,"1","3","MAT1_MAP3"
"4632",13.7,2194,"1","3","MAT1_MAP3"
"4633",15,1957,"2","3","MAT2_MAP3"
"4634",13.9,2014,"1","3","MAT1_MAP3"
"4635",13.2,1864,"1","3","MAT1_MAP3"
"4636",13.1,1684,"1","3","MAT1_MAP3"
"4637",12,1830,"1","3","MAT1_MAP3"
"4638",11.4,1886,"1","3","MAT1_MAP3"
"4639",12.1,1855,"1","3","MAT1_MAP3"
"4640",12.2,1870,"1","3","MAT1_MAP3"
"4641",15.5,1869,"2","3","MAT2_MAP3"
"4642",14.9,1788,"2","3","MAT2_MAP3"
"4643",14.5,1787,"1","3","MAT1_MAP3"
"4644",15.2,1676,"2","3","MAT2_MAP3"
"4645",12.3,2023,"1","3","MAT1_MAP3"
"4646",16.2,2182,"2","3","MAT2_MAP3"
"4647",15,2149,"2","3","MAT2_MAP3"
"4648",13.7,2244,"1","3","MAT1_MAP3"
"4649",15.3,2006,"2","3","MAT2_MAP3"
"4650",15.3,1991,"2","3","MAT2_MAP3"
"4651",11.9,1842,"1","3","MAT1_MAP3"
"4652",15.2,1691,"2","3","MAT2_MAP3"
"4653",11.4,2114,"1","3","MAT1_MAP3"
"4654",16.3,2281,"2","3","MAT2_MAP3"
"4655",15.2,2360,"2","3","MAT2_MAP3"
"4656",15.6,2269,"2","3","MAT2_MAP3"
"4657",15.1,2305,"2","3","MAT2_MAP3"
"4658",14.2,2233,"1","3","MAT1_MAP3"
"4659",14.6,2160,"1","3","MAT1_MAP3"
"4660",14.9,2027,"2","3","MAT2_MAP3"
"4661",13.5,2136,"1","3","MAT1_MAP3"
"4662",13.9,1970,"1","3","MAT1_MAP3"
"4663",13.2,2033,"1","3","MAT1_MAP3"
"4664",12.3,2110,"1","3","MAT1_MAP3"
"4665",11.7,2163,"1","3","MAT1_MAP3"
"4666",13.1,1578,"1","2","MAT1_MAP2"
"4667",13.8,1567,"1","2","MAT1_MAP2"
"4668",12.1,1739,"1","3","MAT1_MAP3"
"4669",11.4,1872,"1","3","MAT1_MAP3"
"4670",11.6,1867,"1","3","MAT1_MAP3"
"4671",11.3,1909,"1","3","MAT1_MAP3"
"4672",11.7,1906,"1","3","MAT1_MAP3"
"4673",13.5,1840,"1","3","MAT1_MAP3"
"4674",14.7,1794,"2","3","MAT2_MAP3"
"4675",12.6,1919,"1","3","MAT1_MAP3"
"4676",16.2,2305,"2","3","MAT2_MAP3"
"4677",15.7,2262,"2","3","MAT2_MAP3"
"4678",16.4,2153,"2","3","MAT2_MAP3"
"4679",14.7,2229,"2","3","MAT2_MAP3"
"4680",14.6,2118,"1","3","MAT1_MAP3"
"4681",15.2,1992,"2","3","MAT2_MAP3"
"4682",15.2,1905,"2","3","MAT2_MAP3"
"4683",13.9,1866,"1","3","MAT1_MAP3"
"4684",13,1900,"1","3","MAT1_MAP3"
"4685",12.7,1630,"1","3","MAT1_MAP3"
"4686",10.8,1885,"1","3","MAT1_MAP3"
"4687",15.3,2168,"2","3","MAT2_MAP3"
"4688",13,2369,"1","3","MAT1_MAP3"
"4689",13.7,2147,"1","3","MAT1_MAP3"
"4690",12,2285,"1","3","MAT1_MAP3"
"4691",9.8,2445,"1","3","MAT1_MAP3"
"4692",11.5,2148,"1","3","MAT1_MAP3"
"4693",10.5,2226,"1","3","MAT1_MAP3"
"4694",14.5,1663,"1","3","MAT1_MAP3"
"4695",14.9,1454,"2","2","MAT2_MAP2"
"4696",13.5,2525,"1","3","MAT1_MAP3"
"4697",16.3,2133,"2","3","MAT2_MAP3"
"4698",16.7,2078,"2","3","MAT2_MAP3"
"4699",10.9,1844,"1","3","MAT1_MAP3"
"4700",11.2,1837,"1","3","MAT1_MAP3"
"4701",10.9,1867,"1","3","MAT1_MAP3"
"4702",12.5,1850,"1","3","MAT1_MAP3"
"4703",14.1,1830,"1","3","MAT1_MAP3"
"4704",11.8,2084,"1","3","MAT1_MAP3"
"4705",12.3,2008,"1","3","MAT1_MAP3"
"4706",15.1,1603,"2","3","MAT2_MAP3"
"4707",13.5,1747,"1","3","MAT1_MAP3"
"4708",13.2,1681,"1","3","MAT1_MAP3"
"4709",14.6,2429,"1","3","MAT1_MAP3"
"4710",17.1,2123,"2","3","MAT2_MAP3"
"4711",15.3,2208,"2","3","MAT2_MAP3"
"4712",15.2,2177,"2","3","MAT2_MAP3"
"4713",14.2,2235,"1","3","MAT1_MAP3"
"4714",15.2,2059,"2","3","MAT2_MAP3"
"4715",10.9,2438,"1","3","MAT1_MAP3"
"4716",11,1840,"1","3","MAT1_MAP3"
"4717",12.6,1852,"1","3","MAT1_MAP3"
"4718",12,1873,"1","3","MAT1_MAP3"
"4719",16.3,2264,"2","3","MAT2_MAP3"
"4720",15,2190,"2","3","MAT2_MAP3"
"4721",14.1,2251,"1","3","MAT1_MAP3"
"4722",15.5,2097,"2","3","MAT2_MAP3"
"4723",14.6,2086,"1","3","MAT1_MAP3"
"4724",14.2,2091,"1","3","MAT1_MAP3"
"4725",10.8,2401,"1","3","MAT1_MAP3"
"4726",13.4,1950,"1","3","MAT1_MAP3"
"4727",11.6,2129,"1","3","MAT1_MAP3"
"4728",9.7,2295,"1","3","MAT1_MAP3"
"4729",9.2,2235,"1","3","MAT1_MAP3"
"4730",12.2,1651,"1","3","MAT1_MAP3"
"4731",12.5,1668,"1","3","MAT1_MAP3"
"4732",11.6,1770,"1","3","MAT1_MAP3"
"4733",10.6,1864,"1","3","MAT1_MAP3"
"4734",12.1,1840,"1","3","MAT1_MAP3"
"4735",16.9,2242,"2","3","MAT2_MAP3"
"4736",16.9,2188,"2","3","MAT2_MAP3"
"4737",16.6,2187,"2","3","MAT2_MAP3"
"4738",16.1,2200,"2","3","MAT2_MAP3"
"4739",15,2148,"2","3","MAT2_MAP3"
"4740",13.9,2150,"1","3","MAT1_MAP3"
"4741",12.6,2233,"1","3","MAT1_MAP3"
"4742",9.8,2435,"1","3","MAT1_MAP3"
"4743",13,1896,"1","3","MAT1_MAP3"
"4744",11.4,1954,"1","3","MAT1_MAP3"
"4745",14.2,1574,"1","2","MAT1_MAP2"
"4746",13.4,1869,"1","3","MAT1_MAP3"
"4747",12.7,1905,"1","3","MAT1_MAP3"
"4748",14.4,2137,"1","3","MAT1_MAP3"
"4749",10.1,2436,"1","3","MAT1_MAP3"
"4750",11.5,2267,"1","3","MAT1_MAP3"
"4751",11.8,2097,"1","3","MAT1_MAP3"
"4752",9.9,2250,"1","3","MAT1_MAP3"
"4753",11.3,2068,"1","3","MAT1_MAP3"
"4754",14.6,1677,"1","3","MAT1_MAP3"
"4755",13.7,1701,"1","3","MAT1_MAP3"
"4756",14.5,1585,"1","2","MAT1_MAP2"
"4757",14.1,2350,"1","3","MAT1_MAP3"
"4758",14.8,2269,"2","3","MAT2_MAP3"
"4759",13.8,2297,"1","3","MAT1_MAP3"
"4760",12.6,1577,"1","2","MAT1_MAP2"
"4761",13.4,1522,"1","2","MAT1_MAP2"
"4762",12.2,1702,"1","3","MAT1_MAP3"
"4763",12.1,1857,"1","3","MAT1_MAP3"
"4764",15.8,2263,"2","3","MAT2_MAP3"
"4765",15,2243,"2","3","MAT2_MAP3"
"4766",13.5,2288,"1","3","MAT1_MAP3"
"4767",13.9,2060,"1","3","MAT1_MAP3"
"4768",12.3,2155,"1","3","MAT1_MAP3"
"4769",9.4,2398,"1","3","MAT1_MAP3"
"4770",10.5,2264,"1","3","MAT1_MAP3"
"4771",8.9,2346,"1","3","MAT1_MAP3"
"4772",12.3,1618,"1","3","MAT1_MAP3"
"4773",12.3,1681,"1","3","MAT1_MAP3"
"4774",11.4,1842,"1","3","MAT1_MAP3"
"4775",12.1,1852,"1","3","MAT1_MAP3"
"4776",15.2,2221,"2","3","MAT2_MAP3"
"4777",13.9,2228,"1","3","MAT1_MAP3"
"4778",13.7,2183,"1","3","MAT1_MAP3"
"4779",12.9,2205,"1","3","MAT1_MAP3"
"4780",10.8,2145,"1","3","MAT1_MAP3"
"4781",14.4,1702,"1","3","MAT1_MAP3"
"4782",12.5,1559,"1","2","MAT1_MAP2"
"4783",12,1696,"1","3","MAT1_MAP3"
"4784",11.2,1844,"1","3","MAT1_MAP3"
"4785",12.8,1843,"1","3","MAT1_MAP3"
"4786",12.4,1875,"1","3","MAT1_MAP3"
"4787",14.8,1870,"2","3","MAT2_MAP3"
"4788",16,2290,"2","3","MAT2_MAP3"
"4789",14.7,2335,"2","3","MAT2_MAP3"
"4790",15.9,2260,"2","3","MAT2_MAP3"
"4791",15.1,2245,"2","3","MAT2_MAP3"
"4792",14.8,2208,"2","3","MAT2_MAP3"
"4793",13,2181,"1","3","MAT1_MAP3"
"4794",10.7,2238,"1","3","MAT1_MAP3"
"4795",11.5,2070,"1","3","MAT1_MAP3"
"4796",11.3,1717,"1","3","MAT1_MAP3"
"4797",11.4,1726,"1","3","MAT1_MAP3"
"4798",10.9,1787,"1","3","MAT1_MAP3"
"4799",11.3,1875,"1","3","MAT1_MAP3"
"4800",13.5,1833,"1","3","MAT1_MAP3"
"4801",13.4,1833,"1","3","MAT1_MAP3"
"4802",11.4,1826,"1","3","MAT1_MAP3"
"4803",11.2,1868,"1","3","MAT1_MAP3"
"4804",15.7,2307,"2","3","MAT2_MAP3"
"4805",14.5,2321,"1","3","MAT1_MAP3"
"4806",14.6,2302,"1","3","MAT1_MAP3"
"4807",15.7,2226,"2","3","MAT2_MAP3"
"4808",15.8,2166,"2","3","MAT2_MAP3"
"4809",12.2,2241,"1","3","MAT1_MAP3"
"4810",11.9,1606,"1","3","MAT1_MAP3"
"4811",10.8,1747,"1","3","MAT1_MAP3"
"4812",11.7,1649,"1","3","MAT1_MAP3"
"4813",11.5,1708,"1","3","MAT1_MAP3"
"4814",11.1,1756,"1","3","MAT1_MAP3"
"4815",11.5,1877,"1","3","MAT1_MAP3"
"4816",12.6,1853,"1","3","MAT1_MAP3"
"4817",14.5,1851,"1","3","MAT1_MAP3"
"4818",16.9,2218,"2","3","MAT2_MAP3"
"4819",16.1,2206,"2","3","MAT2_MAP3"
"4820",14.4,2066,"1","3","MAT1_MAP3"
"4821",10.6,2262,"1","3","MAT1_MAP3"
"4822",11.2,2180,"1","3","MAT1_MAP3"
"4823",12.2,1994,"1","3","MAT1_MAP3"
"4824",15.2,1673,"2","3","MAT2_MAP3"
"4825",12.7,1503,"1","2","MAT1_MAP2"
"4826",11.2,1752,"1","3","MAT1_MAP3"
"4827",13.8,2110,"1","3","MAT1_MAP3"
"4828",11.8,2163,"1","3","MAT1_MAP3"
"4829",10.2,2246,"1","3","MAT1_MAP3"
"4830",10.5,2192,"1","3","MAT1_MAP3"
"4831",14,1783,"1","3","MAT1_MAP3"
"4832",13,1879,"1","3","MAT1_MAP3"
"4833",12.8,1885,"1","3","MAT1_MAP3"
"4834",11.4,1667,"1","3","MAT1_MAP3"
"4835",11.5,1711,"1","3","MAT1_MAP3"
"4836",12.5,1820,"1","3","MAT1_MAP3"
"4837",13,2161,"1","3","MAT1_MAP3"
"4838",10.6,2210,"1","3","MAT1_MAP3"
"4839",10.4,2209,"1","3","MAT1_MAP3"
"4840",9.8,2238,"1","3","MAT1_MAP3"
"4841",13.4,1839,"1","3","MAT1_MAP3"
"4842",11.4,1718,"1","3","MAT1_MAP3"
"4843",10,1860,"1","3","MAT1_MAP3"
"4844",12.1,1800,"1","3","MAT1_MAP3"
"4845",16.3,2280,"2","3","MAT2_MAP3"
"4846",15.1,2210,"2","3","MAT2_MAP3"
"4847",12.4,1522,"1","2","MAT1_MAP2"
"4848",11.5,1823,"1","3","MAT1_MAP3"
"4849",15.4,2212,"2","3","MAT2_MAP3"
"4850",14.4,2154,"1","3","MAT1_MAP3"
"4851",14.1,2118,"1","3","MAT1_MAP3"
"4852",10,2278,"1","3","MAT1_MAP3"
"4853",13,2001,"1","3","MAT1_MAP3"
"4854",8.4,2389,"1","3","MAT1_MAP3"
"4855",12.2,1949,"1","3","MAT1_MAP3"
"4856",10.9,2265,"1","3","MAT1_MAP3"
"4857",12.9,2099,"1","3","MAT1_MAP3"
"4858",8.9,2378,"1","3","MAT1_MAP3"
"4859",10.9,2105,"1","3","MAT1_MAP3"
"4860",11.5,1688,"1","3","MAT1_MAP3"
"4861",11.5,1700,"1","3","MAT1_MAP3"
"4862",11.3,1827,"1","3","MAT1_MAP3"
"4863",12.6,1776,"1","3","MAT1_MAP3"
"4864",12.7,2151,"1","3","MAT1_MAP3"
"4865",11.3,2140,"1","3","MAT1_MAP3"
"4866",9.5,2278,"1","3","MAT1_MAP3"
"4867",11,2104,"1","3","MAT1_MAP3"
"4868",12.1,1947,"1","3","MAT1_MAP3"
"4869",13,1566,"1","2","MAT1_MAP2"
"4870",12.5,1774,"1","3","MAT1_MAP3"
"4871",11.2,1861,"1","3","MAT1_MAP3"
"4872",12.9,1550,"1","2","MAT1_MAP2"
"4873",15.1,2242,"2","3","MAT2_MAP3"
"4874",11.5,2256,"1","3","MAT1_MAP3"
"4875",11.3,2246,"1","3","MAT1_MAP3"
"4876",14.3,2095,"1","3","MAT1_MAP3"
"4877",12.9,2077,"1","3","MAT1_MAP3"
"4878",8.3,2398,"1","3","MAT1_MAP3"
"4879",12.2,2015,"1","3","MAT1_MAP3"
"4880",11.4,2011,"1","3","MAT1_MAP3"
"4881",11.3,1688,"1","3","MAT1_MAP3"
"4882",11.9,1666,"1","3","MAT1_MAP3"
"4883",9.3,1959,"1","3","MAT1_MAP3"
"4884",12.7,1779,"1","3","MAT1_MAP3"
"4885",15.3,2267,"2","3","MAT2_MAP3"
"4886",12.9,2193,"1","3","MAT1_MAP3"
"4887",11.7,2123,"1","3","MAT1_MAP3"
"4888",11.7,2087,"1","3","MAT1_MAP3"
"4889",9.5,2250,"1","3","MAT1_MAP3"
"4890",12.1,1647,"1","3","MAT1_MAP3"
"4891",11.4,1833,"1","3","MAT1_MAP3"
"4892",12,2208,"1","3","MAT1_MAP3"
"4893",10.6,2185,"1","3","MAT1_MAP3"
"4894",12.4,1961,"1","3","MAT1_MAP3"
"4895",12.8,1899,"1","3","MAT1_MAP3"
"4896",12.7,1573,"1","2","MAT1_MAP2"
"4897",15.8,2324,"2","3","MAT2_MAP3"
"4898",12.8,2175,"1","3","MAT1_MAP3"
"4899",12.4,2085,"1","3","MAT1_MAP3"
"4900",10.9,2163,"1","3","MAT1_MAP3"
"4901",13.9,1851,"1","3","MAT1_MAP3"
"4902",13.6,1842,"1","3","MAT1_MAP3"
"4903",12.3,1657,"1","3","MAT1_MAP3"
"4904",12,1867,"1","3","MAT1_MAP3"
"4905",13.7,1825,"1","3","MAT1_MAP3"
"4906",14,2153,"1","3","MAT1_MAP3"
"4907",11.4,2088,"1","3","MAT1_MAP3"
"4908",13.8,1673,"1","3","MAT1_MAP3"
"4909",11.6,1757,"1","3","MAT1_MAP3"
"4910",16,2332,"2","3","MAT2_MAP3"
"4911",14.7,2194,"2","3","MAT2_MAP3"
"4912",13,2173,"1","3","MAT1_MAP3"
"4913",11.8,2201,"1","3","MAT1_MAP3"
"4914",13.2,2047,"1","3","MAT1_MAP3"
"4915",11.1,2153,"1","3","MAT1_MAP3"
"4916",13.1,1964,"1","3","MAT1_MAP3"
"4917",13.1,1922,"1","3","MAT1_MAP3"
"4918",13.6,1701,"1","3","MAT1_MAP3"
"4919",13.4,1548,"1","2","MAT1_MAP2"
"4920",12.1,1722,"1","3","MAT1_MAP3"
"4921",11.5,1794,"1","3","MAT1_MAP3"
"4922",12.3,2206,"1","3","MAT1_MAP3"
"4923",11.8,2205,"1","3","MAT1_MAP3"
"4924",12.1,1866,"1","3","MAT1_MAP3"
"4925",13.1,1529,"1","2","MAT1_MAP2"
"4926",14,1503,"1","2","MAT1_MAP2"
"4927",13.3,1591,"1","2","MAT1_MAP2"
"4928",15.8,2255,"2","3","MAT2_MAP3"
"4929",10.2,2325,"1","3","MAT1_MAP3"
"4930",12.2,1960,"1","3","MAT1_MAP3"
"4931",13.6,1649,"1","3","MAT1_MAP3"
"4932",13.3,1575,"1","2","MAT1_MAP2"
"4933",9.8,1902,"1","3","MAT1_MAP3"
"4934",9,1968,"1","3","MAT1_MAP3"
"4935",15.3,2272,"2","3","MAT2_MAP3"
"4936",15,2123,"2","3","MAT2_MAP3"
"4937",8.9,2404,"1","3","MAT1_MAP3"
"4938",9.4,2308,"1","3","MAT1_MAP3"
"4939",13.1,1832,"1","3","MAT1_MAP3"
"4940",13.7,1689,"1","3","MAT1_MAP3"
"4941",13.7,1589,"1","2","MAT1_MAP2"
"4942",14.3,1361,"1","2","MAT1_MAP2"
"4943",12.8,1502,"1","2","MAT1_MAP2"
"4944",11.9,1731,"1","3","MAT1_MAP3"
"4945",13.1,1747,"1","3","MAT1_MAP3"
"4946",12.8,1775,"1","3","MAT1_MAP3"
"4947",16.1,2232,"2","3","MAT2_MAP3"
"4948",12.8,2214,"1","3","MAT1_MAP3"
"4949",14.6,2079,"1","3","MAT1_MAP3"
"4950",10,2287,"1","3","MAT1_MAP3"
"4951",11,2140,"1","3","MAT1_MAP3"
"4952",9.8,2219,"1","3","MAT1_MAP3"
"4953",14.8,1353,"2","2","MAT2_MAP2"
"4954",12.8,1592,"1","2","MAT1_MAP2"
"4955",13.1,1629,"1","3","MAT1_MAP3"
"4956",12.1,1734,"1","3","MAT1_MAP3"
"4957",11.5,1839,"1","3","MAT1_MAP3"
"4958",16.1,2212,"2","3","MAT2_MAP3"
"4959",11.2,2309,"1","3","MAT1_MAP3"
"4960",8.7,2403,"1","3","MAT1_MAP3"
"4961",8.8,2295,"1","3","MAT1_MAP3"
"4962",11.1,2040,"1","3","MAT1_MAP3"
"4963",13.7,1514,"1","2","MAT1_MAP2"
"4964",10.9,1875,"1","3","MAT1_MAP3"
"4965",13,1540,"1","2","MAT1_MAP2"
"4966",12.3,1682,"1","3","MAT1_MAP3"
"4967",14.7,2264,"2","3","MAT2_MAP3"
"4968",10.2,2303,"1","3","MAT1_MAP3"
"4969",11,2208,"1","3","MAT1_MAP3"
"4970",11.9,1971,"1","3","MAT1_MAP3"
"4971",14.2,1375,"1","2","MAT1_MAP2"
"4972",13.2,1486,"1","2","MAT1_MAP2"
"4973",11.2,1766,"1","3","MAT1_MAP3"
"4974",12.3,1707,"1","3","MAT1_MAP3"
"4975",10.2,1926,"1","3","MAT1_MAP3"
"4976",10.6,1920,"1","3","MAT1_MAP3"
"4977",13.3,1837,"1","3","MAT1_MAP3"
"4978",13.8,2273,"1","3","MAT1_MAP3"
"4979",11.1,2381,"1","3","MAT1_MAP3"
"4980",13.9,2167,"1","3","MAT1_MAP3"
"4981",11.4,2215,"1","3","MAT1_MAP3"
"4982",7.4,2506,"1","3","MAT1_MAP3"
"4983",8.3,2393,"1","3","MAT1_MAP3"
"4984",8.9,2315,"1","3","MAT1_MAP3"
"4985",13.1,1643,"1","3","MAT1_MAP3"
"4986",13.9,1505,"1","2","MAT1_MAP2"
"4987",13,1519,"1","2","MAT1_MAP2"
"4988",13.7,1488,"1","2","MAT1_MAP2"
"4989",12.5,1671,"1","3","MAT1_MAP3"
"4990",11.5,1758,"1","3","MAT1_MAP3"
"4991",13.3,1822,"1","3","MAT1_MAP3"
"4992",13.9,1823,"1","3","MAT1_MAP3"
"4993",13.3,2312,"1","3","MAT1_MAP3"
"4994",13.8,2271,"1","3","MAT1_MAP3"
"4995",10.3,2409,"1","3","MAT1_MAP3"
"4996",11.3,2224,"1","3","MAT1_MAP3"
"4997",10.2,2255,"1","3","MAT1_MAP3"
"4998",11,2129,"1","3","MAT1_MAP3"
"4999",12.7,1893,"1","3","MAT1_MAP3"
"5000",14.2,1703,"1","3","MAT1_MAP3"
"5001",12.8,1781,"1","3","MAT1_MAP3"
"5002",11.6,1881,"1","3","MAT1_MAP3"
"5003",13.8,1500,"1","2","MAT1_MAP2"
"5004",13,1643,"1","3","MAT1_MAP3"
"5005",11.8,1761,"1","3","MAT1_MAP3"
"5006",14.6,1834,"1","3","MAT1_MAP3"
"5007",14.2,2303,"1","3","MAT1_MAP3"
"5008",13.7,2297,"1","3","MAT1_MAP3"
"5009",14.3,2256,"1","3","MAT1_MAP3"
"5010",10.7,2306,"1","3","MAT1_MAP3"
"5011",12.2,2165,"1","3","MAT1_MAP3"
"5012",12.2,2134,"1","3","MAT1_MAP3"
"5013",11.6,2080,"1","3","MAT1_MAP3"
"5014",10.2,2180,"1","3","MAT1_MAP3"
"5015",10.7,2096,"1","3","MAT1_MAP3"
"5016",12.4,1781,"1","3","MAT1_MAP3"
"5017",14.1,1471,"1","2","MAT1_MAP2"
"5018",14.3,1477,"1","2","MAT1_MAP2"
"5019",12.1,1708,"1","3","MAT1_MAP3"
"5020",12.3,1838,"1","3","MAT1_MAP3"
"5021",14,1824,"1","3","MAT1_MAP3"
"5022",14,1846,"1","3","MAT1_MAP3"
"5023",16.5,2260,"2","3","MAT2_MAP3"
"5024",12.5,2152,"1","3","MAT1_MAP3"
"5025",9.7,2306,"1","3","MAT1_MAP3"
"5026",13.6,1607,"1","3","MAT1_MAP3"
"5027",12.7,1692,"1","3","MAT1_MAP3"
"5028",13.2,1845,"1","3","MAT1_MAP3"
"5029",13.3,1514,"1","2","MAT1_MAP2"
"5030",14.3,2306,"1","3","MAT1_MAP3"
"5031",14.8,2261,"2","3","MAT2_MAP3"
"5032",12.7,2331,"1","3","MAT1_MAP3"
"5033",12.8,2294,"1","3","MAT1_MAP3"
"5034",13.3,2244,"1","3","MAT1_MAP3"
"5035",11.2,2306,"1","3","MAT1_MAP3"
"5036",11.3,2268,"1","3","MAT1_MAP3"
"5037",12.9,2128,"1","3","MAT1_MAP3"
"5038",10.8,2255,"1","3","MAT1_MAP3"
"5039",9.4,2302,"1","3","MAT1_MAP3"
"5040",12.1,2045,"1","3","MAT1_MAP3"
"5041",11.7,2049,"1","3","MAT1_MAP3"
"5042",14.5,1661,"1","3","MAT1_MAP3"
"5043",13.5,1471,"1","2","MAT1_MAP2"
"5044",13.6,1788,"1","3","MAT1_MAP3"
"5045",15.6,2252,"2","3","MAT2_MAP3"
"5046",14,2220,"1","3","MAT1_MAP3"
"5047",15.5,2160,"2","3","MAT2_MAP3"
"5048",13.9,2161,"1","3","MAT1_MAP3"
"5049",12.2,2175,"1","3","MAT1_MAP3"
"5050",9.8,2308,"1","3","MAT1_MAP3"
"5051",12.3,2070,"1","3","MAT1_MAP3"
"5052",11.9,2038,"1","3","MAT1_MAP3"
"5053",12.1,1949,"1","3","MAT1_MAP3"
"5054",12.7,1568,"1","2","MAT1_MAP2"
"5055",13,1786,"1","3","MAT1_MAP3"
"5056",15.1,2211,"2","3","MAT2_MAP3"
"5057",14.7,2183,"2","3","MAT2_MAP3"
"5058",15.4,2151,"2","3","MAT2_MAP3"
"5059",12.3,2209,"1","3","MAT1_MAP3"
"5060",12,2196,"1","3","MAT1_MAP3"
"5061",13,2109,"1","3","MAT1_MAP3"
"5062",12.4,2113,"1","3","MAT1_MAP3"
"5063",12.3,2080,"1","3","MAT1_MAP3"
"5064",9.4,2292,"1","3","MAT1_MAP3"
"5065",13.2,1942,"1","3","MAT1_MAP3"
"5066",12.6,1951,"1","3","MAT1_MAP3"
"5067",11.4,1708,"1","3","MAT1_MAP3"
"5068",13.5,1530,"1","2","MAT1_MAP2"
"5069",12.4,1696,"1","3","MAT1_MAP3"
"5070",11.5,1771,"1","3","MAT1_MAP3"
"5071",11.2,1810,"1","3","MAT1_MAP3"
"5072",12.4,1769,"1","3","MAT1_MAP3"
"5073",14.3,1872,"1","3","MAT1_MAP3"
"5074",16.8,2235,"2","3","MAT2_MAP3"
"5075",15.2,2171,"2","3","MAT2_MAP3"
"5076",14.5,2140,"1","3","MAT1_MAP3"
"5077",13.3,2133,"1","3","MAT1_MAP3"
"5078",13.4,2100,"1","3","MAT1_MAP3"
"5079",10.6,2226,"1","3","MAT1_MAP3"
"5080",10.8,2179,"1","3","MAT1_MAP3"
"5081",10.6,2169,"1","3","MAT1_MAP3"
"5082",13.7,1873,"1","3","MAT1_MAP3"
"5083",13.9,1810,"1","3","MAT1_MAP3"
"5084",12.7,1578,"1","2","MAT1_MAP2"
"5085",14.1,1498,"1","2","MAT1_MAP2"
"5086",12.7,1683,"1","3","MAT1_MAP3"
"5087",12.4,1725,"1","3","MAT1_MAP3"
"5088",9,1976,"1","3","MAT1_MAP3"
"5089",13.4,1810,"1","3","MAT1_MAP3"
"5090",12.8,1877,"1","3","MAT1_MAP3"
"5091",12.2,1907,"1","3","MAT1_MAP3"
"5092",16.3,2251,"2","3","MAT2_MAP3"
"5093",15.1,2186,"2","3","MAT2_MAP3"
"5094",14,2115,"1","3","MAT1_MAP3"
"5095",14.2,2081,"1","3","MAT1_MAP3"
"5096",13.5,2060,"1","3","MAT1_MAP3"
"5097",13.6,2015,"1","3","MAT1_MAP3"
"5098",12.4,2056,"1","3","MAT1_MAP3"
"5099",11,2133,"1","3","MAT1_MAP3"
"5100",14,1606,"1","3","MAT1_MAP3"
"5101",13.9,1493,"1","2","MAT1_MAP2"
"5102",13.6,2132,"1","3","MAT1_MAP3"
"5103",13.2,2082,"1","3","MAT1_MAP3"
"5104",13.7,2019,"1","3","MAT1_MAP3"
"5105",13.4,1995,"1","3","MAT1_MAP3"
"5106",14,1826,"1","3","MAT1_MAP3"
"5107",13.9,1528,"1","2","MAT1_MAP2"
"5108",16.1,2283,"2","3","MAT2_MAP3"
"5109",13,2057,"1","3","MAT1_MAP3"
"5110",13.9,1975,"1","3","MAT1_MAP3"
"5111",15.1,1762,"2","3","MAT2_MAP3"
"5112",14.9,1524,"2","2","MAT2_MAP2"
"5113",14.4,1492,"1","2","MAT1_MAP2"
"5114",13.5,1560,"1","2","MAT1_MAP2"
"5115",8.7,2045,"1","3","MAT1_MAP3"
"5116",15.2,2150,"2","3","MAT2_MAP3"
"5117",15.6,2141,"2","3","MAT2_MAP3"
"5118",12.5,2001,"1","3","MAT1_MAP3"
"5119",13.6,1575,"1","2","MAT1_MAP2"
"5120",11.8,1728,"1","3","MAT1_MAP3"
"5121",11.7,1741,"1","3","MAT1_MAP3"
"5122",13.7,1980,"1","3","MAT1_MAP3"
"5123",15.7,2147,"2","3","MAT2_MAP3"
"5124",15.9,1943,"2","3","MAT2_MAP3"
"5125",14.4,1529,"1","2","MAT1_MAP2"
"5126",13.3,1626,"1","3","MAT1_MAP3"
"5127",13,2019,"1","3","MAT1_MAP3"
"5128",14.3,1516,"1","2","MAT1_MAP2"
"5129",13.1,1615,"1","3","MAT1_MAP3"
"5130",9.5,1937,"1","3","MAT1_MAP3"
"5131",13.3,1917,"1","3","MAT1_MAP3"
"5132",10.6,1983,"1","3","MAT1_MAP3"
"5133",16.4,1906,"2","3","MAT2_MAP3"
"5134",13.7,1553,"1","2","MAT1_MAP2"
"5135",12.5,1664,"1","3","MAT1_MAP3"
"5136",9.9,1902,"1","3","MAT1_MAP3"
"5137",12.6,1727,"1","3","MAT1_MAP3"
"5138",12.5,1760,"1","3","MAT1_MAP3"
"5139",10.7,1920,"1","3","MAT1_MAP3"
"5140",9.3,2022,"1","3","MAT1_MAP3"
"5141",13,1624,"1","3","MAT1_MAP3"
"5142",10.8,1823,"1","3","MAT1_MAP3"
"5143",9.2,1965,"1","3","MAT1_MAP3"
"5144",12,1784,"1","3","MAT1_MAP3"
"5145",12.1,1911,"1","3","MAT1_MAP3"
"5146",12.7,1923,"1","3","MAT1_MAP3"
"5147",12.1,1969,"1","3","MAT1_MAP3"
"5148",13.9,2022,"1","3","MAT1_MAP3"
"5149",13.6,1561,"1","2","MAT1_MAP2"
"5150",13.3,1607,"1","3","MAT1_MAP3"
"5151",13.2,1637,"1","3","MAT1_MAP3"
"5152",13.9,2038,"1","3","MAT1_MAP3"
"5153",13.1,1781,"1","3","MAT1_MAP3"
"5154",14.2,1893,"1","3","MAT1_MAP3"
"5155",13.6,2039,"1","3","MAT1_MAP3"
"5156",14.2,1516,"1","2","MAT1_MAP2"
"5157",14,1555,"1","2","MAT1_MAP2"
"5158",12.6,1681,"1","3","MAT1_MAP3"
"5159",12.2,1779,"1","3","MAT1_MAP3"
"5160",13.8,1549,"1","2","MAT1_MAP2"
"5161",13.3,1628,"1","3","MAT1_MAP3"
"5162",13.3,1648,"1","3","MAT1_MAP3"
"5163",10.9,1840,"1","3","MAT1_MAP3"
"5164",10.9,1852,"1","3","MAT1_MAP3"
"5165",12.7,1767,"1","3","MAT1_MAP3"
"5166",13.1,1608,"1","3","MAT1_MAP3"
"5167",13.5,1596,"1","2","MAT1_MAP2"
"5168",11.7,1783,"1","3","MAT1_MAP3"
"5169",11.3,1839,"1","3","MAT1_MAP3"
"5170",11.2,1860,"1","3","MAT1_MAP3"
"5171",12.4,1810,"1","3","MAT1_MAP3"
"5172",13.9,1783,"1","3","MAT1_MAP3"
"5173",13.1,1857,"1","3","MAT1_MAP3"
"5174",13.4,1941,"1","3","MAT1_MAP3"
"5175",12.8,1813,"1","3","MAT1_MAP3"
"5176",12.1,1759,"1","3","MAT1_MAP3"
"5177",12.7,1753,"1","3","MAT1_MAP3"
"5178",12.1,1828,"1","3","MAT1_MAP3"
"5179",13.4,1875,"1","3","MAT1_MAP3"
"5180",12.2,1968,"1","3","MAT1_MAP3"
"5181",11.6,1829,"1","3","MAT1_MAP3"
"5182",14,1742,"1","3","MAT1_MAP3"
"5183",13.8,1776,"1","3","MAT1_MAP3"
"5184",12.6,1916,"1","3","MAT1_MAP3"
"5185",14.7,1605,"2","3","MAT2_MAP3"
"5186",14.3,1694,"1","3","MAT1_MAP3"
"5187",14.2,1734,"1","3","MAT1_MAP3"
"5188",14,1764,"1","3","MAT1_MAP3"
"5189",11.6,1911,"1","3","MAT1_MAP3"
"5190",14.4,1724,"1","3","MAT1_MAP3"
"5191",12.9,1682,"1","3","MAT1_MAP3"
"5192",12.8,1760,"1","3","MAT1_MAP3"
"5193",13.6,1733,"1","3","MAT1_MAP3"
"5194",14.6,1454,"1","2","MAT1_MAP2"
"5195",13.5,1637,"1","3","MAT1_MAP3"
"5196",13.3,1671,"1","3","MAT1_MAP3"
"5197",14,1647,"1","3","MAT1_MAP3"
"5198",13.6,1715,"1","3","MAT1_MAP3"
"5199",14.7,1685,"2","3","MAT2_MAP3"
"5200",12.9,1722,"1","3","MAT1_MAP3"
"5201",14.4,1756,"1","3","MAT1_MAP3"
"5202",14.2,1807,"1","3","MAT1_MAP3"
"5203",13.8,1656,"1","3","MAT1_MAP3"
"5204",13.6,1686,"1","3","MAT1_MAP3"
"5205",13.6,1707,"1","3","MAT1_MAP3"
"5206",15.9,1842,"2","3","MAT2_MAP3"
"5207",13.6,1661,"1","3","MAT1_MAP3"
"5208",13.8,1723,"1","3","MAT1_MAP3"
"5209",15.4,1986,"2","3","MAT2_MAP3"
"5210",15.3,1957,"2","3","MAT2_MAP3"
"5211",14.1,2030,"1","3","MAT1_MAP3"
"5212",14.1,1932,"1","3","MAT1_MAP3"
"5213",13.9,1724,"1","3","MAT1_MAP3"
"5214",13.7,1855,"1","3","MAT1_MAP3"
"5215",15.4,1940,"2","3","MAT2_MAP3"
"5216",14.9,1974,"2","3","MAT2_MAP3"
"5217",15,1916,"2","3","MAT2_MAP3"
"5218",13.5,1985,"1","3","MAT1_MAP3"
"5219",12.5,1771,"1","3","MAT1_MAP3"
"5220",16.1,2040,"2","3","MAT2_MAP3"
"5221",15.3,1995,"2","3","MAT2_MAP3"
"5222",12.8,1804,"1","3","MAT1_MAP3"
"5223",15.1,2099,"2","3","MAT2_MAP3"
"5224",14.8,2033,"2","3","MAT2_MAP3"
"5225",14,2008,"1","3","MAT1_MAP3"
"5226",14.3,2241,"1","3","MAT1_MAP3"
"5227",15.1,2140,"2","3","MAT2_MAP3"
"5228",15,1976,"2","3","MAT2_MAP3"
"5229",14.4,1960,"1","3","MAT1_MAP3"
"5230",14.5,1867,"1","3","MAT1_MAP3"
"5231",13.8,1841,"1","3","MAT1_MAP3"
"5232",14.3,2154,"1","3","MAT1_MAP3"
"5233",14,2032,"1","3","MAT1_MAP3"
"5234",12.6,1967,"1","3","MAT1_MAP3"
"5235",14.2,1706,"1","3","MAT1_MAP3"
"5236",14.2,1779,"1","3","MAT1_MAP3"
"5237",14.3,2292,"1","3","MAT1_MAP3"
"5238",12.2,1857,"1","3","MAT1_MAP3"
"5239",16.2,2330,"2","3","MAT2_MAP3"
"5240",15.7,2326,"2","3","MAT2_MAP3"
"5241",15.1,2336,"2","3","MAT2_MAP3"
"5242",13.6,2355,"1","3","MAT1_MAP3"
"5243",14.1,2284,"1","3","MAT1_MAP3"
"5244",14.2,2239,"1","3","MAT1_MAP3"
"5245",12.2,2300,"1","3","MAT1_MAP3"
"5246",13.6,2155,"1","3","MAT1_MAP3"
"5247",12.2,2227,"1","3","MAT1_MAP3"
"5248",12.8,2110,"1","3","MAT1_MAP3"
"5249",13.9,1974,"1","3","MAT1_MAP3"
"5250",13.9,1871,"1","3","MAT1_MAP3"
"5251",14.2,1746,"1","3","MAT1_MAP3"
"5252",13.7,1908,"1","3","MAT1_MAP3"
"5253",15.9,2480,"2","3","MAT2_MAP3"
"5254",15.2,2502,"2","3","MAT2_MAP3"
"5255",16.1,2426,"2","3","MAT2_MAP3"
"5256",16.3,2393,"2","3","MAT2_MAP3"
"5257",14.8,2463,"2","3","MAT2_MAP3"
"5258",15.3,2374,"2","3","MAT2_MAP3"
"5259",15.8,2331,"2","3","MAT2_MAP3"
"5260",12.7,2447,"1","3","MAT1_MAP3"
"5261",12,2243,"1","3","MAT1_MAP3"
"5262",13.3,2101,"1","3","MAT1_MAP3"
"5263",13,2058,"1","3","MAT1_MAP3"
"5264",13.6,1926,"1","3","MAT1_MAP3"
"5265",14.1,1841,"1","3","MAT1_MAP3"
"5266",14.8,1740,"2","3","MAT2_MAP3"
"5267",13.9,2454,"1","3","MAT1_MAP3"
"5268",13.6,2345,"1","3","MAT1_MAP3"
"5269",10.1,2509,"1","3","MAT1_MAP3"
"5270",11.3,2383,"1","3","MAT1_MAP3"
"5271",12.9,2236,"1","3","MAT1_MAP3"
"5272",11.7,2286,"1","3","MAT1_MAP3"
"5273",12,2229,"1","3","MAT1_MAP3"
"5274",12.8,1811,"1","3","MAT1_MAP3"
"5275",14.6,2611,"1","3","MAT1_MAP3"
"5276",14.9,2573,"2","3","MAT2_MAP3"
"5277",15.9,2479,"2","3","MAT2_MAP3"
"5278",16.1,2456,"2","3","MAT2_MAP3"
"5279",14.3,2493,"1","3","MAT1_MAP3"
"5280",13.3,1817,"1","3","MAT1_MAP3"
"5281",12.3,1868,"1","3","MAT1_MAP3"
"5282",12.8,1925,"1","3","MAT1_MAP3"
"5283",16.6,2549,"2","3","MAT2_MAP3"
"5284",15.6,2598,"2","3","MAT2_MAP3"
"5285",16.2,2549,"2","3","MAT2_MAP3"
"5286",13.9,2649,"1","3","MAT1_MAP3"
"5287",14.7,2576,"2","3","MAT2_MAP3"
"5288",12.4,2638,"1","3","MAT1_MAP3"
"5289",15,2505,"2","3","MAT2_MAP3"
"5290",12.6,2523,"1","3","MAT1_MAP3"
"5291",13.1,2476,"1","3","MAT1_MAP3"
"5292",12.5,2444,"1","3","MAT1_MAP3"
"5293",11,2481,"1","3","MAT1_MAP3"
"5294",11.2,2357,"1","3","MAT1_MAP3"
"5295",11.4,2310,"1","3","MAT1_MAP3"
"5296",10.8,2324,"1","3","MAT1_MAP3"
"5297",14.1,1857,"1","3","MAT1_MAP3"
"5298",16.6,2583,"2","3","MAT2_MAP3"
"5299",15.7,2628,"2","3","MAT2_MAP3"
"5300",16.4,2581,"2","3","MAT2_MAP3"
"5301",14.4,2659,"1","3","MAT1_MAP3"
"5302",12.7,2680,"1","3","MAT1_MAP3"
"5303",12.8,2577,"1","3","MAT1_MAP3"
"5304",11.4,2454,"1","3","MAT1_MAP3"
"5305",10.3,2494,"1","3","MAT1_MAP3"
"5306",11.6,2385,"1","3","MAT1_MAP3"
"5307",11.4,2328,"1","3","MAT1_MAP3"
"5308",13.4,2167,"1","3","MAT1_MAP3"
"5309",13.7,2106,"1","3","MAT1_MAP3"
"5310",12.7,2052,"1","3","MAT1_MAP3"
"5311",14.4,1811,"1","3","MAT1_MAP3"
"5312",14.1,2601,"1","3","MAT1_MAP3"
"5313",13.1,2582,"1","3","MAT1_MAP3"
"5314",12.2,2542,"1","3","MAT1_MAP3"
"5315",13.7,2490,"1","3","MAT1_MAP3"
"5316",11.3,2517,"1","3","MAT1_MAP3"
"5317",12.4,2377,"1","3","MAT1_MAP3"
"5318",13,2228,"1","3","MAT1_MAP3"
"5319",12.7,2203,"1","3","MAT1_MAP3"
"5320",11.1,2159,"1","3","MAT1_MAP3"
"5321",13.9,1739,"1","3","MAT1_MAP3"
"5322",11.1,1927,"1","3","MAT1_MAP3"
"5323",13.7,1976,"1","3","MAT1_MAP3"
"5324",16.4,2645,"2","3","MAT2_MAP3"
"5325",16.2,2653,"2","3","MAT2_MAP3"
"5326",13.7,2704,"1","3","MAT1_MAP3"
"5327",12.8,2697,"1","3","MAT1_MAP3"
"5328",16.7,2669,"2","3","MAT2_MAP3"
"5329",15.4,2751,"2","3","MAT2_MAP3"
"5330",14.1,2753,"1","3","MAT1_MAP3"
"5331",15.6,2710,"2","3","MAT2_MAP3"
"5332",15.4,2688,"2","3","MAT2_MAP3"
"5333",15.3,2602,"2","3","MAT2_MAP3"
"5334",11.8,2408,"1","3","MAT1_MAP3"
"5335",13.7,2289,"1","3","MAT1_MAP3"
"5336",12.1,2318,"1","3","MAT1_MAP3"
"5337",13.4,2209,"1","3","MAT1_MAP3"
"5338",16,2794,"2","3","MAT2_MAP3"
"5339",14,2644,"1","3","MAT1_MAP3"
"5340",13.1,2601,"1","3","MAT1_MAP3"
"5341",12,2319,"1","3","MAT1_MAP3"
"5342",13.6,2184,"1","3","MAT1_MAP3"
"5343",13.7,2141,"1","3","MAT1_MAP3"
"5344",14.4,1954,"1","3","MAT1_MAP3"
"5345",13.7,1760,"1","3","MAT1_MAP3"
"5346",17,2796,"2","3","MAT2_MAP3"
"5347",16.2,2848,"2","3","MAT2_MAP3"
"5348",15.4,2875,"2","3","MAT2_MAP3"
"5349",15.5,2874,"2","3","MAT2_MAP3"
"5350",12,2656,"1","3","MAT1_MAP3"
"5351",13.1,2647,"1","3","MAT1_MAP3"
"5352",11.9,2353,"1","3","MAT1_MAP3"
"5353",13.4,2193,"1","3","MAT1_MAP3"
"5354",13.7,1757,"1","3","MAT1_MAP3"
"5355",11.1,1956,"1","3","MAT1_MAP3"
"5356",13,2870,"1","3","MAT1_MAP3"
"5357",16.7,3024,"2","3","MAT2_MAP3"
"5358",10.5,2548,"1","3","MAT1_MAP3"
"5359",11.6,2436,"1","3","MAT1_MAP3"
"5360",9.9,2480,"1","3","MAT1_MAP3"
"5361",12,2334,"1","3","MAT1_MAP3"
"5362",12.4,2284,"1","3","MAT1_MAP3"
"5363",14,2145,"1","3","MAT1_MAP3"
"5364",12.7,2110,"1","3","MAT1_MAP3"
"5365",12.9,1950,"1","3","MAT1_MAP3"
"5366",13.1,1807,"1","3","MAT1_MAP3"
"5367",13.4,1699,"1","3","MAT1_MAP3"
"5368",13.8,1681,"1","3","MAT1_MAP3"
"5369",14.2,1737,"1","3","MAT1_MAP3"
"5370",16.8,3096,"2","3","MAT2_MAP3"
"5371",14.8,2990,"2","3","MAT2_MAP3"
"5372",16,3095,"2","3","MAT2_MAP3"
"5373",10.3,2687,"1","3","MAT1_MAP3"
"5374",10.5,2475,"1","3","MAT1_MAP3"
"5375",9.6,2484,"1","3","MAT1_MAP3"
"5376",14.8,2170,"2","3","MAT2_MAP3"
"5377",12.8,2082,"1","3","MAT1_MAP3"
"5378",13.4,1978,"1","3","MAT1_MAP3"
"5379",13.4,1907,"1","3","MAT1_MAP3"
"5380",13.2,1798,"1","3","MAT1_MAP3"
"5381",14.6,1580,"1","2","MAT1_MAP2"
"5382",14.5,1767,"1","3","MAT1_MAP3"
"5383",12.9,1846,"1","3","MAT1_MAP3"
"5384",10.8,1999,"1","3","MAT1_MAP3"
"5385",13.1,1994,"1","3","MAT1_MAP3"
"5386",14,2070,"1","3","MAT1_MAP3"
"5387",16.3,3138,"2","3","MAT2_MAP3"
"5388",15.1,3060,"2","3","MAT2_MAP3"
"5389",14,2963,"1","3","MAT1_MAP3"
"5390",14.1,2964,"1","3","MAT1_MAP3"
"5391",15.1,3046,"2","3","MAT2_MAP3"
"5392",14.8,2982,"2","3","MAT2_MAP3"
"5393",14.5,2919,"1","3","MAT1_MAP3"
"5394",10.6,2584,"1","3","MAT1_MAP3"
"5395",8.2,2655,"1","3","MAT1_MAP3"
"5396",8.8,2574,"1","3","MAT1_MAP3"
"5397",10.9,2434,"1","3","MAT1_MAP3"
"5398",13.8,2225,"1","3","MAT1_MAP3"
"5399",13.6,2152,"1","3","MAT1_MAP3"
"5400",13.2,2115,"1","3","MAT1_MAP3"
"5401",13.1,1873,"1","3","MAT1_MAP3"
"5402",13.4,1701,"1","3","MAT1_MAP3"
"5403",13.1,1731,"1","3","MAT1_MAP3"
"5404",13,1997,"1","3","MAT1_MAP3"
"5405",15.5,3213,"2","3","MAT2_MAP3"
"5406",12.7,2712,"1","3","MAT1_MAP3"
"5407",13.9,2759,"1","3","MAT1_MAP3"
"5408",12.2,2611,"1","3","MAT1_MAP3"
"5409",12.1,2559,"1","3","MAT1_MAP3"
"5410",11,2537,"1","3","MAT1_MAP3"
"5411",12.6,2476,"1","3","MAT1_MAP3"
"5412",13.3,2294,"1","3","MAT1_MAP3"
"5413",13.1,2229,"1","3","MAT1_MAP3"
"5414",12.7,2142,"1","3","MAT1_MAP3"
"5415",12.1,2146,"1","3","MAT1_MAP3"
"5416",13.9,1900,"1","3","MAT1_MAP3"
"5417",13.8,1694,"1","3","MAT1_MAP3"
"5418",12.4,1806,"1","3","MAT1_MAP3"
"5419",13.3,1701,"1","3","MAT1_MAP3"
"5420",13.5,2191,"1","3","MAT1_MAP3"
"5421",11.1,2336,"1","3","MAT1_MAP3"
"5422",15.2,3249,"2","3","MAT2_MAP3"
"5423",10.5,2565,"1","3","MAT1_MAP3"
"5424",11.2,2516,"1","3","MAT1_MAP3"
"5425",12.7,2439,"1","3","MAT1_MAP3"
"5426",10.7,2464,"1","3","MAT1_MAP3"
"5427",13,2256,"1","3","MAT1_MAP3"
"5428",11.9,2224,"1","3","MAT1_MAP3"
"5429",12.7,2118,"1","3","MAT1_MAP3"
"5430",13.5,1959,"1","3","MAT1_MAP3"
"5431",12.6,2380,"1","3","MAT1_MAP3"
"5432",11.6,2355,"1","3","MAT1_MAP3"
"5433",13,2416,"1","3","MAT1_MAP3"
"5434",15.3,3327,"2","3","MAT2_MAP3"
"5435",14.1,3078,"1","3","MAT1_MAP3"
"5436",11.6,2453,"1","3","MAT1_MAP3"
"5437",11.2,2370,"1","3","MAT1_MAP3"
"5438",12.1,2231,"1","3","MAT1_MAP3"
"5439",11.6,2232,"1","3","MAT1_MAP3"
"5440",12.6,1778,"1","3","MAT1_MAP3"
"5441",12.6,2035,"1","3","MAT1_MAP3"
"5442",13.3,2427,"1","3","MAT1_MAP3"
"5443",12.5,2429,"1","3","MAT1_MAP3"
"5444",12.9,2900,"1","3","MAT1_MAP3"
"5445",11.6,2426,"1","3","MAT1_MAP3"
"5446",13.3,2311,"1","3","MAT1_MAP3"
"5447",12.4,2237,"1","3","MAT1_MAP3"
"5448",12.9,2147,"1","3","MAT1_MAP3"
"5449",13.8,1922,"1","3","MAT1_MAP3"
"5450",14.2,1626,"1","3","MAT1_MAP3"
"5451",15.2,3338,"2","3","MAT2_MAP3"
"5452",11.8,2658,"1","3","MAT1_MAP3"
"5453",12.4,2424,"1","3","MAT1_MAP3"
"5454",13.2,2336,"1","3","MAT1_MAP3"
"5455",11.6,2351,"1","3","MAT1_MAP3"
"5456",12.5,2249,"1","3","MAT1_MAP3"
"5457",11.7,2263,"1","3","MAT1_MAP3"
"5458",16.4,3673,"2","3","MAT2_MAP3"
"5459",16.1,3437,"2","3","MAT2_MAP3"
"5460",13.7,2448,"1","3","MAT1_MAP3"
"5461",12.9,2365,"1","3","MAT1_MAP3"
"5462",11.5,2336,"1","3","MAT1_MAP3"
"5463",13.1,2179,"1","3","MAT1_MAP3"
"5464",11.5,2247,"1","3","MAT1_MAP3"
"5465",11.9,2174,"1","3","MAT1_MAP3"
"5466",13,2004,"1","3","MAT1_MAP3"
"5467",13.5,1874,"1","3","MAT1_MAP3"
"5468",13.5,1786,"1","3","MAT1_MAP3"
"5469",13.9,1654,"1","3","MAT1_MAP3"
"5470",12.9,2095,"1","3","MAT1_MAP3"
"5471",14.9,3025,"2","3","MAT2_MAP3"
"5472",12,2474,"1","3","MAT1_MAP3"
"5473",12.1,2317,"1","3","MAT1_MAP3"
"5474",13.4,2182,"1","3","MAT1_MAP3"
"5475",12.6,2068,"1","3","MAT1_MAP3"
"5476",12.5,2027,"1","3","MAT1_MAP3"
"5477",12.1,2043,"1","3","MAT1_MAP3"
"5478",12.9,1903,"1","3","MAT1_MAP3"
"5479",13.7,1687,"1","3","MAT1_MAP3"
"5480",13.9,2487,"1","3","MAT1_MAP3"
"5481",15.6,3118,"2","3","MAT2_MAP3"
"5482",13.5,2620,"1","3","MAT1_MAP3"
"5483",13.9,2590,"1","3","MAT1_MAP3"
"5484",14.6,2516,"1","3","MAT1_MAP3"
"5485",14.2,2399,"1","3","MAT1_MAP3"
"5486",13.3,2272,"1","3","MAT1_MAP3"
"5487",13.8,2176,"1","3","MAT1_MAP3"
"5488",12,2236,"1","3","MAT1_MAP3"
"5489",14.7,1906,"2","3","MAT2_MAP3"
"5490",13.9,1885,"1","3","MAT1_MAP3"
"5491",11.5,2096,"1","3","MAT1_MAP3"
"5492",12.8,1894,"1","3","MAT1_MAP3"
"5493",11.6,1997,"1","3","MAT1_MAP3"
"5494",13.9,1763,"1","3","MAT1_MAP3"
"5495",13.3,2026,"1","3","MAT1_MAP3"
"5496",12.8,2073,"1","3","MAT1_MAP3"
"5497",11.4,2374,"1","3","MAT1_MAP3"
"5498",12.8,2431,"1","3","MAT1_MAP3"
"5499",14.4,2522,"1","3","MAT1_MAP3"
"5500",12.6,2272,"1","3","MAT1_MAP3"
"5501",13.6,1790,"1","3","MAT1_MAP3"
"5502",14,1721,"1","3","MAT1_MAP3"
"5503",13.5,1757,"1","3","MAT1_MAP3"
"5504",12.9,1816,"1","3","MAT1_MAP3"
"5505",12.5,1857,"1","3","MAT1_MAP3"
"5506",11.9,1942,"1","3","MAT1_MAP3"
"5507",11.9,2404,"1","3","MAT1_MAP3"
"5508",13,2478,"1","3","MAT1_MAP3"
"5509",14.3,2420,"1","3","MAT1_MAP3"
"5510",14.3,2263,"1","3","MAT1_MAP3"
"5511",12.9,1917,"1","3","MAT1_MAP3"
"5512",11.9,1949,"1","3","MAT1_MAP3"
"5513",12.1,1925,"1","3","MAT1_MAP3"
"5514",10.7,2064,"1","3","MAT1_MAP3"
"5515",10.1,2120,"1","3","MAT1_MAP3"
"5516",13.4,1918,"1","3","MAT1_MAP3"
"5517",10.2,2154,"1","3","MAT1_MAP3"
"5518",10.5,2158,"1","3","MAT1_MAP3"
"5519",12.3,2158,"1","3","MAT1_MAP3"
"5520",12.6,2173,"1","3","MAT1_MAP3"
"5521",13.7,2648,"1","3","MAT1_MAP3"
"5522",13.5,2167,"1","3","MAT1_MAP3"
"5523",14,1850,"1","3","MAT1_MAP3"
"5524",13.4,1795,"1","3","MAT1_MAP3"
"5525",12.7,1970,"1","3","MAT1_MAP3"
"5526",13.9,1911,"1","3","MAT1_MAP3"
"5527",14.5,2673,"1","3","MAT1_MAP3"
"5528",15,1732,"2","3","MAT2_MAP3"
"5529",13.7,1781,"1","3","MAT1_MAP3"
"5530",12.3,1972,"1","3","MAT1_MAP3"
"5531",13,2037,"1","3","MAT1_MAP3"
"5532",10.4,2175,"1","3","MAT1_MAP3"
"5533",13,2588,"1","3","MAT1_MAP3"
"5534",13,2522,"1","3","MAT1_MAP3"
"5535",15.3,2406,"2","3","MAT2_MAP3"
"5536",14.9,2338,"2","3","MAT2_MAP3"
"5537",13.4,2136,"1","3","MAT1_MAP3"
"5538",11.2,2203,"1","3","MAT1_MAP3"
"5539",11.5,2259,"1","3","MAT1_MAP3"
"5540",14.1,2507,"1","3","MAT1_MAP3"
"5541",15.1,1714,"2","3","MAT2_MAP3"
"5542",14.3,2111,"1","3","MAT1_MAP3"
"5543",11.8,2247,"1","3","MAT1_MAP3"
"5544",14.8,2333,"2","3","MAT2_MAP3"
"5545",12.9,2252,"1","3","MAT1_MAP3"
"5546",12.7,2273,"1","3","MAT1_MAP3"
"5547",9.2,2226,"1","3","MAT1_MAP3"
"5548",13.3,2375,"1","3","MAT1_MAP3"
"5549",13.5,2367,"1","3","MAT1_MAP3"
"5550",12.5,2286,"1","3","MAT1_MAP3"
"5551",13.5,2317,"1","3","MAT1_MAP3"
"5552",11.1,2271,"1","3","MAT1_MAP3"
"5553",14.8,2442,"2","3","MAT2_MAP3"
"5554",15.3,2365,"2","3","MAT2_MAP3"
"5555",12.7,2320,"1","3","MAT1_MAP3"
"5556",13.7,2272,"1","3","MAT1_MAP3"
"5557",13.3,2323,"1","3","MAT1_MAP3"
"5558",12.2,2309,"1","3","MAT1_MAP3"
"5559",11.7,2316,"1","3","MAT1_MAP3"
"5560",15.3,2350,"2","3","MAT2_MAP3"
"5561",13.2,2373,"1","3","MAT1_MAP3"
"5562",12.1,2300,"1","3","MAT1_MAP3"
"5563",13,2293,"1","3","MAT1_MAP3"
"5564",12.4,2328,"1","3","MAT1_MAP3"
"5565",11.5,2325,"1","3","MAT1_MAP3"
"5566",16.1,2369,"2","3","MAT2_MAP3"
"5567",15.3,2332,"2","3","MAT2_MAP3"
"5568",14,2296,"1","3","MAT1_MAP3"
"5569",12.8,2338,"1","3","MAT1_MAP3"
"5570",13.7,2396,"1","3","MAT1_MAP3"
"5571",12.9,2385,"1","3","MAT1_MAP3"
"5572",13.1,2352,"1","3","MAT1_MAP3"
"5573",9.8,2200,"1","3","MAT1_MAP3"
"5574",12.2,2386,"1","3","MAT1_MAP3"
"5575",13.4,2417,"1","3","MAT1_MAP3"
"5576",12.1,2322,"1","3","MAT1_MAP3"
"5577",12.4,2374,"1","3","MAT1_MAP3"
"5578",13.5,2388,"1","3","MAT1_MAP3"
"5579",12.7,2308,"1","3","MAT1_MAP3"
"5580",12.3,2312,"1","3","MAT1_MAP3"
"5581",12.5,2356,"1","3","MAT1_MAP3"
"5582",12.3,2346,"1","3","MAT1_MAP3"
"5583",11.9,2293,"1","3","MAT1_MAP3"
"5584",14.2,2258,"1","3","MAT1_MAP3"
"5585",14,2335,"1","3","MAT1_MAP3"
"5586",13.1,2343,"1","3","MAT1_MAP3"
"5587",12.4,2304,"1","3","MAT1_MAP3"
"5588",10.5,2150,"1","3","MAT1_MAP3"
"5589",13,2352,"1","3","MAT1_MAP3"
"5590",13.5,2345,"1","3","MAT1_MAP3"
"5591",14.7,1915,"2","3","MAT2_MAP3"
"5592",13.2,2279,"1","3","MAT1_MAP3"
"5593",13,2288,"1","3","MAT1_MAP3"
"5594",12.5,2283,"1","3","MAT1_MAP3"
"5595",9.4,2078,"1","3","MAT1_MAP3"
"5596",12.4,2218,"1","3","MAT1_MAP3"
"5597",12.7,2252,"1","3","MAT1_MAP3"
"5598",12.5,2237,"1","3","MAT1_MAP3"
"5599",11.4,2119,"1","3","MAT1_MAP3"
"5600",9,2010,"1","3","MAT1_MAP3"
"5601",12,2221,"1","3","MAT1_MAP3"
"5602",14.4,2025,"1","3","MAT1_MAP3"
"5603",14.2,2070,"1","3","MAT1_MAP3"
"5604",13.5,2138,"1","3","MAT1_MAP3"
"5605",11.7,2151,"1","3","MAT1_MAP3"
"5606",13.2,2202,"1","3","MAT1_MAP3"
"5607",12.2,2168,"1","3","MAT1_MAP3"
"5608",7.1,2015,"1","3","MAT1_MAP3"
"5609",12.3,2221,"1","3","MAT1_MAP3"
"5610",12.8,2114,"1","3","MAT1_MAP3"
"5611",13,2119,"1","3","MAT1_MAP3"
"5612",13.9,2127,"1","3","MAT1_MAP3"
"5613",11.9,2121,"1","3","MAT1_MAP3"
"5614",11.5,2069,"1","3","MAT1_MAP3"
"5615",9.5,1917,"1","3","MAT1_MAP3"
"5616",14.8,1743,"2","3","MAT2_MAP3"
"5617",13.4,2071,"1","3","MAT1_MAP3"
"5618",12.1,2172,"1","3","MAT1_MAP3"
"5619",13.1,2098,"1","3","MAT1_MAP3"
"5620",11.4,2108,"1","3","MAT1_MAP3"
"5621",12.8,2108,"1","3","MAT1_MAP3"
"5622",11.7,2054,"1","3","MAT1_MAP3"
"5623",11.8,2043,"1","3","MAT1_MAP3"
"5624",7.5,1994,"1","3","MAT1_MAP3"
"5625",8,1965,"1","3","MAT1_MAP3"
"5626",10.3,1893,"1","3","MAT1_MAP3"
"5627",8.9,1888,"1","3","MAT1_MAP3"
"5628",9.3,1870,"1","3","MAT1_MAP3"
"5629",14.5,1878,"1","3","MAT1_MAP3"
"5630",14.5,1874,"1","3","MAT1_MAP3"
"5631",13.8,2041,"1","3","MAT1_MAP3"
"5632",14.6,1863,"1","3","MAT1_MAP3"
"5633",13.6,2071,"1","3","MAT1_MAP3"
"5634",14.7,1887,"2","3","MAT2_MAP3"
"5635",13.4,2079,"1","3","MAT1_MAP3"
"5636",13.5,2058,"1","3","MAT1_MAP3"
"5637",11.7,2083,"1","3","MAT1_MAP3"
"5638",11.7,2048,"1","3","MAT1_MAP3"
"5639",12.4,2052,"1","3","MAT1_MAP3"
"5640",10.5,1942,"1","3","MAT1_MAP3"
"5641",9.2,1830,"1","3","MAT1_MAP3"
"5642",8.8,1817,"1","3","MAT1_MAP3"
"5643",14.7,1877,"2","3","MAT2_MAP3"
"5644",14.7,1863,"2","3","MAT2_MAP3"
"5645",13.3,2164,"1","3","MAT1_MAP3"
"5646",12.9,2228,"1","3","MAT1_MAP3"
"5647",13.7,2093,"1","3","MAT1_MAP3"
"5648",12.1,2061,"1","3","MAT1_MAP3"
"5649",10.3,2044,"1","3","MAT1_MAP3"
"5650",11.3,1981,"1","3","MAT1_MAP3"
"5651",9.3,1974,"1","3","MAT1_MAP3"
"5652",9.7,1878,"1","3","MAT1_MAP3"
"5653",8.1,1913,"1","3","MAT1_MAP3"
"5654",7.8,1894,"1","3","MAT1_MAP3"
"5655",6.4,1959,"1","3","MAT1_MAP3"
"5656",9.4,1767,"1","3","MAT1_MAP3"
"5657",9.9,1727,"1","3","MAT1_MAP3"
"5658",12.8,2045,"1","3","MAT1_MAP3"
"5659",14,2058,"1","3","MAT1_MAP3"
"5660",12.5,2299,"1","3","MAT1_MAP3"
"5661",11.7,2304,"1","3","MAT1_MAP3"
"5662",13.7,2069,"1","3","MAT1_MAP3"
"5663",13,2032,"1","3","MAT1_MAP3"
"5664",10.4,2018,"1","3","MAT1_MAP3"
"5665",9.2,2015,"1","3","MAT1_MAP3"
"5666",12.2,1946,"1","3","MAT1_MAP3"
"5667",7.1,2016,"1","3","MAT1_MAP3"
"5668",6.6,1953,"1","3","MAT1_MAP3"
"5669",7.3,1892,"1","3","MAT1_MAP3"
"5670",8.5,1810,"1","3","MAT1_MAP3"
"5671",11.2,1822,"1","3","MAT1_MAP3"
"5672",12.9,2316,"1","3","MAT1_MAP3"
"5673",12.6,2330,"1","3","MAT1_MAP3"
"5674",10.2,2293,"1","3","MAT1_MAP3"
"5675",11.5,2223,"1","3","MAT1_MAP3"
"5676",12.4,2184,"1","3","MAT1_MAP3"
"5677",11.4,2166,"1","3","MAT1_MAP3"
"5678",12.7,2083,"1","3","MAT1_MAP3"
"5679",10.6,1957,"1","3","MAT1_MAP3"
"5680",11,1908,"1","3","MAT1_MAP3"
"5681",7.7,1959,"1","3","MAT1_MAP3"
"5682",7.2,1972,"1","3","MAT1_MAP3"
"5683",6.3,1918,"1","3","MAT1_MAP3"
"5684",7.5,1822,"1","3","MAT1_MAP3"
"5685",15.7,1913,"2","3","MAT2_MAP3"
"5686",13.7,2232,"1","3","MAT1_MAP3"
"5687",14.3,2083,"1","3","MAT1_MAP3"
"5688",12.3,2359,"1","3","MAT1_MAP3"
"5689",10.6,2316,"1","3","MAT1_MAP3"
"5690",11.2,2243,"1","3","MAT1_MAP3"
"5691",13.7,2105,"1","3","MAT1_MAP3"
"5692",11.9,2152,"1","3","MAT1_MAP3"
"5693",11.1,2135,"1","3","MAT1_MAP3"
"5694",8.9,1930,"1","3","MAT1_MAP3"
"5695",5.2,2007,"1","3","MAT1_MAP3"
"5696",7.4,1808,"1","3","MAT1_MAP3"
"5697",14,2206,"1","3","MAT1_MAP3"
"5698",12.4,2361,"1","3","MAT1_MAP3"
"5699",11.7,2326,"1","3","MAT1_MAP3"
"5700",10.5,2283,"1","3","MAT1_MAP3"
"5701",11.4,2206,"1","3","MAT1_MAP3"
"5702",12.4,2176,"1","3","MAT1_MAP3"
"5703",11.2,2141,"1","3","MAT1_MAP3"
"5704",13.1,1892,"1","3","MAT1_MAP3"
"5705",9.5,1910,"1","3","MAT1_MAP3"
"5706",7.2,1939,"1","3","MAT1_MAP3"
"5707",4.8,2042,"1","3","MAT1_MAP3"
"5708",15.2,2006,"2","3","MAT2_MAP3"
"5709",14.6,2106,"1","3","MAT1_MAP3"
"5710",14.5,2094,"1","3","MAT1_MAP3"
"5711",13.9,2236,"1","3","MAT1_MAP3"
"5712",11,2252,"1","3","MAT1_MAP3"
"5713",9.8,2220,"1","3","MAT1_MAP3"
"5714",9.4,2178,"1","3","MAT1_MAP3"
"5715",9.9,2134,"1","3","MAT1_MAP3"
"5716",9.9,2117,"1","3","MAT1_MAP3"
"5717",7.3,2175,"1","3","MAT1_MAP3"
"5718",7.7,2102,"1","3","MAT1_MAP3"
"5719",10.7,2198,"1","3","MAT1_MAP3"
"5720",11.7,2127,"1","3","MAT1_MAP3"
"5721",8.5,1931,"1","3","MAT1_MAP3"
"5722",6.8,1962,"1","3","MAT1_MAP3"
"5723",6.1,1934,"1","3","MAT1_MAP3"
"5724",7.4,1798,"1","3","MAT1_MAP3"
"5725",15.4,2014,"2","3","MAT2_MAP3"
"5726",14.7,2103,"2","3","MAT2_MAP3"
"5727",14.3,2167,"1","3","MAT1_MAP3"
"5728",13,2380,"1","3","MAT1_MAP3"
"5729",11.9,2287,"1","3","MAT1_MAP3"
"5730",10.5,1943,"1","3","MAT1_MAP3"
"5731",8.3,2004,"1","3","MAT1_MAP3"
"5732",8.7,1796,"1","3","MAT1_MAP3"
"5733",4,2058,"1","3","MAT1_MAP3"
"5734",10,2184,"1","3","MAT1_MAP3"
"5735",9.9,2123,"1","3","MAT1_MAP3"
"5736",6.6,2142,"1","3","MAT1_MAP3"
"5737",12.9,2364,"1","3","MAT1_MAP3"
"5738",14.6,2137,"1","3","MAT1_MAP3"
"5739",11.2,2230,"1","3","MAT1_MAP3"
"5740",7,1743,"1","3","MAT1_MAP3"
"5741",8.4,2144,"1","3","MAT1_MAP3"
"5742",8.7,2116,"1","3","MAT1_MAP3"
"5743",8.3,1987,"1","3","MAT1_MAP3"
"5744",9.5,1894,"1","3","MAT1_MAP3"
"5745",11.1,1727,"1","3","MAT1_MAP3"
"5746",7.9,1775,"1","3","MAT1_MAP3"
"5747",9.8,1624,"1","3","MAT1_MAP3"
"5748",14.6,2152,"1","3","MAT1_MAP3"
"5749",13.1,2324,"1","3","MAT1_MAP3"
"5750",12.5,2290,"1","3","MAT1_MAP3"
"5751",11.5,2214,"1","3","MAT1_MAP3"
"5752",10.7,2176,"1","3","MAT1_MAP3"
"5753",7.4,2163,"1","3","MAT1_MAP3"
"5754",8.3,2085,"1","3","MAT1_MAP3"
"5755",11.4,1900,"1","3","MAT1_MAP3"
"5756",7.7,2011,"1","3","MAT1_MAP3"
"5757",6.8,2040,"1","3","MAT1_MAP3"
"5758",10.4,1578,"1","2","MAT1_MAP2"
"5759",8.4,1708,"1","3","MAT1_MAP3"
"5760",13.2,2321,"1","3","MAT1_MAP3"
"5761",12.6,2335,"1","3","MAT1_MAP3"
"5762",9.2,2170,"1","3","MAT1_MAP3"
"5763",11.3,2192,"1","3","MAT1_MAP3"
"5764",14.7,2168,"2","3","MAT2_MAP3"
"5765",12.9,2315,"1","3","MAT1_MAP3"
"5766",12.2,2318,"1","3","MAT1_MAP3"
"5767",10.1,2133,"1","3","MAT1_MAP3"
"5768",12,2009,"1","3","MAT1_MAP3"
"5769",9.6,2155,"1","3","MAT1_MAP3"
"5770",11.6,1762,"1","3","MAT1_MAP3"
"5771",8.1,1926,"1","3","MAT1_MAP3"
"5772",5.8,1936,"1","3","MAT1_MAP3"
"5773",8.6,1649,"1","3","MAT1_MAP3"
"5774",15.1,2113,"2","3","MAT2_MAP3"
"5775",13.3,2261,"1","3","MAT1_MAP3"
"5776",11.7,2274,"1","3","MAT1_MAP3"
"5777",13.2,2120,"1","3","MAT1_MAP3"
"5778",7.5,1743,"1","3","MAT1_MAP3"
"5779",7.5,1728,"1","3","MAT1_MAP3"
"5780",5.7,1827,"1","3","MAT1_MAP3"
"5781",15.3,2101,"2","3","MAT2_MAP3"
"5782",15.7,2035,"2","3","MAT2_MAP3"
"5783",12.8,2266,"1","3","MAT1_MAP3"
"5784",12.2,2201,"1","3","MAT1_MAP3"
"5785",11.5,2137,"1","3","MAT1_MAP3"
"5786",14.5,1979,"1","3","MAT1_MAP3"
"5787",14.1,2171,"1","3","MAT1_MAP3"
"5788",9.4,2261,"1","3","MAT1_MAP3"
"5789",11.9,2145,"1","3","MAT1_MAP3"
"5790",10.4,2104,"1","3","MAT1_MAP3"
"5791",10.8,2023,"1","3","MAT1_MAP3"
"5792",9.9,1946,"1","3","MAT1_MAP3"
"5793",10.2,1692,"1","3","MAT1_MAP3"
"5794",7.6,1649,"1","3","MAT1_MAP3"
"5795",6.6,1739,"1","3","MAT1_MAP3"
"5796",9.9,1572,"1","2","MAT1_MAP2"
"5797",7,1697,"1","3","MAT1_MAP3"
"5798",14.4,2172,"1","3","MAT1_MAP3"
"5799",15,2110,"2","3","MAT2_MAP3"
"5800",14.7,2117,"2","3","MAT2_MAP3"
"5801",12.4,2178,"1","3","MAT1_MAP3"
"5802",10.8,2182,"1","3","MAT1_MAP3"
"5803",11.8,2042,"1","3","MAT1_MAP3"
"5804",11,2040,"1","3","MAT1_MAP3"
"5805",9.7,2045,"1","3","MAT1_MAP3"
"5806",15.7,2125,"2","3","MAT2_MAP3"
"5807",15.3,2139,"2","3","MAT2_MAP3"
"5808",15.3,2130,"2","3","MAT2_MAP3"
"5809",14.2,2183,"1","3","MAT1_MAP3"
"5810",13.4,2205,"1","3","MAT1_MAP3"
"5811",13.9,2166,"1","3","MAT1_MAP3"
"5812",9.6,2138,"1","3","MAT1_MAP3"
"5813",7.2,2167,"1","3","MAT1_MAP3"
"5814",12.1,1810,"1","3","MAT1_MAP3"
"5815",10.2,1622,"1","3","MAT1_MAP3"
"5816",13,2223,"1","3","MAT1_MAP3"
"5817",12,2218,"1","3","MAT1_MAP3"
"5818",5.5,2173,"1","3","MAT1_MAP3"
"5819",10.1,1586,"1","2","MAT1_MAP2"
"5820",8.6,1645,"1","3","MAT1_MAP3"
"5821",9.7,1484,"1","2","MAT1_MAP2"
"5822",14.9,2171,"2","3","MAT2_MAP3"
"5823",13.2,2228,"1","3","MAT1_MAP3"
"5824",6.5,1902,"1","3","MAT1_MAP3"
"5825",7.7,1712,"1","3","MAT1_MAP3"
"5826",8.1,1606,"1","3","MAT1_MAP3"
"5827",12.5,2111,"1","3","MAT1_MAP3"
"5828",14.6,2179,"1","3","MAT1_MAP3"
"5829",11.6,1899,"1","3","MAT1_MAP3"
"5830",15.2,2176,"2","3","MAT2_MAP3"
"5831",14.2,2174,"1","3","MAT1_MAP3"
"5832",13.6,2168,"1","3","MAT1_MAP3"
"5833",14.6,2092,"1","3","MAT1_MAP3"
"5834",13.8,2052,"1","3","MAT1_MAP3"
"5835",11.3,2074,"1","3","MAT1_MAP3"
"5836",6.2,1930,"1","3","MAT1_MAP3"
"5837",8.7,1665,"1","3","MAT1_MAP3"
"5838",6.6,1836,"1","3","MAT1_MAP3"
"5839",7.8,1684,"1","3","MAT1_MAP3"
"5840",6.1,1752,"1","3","MAT1_MAP3"
"5841",6.6,1613,"1","3","MAT1_MAP3"
"5842",4.6,2003,"1","3","MAT1_MAP3"
"5843",6.3,1753,"1","3","MAT1_MAP3"
"5844",7.8,1506,"1","2","MAT1_MAP2"
"5845",7.4,1528,"1","2","MAT1_MAP2"
"5846",12.5,2221,"1","3","MAT1_MAP3"
"5847",15.7,2169,"2","3","MAT2_MAP3"
"5848",13.5,2143,"1","3","MAT1_MAP3"
"5849",13.6,2113,"1","3","MAT1_MAP3"
"5850",11.4,2127,"1","3","MAT1_MAP3"
"5851",13.4,2053,"1","3","MAT1_MAP3"
"5852",15.8,2162,"2","3","MAT2_MAP3"
"5853",14.4,2184,"1","3","MAT1_MAP3"
"5854",12.8,2156,"1","3","MAT1_MAP3"
"5855",12.3,2131,"1","3","MAT1_MAP3"
"5856",10.9,2110,"1","3","MAT1_MAP3"
"5857",8.6,2170,"1","3","MAT1_MAP3"
"5858",4.3,1996,"1","3","MAT1_MAP3"
"5859",8.5,1502,"1","2","MAT1_MAP2"
"5860",8.8,1332,"1","1","MAT1_MAP1"
"5861",6.3,1606,"1","3","MAT1_MAP3"
"5862",15.6,2172,"2","3","MAT2_MAP3"
"5863",7.5,1518,"1","2","MAT1_MAP2"
"5864",10.5,1142,"1","1","MAT1_MAP1"
"5865",8.7,1305,"1","1","MAT1_MAP1"
"5866",11.5,1805,"1","3","MAT1_MAP3"
"5867",15,2156,"2","3","MAT2_MAP3"
"5868",14.5,2130,"1","3","MAT1_MAP3"
"5869",10.6,2105,"1","3","MAT1_MAP3"
"5870",13.1,1996,"1","3","MAT1_MAP3"
"5871",7.1,2158,"1","3","MAT1_MAP3"
"5872",6.9,1639,"1","3","MAT1_MAP3"
"5873",14.3,2172,"1","3","MAT1_MAP3"
"5874",14.6,2103,"1","3","MAT1_MAP3"
"5875",12.8,2041,"1","3","MAT1_MAP3"
"5876",10.5,1990,"1","3","MAT1_MAP3"
"5877",8.8,1477,"1","2","MAT1_MAP2"
"5878",2.5,2108,"1","3","MAT1_MAP3"
"5879",10.3,1143,"1","1","MAT1_MAP1"
"5880",8.6,1985,"1","3","MAT1_MAP3"
"5881",8.6,1816,"1","3","MAT1_MAP3"
"5882",5.9,2005,"1","3","MAT1_MAP3"
"5883",13.2,2489,"1","3","MAT1_MAP3"
"5884",12.6,1820,"1","3","MAT1_MAP3"
"5885",13.5,1949,"1","3","MAT1_MAP3"
"5886",11.4,1947,"1","3","MAT1_MAP3"
"5887",10.7,1973,"1","3","MAT1_MAP3"
"5888",11.3,1902,"1","3","MAT1_MAP3"
"5889",14.3,1716,"1","3","MAT1_MAP3"
"5890",12,1709,"1","3","MAT1_MAP3"
"5891",12.2,1565,"1","2","MAT1_MAP2"
"5892",12.6,1506,"1","2","MAT1_MAP2"
"5893",11.7,1503,"1","2","MAT1_MAP2"
"5894",12.1,1342,"1","2","MAT1_MAP2"
"5895",11,1912,"1","3","MAT1_MAP3"
"5896",14,2059,"1","3","MAT1_MAP3"
"5897",14.4,2042,"1","3","MAT1_MAP3"
"5898",13.8,1987,"1","3","MAT1_MAP3"
"5899",10.9,2013,"1","3","MAT1_MAP3"
"5900",14.5,1908,"1","3","MAT1_MAP3"
"5901",10.3,1337,"1","2","MAT1_MAP2"
"5902",14.6,2005,"1","3","MAT1_MAP3"
"5903",12,1855,"1","3","MAT1_MAP3"
"5904",9.4,1850,"1","3","MAT1_MAP3"
"5905",6.3,1745,"1","3","MAT1_MAP3"
"5906",13.9,2032,"1","3","MAT1_MAP3"
"5907",15.6,1945,"2","3","MAT2_MAP3"
"5908",14,1857,"1","3","MAT1_MAP3"
"5909",13.4,1819,"1","3","MAT1_MAP3"
"5910",10.3,1868,"1","3","MAT1_MAP3"
"5911",9.4,1889,"1","3","MAT1_MAP3"
"5912",6.6,2086,"1","3","MAT1_MAP3"
"5913",8.7,1540,"1","2","MAT1_MAP2"
"5914",7.5,1652,"1","3","MAT1_MAP3"
"5915",7.1,1591,"1","2","MAT1_MAP2"
"5916",8.2,1401,"1","2","MAT1_MAP2"
"5917",8.7,1295,"1","1","MAT1_MAP1"
"5918",13.7,1993,"1","3","MAT1_MAP3"
"5919",11.8,1785,"1","3","MAT1_MAP3"
"5920",9.2,1748,"1","3","MAT1_MAP3"
"5921",11.4,1371,"1","2","MAT1_MAP2"
"5922",6.5,1639,"1","3","MAT1_MAP3"
"5923",13.7,1823,"1","3","MAT1_MAP3"
"5924",12,1829,"1","3","MAT1_MAP3"
"5925",6.3,1720,"1","3","MAT1_MAP3"
"5926",5.2,1852,"1","3","MAT1_MAP3"
"5927",8.1,1352,"1","2","MAT1_MAP2"
"5928",12,1899,"1","3","MAT1_MAP3"
"5929",8,1843,"1","3","MAT1_MAP3"
"5930",10.4,1567,"1","2","MAT1_MAP2"
"5931",7,1752,"1","3","MAT1_MAP3"
"5932",3.6,2150,"1","3","MAT1_MAP3"
"5933",5.9,1790,"1","3","MAT1_MAP3"
"5934",5.1,1894,"1","3","MAT1_MAP3"
"5935",9.4,1244,"1","1","MAT1_MAP1"
"5936",8.4,1398,"1","2","MAT1_MAP2"
"5937",11.9,2250,"1","3","MAT1_MAP3"
"5938",13.8,1917,"1","3","MAT1_MAP3"
"5939",12.2,1957,"1","3","MAT1_MAP3"
"5940",9.3,1710,"1","3","MAT1_MAP3"
"5941",10.3,1192,"1","1","MAT1_MAP1"
"5942",9.9,1215,"1","1","MAT1_MAP1"
"5943",11.9,1110,"1","1","MAT1_MAP1"
"5944",12,2262,"1","3","MAT1_MAP3"
"5945",12.4,2315,"1","3","MAT1_MAP3"
"5946",11.6,2196,"1","3","MAT1_MAP3"
"5947",12.1,2015,"1","3","MAT1_MAP3"
"5948",10.8,1978,"1","3","MAT1_MAP3"
"5949",10.6,1607,"1","3","MAT1_MAP3"
"5950",7.9,1662,"1","3","MAT1_MAP3"
"5951",9.2,1487,"1","2","MAT1_MAP2"
"5952",9.6,1288,"1","1","MAT1_MAP1"
"5953",12.5,1118,"1","1","MAT1_MAP1"
"5954",12.4,1136,"1","1","MAT1_MAP1"
"5955",12,1161,"1","1","MAT1_MAP1"
"5956",12.5,2246,"1","3","MAT1_MAP3"
"5957",15.4,2128,"2","3","MAT2_MAP3"
"5958",14.6,2212,"1","3","MAT1_MAP3"
"5959",15.2,2137,"2","3","MAT2_MAP3"
"5960",14.9,2161,"2","3","MAT2_MAP3"
"5961",15.6,2090,"2","3","MAT2_MAP3"
"5962",15.1,2084,"2","3","MAT2_MAP3"
"5963",9.9,1979,"1","3","MAT1_MAP3"
"5964",12.6,1183,"1","1","MAT1_MAP1"
"5965",12.5,1203,"1","1","MAT1_MAP1"
"5966",11.6,1215,"1","1","MAT1_MAP1"
"5967",9.6,1331,"1","1","MAT1_MAP1"
"5968",8.1,1471,"1","2","MAT1_MAP2"
"5969",6,1763,"1","3","MAT1_MAP3"
"5970",10.4,1185,"1","1","MAT1_MAP1"
"5971",13.9,2276,"1","3","MAT1_MAP3"
"5972",12.3,2337,"1","3","MAT1_MAP3"
"5973",13.6,2259,"1","3","MAT1_MAP3"
"5974",11.8,2319,"1","3","MAT1_MAP3"
"5975",12.8,2231,"1","3","MAT1_MAP3"
"5976",12.6,2214,"1","3","MAT1_MAP3"
"5977",12.1,1604,"1","3","MAT1_MAP3"
"5978",4.1,2179,"1","3","MAT1_MAP3"
"5979",11.2,1125,"1","1","MAT1_MAP1"
"5980",13,1163,"1","1","MAT1_MAP1"
"5981",12.8,2323,"1","3","MAT1_MAP3"
"5982",10.9,2347,"1","3","MAT1_MAP3"
"5983",15.2,1999,"2","3","MAT2_MAP3"
"5984",14.2,1900,"1","3","MAT1_MAP3"
"5985",10.8,1263,"1","1","MAT1_MAP1"
"5986",9.2,1442,"1","2","MAT1_MAP2"
"5987",11.4,1149,"1","1","MAT1_MAP1"
"5988",9.8,1297,"1","1","MAT1_MAP1"
"5989",13.5,1190,"1","1","MAT1_MAP1"
"5990",15.4,2163,"2","3","MAT2_MAP3"
"5991",11.8,2332,"1","3","MAT1_MAP3"
"5992",13.8,1926,"1","3","MAT1_MAP3"
"5993",13.2,1929,"1","3","MAT1_MAP3"
"5994",11.8,1852,"1","3","MAT1_MAP3"
"5995",9.9,1761,"1","3","MAT1_MAP3"
"5996",11.1,1269,"1","1","MAT1_MAP1"
"5997",11.8,1192,"1","1","MAT1_MAP1"
"5998",11.7,1175,"1","1","MAT1_MAP1"
"5999",11.9,1157,"1","1","MAT1_MAP1"
"6000",10.5,1223,"1","1","MAT1_MAP1"
"6001",13.2,1194,"1","1","MAT1_MAP1"
"6002",13.1,1246,"1","1","MAT1_MAP1"
"6003",11.9,2123,"1","3","MAT1_MAP3"
"6004",15.5,2200,"2","3","MAT2_MAP3"
"6005",11.2,2351,"1","3","MAT1_MAP3"
"6006",11.4,2323,"1","3","MAT1_MAP3"
"6007",14.5,2173,"1","3","MAT1_MAP3"
"6008",14.6,2078,"1","3","MAT1_MAP3"
"6009",14.4,2058,"1","3","MAT1_MAP3"
"6010",11.1,2006,"1","3","MAT1_MAP3"
"6011",9.5,1778,"1","3","MAT1_MAP3"
"6012",9.8,1509,"1","2","MAT1_MAP2"
"6013",10.1,2015,"1","3","MAT1_MAP3"
"6014",12.8,1239,"1","1","MAT1_MAP1"
"6015",11.9,1168,"1","1","MAT1_MAP1"
"6016",13.8,2169,"1","3","MAT1_MAP3"
"6017",12.8,2079,"1","3","MAT1_MAP3"
"6018",11.3,1574,"1","2","MAT1_MAP2"
"6019",10.5,1523,"1","2","MAT1_MAP2"
"6020",8.5,1651,"1","3","MAT1_MAP3"
"6021",11.7,1207,"1","1","MAT1_MAP1"
"6022",11.7,1189,"1","1","MAT1_MAP1"
"6023",10.5,1508,"1","2","MAT1_MAP2"
"6024",10.7,2081,"1","3","MAT1_MAP3"
"6025",11.6,1919,"1","3","MAT1_MAP3"
"6026",13.4,2284,"1","3","MAT1_MAP3"
"6027",13.9,2175,"1","3","MAT1_MAP3"
"6028",11.7,1686,"1","3","MAT1_MAP3"
"6029",12.8,1573,"1","2","MAT1_MAP2"
"6030",12.8,1256,"1","1","MAT1_MAP1"
"6031",13.5,2000,"1","3","MAT1_MAP3"
"6032",14,1883,"1","3","MAT1_MAP3"
"6033",12.6,1937,"1","3","MAT1_MAP3"
"6034",14.4,1749,"1","3","MAT1_MAP3"
"6035",9.9,1813,"1","3","MAT1_MAP3"
"6036",11.8,1490,"1","2","MAT1_MAP2"
"6037",10.9,1517,"1","2","MAT1_MAP2"
"6038",9.4,1627,"1","3","MAT1_MAP3"
"6039",12.7,1379,"1","2","MAT1_MAP2"
"6040",10.4,1466,"1","2","MAT1_MAP2"
"6041",11.4,1349,"1","2","MAT1_MAP2"
"6042",12.6,1979,"1","3","MAT1_MAP3"
"6043",12.1,1964,"1","3","MAT1_MAP3"
"6044",8.8,1756,"1","3","MAT1_MAP3"
"6045",12,1681,"1","3","MAT1_MAP3"
"6046",10.7,1615,"1","3","MAT1_MAP3"
"6047",11.5,1527,"1","2","MAT1_MAP2"
"6048",11.9,1480,"1","2","MAT1_MAP2"
"6049",10.5,1542,"1","2","MAT1_MAP2"
"6050",12,1415,"1","2","MAT1_MAP2"
"6051",10.2,1520,"1","2","MAT1_MAP2"
"6052",9.8,1526,"1","2","MAT1_MAP2"
"6053",12.7,1328,"1","1","MAT1_MAP1"
"6054",12.5,1311,"1","1","MAT1_MAP1"
"6055",13.2,1273,"1","1","MAT1_MAP1"
"6056",14.7,1868,"2","3","MAT2_MAP3"
"6057",12.8,1917,"1","3","MAT1_MAP3"
"6058",12.3,1350,"1","2","MAT1_MAP2"
"6059",10.9,1408,"1","2","MAT1_MAP2"
"6060",11.4,1333,"1","1","MAT1_MAP1"
"6061",13.7,1299,"1","1","MAT1_MAP1"
"6062",11.8,1423,"1","2","MAT1_MAP2"
"6063",12.8,1594,"1","2","MAT1_MAP2"
"6064",11.4,1585,"1","2","MAT1_MAP2"
"6065",11.7,1426,"1","2","MAT1_MAP2"
"6066",12.8,1390,"1","2","MAT1_MAP2"
"6067",6.6,1952,"1","3","MAT1_MAP3"
"6068",10,1681,"1","3","MAT1_MAP3"
"6069",10.9,1881,"1","3","MAT1_MAP3"
"6070",11.9,1739,"1","3","MAT1_MAP3"
"6071",13.6,1583,"1","2","MAT1_MAP2"
"6072",13.5,1563,"1","2","MAT1_MAP2"
"6073",13.1,1509,"1","2","MAT1_MAP2"
"6074",13,1471,"1","2","MAT1_MAP2"
"6075",13,1437,"1","2","MAT1_MAP2"
"6076",13.2,1416,"1","2","MAT1_MAP2"
"6077",11.4,1417,"1","2","MAT1_MAP2"
"6078",12.3,1362,"1","2","MAT1_MAP2"
"6079",13.1,1345,"1","2","MAT1_MAP2"
"6080",13.5,1330,"1","1","MAT1_MAP1"
"6081",13,1876,"1","3","MAT1_MAP3"
"6082",13.1,1421,"1","2","MAT1_MAP2"
"6083",12.4,1411,"1","2","MAT1_MAP2"
"6084",13.6,1367,"1","2","MAT1_MAP2"
"6085",10.7,1613,"1","3","MAT1_MAP3"
"6086",13.8,1544,"1","2","MAT1_MAP2"
"6087",13.4,1546,"1","2","MAT1_MAP2"
"6088",11.9,1865,"1","3","MAT1_MAP3"
"6089",14.5,1558,"1","2","MAT1_MAP2"
"6090",14.1,1525,"1","2","MAT1_MAP2"
"6091",13,1973,"1","3","MAT1_MAP3"
"6092",12.4,1473,"1","2","MAT1_MAP2"
"6093",12.2,1510,"1","2","MAT1_MAP2"
"6094",9.3,1808,"1","3","MAT1_MAP3"
"6095",8.7,1915,"1","3","MAT1_MAP3"
"6096",11.5,1957,"1","3","MAT1_MAP3"
"6097",13.4,1360,"1","2","MAT1_MAP2"
"6098",13.4,1364,"1","2","MAT1_MAP2"
"6099",12.3,1515,"1","2","MAT1_MAP2"
"6100",9.7,1829,"1","3","MAT1_MAP3"
"6101",9.6,1857,"1","3","MAT1_MAP3"
"6102",11.8,2103,"1","3","MAT1_MAP3"
"6103",7.9,2034,"1","3","MAT1_MAP3"
"6104",12.5,2093,"1","3","MAT1_MAP3"
"6105",12.3,2116,"1","3","MAT1_MAP3"
"6106",10.8,2054,"1","3","MAT1_MAP3"
"6107",12.5,1508,"1","2","MAT1_MAP2"
"6108",12.6,1514,"1","2","MAT1_MAP2"
"6109",11.1,1729,"1","3","MAT1_MAP3"
"6110",11.3,1999,"1","3","MAT1_MAP3"
"6111",12.2,2080,"1","3","MAT1_MAP3"
"6112",11.4,2063,"1","3","MAT1_MAP3"
"6113",11.6,2064,"1","3","MAT1_MAP3"
"6114",11.3,2057,"1","3","MAT1_MAP3"
"6115",11.8,2056,"1","3","MAT1_MAP3"
"6116",13.3,1405,"1","2","MAT1_MAP2"
"6117",12.3,1563,"1","2","MAT1_MAP2"
"6118",11.3,1721,"1","3","MAT1_MAP3"
"6119",9.8,1940,"1","3","MAT1_MAP3"
"6120",12.3,1965,"1","3","MAT1_MAP3"
"6121",11.8,2044,"1","3","MAT1_MAP3"
"6122",9.7,1985,"1","3","MAT1_MAP3"
"6123",11.2,2041,"1","3","MAT1_MAP3"
"6124",13.4,1394,"1","2","MAT1_MAP2"
"6125",11.8,1624,"1","3","MAT1_MAP3"
"6126",13.4,1427,"1","2","MAT1_MAP2"
"6127",11.9,1630,"1","3","MAT1_MAP3"
"6128",12,1638,"1","3","MAT1_MAP3"
"6129",11.4,1727,"1","3","MAT1_MAP3"
"6130",9.7,2011,"1","3","MAT1_MAP3"
"6131",12.5,1534,"1","2","MAT1_MAP2"
"6132",12.4,1567,"1","2","MAT1_MAP2"
"6133",12.5,1551,"1","2","MAT1_MAP2"
"6134",11,2016,"1","3","MAT1_MAP3"
"6135",13.3,1451,"1","2","MAT1_MAP2"
"6136",12.2,1598,"1","2","MAT1_MAP2"
"6137",12,1622,"1","3","MAT1_MAP3"
"6138",11.7,1670,"1","3","MAT1_MAP3"
"6139",10.5,1999,"1","3","MAT1_MAP3"
"6140",12.2,1562,"1","2","MAT1_MAP2"
"6141",10.5,1987,"1","3","MAT1_MAP3"
"6142",14.4,1319,"1","1","MAT1_MAP1"
"6143",12.4,1550,"1","2","MAT1_MAP2"
"6144",12.6,1530,"1","2","MAT1_MAP2"
"6145",11.6,1599,"1","2","MAT1_MAP2"
"6146",10.5,1730,"1","3","MAT1_MAP3"
"6147",12.7,1507,"1","2","MAT1_MAP2"
"6148",10.5,1709,"1","3","MAT1_MAP3"
"6149",12.6,1500,"1","2","MAT1_MAP2"
"6150",11.9,1525,"1","2","MAT1_MAP2"
"6151",10.7,1627,"1","3","MAT1_MAP3"
"6152",10.6,1616,"1","3","MAT1_MAP3"
"6153",11.3,1898,"1","3","MAT1_MAP3"
"6154",14.7,1753,"2","3","MAT2_MAP3"
"6155",12.2,1457,"1","2","MAT1_MAP2"
"6156",9.4,1929,"1","3","MAT1_MAP3"
"6157",15.5,1861,"2","3","MAT2_MAP3"
"6158",14.5,1783,"1","3","MAT1_MAP3"
"6159",15.2,1665,"2","3","MAT2_MAP3"
"6160",8.8,1902,"1","3","MAT1_MAP3"
"6161",9.9,1875,"1","3","MAT1_MAP3"
"6162",14.8,1878,"2","3","MAT2_MAP3"
"6163",14.6,1839,"1","3","MAT1_MAP3"
"6164",14.8,1794,"2","3","MAT2_MAP3"
"6165",14.9,1732,"2","3","MAT2_MAP3"
"6166",12.8,1445,"1","2","MAT1_MAP2"
"6167",13.9,1284,"1","1","MAT1_MAP1"
"6168",15.1,1739,"2","3","MAT2_MAP3"
"6169",13.4,1392,"1","2","MAT1_MAP2"
"6170",14.5,1815,"1","3","MAT1_MAP3"
"6171",12.4,1467,"1","2","MAT1_MAP2"
"6172",11.6,1583,"1","2","MAT1_MAP2"
"6173",12.8,1436,"1","2","MAT1_MAP2"
"6174",13.3,1395,"1","2","MAT1_MAP2"
"6175",12.4,1423,"1","2","MAT1_MAP2"
"6176",14.2,1917,"1","3","MAT1_MAP3"
"6177",14.4,1865,"1","3","MAT1_MAP3"
"6178",13.7,1329,"1","1","MAT1_MAP1"
"6179",13,1391,"1","2","MAT1_MAP2"
"6180",13.1,1409,"1","2","MAT1_MAP2"
"6181",12.7,1452,"1","2","MAT1_MAP2"
"6182",13,1418,"1","2","MAT1_MAP2"
"6183",13.1,1413,"1","2","MAT1_MAP2"
"6184",12.7,1444,"1","2","MAT1_MAP2"
"6185",11.6,1498,"1","2","MAT1_MAP2"
"6186",11,1525,"1","2","MAT1_MAP2"
"6187",11.3,1478,"1","2","MAT1_MAP2"
"6188",11.3,1448,"1","2","MAT1_MAP2"
"6189",11.5,1415,"1","2","MAT1_MAP2"
"6190",10.7,1452,"1","2","MAT1_MAP2"
"6191",15,1728,"2","3","MAT2_MAP3"
"6192",14.8,1632,"2","3","MAT2_MAP3"
"6193",15,1582,"2","2","MAT2_MAP2"
"6194",13.7,1314,"1","1","MAT1_MAP1"
"6195",12.6,1440,"1","2","MAT1_MAP2"
"6196",12.7,1449,"1","2","MAT1_MAP2"
"6197",12.8,1435,"1","2","MAT1_MAP2"
"6198",12,1500,"1","2","MAT1_MAP2"
"6199",11.9,1503,"1","2","MAT1_MAP2"
"6200",11.7,1511,"1","2","MAT1_MAP2"
"6201",11.9,1469,"1","2","MAT1_MAP2"
"6202",11.7,1478,"1","2","MAT1_MAP2"
"6203",10.8,1534,"1","2","MAT1_MAP2"
"6204",10.9,1424,"1","2","MAT1_MAP2"
"6205",11.3,1304,"1","1","MAT1_MAP1"
"6206",14.8,1844,"2","3","MAT2_MAP3"
"6207",13.4,1373,"1","2","MAT1_MAP2"
"6208",12.4,1462,"1","2","MAT1_MAP2"
"6209",11.9,1499,"1","2","MAT1_MAP2"
"6210",11.5,1534,"1","2","MAT1_MAP2"
"6211",10.3,1580,"1","2","MAT1_MAP2"
"6212",9.7,1582,"1","2","MAT1_MAP2"
"6213",9.8,1547,"1","2","MAT1_MAP2"
"6214",10.9,1443,"1","2","MAT1_MAP2"
"6215",13.9,1339,"1","2","MAT1_MAP2"
"6216",12.3,1474,"1","2","MAT1_MAP2"
"6217",11.4,1483,"1","2","MAT1_MAP2"
"6218",10.5,1527,"1","2","MAT1_MAP2"
"6219",15.4,1774,"2","3","MAT2_MAP3"
"6220",11.5,1436,"1","2","MAT1_MAP2"
"6221",11.4,1393,"1","2","MAT1_MAP2"
"6222",14.8,1517,"2","2","MAT2_MAP2"
"6223",12.5,1460,"1","2","MAT1_MAP2"
"6224",11.3,1510,"1","2","MAT1_MAP2"
"6225",11.5,1419,"1","2","MAT1_MAP2"
"6226",13.7,1386,"1","2","MAT1_MAP2"
"6227",11,1548,"1","2","MAT1_MAP2"
"6228",11.9,1470,"1","2","MAT1_MAP2"
"6229",10.8,1537,"1","2","MAT1_MAP2"
"6230",11,1491,"1","2","MAT1_MAP2"
"6231",10,1533,"1","2","MAT1_MAP2"
"6232",10.9,1420,"1","2","MAT1_MAP2"
"6233",11.7,1528,"1","2","MAT1_MAP2"
"6234",11.1,1549,"1","2","MAT1_MAP2"
"6235",10.4,1591,"1","2","MAT1_MAP2"
"6236",10.7,1454,"1","2","MAT1_MAP2"
"6237",10.4,1419,"1","2","MAT1_MAP2"
"6238",10.8,1359,"1","2","MAT1_MAP2"
"6239",14.7,1550,"2","2","MAT2_MAP2"
"6240",14,1420,"1","2","MAT1_MAP2"
"6241",11.9,1527,"1","2","MAT1_MAP2"
"6242",10.4,1614,"1","3","MAT1_MAP3"
"6243",9.9,1642,"1","3","MAT1_MAP3"
"6244",10,1627,"1","3","MAT1_MAP3"
"6245",10.7,1457,"1","2","MAT1_MAP2"
"6246",10.5,1460,"1","2","MAT1_MAP2"
"6247",9.1,1485,"1","2","MAT1_MAP2"
"6248",10.9,1296,"1","1","MAT1_MAP1"
"6249",9.7,1386,"1","2","MAT1_MAP2"
"6250",14.1,1449,"1","2","MAT1_MAP2"
"6251",12.6,1512,"1","2","MAT1_MAP2"
"6252",12.3,1523,"1","2","MAT1_MAP2"
"6253",11.2,1586,"1","2","MAT1_MAP2"
"6254",9,1681,"1","3","MAT1_MAP3"
"6255",9.6,1619,"1","3","MAT1_MAP3"
"6256",9.6,1573,"1","2","MAT1_MAP2"
"6257",10.1,1509,"1","2","MAT1_MAP2"
"6258",10.5,1411,"1","2","MAT1_MAP2"
"6259",10.4,1393,"1","2","MAT1_MAP2"
"6260",9.8,1383,"1","2","MAT1_MAP2"
"6261",11.7,1278,"1","1","MAT1_MAP1"
"6262",11.9,1540,"1","2","MAT1_MAP2"
"6263",11.9,1530,"1","2","MAT1_MAP2"
"6264",11,1556,"1","2","MAT1_MAP2"
"6265",10.3,1590,"1","2","MAT1_MAP2"
"6266",10.4,1528,"1","2","MAT1_MAP2"
"6267",9.5,1527,"1","2","MAT1_MAP2"
"6268",10.5,1420,"1","2","MAT1_MAP2"
"6269",10.6,1398,"1","2","MAT1_MAP2"
"6270",10.7,1348,"1","2","MAT1_MAP2"
"6271",10.5,1346,"1","2","MAT1_MAP2"
"6272",11.9,1290,"1","1","MAT1_MAP1"
"6273",11,1313,"1","1","MAT1_MAP1"
"6274",13.8,1448,"1","2","MAT1_MAP2"
"6275",12.1,1491,"1","2","MAT1_MAP2"
"6276",11.4,1504,"1","2","MAT1_MAP2"
"6277",11.2,1481,"1","2","MAT1_MAP2"
"6278",10.2,1479,"1","2","MAT1_MAP2"
"6279",10.1,1449,"1","2","MAT1_MAP2"
"6280",8.9,1516,"1","2","MAT1_MAP2"
"6281",9.1,1443,"1","2","MAT1_MAP2"
"6282",8.9,1444,"1","2","MAT1_MAP2"
"6283",10,1364,"1","2","MAT1_MAP2"
"6284",10.9,1310,"1","1","MAT1_MAP1"
"6285",10.3,1421,"1","2","MAT1_MAP2"
"6286",14.8,1577,"2","2","MAT2_MAP2"
"6287",12.8,1399,"1","2","MAT1_MAP2"
"6288",10.3,1449,"1","2","MAT1_MAP2"
"6289",10,1461,"1","2","MAT1_MAP2"
"6290",9,1493,"1","2","MAT1_MAP2"
"6291",9.8,1421,"1","2","MAT1_MAP2"
"6292",11.2,1299,"1","1","MAT1_MAP1"
"6293",11,1307,"1","1","MAT1_MAP1"
"6294",11.3,1305,"1","1","MAT1_MAP1"
"6295",10.5,1415,"1","2","MAT1_MAP2"
"6296",9.9,1453,"1","2","MAT1_MAP2"
"6297",10.3,1349,"1","2","MAT1_MAP2"
"6298",10.1,1357,"1","2","MAT1_MAP2"
"6299",11.3,1303,"1","1","MAT1_MAP1"
"6300",11.1,1337,"1","2","MAT1_MAP2"
"6301",13,1386,"1","2","MAT1_MAP2"
"6302",11.2,1438,"1","2","MAT1_MAP2"
"6303",11.5,1292,"1","1","MAT1_MAP1"
"6304",10,1371,"1","2","MAT1_MAP2"
"6305",12.5,1261,"1","1","MAT1_MAP1"
"6306",12,1276,"1","1","MAT1_MAP1"
"6307",12.5,1258,"1","1","MAT1_MAP1"
"6308",11.8,1281,"1","1","MAT1_MAP1"
"6309",11.2,1318,"1","1","MAT1_MAP1"
"6310",10.1,1444,"1","2","MAT1_MAP2"
"6311",11.8,1286,"1","1","MAT1_MAP1"
"6312",12.5,1256,"1","1","MAT1_MAP1"
"6313",10.6,1350,"1","2","MAT1_MAP2"
"6314",13,1375,"1","2","MAT1_MAP2"
"6315",12.1,1245,"1","1","MAT1_MAP1"
"6316",10.8,1298,"1","1","MAT1_MAP1"
"6317",11.6,1241,"1","1","MAT1_MAP1"
"6318",11.4,1241,"1","1","MAT1_MAP1"
"6319",11.4,1214,"1","1","MAT1_MAP1"
"6320",10.6,1271,"1","1","MAT1_MAP1"
"6321",11.8,1182,"1","1","MAT1_MAP1"
"6322",9.8,1306,"1","1","MAT1_MAP1"
"6323",10.6,1250,"1","1","MAT1_MAP1"
"6324",10.9,1237,"1","1","MAT1_MAP1"
"6325",11.1,1205,"1","1","MAT1_MAP1"
"6326",10.9,1222,"1","1","MAT1_MAP1"
"6327",11.1,1219,"1","1","MAT1_MAP1"
"6328",10,1290,"1","1","MAT1_MAP1"
"6329",10.1,1193,"1","1","MAT1_MAP1"
"6330",9.7,1203,"1","1","MAT1_MAP1"
"6331",10.8,1222,"1","1","MAT1_MAP1"
"6332",11.1,1207,"1","1","MAT1_MAP1"
"6333",10.7,1229,"1","1","MAT1_MAP1"
"6334",10.6,1240,"1","1","MAT1_MAP1"
"6335",9.6,1316,"1","1","MAT1_MAP1"
"6336",9.9,1185,"1","1","MAT1_MAP1"
"6337",10,1181,"1","1","MAT1_MAP1"
"6338",9.9,1181,"1","1","MAT1_MAP1"
"6339",10.4,1250,"1","1","MAT1_MAP1"
"6340",9.6,1313,"1","1","MAT1_MAP1"
"6341",10.4,1253,"1","1","MAT1_MAP1"
"6342",10.3,1269,"1","1","MAT1_MAP1"
"6343",9.9,1304,"1","1","MAT1_MAP1"
"6344",10.2,1162,"1","1","MAT1_MAP1"
"6345",9.9,1170,"1","1","MAT1_MAP1"
"6346",9.8,1310,"1","1","MAT1_MAP1"
"6347",10.4,1257,"1","1","MAT1_MAP1"
"6348",10.8,1236,"1","1","MAT1_MAP1"
"6349",10.6,1251,"1","1","MAT1_MAP1"
"6350",9.8,1307,"1","1","MAT1_MAP1"
"6351",9.2,1386,"1","2","MAT1_MAP2"
"6352",8.1,1453,"1","2","MAT1_MAP2"
"6353",9.9,1166,"1","1","MAT1_MAP1"
"6354",11.6,1206,"1","1","MAT1_MAP1"
"6355",11.3,1217,"1","1","MAT1_MAP1"
"6356",10.5,1256,"1","1","MAT1_MAP1"
"6357",10,1291,"1","1","MAT1_MAP1"
"6358",9.2,1370,"1","2","MAT1_MAP2"
"6359",8.4,1431,"1","2","MAT1_MAP2"
"6360",8.7,1423,"1","2","MAT1_MAP2"
"6361",9.3,1395,"1","2","MAT1_MAP2"
"6362",11,1252,"1","1","MAT1_MAP1"
"6363",11.2,1234,"1","1","MAT1_MAP1"
"6364",11,1236,"1","1","MAT1_MAP1"
"6365",10.3,1292,"1","1","MAT1_MAP1"
"6366",10.2,1301,"1","1","MAT1_MAP1"
"6367",10.6,1286,"1","1","MAT1_MAP1"
"6368",10.3,1321,"1","1","MAT1_MAP1"
"6369",9.4,1390,"1","2","MAT1_MAP2"
"6370",8.5,1441,"1","2","MAT1_MAP2"
"6371",8.3,1450,"1","2","MAT1_MAP2"
"6372",7.7,1479,"1","2","MAT1_MAP2"
"6373",9.1,1408,"1","2","MAT1_MAP2"
"6374",9.7,1394,"1","2","MAT1_MAP2"
"6375",8.6,1444,"1","2","MAT1_MAP2"
"6376",10,1365,"1","2","MAT1_MAP2"
"6377",9.5,1423,"1","2","MAT1_MAP2"
"6378",10.4,1402,"1","2","MAT1_MAP2"
"6379",11.1,1370,"1","2","MAT1_MAP2"
"6380",11,1441,"1","2","MAT1_MAP2"
"6381",7.3,1501,"1","2","MAT1_MAP2"
"6382",8.6,1285,"1","1","MAT1_MAP1"
"6383",8.9,1243,"1","1","MAT1_MAP1"
"6384",9.5,1169,"1","1","MAT1_MAP1"
"6385",8.9,1449,"1","2","MAT1_MAP2"
"6386",8.8,1270,"1","1","MAT1_MAP1"
"6387",9.8,1178,"1","1","MAT1_MAP1"
"6388",9.5,1174,"1","1","MAT1_MAP1"
"6389",10.9,1450,"1","2","MAT1_MAP2"
"6390",11.2,1448,"1","2","MAT1_MAP2"
"6391",10.6,1463,"1","2","MAT1_MAP2"
"6392",8.5,1473,"1","2","MAT1_MAP2"
"6393",9.6,1451,"1","2","MAT1_MAP2"
"6394",9.3,1229,"1","1","MAT1_MAP1"
"6395",10.5,1467,"1","2","MAT1_MAP2"
"6396",10.1,1438,"1","2","MAT1_MAP2"
"6397",10.3,1243,"1","1","MAT1_MAP1"
"6398",9.7,1467,"1","2","MAT1_MAP2"
"6399",10.1,1423,"1","2","MAT1_MAP2"
"6400",10,1397,"1","2","MAT1_MAP2"
"6401",10,1388,"1","2","MAT1_MAP2"
"6402",10.4,1358,"1","2","MAT1_MAP2"
"6403",9.1,1347,"1","2","MAT1_MAP2"
"6404",9.7,1293,"1","1","MAT1_MAP1"
"6405",9.1,1315,"1","1","MAT1_MAP1"
"6406",10,1411,"1","2","MAT1_MAP2"
"6407",10.5,1352,"1","2","MAT1_MAP2"
"6408",8.4,1365,"1","2","MAT1_MAP2"
"6409",11.2,1368,"1","2","MAT1_MAP2"
"6410",9.6,1359,"1","2","MAT1_MAP2"
"6411",9.5,1407,"1","2","MAT1_MAP2"
"6412",10.2,1347,"1","2","MAT1_MAP2"
"6413",15.4,1333,"2","1","MAT2_MAP1"
"6414",15.3,1290,"2","1","MAT2_MAP1"
"6415",15.5,1378,"2","2","MAT2_MAP2"
"6416",16.8,1223,"2","1","MAT2_MAP1"
"6417",16.4,1235,"2","1","MAT2_MAP1"
"6418",15.4,1309,"2","1","MAT2_MAP1"
"6419",19,1625,"3","3","MAT3_MAP3"
"6420",16.1,1313,"2","1","MAT2_MAP1"
"6421",15,1402,"2","2","MAT2_MAP2"
"6422",16.2,1382,"2","2","MAT2_MAP2"
"6423",16.5,1279,"2","1","MAT2_MAP1"
"6424",16.5,1251,"2","1","MAT2_MAP1"
"6425",16.7,1282,"2","1","MAT2_MAP1"
"6426",15.4,1359,"2","2","MAT2_MAP2"
"6427",13.9,1459,"1","2","MAT1_MAP2"
"6428",16.7,1258,"2","1","MAT2_MAP1"
"6429",16.5,1288,"2","1","MAT2_MAP1"
"6430",15.5,1360,"2","2","MAT2_MAP2"
"6431",15.6,1454,"2","2","MAT2_MAP2"
"6432",17.5,1358,"3","2","MAT3_MAP2"
"6433",15,1365,"2","2","MAT2_MAP2"
"6434",16.4,1308,"2","1","MAT2_MAP1"
"6435",17.1,1265,"2","1","MAT2_MAP1"
"6436",17.2,1284,"2","1","MAT2_MAP1"
"6437",15.2,1396,"2","2","MAT2_MAP2"
"6438",16.6,1410,"2","2","MAT2_MAP2"
"6439",16.9,1318,"2","1","MAT2_MAP1"
"6440",16.5,1309,"2","1","MAT2_MAP1"
"6441",16.8,1284,"2","1","MAT2_MAP1"
"6442",16.8,1272,"2","1","MAT2_MAP1"
"6443",16.9,1338,"2","2","MAT2_MAP2"
"6444",16.8,1383,"2","2","MAT2_MAP2"
"6445",16,1380,"2","2","MAT2_MAP2"
"6446",16.7,1302,"2","1","MAT2_MAP1"
"6447",17.1,1362,"2","2","MAT2_MAP2"
"6448",11.7,1547,"1","2","MAT1_MAP2"
"6449",16.1,1392,"2","2","MAT2_MAP2"
"6450",15.9,1417,"2","2","MAT2_MAP2"
"6451",17,1292,"2","1","MAT2_MAP1"
"6452",17.1,1334,"2","1","MAT2_MAP1"
"6453",16.9,1500,"2","2","MAT2_MAP2"
"6454",16.3,1418,"2","2","MAT2_MAP2"
"6455",16.4,1407,"2","2","MAT2_MAP2"
"6456",17,1307,"2","1","MAT2_MAP1"
"6457",15.9,1386,"2","2","MAT2_MAP2"
"6458",17,1422,"2","2","MAT2_MAP2"
"6459",14.6,1441,"1","2","MAT1_MAP2"
"6460",16.1,1358,"2","2","MAT2_MAP2"
"6461",14,1467,"1","2","MAT1_MAP2"
"6462",16.8,1344,"2","2","MAT2_MAP2"
"6463",17.3,1306,"2","1","MAT2_MAP1"
"6464",16.4,1352,"2","2","MAT2_MAP2"
"6465",16.2,1419,"2","2","MAT2_MAP2"
"6466",17.1,1415,"2","2","MAT2_MAP2"
"6467",16.6,1468,"2","2","MAT2_MAP2"
"6468",16.7,1413,"2","2","MAT2_MAP2"
"6469",15.7,1429,"2","2","MAT2_MAP2"
"6470",15,1446,"2","2","MAT2_MAP2"
"6471",16.5,1368,"2","2","MAT2_MAP2"
"6472",16.8,1420,"2","2","MAT2_MAP2"
"6473",15.9,1443,"2","2","MAT2_MAP2"
"6474",17.4,1294,"3","1","MAT3_MAP1"
"6475",16.8,1371,"2","2","MAT2_MAP2"
"6476",16.2,1327,"2","1","MAT2_MAP1"
"6477",16.5,1362,"2","2","MAT2_MAP2"
"6478",16.1,1394,"2","2","MAT2_MAP2"
"6479",16.1,1442,"2","2","MAT2_MAP2"
"6480",17.2,1328,"2","1","MAT2_MAP1"
"6481",16,1355,"2","2","MAT2_MAP2"
"6482",17.5,1321,"3","1","MAT3_MAP1"
"6483",13.3,1439,"1","2","MAT1_MAP2"
"6484",11.6,1582,"1","2","MAT1_MAP2"
"6485",14.4,1493,"1","2","MAT1_MAP2"
"6486",16,1428,"2","2","MAT2_MAP2"
"6487",17.5,1342,"3","2","MAT3_MAP2"
"6488",16.7,1362,"2","2","MAT2_MAP2"
"6489",17.1,1366,"2","2","MAT2_MAP2"
"6490",14.1,1492,"1","2","MAT1_MAP2"
"6491",16.1,1366,"2","2","MAT2_MAP2"
"6492",16.4,1394,"2","2","MAT2_MAP2"
"6493",14.4,1554,"1","2","MAT1_MAP2"
"6494",17.4,1396,"3","2","MAT3_MAP2"
"6495",17.4,1352,"3","2","MAT3_MAP2"
"6496",17.2,1343,"2","2","MAT2_MAP2"
"6497",15.6,1417,"2","2","MAT2_MAP2"
"6498",17,1387,"2","2","MAT2_MAP2"
"6499",15.3,1533,"2","2","MAT2_MAP2"
"6500",14.9,1480,"2","2","MAT2_MAP2"
"6501",17,1339,"2","2","MAT2_MAP2"
"6502",12.9,1583,"1","2","MAT1_MAP2"
"6503",15.4,1510,"2","2","MAT2_MAP2"
"6504",15.7,1407,"2","2","MAT2_MAP2"
"6505",14.8,1479,"2","2","MAT2_MAP2"
"6506",16.5,1432,"2","2","MAT2_MAP2"
"6507",13.9,1512,"1","2","MAT1_MAP2"
"6508",16,1377,"2","2","MAT2_MAP2"
"6509",15.2,1394,"2","2","MAT2_MAP2"
"6510",15.3,1398,"2","2","MAT2_MAP2"
"6511",16.5,1449,"2","2","MAT2_MAP2"
"6512",14.8,1548,"2","2","MAT2_MAP2"
"6513",13.1,1576,"1","2","MAT1_MAP2"
"6514",16.4,1413,"2","2","MAT2_MAP2"
"6515",15.8,1382,"2","2","MAT2_MAP2"
"6516",13.5,1464,"1","2","MAT1_MAP2"
"6517",14,1450,"1","2","MAT1_MAP2"
"6518",14.3,1505,"1","2","MAT1_MAP2"
"6519",16.2,1466,"2","2","MAT2_MAP2"
"6520",14.9,1486,"2","2","MAT2_MAP2"
"6521",17.1,1424,"2","2","MAT2_MAP2"
"6522",17.4,1397,"3","2","MAT3_MAP2"
"6523",15.3,1511,"2","2","MAT2_MAP2"
"6524",16.7,1442,"2","2","MAT2_MAP2"
"6525",16.9,1357,"2","2","MAT2_MAP2"
"6526",15.5,1411,"2","2","MAT2_MAP2"
"6527",16.6,1392,"2","2","MAT2_MAP2"
"6528",14.1,1513,"1","2","MAT1_MAP2"
"6529",15.7,1395,"2","2","MAT2_MAP2"
"6530",16,1393,"2","2","MAT2_MAP2"
"6531",16,1446,"2","2","MAT2_MAP2"
"6532",16.3,1447,"2","2","MAT2_MAP2"
"6533",15.6,1449,"2","2","MAT2_MAP2"
"6534",15.7,1408,"2","2","MAT2_MAP2"
"6535",16.6,1381,"2","2","MAT2_MAP2"
"6536",14.9,1425,"2","2","MAT2_MAP2"
"6537",14.4,1445,"1","2","MAT1_MAP2"
"6538",16.5,1392,"2","2","MAT2_MAP2"
"6539",14.7,1516,"2","2","MAT2_MAP2"
"6540",13.1,1503,"1","2","MAT1_MAP2"
"6541",16.5,1443,"2","2","MAT2_MAP2"
"6542",16.5,1450,"2","2","MAT2_MAP2"
"6543",15.5,1404,"2","2","MAT2_MAP2"
"6544",15.1,1425,"2","2","MAT2_MAP2"
"6545",15.9,1457,"2","2","MAT2_MAP2"
"6546",16.4,1418,"2","2","MAT2_MAP2"
"6547",14,1468,"1","2","MAT1_MAP2"
"6548",16.5,1381,"2","2","MAT2_MAP2"
"6549",16.3,1393,"2","2","MAT2_MAP2"
"6550",14.9,1478,"2","2","MAT2_MAP2"
"6551",16.4,1448,"2","2","MAT2_MAP2"
"6552",16.7,1389,"2","2","MAT2_MAP2"
"6553",16.6,1400,"2","2","MAT2_MAP2"
"6554",12.2,1600,"1","3","MAT1_MAP3"
"6555",15.6,1324,"2","1","MAT2_MAP1"
"6556",16.6,1445,"2","2","MAT2_MAP2"
"6557",13.8,1480,"1","2","MAT1_MAP2"
"6558",15.9,1445,"2","2","MAT2_MAP2"
"6559",16.1,1432,"2","2","MAT2_MAP2"
"6560",14.3,1514,"1","2","MAT1_MAP2"
"6561",12.9,1493,"1","2","MAT1_MAP2"
"6562",16.5,1430,"2","2","MAT2_MAP2"
"6563",14.7,1461,"2","2","MAT2_MAP2"
"6564",15.8,1426,"2","2","MAT2_MAP2"
"6565",15.7,1439,"2","2","MAT2_MAP2"
"6566",15.8,1465,"2","2","MAT2_MAP2"
"6567",17,1379,"2","2","MAT2_MAP2"
"6568",16.1,1387,"2","2","MAT2_MAP2"
"6569",14.6,1479,"1","2","MAT1_MAP2"
"6570",15.2,1444,"2","2","MAT2_MAP2"
"6571",13.7,1475,"1","2","MAT1_MAP2"
"6572",15.9,1309,"2","1","MAT2_MAP1"
"6573",15.5,1421,"2","2","MAT2_MAP2"
"6574",16.6,1348,"2","2","MAT2_MAP2"
"6575",16.4,1298,"2","1","MAT2_MAP1"
"6576",16.5,1382,"2","2","MAT2_MAP2"
"6577",15.9,1460,"2","2","MAT2_MAP2"
"6578",14.8,1488,"2","2","MAT2_MAP2"
"6579",15.9,1442,"2","2","MAT2_MAP2"
"6580",13.1,1545,"1","2","MAT1_MAP2"
"6581",15.9,1431,"2","2","MAT2_MAP2"
"6582",15.5,1460,"2","2","MAT2_MAP2"
"6583",14.8,1528,"2","2","MAT2_MAP2"
"6584",16,1424,"2","2","MAT2_MAP2"
"6585",12,1594,"1","2","MAT1_MAP2"
"6586",16.3,1441,"2","2","MAT2_MAP2"
"6587",15.8,1412,"2","2","MAT2_MAP2"
"6588",16.9,1368,"2","2","MAT2_MAP2"
"6589",15.4,1464,"2","2","MAT2_MAP2"
"6590",16.1,1441,"2","2","MAT2_MAP2"
"6591",16.8,1423,"2","2","MAT2_MAP2"
"6592",13.9,1558,"1","2","MAT1_MAP2"
"6593",15.2,1376,"2","2","MAT2_MAP2"
"6594",15.8,1458,"2","2","MAT2_MAP2"
"6595",16.8,1408,"2","2","MAT2_MAP2"
"6596",15.8,1423,"2","2","MAT2_MAP2"
"6597",11.3,1629,"1","3","MAT1_MAP3"
"6598",16.1,1274,"2","1","MAT2_MAP1"
"6599",16.1,1402,"2","2","MAT2_MAP2"
"6600",16.3,1412,"2","2","MAT2_MAP2"
"6601",12.2,1627,"1","3","MAT1_MAP3"
"6602",16.1,1379,"2","2","MAT2_MAP2"
"6603",16.2,1446,"2","2","MAT2_MAP2"
"6604",15,1480,"2","2","MAT2_MAP2"
"6605",15.4,1455,"2","2","MAT2_MAP2"
"6606",16.3,1402,"2","2","MAT2_MAP2"
"6607",15.7,1428,"2","2","MAT2_MAP2"
"6608",14.4,1501,"1","2","MAT1_MAP2"
"6609",16.8,1603,"2","3","MAT2_MAP3"
"6610",14.7,1482,"2","2","MAT2_MAP2"
"6611",15.2,1460,"2","2","MAT2_MAP2"
"6612",16.3,1440,"2","2","MAT2_MAP2"
"6613",16.9,1408,"2","2","MAT2_MAP2"
"6614",15,1462,"2","2","MAT2_MAP2"
"6615",16.6,1319,"2","1","MAT2_MAP1"
"6616",17,1278,"2","1","MAT2_MAP1"
"6617",18.2,1587,"3","2","MAT3_MAP2"
"6618",18.8,1511,"3","2","MAT3_MAP2"
"6619",18.9,1574,"3","2","MAT3_MAP2"
"6620",16.1,1423,"2","2","MAT2_MAP2"
"6621",17.4,1335,"3","2","MAT3_MAP2"
"6622",16.3,1275,"2","1","MAT2_MAP1"
"6623",18.3,1572,"3","2","MAT3_MAP2"
"6624",14.2,1529,"1","2","MAT1_MAP2"
"6625",16.7,1373,"2","2","MAT2_MAP2"
"6626",15.3,1479,"2","2","MAT2_MAP2"
"6627",16,1450,"2","2","MAT2_MAP2"
"6628",12.2,1685,"1","3","MAT1_MAP3"
"6629",18,1398,"3","2","MAT3_MAP2"
"6630",15.5,1468,"2","2","MAT2_MAP2"
"6631",16.4,1303,"2","1","MAT2_MAP1"
"6632",16.5,1579,"2","2","MAT2_MAP2"
"6633",17,1355,"2","2","MAT2_MAP2"
"6634",16.8,1411,"2","2","MAT2_MAP2"
"6635",17,1395,"2","2","MAT2_MAP2"
"6636",16.8,1309,"2","1","MAT2_MAP1"
"6637",16.4,1421,"2","2","MAT2_MAP2"
"6638",15.8,1456,"2","2","MAT2_MAP2"
"6639",15.1,1485,"2","2","MAT2_MAP2"
"6640",12.7,1609,"1","3","MAT1_MAP3"
"6641",16.7,1410,"2","2","MAT2_MAP2"
"6642",15.5,1469,"2","2","MAT2_MAP2"
"6643",18,1521,"3","2","MAT3_MAP2"
"6644",16.5,1543,"2","2","MAT2_MAP2"
"6645",16.6,1530,"2","2","MAT2_MAP2"
"6646",18.3,1398,"3","2","MAT3_MAP2"
"6647",17.6,1376,"3","2","MAT3_MAP2"
"6648",17.4,1342,"3","2","MAT3_MAP2"
"6649",13,1600,"1","3","MAT1_MAP3"
"6650",16.6,1424,"2","2","MAT2_MAP2"
"6651",16.9,1361,"2","2","MAT2_MAP2"
"6652",17.1,1345,"2","2","MAT2_MAP2"
"6653",17.1,1393,"2","2","MAT2_MAP2"
"6654",17.1,1257,"2","1","MAT2_MAP1"
"6655",18.9,1485,"3","2","MAT3_MAP2"
"6656",15.2,1530,"2","2","MAT2_MAP2"
"6657",16.3,1511,"2","2","MAT2_MAP2"
"6658",15.2,1480,"2","2","MAT2_MAP2"
"6659",17.3,1354,"2","2","MAT2_MAP2"
"6660",16.7,1415,"2","2","MAT2_MAP2"
"6661",17.7,1421,"3","2","MAT3_MAP2"
"6662",16.4,1482,"2","2","MAT2_MAP2"
"6663",15.2,1489,"2","2","MAT2_MAP2"
"6664",15.4,1571,"2","2","MAT2_MAP2"
"6665",16.4,1483,"2","2","MAT2_MAP2"
"6666",18.3,1360,"3","2","MAT3_MAP2"
"6667",16.7,1424,"2","2","MAT2_MAP2"
"6668",16.5,1429,"2","2","MAT2_MAP2"
"6669",17.1,1397,"2","2","MAT2_MAP2"
"6670",16.8,1410,"2","2","MAT2_MAP2"
"6671",16.8,1531,"2","2","MAT2_MAP2"
"6672",18.2,1457,"3","2","MAT3_MAP2"
"6673",17.6,1466,"3","2","MAT3_MAP2"
"6674",18.3,1372,"3","2","MAT3_MAP2"
"6675",17.1,1462,"2","2","MAT2_MAP2"
"6676",14.8,1541,"2","2","MAT2_MAP2"
"6677",16.6,1441,"2","2","MAT2_MAP2"
"6678",18.3,1499,"3","2","MAT3_MAP2"
"6679",15.7,1494,"2","2","MAT2_MAP2"
"6680",17.3,1356,"2","2","MAT2_MAP2"
"6681",17,1513,"2","2","MAT2_MAP2"
"6682",16.3,1499,"2","2","MAT2_MAP2"
"6683",17.9,1377,"3","2","MAT3_MAP2"
"6684",17.1,1405,"2","2","MAT2_MAP2"
"6685",16.7,1522,"2","2","MAT2_MAP2"
"6686",18.1,1500,"3","2","MAT3_MAP2"
"6687",18.5,1467,"3","2","MAT3_MAP2"
"6688",17.1,1439,"2","2","MAT2_MAP2"
"6689",17.1,1509,"2","2","MAT2_MAP2"
"6690",17.3,1466,"2","2","MAT2_MAP2"
"6691",15.7,1514,"2","2","MAT2_MAP2"
"6692",16,1494,"2","2","MAT2_MAP2"
"6693",17.5,1401,"3","2","MAT3_MAP2"
"6694",16.9,1506,"2","2","MAT2_MAP2"
"6695",16.7,1469,"2","2","MAT2_MAP2"
"6696",17.4,1437,"3","2","MAT3_MAP2"
"6697",16.3,1456,"2","2","MAT2_MAP2"
"6698",17.1,1277,"2","1","MAT2_MAP1"
"6699",15.2,1550,"2","2","MAT2_MAP2"
"6700",16.6,1510,"2","2","MAT2_MAP2"
"6701",17.4,1504,"3","2","MAT3_MAP2"
"6702",16.3,1506,"2","2","MAT2_MAP2"
"6703",16.2,1480,"2","2","MAT2_MAP2"
"6704",17.6,1415,"3","2","MAT3_MAP2"
"6705",16.5,1462,"2","2","MAT2_MAP2"
"6706",15.4,1534,"2","2","MAT2_MAP2"
"6707",17,1486,"2","2","MAT2_MAP2"
"6708",15.4,1548,"2","2","MAT2_MAP2"
"6709",14.1,1591,"1","2","MAT1_MAP2"
"6710",18.5,1502,"3","2","MAT3_MAP2"
"6711",15,1547,"2","2","MAT2_MAP2"
"6712",16.1,1513,"2","2","MAT2_MAP2"
"6713",16.4,1484,"2","2","MAT2_MAP2"
"6714",14.2,1590,"1","2","MAT1_MAP2"
"6715",17.1,1458,"2","2","MAT2_MAP2"
"6716",16.9,1465,"2","2","MAT2_MAP2"
"6717",16.1,1490,"2","2","MAT2_MAP2"
"6718",15.7,1469,"2","2","MAT2_MAP2"
"6719",15.8,1519,"2","2","MAT2_MAP2"
"6720",15.5,1519,"2","2","MAT2_MAP2"
"6721",16.1,1496,"2","2","MAT2_MAP2"
"6722",16.8,1493,"2","2","MAT2_MAP2"
"6723",15.3,1514,"2","2","MAT2_MAP2"
"6724",15.6,1521,"2","2","MAT2_MAP2"
"6725",17.2,1443,"2","2","MAT2_MAP2"
"6726",17.6,1425,"3","2","MAT3_MAP2"
"6727",16.5,1506,"2","2","MAT2_MAP2"
"6728",17.4,1399,"3","2","MAT3_MAP2"
"6729",17.7,1491,"3","2","MAT3_MAP2"
"6730",17.2,1492,"2","2","MAT2_MAP2"
"6731",16.2,1503,"2","2","MAT2_MAP2"
"6732",16.8,1489,"2","2","MAT2_MAP2"
"6733",15.3,1541,"2","2","MAT2_MAP2"
"6734",14.4,1588,"1","2","MAT1_MAP2"
"6735",17.4,1471,"3","2","MAT3_MAP2"
"6736",17.4,1366,"3","2","MAT3_MAP2"
"6737",15.2,1534,"2","2","MAT2_MAP2"
"6738",16,1509,"2","2","MAT2_MAP2"
"6739",16,1505,"2","2","MAT2_MAP2"
"6740",16.8,1463,"2","2","MAT2_MAP2"
"6741",17.7,1442,"3","2","MAT3_MAP2"
"6742",17.6,1469,"3","2","MAT3_MAP2"
"6743",17.3,1518,"2","2","MAT2_MAP2"
"6744",17,1436,"2","2","MAT2_MAP2"
"6745",18.3,1443,"3","2","MAT3_MAP2"
"6746",17.9,1448,"3","2","MAT3_MAP2"
"6747",17.4,1459,"3","2","MAT3_MAP2"
"6748",17.4,1452,"3","2","MAT3_MAP2"
"6749",17.2,1455,"2","2","MAT2_MAP2"
"6750",18,1416,"3","2","MAT3_MAP2"
"6751",18.1,1445,"3","2","MAT3_MAP2"
"6752",17.6,1524,"3","2","MAT3_MAP2"
"6753",16.8,1581,"2","2","MAT2_MAP2"
"6754",17.5,1462,"3","2","MAT3_MAP2"
"6755",18.5,1386,"3","2","MAT3_MAP2"
"6756",17.7,1533,"3","2","MAT3_MAP2"
"6757",17.5,1555,"3","2","MAT3_MAP2"
"6758",14.8,1579,"2","2","MAT2_MAP2"
"6759",18,1406,"3","2","MAT3_MAP2"
"6760",18.2,1401,"3","2","MAT3_MAP2"
"6761",18.4,1450,"3","2","MAT3_MAP2"
"6762",18.2,1423,"3","2","MAT3_MAP2"
"6763",16.6,1493,"2","2","MAT2_MAP2"
"6764",18.3,1452,"3","2","MAT3_MAP2"
"6765",17.2,1599,"2","2","MAT2_MAP2"
"6766",16,1513,"2","2","MAT2_MAP2"
"6767",17.2,1294,"2","1","MAT2_MAP1"
"6768",18,1512,"3","2","MAT3_MAP2"
"6769",17.7,1611,"3","3","MAT3_MAP3"
"6770",17.8,1510,"3","2","MAT3_MAP2"
"6771",17.6,1461,"3","2","MAT3_MAP2"
"6772",18.5,1431,"3","2","MAT3_MAP2"
"6773",17.9,1581,"3","2","MAT3_MAP2"
"6774",17.5,1466,"3","2","MAT3_MAP2"
"6775",17.8,1640,"3","3","MAT3_MAP3"
"6776",17.8,1520,"3","2","MAT3_MAP2"
"6777",18.4,1448,"3","2","MAT3_MAP2"
"6778",17.6,1372,"3","2","MAT3_MAP2"
"6779",16.1,1530,"2","2","MAT2_MAP2"
"6780",16.8,1250,"2","1","MAT2_MAP1"
"6781",17.8,1400,"3","2","MAT3_MAP2"
"6782",18.2,1444,"3","2","MAT3_MAP2"
"6783",14.4,1808,"1","3","MAT1_MAP3"
"6784",18.5,1438,"3","2","MAT3_MAP2"
"6785",17.9,1625,"3","3","MAT3_MAP3"
"6786",17.6,1504,"3","2","MAT3_MAP2"
"6787",17.5,1490,"3","2","MAT3_MAP2"
"6788",18.5,1444,"3","2","MAT3_MAP2"
"6789",17.9,1679,"3","3","MAT3_MAP3"
"6790",13.9,1650,"1","3","MAT1_MAP3"
"6791",14.1,1636,"1","3","MAT1_MAP3"
"6792",17.7,1379,"3","2","MAT3_MAP2"
"6793",17.4,1374,"3","2","MAT3_MAP2"
"6794",18.4,1436,"3","2","MAT3_MAP2"
"6795",17.9,1660,"3","3","MAT3_MAP3"
"6796",16.4,1535,"2","2","MAT2_MAP2"
"6797",13.9,1657,"1","3","MAT1_MAP3"
"6798",18.3,1462,"3","2","MAT3_MAP2"
"6799",17.5,1364,"3","2","MAT3_MAP2"
"6800",17.4,1354,"3","2","MAT3_MAP2"
"6801",18.1,1472,"3","2","MAT3_MAP2"
"6802",15.4,1574,"2","2","MAT2_MAP2"
"6803",18.5,1461,"3","2","MAT3_MAP2"
"6804",18.1,1477,"3","2","MAT3_MAP2"
"6805",18.1,1603,"3","3","MAT3_MAP3"
"6806",17.8,1660,"3","3","MAT3_MAP3"
"6807",18,1652,"3","3","MAT3_MAP3"
"6808",17.9,1653,"3","3","MAT3_MAP3"
"6809",17.6,1459,"3","2","MAT3_MAP2"
"6810",18.1,1471,"3","2","MAT3_MAP2"
"6811",17.9,1629,"3","3","MAT3_MAP3"
"6812",18.3,1464,"3","2","MAT3_MAP2"
"6813",15.7,1507,"2","2","MAT2_MAP2"
"6814",17.8,1644,"3","3","MAT3_MAP3"
"6815",17.9,1620,"3","3","MAT3_MAP3"
"6816",14.5,1645,"1","3","MAT1_MAP3"
"6817",17.2,1370,"2","2","MAT2_MAP2"
"6818",18.8,1456,"3","2","MAT3_MAP2"
"6819",17.2,1377,"2","2","MAT2_MAP2"
"6820",15,1628,"2","3","MAT2_MAP3"
"6821",18.4,1473,"3","2","MAT3_MAP2"
"6822",17.9,1512,"3","2","MAT3_MAP2"
"6823",17.2,1391,"2","2","MAT2_MAP2"
"6824",17.3,1584,"2","2","MAT2_MAP2"
"6825",18,1496,"3","2","MAT3_MAP2"
"6826",17,1413,"2","2","MAT2_MAP2"
"6827",16.8,1358,"2","2","MAT2_MAP2"
"6828",17.3,1565,"2","2","MAT2_MAP2"
"6829",16.8,1561,"2","2","MAT2_MAP2"
"6830",17.5,1609,"3","3","MAT3_MAP3"
"6831",17.7,1566,"3","2","MAT3_MAP2"
"6832",17.6,1518,"3","2","MAT3_MAP2"
"6833",15.1,1661,"2","3","MAT2_MAP3"
"6834",17.4,1537,"3","2","MAT3_MAP2"
"6835",15.2,1650,"2","3","MAT2_MAP3"
"6836",17.3,1577,"2","2","MAT2_MAP2"
"6837",17.4,1546,"3","2","MAT3_MAP2"
"6838",16.5,1583,"2","2","MAT2_MAP2"
"6839",17.8,1567,"3","2","MAT3_MAP2"
"6840",16.9,1570,"2","2","MAT2_MAP2"
"6841",16.9,1569,"2","2","MAT2_MAP2"
"6842",15.9,1618,"2","3","MAT2_MAP3"
"6843",15.9,1619,"2","3","MAT2_MAP3"
"6844",17.3,1582,"2","2","MAT2_MAP2"
"6845",17.5,1588,"3","2","MAT3_MAP2"
"6846",15.7,1631,"2","3","MAT2_MAP3"
"6847",16.5,1386,"2","2","MAT2_MAP2"
"6848",14.9,1679,"2","3","MAT2_MAP3"
"6849",18.2,1499,"3","2","MAT3_MAP2"
"6850",15.6,1655,"2","3","MAT2_MAP3"
"6851",17.8,1576,"3","2","MAT3_MAP2"
"6852",16.8,1583,"2","2","MAT2_MAP2"
"6853",16.3,1605,"2","3","MAT2_MAP3"
"6854",16,1653,"2","3","MAT2_MAP3"
"6855",17.2,1462,"2","2","MAT2_MAP2"
"6856",16.5,1608,"2","3","MAT2_MAP3"
"6857",17.8,1537,"3","2","MAT3_MAP2"
"6858",14.1,1738,"1","3","MAT1_MAP3"
"6859",16.4,1595,"2","2","MAT2_MAP2"
"6860",17.7,1516,"3","2","MAT3_MAP2"
"6861",16.3,1551,"2","2","MAT2_MAP2"
"6862",16,1506,"2","2","MAT2_MAP2"
"6863",15.6,1645,"2","3","MAT2_MAP3"
"6864",17,1346,"2","2","MAT2_MAP2"
"6865",17.6,1522,"3","2","MAT3_MAP2"
"6866",17.8,1519,"3","2","MAT3_MAP2"
"6867",17.1,1496,"2","2","MAT2_MAP2"
"6868",15.8,1671,"2","3","MAT2_MAP3"
"6869",17.9,1565,"3","2","MAT3_MAP2"
"6870",17,1614,"2","3","MAT2_MAP3"
"6871",16.5,1482,"2","2","MAT2_MAP2"
"6872",14.9,1695,"2","3","MAT2_MAP3"
"6873",16.8,1589,"2","2","MAT2_MAP2"
"6874",16.8,1505,"2","2","MAT2_MAP2"
"6875",16.2,1532,"2","2","MAT2_MAP2"
"6876",15.2,1686,"2","3","MAT2_MAP3"
"6877",15.7,1652,"2","3","MAT2_MAP3"
"6878",16.1,1611,"2","3","MAT2_MAP3"
"6879",17.2,1560,"2","2","MAT2_MAP2"
"6880",17.2,1606,"2","3","MAT2_MAP3"
"6881",15.1,1577,"2","2","MAT2_MAP2"
"6882",13,1820,"1","3","MAT1_MAP3"
"6883",17.9,1499,"3","2","MAT3_MAP2"
"6884",16.1,1536,"2","2","MAT2_MAP2"
"6885",16.3,1619,"2","3","MAT2_MAP3"
"6886",14.6,1725,"1","3","MAT1_MAP3"
"6887",15.1,1681,"2","3","MAT2_MAP3"
"6888",12,1741,"1","3","MAT1_MAP3"
"6889",15.6,1648,"2","3","MAT2_MAP3"
"6890",17.4,1523,"3","2","MAT3_MAP2"
"6891",17.2,1535,"2","2","MAT2_MAP2"
"6892",16.7,1554,"2","2","MAT2_MAP2"
"6893",14.4,1757,"1","3","MAT1_MAP3"
"6894",15.1,1602,"2","3","MAT2_MAP3"
"6895",14.7,1728,"2","3","MAT2_MAP3"
"6896",16.8,1558,"2","2","MAT2_MAP2"
"6897",15.1,1634,"2","3","MAT2_MAP3"
"6898",14,1762,"1","3","MAT1_MAP3"
"6899",17.1,1510,"2","2","MAT2_MAP2"
"6900",12.2,1881,"1","3","MAT1_MAP3"
"6901",17,1566,"2","2","MAT2_MAP2"
"6902",16.9,1578,"2","2","MAT2_MAP2"
"6903",16.4,1566,"2","2","MAT2_MAP2"
"6904",17,1519,"2","2","MAT2_MAP2"
"6905",14.3,1745,"1","3","MAT1_MAP3"
"6906",16.5,1600,"2","3","MAT2_MAP3"
"6907",15.9,1621,"2","3","MAT2_MAP3"
