"","MAT","MAP","MAT_bin","MAP_bin","MAT_MAP_bin"
"1",15.9,1009,"2","1","MAT2_MAP1"
"2",16.2,1000,"2","1","MAT2_MAP1"
"3",16,1006,"2","1","MAT2_MAP1"
"4",16.1,1004,"2","1","MAT2_MAP1"
"5",16.6,1031,"2","1","MAT2_MAP1"
"6",16.6,1034,"2","1","MAT2_MAP1"
"7",16.2,1013,"2","1","MAT2_MAP1"
"8",15.9,1018,"2","1","MAT2_MAP1"
"9",16.2,1016,"2","1","MAT2_MAP1"
"10",16.5,1040,"2","1","MAT2_MAP1"
"11",16.1,1020,"2","1","MAT2_MAP1"
"12",16.3,1020,"2","1","MAT2_MAP1"
"13",16.2,1028,"2","1","MAT2_MAP1"
"14",16,1032,"2","1","MAT2_MAP1"
"15",16.1,1024,"2","1","MAT2_MAP1"
"16",16.3,1037,"2","1","MAT2_MAP1"
"17",16.4,1033,"2","1","MAT2_MAP1"
"18",16.2,1036,"2","1","MAT2_MAP1"
"19",16.6,1047,"2","1","MAT2_MAP1"
"20",16.5,1060,"2","1","MAT2_MAP1"
"21",16.5,1045,"2","1","MAT2_MAP1"
"22",17.1,1064,"2","1","MAT2_MAP1"
"23",16.6,1056,"2","1","MAT2_MAP1"
"24",16.1,1033,"2","1","MAT2_MAP1"
"25",16,1047,"2","1","MAT2_MAP1"
"26",16.6,1051,"2","1","MAT2_MAP1"
"27",16,1044,"2","1","MAT2_MAP1"
"28",16,1058,"2","1","MAT2_MAP1"
"29",16.6,1070,"2","1","MAT2_MAP1"
"30",16.1,1068,"2","1","MAT2_MAP1"
"31",16.2,1058,"2","1","MAT2_MAP1"
"32",16.5,1055,"2","1","MAT2_MAP1"
"33",16.5,1063,"2","1","MAT2_MAP1"
"34",16.6,1073,"2","1","MAT2_MAP1"
"35",17,1083,"2","1","MAT2_MAP1"
"36",16.4,1055,"2","1","MAT2_MAP1"
"37",16.1,1047,"2","1","MAT2_MAP1"
"38",15.8,1071,"1","1","MAT1_MAP1"
"39",17,1080,"2","1","MAT2_MAP1"
"40",16,1072,"2","1","MAT2_MAP1"
"41",16.2,1065,"2","1","MAT2_MAP1"
"42",16.3,1067,"2","1","MAT2_MAP1"
"43",16.2,1071,"2","1","MAT2_MAP1"
"44",16.4,1075,"2","1","MAT2_MAP1"
"45",16.5,1076,"2","1","MAT2_MAP1"
"46",16,1062,"2","1","MAT2_MAP1"
"47",16,1079,"2","1","MAT2_MAP1"
"48",16.2,1082,"2","1","MAT2_MAP1"
"49",16,1069,"2","1","MAT2_MAP1"
"50",16.3,1079,"2","1","MAT2_MAP1"
"51",16.2,1081,"2","1","MAT2_MAP1"
"52",16.7,1096,"2","1","MAT2_MAP1"
"53",16.7,1094,"2","1","MAT2_MAP1"
"54",16.5,1071,"2","1","MAT2_MAP1"
"55",16.2,1077,"2","1","MAT2_MAP1"
"56",15.9,1091,"2","1","MAT2_MAP1"
"57",16.2,1091,"2","1","MAT2_MAP1"
"58",15.9,1081,"2","1","MAT2_MAP1"
"59",16.4,1086,"2","1","MAT2_MAP1"
"60",16.1,1053,"2","1","MAT2_MAP1"
"61",16.3,1090,"2","1","MAT2_MAP1"
"62",16.5,1086,"2","1","MAT2_MAP1"
"63",16.6,1088,"2","1","MAT2_MAP1"
"64",16.5,1093,"2","1","MAT2_MAP1"
"65",16.7,1102,"2","1","MAT2_MAP1"
"66",16.6,1106,"2","1","MAT2_MAP1"
"67",16.4,1087,"2","1","MAT2_MAP1"
"68",16.1,1100,"2","1","MAT2_MAP1"
"69",16.3,1094,"2","1","MAT2_MAP1"
"70",16.9,1105,"2","1","MAT2_MAP1"
"71",15.9,1067,"2","1","MAT2_MAP1"
"72",16.1,1093,"2","1","MAT2_MAP1"
"73",16.1,1089,"2","1","MAT2_MAP1"
"74",16.2,1108,"2","1","MAT2_MAP1"
"75",16.5,1097,"2","1","MAT2_MAP1"
"76",16.7,1108,"2","1","MAT2_MAP1"
"77",19.7,1084,"3","1","MAT3_MAP1"
"78",16.7,1092,"2","1","MAT2_MAP1"
"79",16.4,1110,"2","1","MAT2_MAP1"
"80",16.7,1101,"2","1","MAT2_MAP1"
"81",16.2,1075,"2","1","MAT2_MAP1"
"82",16.2,1096,"2","1","MAT2_MAP1"
"83",16.2,1067,"2","1","MAT2_MAP1"
"84",16.1,1124,"2","1","MAT2_MAP1"
"85",16,1101,"2","1","MAT2_MAP1"
"86",15.7,1159,"1","1","MAT1_MAP1"
"87",16.8,1113,"2","1","MAT2_MAP1"
"88",16.9,1113,"2","1","MAT2_MAP1"
"89",16.1,1065,"2","1","MAT2_MAP1"
"90",19.7,1095,"3","1","MAT3_MAP1"
"91",17,1116,"2","1","MAT2_MAP1"
"92",19.7,1094,"3","1","MAT3_MAP1"
"93",16.2,1138,"2","1","MAT2_MAP1"
"94",16.2,1117,"2","1","MAT2_MAP1"
"95",16.7,1113,"2","1","MAT2_MAP1"
"96",16.2,1085,"2","1","MAT2_MAP1"
"97",17,1117,"2","1","MAT2_MAP1"
"98",16.9,1117,"2","1","MAT2_MAP1"
"99",16.8,1120,"2","1","MAT2_MAP1"
"100",16.1,1152,"2","1","MAT2_MAP1"
"101",16.6,1114,"2","1","MAT2_MAP1"
"102",19.6,1108,"3","1","MAT3_MAP1"
"103",19.7,1080,"3","1","MAT3_MAP1"
"104",19.6,1107,"3","1","MAT3_MAP1"
"105",16.9,1121,"2","1","MAT2_MAP1"
"106",16.1,1165,"2","1","MAT2_MAP1"
"107",16.2,1159,"2","1","MAT2_MAP1"
"108",16.8,1131,"2","1","MAT2_MAP1"
"109",16.9,1124,"2","1","MAT2_MAP1"
"110",16.5,1135,"2","1","MAT2_MAP1"
"111",19.6,1115,"3","1","MAT3_MAP1"
"112",19.6,1100,"3","1","MAT3_MAP1"
"113",16.3,1113,"2","1","MAT2_MAP1"
"114",16.4,1098,"2","1","MAT2_MAP1"
"115",16.2,1146,"2","1","MAT2_MAP1"
"116",16.1,1186,"2","1","MAT2_MAP1"
"117",16.3,1173,"2","1","MAT2_MAP1"
"118",16.1,1119,"2","1","MAT2_MAP1"
"119",19.8,1119,"3","1","MAT3_MAP1"
"120",16.7,1139,"2","1","MAT2_MAP1"
"121",18.7,1040,"3","1","MAT3_MAP1"
"122",16.2,1170,"2","1","MAT2_MAP1"
"123",16.4,1152,"2","1","MAT2_MAP1"
"124",16.1,1192,"2","1","MAT2_MAP1"
"125",16.3,1193,"2","1","MAT2_MAP1"
"126",16.5,1153,"2","1","MAT2_MAP1"
"127",16.8,1145,"2","1","MAT2_MAP1"
"128",16.2,1118,"2","1","MAT2_MAP1"
"129",16.6,1149,"2","1","MAT2_MAP1"
"130",16.6,1152,"2","1","MAT2_MAP1"
"131",19.8,1127,"3","1","MAT3_MAP1"
"132",19,1060,"3","1","MAT3_MAP1"
"133",16.7,1151,"2","1","MAT2_MAP1"
"134",19.1,1047,"3","1","MAT3_MAP1"
"135",18.9,1058,"3","1","MAT3_MAP1"
"136",18.9,1053,"3","1","MAT3_MAP1"
"137",18.4,1047,"3","1","MAT3_MAP1"
"138",18.7,1055,"3","1","MAT3_MAP1"
"139",16.3,1074,"2","1","MAT2_MAP1"
"140",19,1059,"3","1","MAT3_MAP1"
"141",19.6,1128,"3","1","MAT3_MAP1"
"142",16.4,1104,"2","1","MAT2_MAP1"
"143",16.4,1160,"2","1","MAT2_MAP1"
"144",16.9,1147,"2","1","MAT2_MAP1"
"145",16.4,1084,"2","1","MAT2_MAP1"
"146",16.6,1161,"2","1","MAT2_MAP1"
"147",16.4,1130,"2","1","MAT2_MAP1"
"148",16.4,1113,"2","1","MAT2_MAP1"
"149",18.8,1065,"3","1","MAT3_MAP1"
"150",18.8,1076,"3","1","MAT3_MAP1"
"151",18.8,1070,"3","1","MAT3_MAP1"
"152",18.6,1047,"3","1","MAT3_MAP1"
"153",18.1,1057,"3","1","MAT3_MAP1"
"154",16.4,1103,"2","1","MAT2_MAP1"
"155",16.5,1103,"2","1","MAT2_MAP1"
"156",18.9,1061,"3","1","MAT3_MAP1"
"157",16.5,1186,"2","1","MAT2_MAP1"
"158",18.9,1065,"3","1","MAT3_MAP1"
"159",16.5,1176,"2","1","MAT2_MAP1"
"160",16,1228,"2","1","MAT2_MAP1"
"161",16.9,1166,"2","1","MAT2_MAP1"
"162",18.6,1064,"3","1","MAT3_MAP1"
"163",19.8,1157,"3","1","MAT3_MAP1"
"164",18.8,1069,"3","1","MAT3_MAP1"
"165",18.1,1064,"3","1","MAT3_MAP1"
"166",18.6,1070,"3","1","MAT3_MAP1"
"167",19,1067,"3","1","MAT3_MAP1"
"168",16.1,1198,"2","1","MAT2_MAP1"
"169",16.3,1139,"2","1","MAT2_MAP1"
"170",16.5,1112,"2","1","MAT2_MAP1"
"171",16.6,1190,"2","1","MAT2_MAP1"
"172",16.3,1127,"2","1","MAT2_MAP1"
"173",16.4,1138,"2","1","MAT2_MAP1"
"174",19.2,1086,"3","1","MAT3_MAP1"
"175",19.5,1144,"3","1","MAT3_MAP1"
"176",16,1234,"2","1","MAT2_MAP1"
"177",18.8,1073,"3","1","MAT3_MAP1"
"178",16.3,1164,"2","1","MAT2_MAP1"
"179",17.1,1160,"2","1","MAT2_MAP1"
"180",19,1064,"3","1","MAT3_MAP1"
"181",18.7,1058,"3","1","MAT3_MAP1"
"182",18.6,1049,"3","1","MAT3_MAP1"
"183",18.9,1080,"3","1","MAT3_MAP1"
"184",18,1054,"2","1","MAT2_MAP1"
"185",18.6,1084,"3","1","MAT3_MAP1"
"186",18.2,1056,"3","1","MAT3_MAP1"
"187",16.6,1194,"2","1","MAT2_MAP1"
"188",19.4,1102,"3","1","MAT3_MAP1"
"189",16.3,1149,"2","1","MAT2_MAP1"
"190",16.4,1129,"2","1","MAT2_MAP1"
"191",17.6,1079,"2","1","MAT2_MAP1"
"192",16.4,1132,"2","1","MAT2_MAP1"
"193",20,1175,"3","1","MAT3_MAP1"
"194",16.2,1126,"2","1","MAT2_MAP1"
"195",19.3,1094,"3","1","MAT3_MAP1"
"196",16.9,1179,"2","1","MAT2_MAP1"
"197",16.3,1171,"2","1","MAT2_MAP1"
"198",19.8,1178,"3","1","MAT3_MAP1"
"199",17.1,1171,"2","1","MAT2_MAP1"
"200",19,1065,"3","1","MAT3_MAP1"
"201",17.7,1070,"2","1","MAT2_MAP1"
"202",17.7,1067,"2","1","MAT2_MAP1"
"203",16.5,1214,"2","1","MAT2_MAP1"
"204",17,1181,"2","1","MAT2_MAP1"
"205",16.3,1145,"2","1","MAT2_MAP1"
"206",19,1094,"3","1","MAT3_MAP1"
"207",16.6,1208,"2","1","MAT2_MAP1"
"208",19.3,1172,"3","1","MAT3_MAP1"
"209",16.4,1166,"2","1","MAT2_MAP1"
"210",19.1,1066,"3","1","MAT3_MAP1"
"211",16.7,1196,"2","1","MAT2_MAP1"
"212",16.7,1198,"2","1","MAT2_MAP1"
"213",19.1,1067,"3","1","MAT3_MAP1"
"214",18.7,1084,"3","1","MAT3_MAP1"
"215",19,1062,"3","1","MAT3_MAP1"
"216",19,1069,"3","1","MAT3_MAP1"
"217",18.8,1086,"3","1","MAT3_MAP1"
"218",17.6,1077,"2","1","MAT2_MAP1"
"219",17.7,1071,"2","1","MAT2_MAP1"
"220",18,1058,"2","1","MAT2_MAP1"
"221",17.9,1073,"2","1","MAT2_MAP1"
"222",18.2,1073,"3","1","MAT3_MAP1"
"223",18.4,1070,"3","1","MAT3_MAP1"
"224",19.3,1190,"3","1","MAT3_MAP1"
"225",19,1072,"3","1","MAT3_MAP1"
"226",16.3,1151,"2","1","MAT2_MAP1"
"227",19.6,1203,"3","1","MAT3_MAP1"
"228",19.1,1156,"3","1","MAT3_MAP1"
"229",18.8,1084,"3","1","MAT3_MAP1"
"230",16.8,1202,"2","1","MAT2_MAP1"
"231",16.7,1205,"2","1","MAT2_MAP1"
"232",16.2,1201,"2","1","MAT2_MAP1"
"233",16.9,1190,"2","1","MAT2_MAP1"
"234",16.2,1124,"2","1","MAT2_MAP1"
"235",19,1076,"3","1","MAT3_MAP1"
"236",18.6,1073,"3","1","MAT3_MAP1"
"237",16.9,1195,"2","1","MAT2_MAP1"
"238",17,1185,"2","1","MAT2_MAP1"
"239",17.9,1066,"2","1","MAT2_MAP1"
"240",17.6,1080,"2","1","MAT2_MAP1"
"241",17.8,1068,"2","1","MAT2_MAP1"
"242",19.5,1209,"3","1","MAT3_MAP1"
"243",16.4,1143,"2","1","MAT2_MAP1"
"244",18.4,1082,"3","1","MAT3_MAP1"
"245",19.2,1210,"3","1","MAT3_MAP1"
"246",18.7,1088,"3","1","MAT3_MAP1"
"247",16.8,1209,"2","1","MAT2_MAP1"
"248",19,1102,"3","1","MAT3_MAP1"
"249",16.6,1223,"2","1","MAT2_MAP1"
"250",16.1,1150,"2","1","MAT2_MAP1"
"251",18.6,1087,"3","1","MAT3_MAP1"
"252",16,1147,"2","1","MAT2_MAP1"
"253",18.7,1093,"3","1","MAT3_MAP1"
"254",18,1067,"2","1","MAT2_MAP1"
"255",17.5,1086,"2","1","MAT2_MAP1"
"256",18,1066,"2","1","MAT2_MAP1"
"257",18.6,1088,"3","1","MAT3_MAP1"
"258",19.2,1201,"3","1","MAT3_MAP1"
"259",16.9,1208,"2","1","MAT2_MAP1"
"260",16.7,1228,"2","1","MAT2_MAP1"
"261",19.1,1182,"3","1","MAT3_MAP1"
"262",16.5,1220,"2","1","MAT2_MAP1"
"263",17,1193,"2","1","MAT2_MAP1"
"264",16.3,1196,"2","1","MAT2_MAP1"
"265",16.5,1212,"2","1","MAT2_MAP1"
"266",16.7,1227,"2","1","MAT2_MAP1"
"267",16,1154,"2","1","MAT2_MAP1"
"268",19,1080,"3","1","MAT3_MAP1"
"269",18.9,1082,"3","1","MAT3_MAP1"
"270",17,1202,"2","1","MAT2_MAP1"
"271",16.3,1238,"2","1","MAT2_MAP1"
"272",17.9,1072,"2","1","MAT2_MAP1"
"273",17.3,1117,"2","1","MAT2_MAP1"
"274",17.6,1084,"2","1","MAT2_MAP1"
"275",18.6,1103,"3","1","MAT3_MAP1"
"276",18.9,1087,"3","1","MAT3_MAP1"
"277",16.9,1210,"2","1","MAT2_MAP1"
"278",16.1,1131,"2","1","MAT2_MAP1"
"279",16.8,1225,"2","1","MAT2_MAP1"
"280",16.3,1239,"2","1","MAT2_MAP1"
"281",18.8,1098,"3","1","MAT3_MAP1"
"282",16.2,1149,"2","1","MAT2_MAP1"
"283",16.1,1220,"2","1","MAT2_MAP1"
"284",18.8,1095,"3","1","MAT3_MAP1"
"285",17.6,1095,"2","1","MAT2_MAP1"
"286",18.9,1090,"3","1","MAT3_MAP1"
"287",16.3,1200,"2","1","MAT2_MAP1"
"288",18.1,1078,"3","1","MAT3_MAP1"
"289",18,1076,"2","1","MAT2_MAP1"
"290",17.8,1083,"2","1","MAT2_MAP1"
"291",18.9,1086,"3","1","MAT3_MAP1"
"292",16.8,1227,"2","1","MAT2_MAP1"
"293",17.4,1117,"2","1","MAT2_MAP1"
"294",15.8,1260,"1","2","MAT1_MAP2"
"295",18.7,1112,"3","1","MAT3_MAP1"
"296",16.1,1179,"2","1","MAT2_MAP1"
"297",16.3,1235,"2","1","MAT2_MAP1"
"298",18.9,1101,"3","1","MAT3_MAP1"
"299",16.9,1227,"2","1","MAT2_MAP1"
"300",18.7,1096,"3","1","MAT3_MAP1"
"301",16.2,1135,"2","1","MAT2_MAP1"
"302",16.1,1217,"2","1","MAT2_MAP1"
"303",16.9,1215,"2","1","MAT2_MAP1"
"304",16.1,1256,"2","2","MAT2_MAP2"
"305",15.6,1266,"1","2","MAT1_MAP2"
"306",17.6,1099,"2","1","MAT2_MAP1"
"307",17.4,1115,"2","1","MAT2_MAP1"
"308",19.1,1241,"3","1","MAT3_MAP1"
"309",17.7,1097,"2","1","MAT2_MAP1"
"310",18.6,1098,"3","1","MAT3_MAP1"
"311",17.5,1107,"2","1","MAT2_MAP1"
"312",18.1,1108,"3","1","MAT3_MAP1"
"313",17.4,1127,"2","1","MAT2_MAP1"
"314",19.9,1263,"3","2","MAT3_MAP2"
"315",19.7,1264,"3","2","MAT3_MAP2"
"316",18.8,1099,"3","1","MAT3_MAP1"
"317",18.8,1232,"3","1","MAT3_MAP1"
"318",15.3,1294,"1","2","MAT1_MAP2"
"319",16.4,1241,"2","1","MAT2_MAP1"
"320",16.4,1158,"2","1","MAT2_MAP1"
"321",18.8,1106,"3","1","MAT3_MAP1"
"322",16.9,1232,"2","1","MAT2_MAP1"
"323",15.8,1255,"1","2","MAT1_MAP2"
"324",16.1,1230,"2","1","MAT2_MAP1"
"325",16.9,1223,"2","1","MAT2_MAP1"
"326",17.5,1120,"2","1","MAT2_MAP1"
"327",20.2,1280,"3","2","MAT3_MAP2"
"328",18.4,1115,"3","1","MAT3_MAP1"
"329",19.7,1277,"3","2","MAT3_MAP2"
"330",19.5,1279,"3","2","MAT3_MAP2"
"331",16.2,1208,"2","1","MAT2_MAP1"
"332",19.1,1271,"3","2","MAT3_MAP2"
"333",20,1284,"3","2","MAT3_MAP2"
"334",18.5,1121,"3","1","MAT3_MAP1"
"335",19.1,1283,"3","2","MAT3_MAP2"
"336",16,1247,"2","1","MAT2_MAP1"
"337",16.1,1287,"2","2","MAT2_MAP2"
"338",18.4,1123,"3","1","MAT3_MAP1"
"339",16.2,1150,"2","1","MAT2_MAP1"
"340",16.1,1160,"2","1","MAT2_MAP1"
"341",16.8,1253,"2","2","MAT2_MAP2"
"342",15.5,1228,"1","1","MAT1_MAP1"
"343",15.9,1153,"2","1","MAT2_MAP1"
"344",16,1236,"2","1","MAT2_MAP1"
"345",18,1104,"2","1","MAT2_MAP1"
"346",17.8,1114,"2","1","MAT2_MAP1"
"347",19.6,1291,"3","2","MAT3_MAP2"
"348",18.9,1114,"3","1","MAT3_MAP1"
"349",17,1212,"2","1","MAT2_MAP1"
"350",19,1256,"3","2","MAT3_MAP2"
"351",19,1264,"3","2","MAT3_MAP2"
"352",18.7,1116,"3","1","MAT3_MAP1"
"353",15.9,1208,"2","1","MAT2_MAP1"
"354",16.3,1157,"2","1","MAT2_MAP1"
"355",16.4,1155,"2","1","MAT2_MAP1"
"356",16.3,1198,"2","1","MAT2_MAP1"
"357",16.1,1135,"2","1","MAT2_MAP1"
"358",17,1232,"2","1","MAT2_MAP1"
"359",15.9,1252,"2","1","MAT2_MAP1"
"360",16.2,1145,"2","1","MAT2_MAP1"
"361",17.9,1119,"2","1","MAT2_MAP1"
"362",17.7,1119,"2","1","MAT2_MAP1"
"363",17.9,1133,"2","1","MAT2_MAP1"
"364",18,1113,"2","1","MAT2_MAP1"
"365",19.1,1258,"3","2","MAT3_MAP2"
"366",15.4,1326,"1","2","MAT1_MAP2"
"367",18.9,1225,"3","1","MAT3_MAP1"
"368",17,1218,"2","1","MAT2_MAP1"
"369",18.8,1116,"3","1","MAT3_MAP1"
"370",18.3,1130,"3","1","MAT3_MAP1"
"371",16.4,1147,"2","1","MAT2_MAP1"
"372",17.7,1124,"2","1","MAT2_MAP1"
"373",16,1251,"2","1","MAT2_MAP1"
"374",16.1,1268,"2","2","MAT2_MAP2"
"375",18.7,1124,"3","1","MAT3_MAP1"
"376",18.5,1127,"3","1","MAT3_MAP1"
"377",16.1,1155,"2","1","MAT2_MAP1"
"378",18.7,1121,"3","1","MAT3_MAP1"
"379",18.5,1134,"3","1","MAT3_MAP1"
"380",15.4,1286,"1","2","MAT1_MAP2"
"381",16.1,1297,"2","2","MAT2_MAP2"
"382",15.7,1215,"1","1","MAT1_MAP1"
"383",19.1,1256,"3","2","MAT3_MAP2"
"384",19,1119,"3","1","MAT3_MAP1"
"385",16.6,1284,"2","2","MAT2_MAP2"
"386",19,1122,"3","1","MAT3_MAP1"
"387",19.6,1315,"3","2","MAT3_MAP2"
"388",19.1,1277,"3","2","MAT3_MAP2"
"389",19,1118,"3","1","MAT3_MAP1"
"390",18.8,1236,"3","1","MAT3_MAP1"
"391",18.1,1136,"3","1","MAT3_MAP1"
"392",16.2,1219,"2","1","MAT2_MAP1"
"393",17.7,1145,"2","1","MAT2_MAP1"
"394",15.8,1253,"1","2","MAT1_MAP2"
"395",15.9,1294,"2","2","MAT2_MAP2"
"396",17.8,1140,"2","1","MAT2_MAP1"
"397",16.8,1236,"2","1","MAT2_MAP1"
"398",16.3,1150,"2","1","MAT2_MAP1"
"399",17.8,1136,"2","1","MAT2_MAP1"
"400",14.7,1351,"1","2","MAT1_MAP2"
"401",18.3,1151,"3","1","MAT3_MAP1"
"402",18,1128,"2","1","MAT2_MAP1"
"403",17.7,1141,"2","1","MAT2_MAP1"
"404",16.2,1172,"2","1","MAT2_MAP1"
"405",16.1,1211,"2","1","MAT2_MAP1"
"406",18.3,1144,"3","1","MAT3_MAP1"
"407",17.9,1155,"2","1","MAT2_MAP1"
"408",17.9,1131,"2","1","MAT2_MAP1"
"409",16.8,1248,"2","1","MAT2_MAP1"
"410",18.8,1127,"3","1","MAT3_MAP1"
"411",15.1,1328,"1","2","MAT1_MAP2"
"412",18,1152,"2","1","MAT2_MAP1"
"413",16.3,1296,"2","2","MAT2_MAP2"
"414",16.1,1215,"2","1","MAT2_MAP1"
"415",16,1264,"2","2","MAT2_MAP2"
"416",17.9,1145,"2","1","MAT2_MAP1"
"417",16.3,1169,"2","1","MAT2_MAP1"
"418",16.8,1239,"2","1","MAT2_MAP1"
"419",18.4,1146,"3","1","MAT3_MAP1"
"420",18.8,1224,"3","1","MAT3_MAP1"
"421",18.4,1144,"3","1","MAT3_MAP1"
"422",18,1157,"2","1","MAT2_MAP1"
"423",18.1,1147,"3","1","MAT3_MAP1"
"424",19.4,1312,"3","2","MAT3_MAP2"
"425",18.1,1155,"3","1","MAT3_MAP1"
"426",18,1156,"2","1","MAT2_MAP1"
"427",19,1135,"3","1","MAT3_MAP1"
"428",20.1,1334,"3","2","MAT3_MAP2"
"429",19.4,1306,"3","2","MAT3_MAP2"
"430",19.7,1330,"3","2","MAT3_MAP2"
"431",19.5,1317,"3","2","MAT3_MAP2"
"432",19.5,1324,"3","2","MAT3_MAP2"
"433",19.2,1299,"3","2","MAT3_MAP2"
"434",19.9,1331,"3","2","MAT3_MAP2"
"435",20.2,1343,"3","2","MAT3_MAP2"
"436",18.9,1278,"3","2","MAT3_MAP2"
"437",18.1,1146,"3","1","MAT3_MAP1"
"438",19.1,1288,"3","2","MAT3_MAP2"
"439",17,1227,"2","1","MAT2_MAP1"
"440",18.8,1133,"3","1","MAT3_MAP1"
"441",19,1144,"3","1","MAT3_MAP1"
"442",15.8,1246,"1","1","MAT1_MAP1"
"443",16.6,1264,"2","2","MAT2_MAP2"
"444",17.9,1162,"2","1","MAT2_MAP1"
"445",19.9,1337,"3","2","MAT3_MAP2"
"446",18.1,1145,"3","1","MAT3_MAP1"
"447",18.1,1148,"3","1","MAT3_MAP1"
"448",15.9,1268,"2","2","MAT2_MAP2"
"449",18.2,1163,"3","1","MAT3_MAP1"
"450",14.9,1344,"1","2","MAT1_MAP2"
"451",16.4,1294,"2","2","MAT2_MAP2"
"452",16.7,1241,"2","1","MAT2_MAP1"
"453",15.9,1235,"2","1","MAT2_MAP1"
"454",16.3,1158,"2","1","MAT2_MAP1"
"455",15.9,1222,"2","1","MAT2_MAP1"
"456",16.2,1142,"2","1","MAT2_MAP1"
"457",16.6,1269,"2","2","MAT2_MAP2"
"458",14.8,1320,"1","2","MAT1_MAP2"
"459",15.9,1326,"2","2","MAT2_MAP2"
"460",19.6,1332,"3","2","MAT3_MAP2"
"461",19.8,1339,"3","2","MAT3_MAP2"
"462",19.2,1308,"3","2","MAT3_MAP2"
"463",20.2,1345,"3","2","MAT3_MAP2"
"464",20,1345,"3","2","MAT3_MAP2"
"465",19.5,1330,"3","2","MAT3_MAP2"
"466",18,1160,"2","1","MAT2_MAP1"
"467",18.9,1184,"3","1","MAT3_MAP1"
"468",20.2,1352,"3","2","MAT3_MAP2"
"469",18.1,1163,"3","1","MAT3_MAP1"
"470",18.4,1158,"3","1","MAT3_MAP1"
"471",18,1164,"2","1","MAT2_MAP1"
"472",16.7,1243,"2","1","MAT2_MAP1"
"473",15.5,1257,"1","2","MAT1_MAP2"
"474",19.5,1334,"3","2","MAT3_MAP2"
"475",16.2,1165,"2","1","MAT2_MAP1"
"476",15.9,1199,"2","1","MAT2_MAP1"
"477",15.9,1328,"2","2","MAT2_MAP2"
"478",16,1323,"2","2","MAT2_MAP2"
"479",18.1,1158,"3","1","MAT3_MAP1"
"480",16.4,1281,"2","2","MAT2_MAP2"
"481",15,1338,"1","2","MAT1_MAP2"
"482",19.9,1347,"3","2","MAT3_MAP2"
"483",16,1150,"2","1","MAT2_MAP1"
"484",20.2,1340,"3","2","MAT3_MAP2"
"485",19.2,1330,"3","2","MAT3_MAP2"
"486",18.4,1152,"3","1","MAT3_MAP1"
"487",19,1311,"3","2","MAT3_MAP2"
"488",17,1234,"2","1","MAT2_MAP1"
"489",19,1169,"3","1","MAT3_MAP1"
"490",18.2,1172,"3","1","MAT3_MAP1"
"491",15.6,1341,"1","2","MAT1_MAP2"
"492",16.6,1259,"2","2","MAT2_MAP2"
"493",15.3,1209,"1","1","MAT1_MAP1"
"494",16.5,1269,"2","2","MAT2_MAP2"
"495",18.1,1165,"3","1","MAT3_MAP1"
"496",17.8,1183,"2","1","MAT2_MAP1"
"497",18.1,1174,"3","1","MAT3_MAP1"
"498",19.5,1344,"3","2","MAT3_MAP2"
"499",16.3,1142,"2","1","MAT2_MAP1"
"500",19.6,1355,"3","2","MAT3_MAP2"
"501",18.9,1298,"3","2","MAT3_MAP2"
"502",19,1200,"3","1","MAT3_MAP1"
"503",19,1178,"3","1","MAT3_MAP1"
"504",18.7,1245,"3","1","MAT3_MAP1"
"505",18.8,1313,"3","2","MAT3_MAP2"
"506",18.4,1156,"3","1","MAT3_MAP1"
"507",18.4,1173,"3","1","MAT3_MAP1"
"508",18.8,1155,"3","1","MAT3_MAP1"
"509",18.2,1180,"3","1","MAT3_MAP1"
"510",18,1181,"2","1","MAT2_MAP1"
"511",16.2,1144,"2","1","MAT2_MAP1"
"512",17.1,1237,"2","1","MAT2_MAP1"
"513",18.1,1180,"3","1","MAT3_MAP1"
"514",18.1,1183,"3","1","MAT3_MAP1"
"515",18.6,1164,"3","1","MAT3_MAP1"
"516",14.7,1337,"1","2","MAT1_MAP2"
"517",16.6,1274,"2","2","MAT2_MAP2"
"518",17.9,1191,"2","1","MAT2_MAP1"
"519",16.4,1287,"2","2","MAT2_MAP2"
"520",15,1335,"1","2","MAT1_MAP2"
"521",15.9,1156,"2","1","MAT2_MAP1"
"522",18.9,1177,"3","1","MAT3_MAP1"
"523",19,1197,"3","1","MAT3_MAP1"
"524",18.7,1280,"3","2","MAT3_MAP2"
"525",17.9,1187,"2","1","MAT2_MAP1"
"526",16.6,1268,"2","2","MAT2_MAP2"
"527",17,1244,"2","1","MAT2_MAP1"
"528",18.9,1192,"3","1","MAT3_MAP1"
"529",18.2,1183,"3","1","MAT3_MAP1"
"530",18.5,1173,"3","1","MAT3_MAP1"
"531",18.3,1181,"3","1","MAT3_MAP1"
"532",18.6,1169,"3","1","MAT3_MAP1"
"533",18.8,1179,"3","1","MAT3_MAP1"
"534",17.6,1206,"2","1","MAT2_MAP1"
"535",13.9,1385,"1","2","MAT1_MAP2"
"536",15.8,1343,"1","2","MAT1_MAP2"
"537",14.7,1356,"1","2","MAT1_MAP2"
"538",15.6,1336,"1","2","MAT1_MAP2"
"539",15.7,1347,"1","2","MAT1_MAP2"
"540",19.9,1368,"3","2","MAT3_MAP2"
"541",15.1,1342,"1","2","MAT1_MAP2"
"542",15.6,1357,"1","2","MAT1_MAP2"
"543",18.9,1201,"3","1","MAT3_MAP1"
"544",18.1,1187,"3","1","MAT3_MAP1"
"545",17.5,1207,"2","1","MAT2_MAP1"
"546",16.2,1123,"2","1","MAT2_MAP1"
"547",16,1135,"2","1","MAT2_MAP1"
"548",19.7,1372,"3","2","MAT3_MAP2"
"549",18.1,1182,"3","1","MAT3_MAP1"
"550",18.1,1186,"3","1","MAT3_MAP1"
"551",17.6,1202,"2","1","MAT2_MAP1"
"552",18.9,1326,"3","2","MAT3_MAP2"
"553",18.8,1316,"3","2","MAT3_MAP2"
"554",19.3,1362,"3","2","MAT3_MAP2"
"555",17.6,1204,"2","1","MAT2_MAP1"
"556",18.1,1178,"3","1","MAT3_MAP1"
"557",18.8,1202,"3","1","MAT3_MAP1"
"558",17.2,1234,"2","1","MAT2_MAP1"
"559",16.6,1283,"2","2","MAT2_MAP2"
"560",16.8,1262,"2","2","MAT2_MAP2"
"561",15.3,1328,"1","2","MAT1_MAP2"
"562",19.6,1368,"3","2","MAT3_MAP2"
"563",16.1,1123,"2","1","MAT2_MAP1"
"564",16,1112,"2","1","MAT2_MAP1"
"565",18,1201,"2","1","MAT2_MAP1"
"566",18.7,1308,"3","2","MAT3_MAP2"
"567",19.8,1376,"3","2","MAT3_MAP2"
"568",18.1,1184,"3","1","MAT3_MAP1"
"569",17.5,1210,"2","1","MAT2_MAP1"
"570",17.9,1203,"2","1","MAT2_MAP1"
"571",14,1372,"1","2","MAT1_MAP2"
"572",17.4,1221,"2","1","MAT2_MAP1"
"573",15.5,1368,"1","2","MAT1_MAP2"
"574",18.1,1192,"3","1","MAT3_MAP1"
"575",18.1,1190,"3","1","MAT3_MAP1"
"576",15.9,1098,"2","1","MAT2_MAP1"
"577",16.1,1104,"2","1","MAT2_MAP1"
"578",15.7,1139,"1","1","MAT1_MAP1"
"579",18.1,1189,"3","1","MAT3_MAP1"
"580",18.2,1182,"3","1","MAT3_MAP1"
"581",18,1198,"2","1","MAT2_MAP1"
"582",18.7,1220,"3","1","MAT3_MAP1"
"583",17.8,1193,"2","1","MAT2_MAP1"
"584",17.6,1205,"2","1","MAT2_MAP1"
"585",18,1205,"2","1","MAT2_MAP1"
"586",18.9,1323,"3","2","MAT3_MAP2"
"587",14.4,1343,"1","2","MAT1_MAP2"
"588",18.3,1204,"3","1","MAT3_MAP1"
"589",17.8,1196,"2","1","MAT2_MAP1"
"590",18.5,1201,"3","1","MAT3_MAP1"
"591",17.1,1239,"2","1","MAT2_MAP1"
"592",16.6,1290,"2","2","MAT2_MAP2"
"593",16.7,1276,"2","2","MAT2_MAP2"
"594",18,1211,"2","1","MAT2_MAP1"
"595",18.3,1205,"3","1","MAT3_MAP1"
"596",18,1207,"2","1","MAT2_MAP1"
"597",15,1169,"1","1","MAT1_MAP1"
"598",15.2,1301,"1","2","MAT1_MAP2"
"599",15.9,1352,"2","2","MAT2_MAP2"
"600",18.1,1193,"3","1","MAT3_MAP1"
"601",18,1210,"2","1","MAT2_MAP1"
"602",15.4,1333,"1","2","MAT1_MAP2"
"603",15.4,1065,"1","1","MAT1_MAP1"
"604",19.6,1385,"3","2","MAT3_MAP2"
"605",19.7,1385,"3","2","MAT3_MAP2"
"606",18.7,1281,"3","2","MAT3_MAP2"
"607",17.5,1208,"2","1","MAT2_MAP1"
"608",19.5,1386,"3","2","MAT3_MAP2"
"609",18,1208,"2","1","MAT2_MAP1"
"610",15.4,1339,"1","2","MAT1_MAP2"
"611",18.6,1234,"3","1","MAT3_MAP1"
"612",15.9,1019,"2","1","MAT2_MAP1"
"613",17.4,1217,"2","1","MAT2_MAP1"
"614",18.2,1220,"3","1","MAT3_MAP1"
"615",18.1,1202,"3","1","MAT3_MAP1"
"616",15.7,1072,"1","1","MAT1_MAP1"
"617",18.1,1217,"3","1","MAT3_MAP1"
"618",15.9,1348,"2","2","MAT2_MAP2"
"619",16,1027,"2","1","MAT2_MAP1"
"620",14,1370,"1","2","MAT1_MAP2"
"621",16.8,1272,"2","2","MAT2_MAP2"
"622",17,1255,"2","2","MAT2_MAP2"
"623",18.5,1214,"3","1","MAT3_MAP1"
"624",16.6,1297,"2","2","MAT2_MAP2"
"625",16.5,1305,"2","2","MAT2_MAP2"
"626",14.6,1209,"1","1","MAT1_MAP1"
"627",18.1,1211,"3","1","MAT3_MAP1"
"628",16.7,1285,"2","2","MAT2_MAP2"
"629",18.1,1213,"3","1","MAT3_MAP1"
"630",16.1,1340,"2","2","MAT2_MAP2"
"631",18.1,1207,"3","1","MAT3_MAP1"
"632",18.1,1212,"3","1","MAT3_MAP1"
"633",18.1,1204,"3","1","MAT3_MAP1"
"634",17.3,1227,"2","1","MAT2_MAP1"
"635",18.8,1340,"3","2","MAT3_MAP2"
"636",18.7,1329,"3","2","MAT3_MAP2"
"637",18.1,1198,"3","1","MAT3_MAP1"
"638",17.8,1221,"2","1","MAT2_MAP1"
"639",17.5,1213,"2","1","MAT2_MAP1"
"640",17.4,1214,"2","1","MAT2_MAP1"
"641",17.2,1229,"2","1","MAT2_MAP1"
"642",18.2,1215,"3","1","MAT3_MAP1"
"643",18.3,1222,"3","1","MAT3_MAP1"
"644",18,1222,"2","1","MAT2_MAP1"
"645",16,1068,"2","1","MAT2_MAP1"
"646",18.1,1223,"3","1","MAT3_MAP1"
"647",15.4,1362,"1","2","MAT1_MAP2"
"648",17.4,1213,"2","1","MAT2_MAP1"
"649",15.3,1035,"1","1","MAT1_MAP1"
"650",18.4,1214,"3","1","MAT3_MAP1"
"651",15.9,936,"2","1","MAT2_MAP1"
"652",18,1214,"2","1","MAT2_MAP1"
"653",15.2,1167,"1","1","MAT1_MAP1"
"654",15.9,1021,"2","1","MAT2_MAP1"
"655",16.4,1321,"2","2","MAT2_MAP2"
"656",18.9,1356,"3","2","MAT3_MAP2"
"657",19.7,1396,"3","2","MAT3_MAP2"
"658",15.2,1378,"1","2","MAT1_MAP2"
"659",15.2,1312,"1","2","MAT1_MAP2"
"660",19.2,1377,"3","2","MAT3_MAP2"
"661",19.4,1395,"3","2","MAT3_MAP2"
"662",19.6,1400,"3","2","MAT3_MAP2"
"663",18.7,1324,"3","2","MAT3_MAP2"
"664",17.2,1224,"2","1","MAT2_MAP1"
"665",18.5,1224,"3","1","MAT3_MAP1"
"666",15.4,1398,"1","2","MAT1_MAP2"
"667",18.1,1226,"3","1","MAT3_MAP1"
"668",16.7,1294,"2","2","MAT2_MAP2"
"669",18.4,1223,"3","1","MAT3_MAP1"
"670",15.8,1369,"1","2","MAT1_MAP2"
"671",14.8,1310,"1","2","MAT1_MAP2"
"672",18.3,1218,"3","1","MAT3_MAP1"
"673",17.4,1209,"2","1","MAT2_MAP1"
"674",15.2,1364,"1","2","MAT1_MAP2"
"675",17.2,1228,"2","1","MAT2_MAP1"
"676",18.2,1216,"3","1","MAT3_MAP1"
"677",16.3,1334,"2","2","MAT2_MAP2"
"678",16.8,1286,"2","2","MAT2_MAP2"
"679",16,1358,"2","2","MAT2_MAP2"
"680",18,1237,"2","1","MAT2_MAP1"
"681",19.1,1376,"3","2","MAT3_MAP2"
"682",17.9,1224,"2","1","MAT2_MAP1"
"683",17.9,1200,"2","1","MAT2_MAP1"
"684",17.5,1209,"2","1","MAT2_MAP1"
"685",17.3,1220,"2","1","MAT2_MAP1"
"686",18,1206,"2","1","MAT2_MAP1"
"687",18,1225,"2","1","MAT2_MAP1"
"688",15.9,981,"2","1","MAT2_MAP1"
"689",17.9,1226,"2","1","MAT2_MAP1"
"690",17.4,1210,"2","1","MAT2_MAP1"
"691",14.3,1353,"1","2","MAT1_MAP2"
"692",18.3,1234,"3","1","MAT3_MAP1"
"693",16.6,1303,"2","2","MAT2_MAP2"
"694",17.9,1245,"2","1","MAT2_MAP1"
"695",17.4,1206,"2","1","MAT2_MAP1"
"696",18,1242,"2","1","MAT2_MAP1"
"697",17.2,1223,"2","1","MAT2_MAP1"
"698",14.5,1358,"1","2","MAT1_MAP2"
"699",18,1230,"2","1","MAT2_MAP1"
"700",16.9,1272,"2","2","MAT2_MAP2"
"701",15.2,1374,"1","2","MAT1_MAP2"
"702",19.5,1402,"3","2","MAT3_MAP2"
"703",18.1,1215,"3","1","MAT3_MAP1"
"704",18.4,1254,"3","2","MAT3_MAP2"
"705",15.6,1035,"1","1","MAT1_MAP1"
"706",17.8,1237,"2","1","MAT2_MAP1"
"707",15.9,1108,"2","1","MAT2_MAP1"
"708",18.9,1301,"3","2","MAT3_MAP2"
"709",17.5,1204,"2","1","MAT2_MAP1"
"710",18.8,1295,"3","2","MAT3_MAP2"
"711",18.1,1222,"3","1","MAT3_MAP1"
"712",18,1239,"2","1","MAT2_MAP1"
"713",17.4,1202,"2","1","MAT2_MAP1"
"714",18.8,1293,"3","2","MAT3_MAP2"
"715",17.7,1204,"2","1","MAT2_MAP1"
"716",14.1,1379,"1","2","MAT1_MAP2"
"717",15.9,997,"2","1","MAT2_MAP1"
"718",14.4,1182,"1","1","MAT1_MAP1"
"719",15.5,1170,"1","1","MAT1_MAP1"
"720",18,1231,"2","1","MAT2_MAP1"
"721",15,1406,"1","2","MAT1_MAP2"
"722",16.8,1290,"2","2","MAT2_MAP2"
"723",15.5,1399,"1","2","MAT1_MAP2"
"724",15.2,1319,"1","2","MAT1_MAP2"
"725",19.1,1387,"3","2","MAT3_MAP2"
"726",19.4,1399,"3","2","MAT3_MAP2"
"727",15.4,1414,"1","2","MAT1_MAP2"
"728",18,1227,"2","1","MAT2_MAP1"
"729",18.1,1214,"3","1","MAT3_MAP1"
"730",17.5,1205,"2","1","MAT2_MAP1"
"731",18.8,1312,"3","2","MAT3_MAP2"
"732",15,1413,"1","2","MAT1_MAP2"
"733",18,1247,"2","1","MAT2_MAP1"
"734",17.6,1207,"2","1","MAT2_MAP1"
"735",18.3,1255,"3","2","MAT3_MAP2"
"736",18.3,1258,"3","2","MAT3_MAP2"
"737",15.2,1161,"1","1","MAT1_MAP1"
"738",15.9,1055,"2","1","MAT2_MAP1"
"739",15.3,1163,"1","1","MAT1_MAP1"
"740",15.3,1364,"1","2","MAT1_MAP2"
"741",15.9,801,"2","1","MAT2_MAP1"
"742",15.8,985,"1","1","MAT1_MAP1"
"743",18.1,1231,"3","1","MAT3_MAP1"
"744",15.8,949,"1","1","MAT1_MAP1"
"745",17.4,1196,"2","1","MAT2_MAP1"
"746",18,1240,"2","1","MAT2_MAP1"
"747",15.6,1182,"1","1","MAT1_MAP1"
"748",16.9,1279,"2","2","MAT2_MAP2"
"749",17.1,1268,"2","2","MAT2_MAP2"
"750",17.3,1229,"2","1","MAT2_MAP1"
"751",19.7,1423,"3","3","MAT3_MAP3"
"752",17.1,1256,"2","2","MAT2_MAP2"
"753",19.4,1410,"3","2","MAT3_MAP2"
"754",17.5,1189,"2","1","MAT2_MAP1"
"755",18.7,1299,"3","2","MAT3_MAP2"
"756",19,1340,"3","2","MAT3_MAP2"
"757",19,1368,"3","2","MAT3_MAP2"
"758",17.1,1274,"2","2","MAT2_MAP2"
"759",18.1,1229,"3","1","MAT3_MAP1"
"760",17.2,1243,"2","1","MAT2_MAP1"
"761",14.4,1362,"1","2","MAT1_MAP2"
"762",17.4,1190,"2","1","MAT2_MAP1"
"763",19.1,1386,"3","2","MAT3_MAP2"
"764",17.9,1266,"2","2","MAT2_MAP2"
"765",17.4,1197,"2","1","MAT2_MAP1"
"766",14.8,1446,"1","3","MAT1_MAP3"
"767",18.4,1277,"3","2","MAT3_MAP2"
"768",15.6,1221,"1","1","MAT1_MAP1"
"769",18,1236,"2","1","MAT2_MAP1"
"770",15.7,948,"1","1","MAT1_MAP1"
"771",18.1,1236,"3","1","MAT3_MAP1"
"772",16.8,1303,"2","2","MAT2_MAP2"
"773",15.7,887,"1","1","MAT1_MAP1"
"774",17.2,1252,"2","1","MAT2_MAP1"
"775",15.6,924,"1","1","MAT1_MAP1"
"776",14.5,1353,"1","2","MAT1_MAP2"
"777",19.5,1422,"3","3","MAT3_MAP3"
"778",15.9,889,"2","1","MAT2_MAP1"
"779",17,1278,"2","2","MAT2_MAP2"
"780",15.4,1109,"1","1","MAT1_MAP1"
"781",19.7,1429,"3","3","MAT3_MAP3"
"782",15.7,1017,"1","1","MAT1_MAP1"
"783",19.8,1431,"3","3","MAT3_MAP3"
"784",15.4,1429,"1","3","MAT1_MAP3"
"785",18,1228,"2","1","MAT2_MAP1"
"786",15,1431,"1","3","MAT1_MAP3"
"787",19.2,1393,"3","2","MAT3_MAP2"
"788",16.6,1320,"2","2","MAT2_MAP2"
"789",18.5,1333,"3","2","MAT3_MAP2"
"790",19.6,1426,"3","3","MAT3_MAP3"
"791",18.1,1228,"3","1","MAT3_MAP1"
"792",19.1,1390,"3","2","MAT3_MAP2"
"793",17.8,1207,"2","1","MAT2_MAP1"
"794",17.5,1181,"2","1","MAT2_MAP1"
"795",15.6,1176,"1","1","MAT1_MAP1"
"796",18.1,1242,"3","1","MAT3_MAP1"
"797",15.8,1191,"1","1","MAT1_MAP1"
"798",16.7,1313,"2","2","MAT2_MAP2"
"799",17.4,1233,"2","1","MAT2_MAP1"
"800",16.4,1338,"2","2","MAT2_MAP2"
"801",14.3,1376,"1","2","MAT1_MAP2"
"802",17.7,1205,"2","1","MAT2_MAP1"
"803",18.2,1223,"3","1","MAT3_MAP1"
"804",19.3,1411,"3","2","MAT3_MAP2"
"805",15.7,1005,"1","1","MAT1_MAP1"
"806",15.5,1103,"1","1","MAT1_MAP1"
"807",18.3,1294,"3","2","MAT3_MAP2"
"808",18.2,1225,"3","1","MAT3_MAP1"
"809",18,1246,"2","1","MAT2_MAP1"
"810",17.9,1269,"2","2","MAT2_MAP2"
"811",18,1269,"2","2","MAT2_MAP2"
"812",17.9,1260,"2","2","MAT2_MAP2"
"813",17.1,1279,"2","2","MAT2_MAP2"
"814",15.8,1009,"1","1","MAT1_MAP1"
"815",17.6,1196,"2","1","MAT2_MAP1"
"816",16.1,1365,"2","2","MAT2_MAP2"
"817",15.6,1010,"1","1","MAT1_MAP1"
"818",14.3,1492,"1","3","MAT1_MAP3"
"819",15.8,980,"1","1","MAT1_MAP1"
"820",15.7,1003,"1","1","MAT1_MAP1"
"821",14.5,1498,"1","3","MAT1_MAP3"
"822",15.4,1450,"1","3","MAT1_MAP3"
"823",17.8,1205,"2","1","MAT2_MAP1"
"824",17.5,1187,"2","1","MAT2_MAP1"
"825",17.5,1215,"2","1","MAT2_MAP1"
"826",15.6,1217,"1","1","MAT1_MAP1"
"827",17.3,1251,"2","1","MAT2_MAP1"
"828",15.2,1470,"1","3","MAT1_MAP3"
"829",18.5,1372,"3","2","MAT3_MAP2"
"830",18.1,1291,"3","2","MAT3_MAP2"
"831",17.9,1294,"2","2","MAT2_MAP2"
"832",19,1398,"3","2","MAT3_MAP2"
"833",18.2,1303,"3","2","MAT3_MAP2"
"834",18,1258,"2","2","MAT2_MAP2"
"835",19.4,1439,"3","3","MAT3_MAP3"
"836",17.6,1209,"2","1","MAT2_MAP1"
"837",17.4,1211,"2","1","MAT2_MAP1"
"838",15.2,1367,"1","2","MAT1_MAP2"
"839",15.3,1385,"1","2","MAT1_MAP2"
"840",14.6,1372,"1","2","MAT1_MAP2"
"841",16.9,1302,"2","2","MAT2_MAP2"
"842",14.9,1475,"1","3","MAT1_MAP3"
"843",15.7,1019,"1","1","MAT1_MAP1"
"844",17.4,1203,"2","1","MAT2_MAP1"
"845",16.5,1338,"2","2","MAT2_MAP2"
"846",16.2,1358,"2","2","MAT2_MAP2"
"847",14.4,1229,"1","1","MAT1_MAP1"
"848",15.7,1068,"1","1","MAT1_MAP1"
"849",18,1216,"2","1","MAT2_MAP1"
"850",18.8,1382,"3","2","MAT3_MAP2"
"851",18.5,1357,"3","2","MAT3_MAP2"
"852",15.2,1123,"1","1","MAT1_MAP1"
"853",18.2,1299,"3","2","MAT3_MAP2"
"854",18.2,1213,"3","1","MAT3_MAP1"
"855",17.9,1251,"2","1","MAT2_MAP1"
"856",15.3,1471,"1","3","MAT1_MAP3"
"857",17.9,1255,"2","2","MAT2_MAP2"
"858",17.1,1297,"2","2","MAT2_MAP2"
"859",14.6,1498,"1","3","MAT1_MAP3"
"860",18.7,1378,"3","2","MAT3_MAP2"
"861",18.2,1359,"3","2","MAT3_MAP2"
"862",15.1,1146,"1","1","MAT1_MAP1"
"863",15.7,1058,"1","1","MAT1_MAP1"
"864",15,1491,"1","3","MAT1_MAP3"
"865",15.1,1151,"1","1","MAT1_MAP1"
"866",14.5,1225,"1","1","MAT1_MAP1"
"867",15.5,1443,"1","3","MAT1_MAP3"
"868",17.7,1215,"2","1","MAT2_MAP1"
"869",15.5,1101,"1","1","MAT1_MAP1"
"870",17.9,1304,"2","2","MAT2_MAP2"
"871",18.6,1366,"3","2","MAT3_MAP2"
"872",15.2,1358,"1","2","MAT1_MAP2"
"873",17.3,1254,"2","2","MAT2_MAP2"
"874",18.2,1233,"3","1","MAT3_MAP1"
"875",18.3,1207,"3","1","MAT3_MAP1"
"876",19.2,1432,"3","3","MAT3_MAP3"
"877",18.2,1229,"3","1","MAT3_MAP1"
"878",18.1,1234,"3","1","MAT3_MAP1"
"879",17.8,1289,"2","2","MAT2_MAP2"
"880",17.9,1265,"2","2","MAT2_MAP2"
"881",17.5,1216,"2","1","MAT2_MAP1"
"882",14.8,1433,"1","3","MAT1_MAP3"
"883",15.2,1370,"1","2","MAT1_MAP2"
"884",16.7,1328,"2","2","MAT2_MAP2"
"885",17.5,1211,"2","1","MAT2_MAP1"
"886",14.7,1506,"1","3","MAT1_MAP3"
"887",17.8,1266,"2","2","MAT2_MAP2"
"888",14.8,1487,"1","3","MAT1_MAP3"
"889",15.5,1449,"1","3","MAT1_MAP3"
"890",16.5,1347,"2","2","MAT2_MAP2"
"891",17.5,1220,"2","1","MAT2_MAP1"
"892",18.4,1370,"3","2","MAT3_MAP2"
"893",17.9,1263,"2","2","MAT2_MAP2"
"894",17.4,1224,"2","1","MAT2_MAP1"
"895",15.5,1109,"1","1","MAT1_MAP1"
"896",15.1,1462,"1","3","MAT1_MAP3"
"897",17.5,1225,"2","1","MAT2_MAP1"
"898",15.6,1118,"1","1","MAT1_MAP1"
"899",15,1323,"1","2","MAT1_MAP2"
"900",15,1452,"1","3","MAT1_MAP3"
"901",18.3,1347,"3","2","MAT3_MAP2"
"902",19.1,1430,"3","3","MAT3_MAP3"
"903",17.9,1293,"2","2","MAT2_MAP2"
"904",18.2,1202,"3","1","MAT3_MAP1"
"905",15,1164,"1","1","MAT1_MAP1"
"906",15,1166,"1","1","MAT1_MAP1"
"907",15.6,1129,"1","1","MAT1_MAP1"
"908",18.8,1406,"3","2","MAT3_MAP2"
"909",17.7,1290,"2","2","MAT2_MAP2"
"910",19.3,1453,"3","3","MAT3_MAP3"
"911",17.8,1292,"2","2","MAT2_MAP2"
"912",16.6,1340,"2","2","MAT2_MAP2"
"913",16.5,1350,"2","2","MAT2_MAP2"
"914",15.5,1454,"1","3","MAT1_MAP3"
"915",19.2,1451,"3","3","MAT3_MAP3"
"916",19.3,1462,"3","3","MAT3_MAP3"
"917",19.1,1431,"3","3","MAT3_MAP3"
"918",19,1427,"3","3","MAT3_MAP3"
"919",18.9,1415,"3","2","MAT3_MAP2"
"920",18.1,1210,"3","1","MAT3_MAP1"
"921",18.8,1404,"3","2","MAT3_MAP2"
"922",17.6,1245,"2","1","MAT2_MAP1"
"923",19.1,1441,"3","3","MAT3_MAP3"
"924",18.2,1218,"3","1","MAT3_MAP1"
"925",19.1,1443,"3","3","MAT3_MAP3"
"926",19.4,1467,"3","3","MAT3_MAP3"
"927",19.3,1474,"3","3","MAT3_MAP3"
"928",13.9,1333,"1","2","MAT1_MAP2"
"929",18,1255,"2","2","MAT2_MAP2"
"930",19,1424,"3","3","MAT3_MAP3"
"931",17.8,1265,"2","2","MAT2_MAP2"
"932",15.5,1144,"1","1","MAT1_MAP1"
"933",17.8,1284,"2","2","MAT2_MAP2"
"934",15.6,1152,"1","1","MAT1_MAP1"
"935",17.1,1276,"2","2","MAT2_MAP2"
"936",17.8,1275,"2","2","MAT2_MAP2"
"937",16.3,1376,"2","2","MAT2_MAP2"
"938",17,1303,"2","2","MAT2_MAP2"
"939",17.8,1291,"2","2","MAT2_MAP2"
"940",16.5,1349,"2","2","MAT2_MAP2"
"941",15.2,1431,"1","3","MAT1_MAP3"
"942",15.5,1175,"1","1","MAT1_MAP1"
"943",16.6,1349,"2","2","MAT2_MAP2"
"944",15.2,1174,"1","1","MAT1_MAP1"
"945",13.5,1327,"1","2","MAT1_MAP2"
"946",19.4,1471,"3","3","MAT3_MAP3"
"947",15.1,1479,"1","3","MAT1_MAP3"
"948",18.1,1238,"3","1","MAT3_MAP1"
"949",16.3,1377,"2","2","MAT2_MAP2"
"950",16.7,1327,"2","2","MAT2_MAP2"
"951",17.9,1231,"2","1","MAT2_MAP1"
"952",18.4,1375,"3","2","MAT3_MAP2"
"953",18.1,1208,"3","1","MAT3_MAP1"
"954",15.3,1160,"1","1","MAT1_MAP1"
"955",17.8,1304,"2","2","MAT2_MAP2"
"956",17.4,1253,"2","2","MAT2_MAP2"
"957",17.9,1262,"2","2","MAT2_MAP2"
"958",17.7,1292,"2","2","MAT2_MAP2"
"959",16.3,1369,"2","2","MAT2_MAP2"
"960",17.9,1309,"2","2","MAT2_MAP2"
"961",17.2,1274,"2","2","MAT2_MAP2"
"962",15,1448,"1","3","MAT1_MAP3"
"963",15.2,1454,"1","3","MAT1_MAP3"
"964",16.9,1313,"2","2","MAT2_MAP2"
"965",18.9,1430,"3","3","MAT3_MAP3"
"966",16.8,1315,"2","2","MAT2_MAP2"
"967",13.5,1328,"1","2","MAT1_MAP2"
"968",15.2,1347,"1","2","MAT1_MAP2"
"969",16.5,1356,"2","2","MAT2_MAP2"
"970",15.9,1422,"2","3","MAT2_MAP3"
"971",18.9,1416,"3","2","MAT3_MAP2"
"972",15.2,1224,"1","1","MAT1_MAP1"
"973",17.8,1282,"2","2","MAT2_MAP2"
"974",18,1229,"2","1","MAT2_MAP1"
"975",14.7,1464,"1","3","MAT1_MAP3"
"976",17.3,1263,"2","2","MAT2_MAP2"
"977",16.8,1323,"2","2","MAT2_MAP2"
"978",17.9,1313,"2","2","MAT2_MAP2"
"979",16.5,1355,"2","2","MAT2_MAP2"
"980",16.6,1343,"2","2","MAT2_MAP2"
"981",16.5,1354,"2","2","MAT2_MAP2"
"982",15,1451,"1","3","MAT1_MAP3"
"983",15.4,1459,"1","3","MAT1_MAP3"
"984",19,1450,"3","3","MAT3_MAP3"
"985",19.2,1461,"3","3","MAT3_MAP3"
"986",18.7,1398,"3","2","MAT3_MAP2"
"987",18.6,1369,"3","2","MAT3_MAP2"
"988",17.8,1253,"2","2","MAT2_MAP2"
"989",18,1334,"2","2","MAT2_MAP2"
"990",18,1232,"2","1","MAT2_MAP1"
"991",16.8,1326,"2","2","MAT2_MAP2"
"992",15.1,1178,"1","1","MAT1_MAP1"
"993",17.1,1296,"2","2","MAT2_MAP2"
"994",18,1358,"2","2","MAT2_MAP2"
"995",18.7,1392,"3","2","MAT3_MAP2"
"996",15.4,1220,"1","1","MAT1_MAP1"
"997",15.4,1194,"1","1","MAT1_MAP1"
"998",19.2,1458,"3","3","MAT3_MAP3"
"999",15.3,1458,"1","3","MAT1_MAP3"
"1000",15.1,1338,"1","2","MAT1_MAP2"
"1001",17.4,1268,"2","2","MAT2_MAP2"
"1002",15.7,1442,"1","3","MAT1_MAP3"
"1003",17.7,1272,"2","2","MAT2_MAP2"
"1004",15.5,1445,"1","3","MAT1_MAP3"
"1005",17.9,1244,"2","1","MAT2_MAP1"
"1006",16.3,1384,"2","2","MAT2_MAP2"
"1007",17.9,1297,"2","2","MAT2_MAP2"
"1008",18,1270,"2","2","MAT2_MAP2"
"1009",17.1,1303,"2","2","MAT2_MAP2"
"1010",15.1,1173,"1","1","MAT1_MAP1"
"1011",16.7,1341,"2","2","MAT2_MAP2"
"1012",16.5,1364,"2","2","MAT2_MAP2"
"1013",16.8,1334,"2","2","MAT2_MAP2"
"1014",15.2,1394,"1","2","MAT1_MAP2"
"1015",17.9,1254,"2","2","MAT2_MAP2"
"1016",17.4,1275,"2","2","MAT2_MAP2"
"1017",17.3,1266,"2","2","MAT2_MAP2"
"1018",18,1300,"2","2","MAT2_MAP2"
"1019",15.6,1450,"1","3","MAT1_MAP3"
"1020",14.9,1185,"1","1","MAT1_MAP1"
"1021",15.8,1441,"1","3","MAT1_MAP3"
"1022",18,1262,"2","2","MAT2_MAP2"
"1023",15.2,1258,"1","2","MAT1_MAP2"
"1024",14.9,1186,"1","1","MAT1_MAP1"
"1025",16.8,1329,"2","2","MAT2_MAP2"
"1026",16.9,1324,"2","2","MAT2_MAP2"
"1027",17.2,1279,"2","2","MAT2_MAP2"
"1028",18.4,1396,"3","2","MAT3_MAP2"
"1029",17,1311,"2","2","MAT2_MAP2"
"1030",19,1455,"3","3","MAT3_MAP3"
"1031",17.3,1262,"2","2","MAT2_MAP2"
"1032",15.6,1248,"1","1","MAT1_MAP1"
"1033",15.6,1207,"1","1","MAT1_MAP1"
"1034",15,1441,"1","3","MAT1_MAP3"
"1035",15,1428,"1","3","MAT1_MAP3"
"1036",15.6,1224,"1","1","MAT1_MAP1"
"1037",17.4,1285,"2","2","MAT2_MAP2"
"1038",18,1357,"2","2","MAT2_MAP2"
"1039",15.6,1449,"1","3","MAT1_MAP3"
"1040",18,1311,"2","2","MAT2_MAP2"
"1041",18,1338,"2","2","MAT2_MAP2"
"1042",16.7,1346,"2","2","MAT2_MAP2"
"1043",17.2,1277,"2","2","MAT2_MAP2"
"1044",16.6,1359,"2","2","MAT2_MAP2"
"1045",18.9,1459,"3","3","MAT3_MAP3"
"1046",16.6,1367,"2","2","MAT2_MAP2"
"1047",15.6,1215,"1","1","MAT1_MAP1"
"1048",17.4,1282,"2","2","MAT2_MAP2"
"1049",15.5,1421,"1","3","MAT1_MAP3"
"1050",17.2,1275,"2","2","MAT2_MAP2"
"1051",17.6,1284,"2","2","MAT2_MAP2"
"1052",17.7,1296,"2","2","MAT2_MAP2"
"1053",18,1313,"2","2","MAT2_MAP2"
"1054",18.1,1311,"3","2","MAT3_MAP2"
"1055",18.1,1328,"3","2","MAT3_MAP2"
"1056",15.6,1444,"1","3","MAT1_MAP3"
"1057",17.1,1311,"2","2","MAT2_MAP2"
"1058",17.2,1284,"2","2","MAT2_MAP2"
"1059",16.4,1373,"2","2","MAT2_MAP2"
"1060",17.5,1294,"2","2","MAT2_MAP2"
"1061",15.4,1202,"1","1","MAT1_MAP1"
"1062",18.4,1392,"3","2","MAT3_MAP2"
"1063",16.9,1322,"2","2","MAT2_MAP2"
"1064",17.2,1276,"2","2","MAT2_MAP2"
"1065",16.7,1345,"2","2","MAT2_MAP2"
"1066",18.3,1365,"3","2","MAT3_MAP2"
"1067",16.8,1337,"2","2","MAT2_MAP2"
"1068",15.3,1378,"1","2","MAT1_MAP2"
"1069",15.6,1431,"1","3","MAT1_MAP3"
"1070",18.2,1338,"3","2","MAT3_MAP2"
"1071",15.6,1239,"1","1","MAT1_MAP1"
"1072",15.3,1427,"1","3","MAT1_MAP3"
"1073",15.7,1212,"1","1","MAT1_MAP1"
"1074",17.1,1305,"2","2","MAT2_MAP2"
"1075",15.2,1356,"1","2","MAT1_MAP2"
"1076",15.3,1305,"1","2","MAT1_MAP2"
"1077",15.6,1420,"1","3","MAT1_MAP3"
"1078",17.3,1284,"2","2","MAT2_MAP2"
"1079",15.4,1246,"1","1","MAT1_MAP1"
"1080",14.8,1259,"1","2","MAT1_MAP2"
"1081",17.3,1297,"2","2","MAT2_MAP2"
"1082",17.7,1303,"2","2","MAT2_MAP2"
"1083",18.4,1364,"3","2","MAT3_MAP2"
"1084",16.4,1377,"2","2","MAT2_MAP2"
"1085",17.2,1281,"2","2","MAT2_MAP2"
"1086",16.9,1328,"2","2","MAT2_MAP2"
"1087",18.5,1410,"3","2","MAT3_MAP2"
"1088",16.8,1333,"2","2","MAT2_MAP2"
"1089",17.2,1286,"2","2","MAT2_MAP2"
"1090",15.3,1200,"1","1","MAT1_MAP1"
"1091",14.8,1209,"1","1","MAT1_MAP1"
"1092",15.3,1386,"1","2","MAT1_MAP2"
"1093",19.2,1464,"3","3","MAT3_MAP3"
"1094",19.3,1461,"3","3","MAT3_MAP3"
"1095",15.4,1413,"1","2","MAT1_MAP2"
"1096",17.2,1287,"2","2","MAT2_MAP2"
"1097",15.7,1218,"1","1","MAT1_MAP1"
"1098",15.6,1410,"1","2","MAT1_MAP2"
"1099",15.7,1423,"1","3","MAT1_MAP3"
"1100",17.7,1307,"2","2","MAT2_MAP2"
"1101",17.8,1318,"2","2","MAT2_MAP2"
"1102",17.8,1312,"2","2","MAT2_MAP2"
"1103",16.7,1344,"2","2","MAT2_MAP2"
"1104",17.7,1319,"2","2","MAT2_MAP2"
"1105",17.7,1315,"2","2","MAT2_MAP2"
"1106",15.3,1300,"1","2","MAT1_MAP2"
"1107",15.5,1456,"1","3","MAT1_MAP3"
"1108",16.6,1352,"2","2","MAT2_MAP2"
"1109",18.2,1324,"3","2","MAT3_MAP2"
"1110",18.2,1354,"3","2","MAT3_MAP2"
"1111",18.3,1408,"3","2","MAT3_MAP2"
"1112",18.5,1363,"3","2","MAT3_MAP2"
"1113",15.2,1196,"1","1","MAT1_MAP1"
"1114",17.1,1300,"2","2","MAT2_MAP2"
"1115",18.5,1418,"3","3","MAT3_MAP3"
"1116",16.8,1336,"2","2","MAT2_MAP2"
"1117",19.2,1474,"3","3","MAT3_MAP3"
"1118",18.9,1475,"3","3","MAT3_MAP3"
"1119",17.8,1310,"2","2","MAT2_MAP2"
"1120",16.7,1342,"2","2","MAT2_MAP2"
"1121",15.7,1200,"1","1","MAT1_MAP1"
"1122",17.2,1296,"2","2","MAT2_MAP2"
"1123",15.4,1382,"1","2","MAT1_MAP2"
"1124",14.7,1424,"1","3","MAT1_MAP3"
"1125",17.2,1305,"2","2","MAT2_MAP2"
"1126",14.8,1403,"1","2","MAT1_MAP2"
"1127",15.7,1220,"1","1","MAT1_MAP1"
"1128",15.8,1405,"1","2","MAT1_MAP2"
"1129",15.9,1416,"2","2","MAT2_MAP2"
"1130",15.7,1216,"1","1","MAT1_MAP1"
"1131",15.7,1224,"1","1","MAT1_MAP1"
"1132",16.7,1338,"2","2","MAT2_MAP2"
"1133",17.6,1321,"2","2","MAT2_MAP2"
"1134",17.4,1309,"2","2","MAT2_MAP2"
"1135",18.4,1354,"3","2","MAT3_MAP2"
"1136",16.7,1339,"2","2","MAT2_MAP2"
"1137",18.5,1373,"3","2","MAT3_MAP2"
"1138",16.4,1372,"2","2","MAT2_MAP2"
"1139",19.4,1462,"3","3","MAT3_MAP3"
"1140",16.8,1320,"2","2","MAT2_MAP2"
"1141",16,1417,"2","2","MAT2_MAP2"
"1142",15.2,1197,"1","1","MAT1_MAP1"
"1143",17,1307,"2","2","MAT2_MAP2"
"1144",15.2,1188,"1","1","MAT1_MAP1"
"1145",15.2,1180,"1","1","MAT1_MAP1"
"1146",19.3,1477,"3","3","MAT3_MAP3"
"1147",16,1406,"2","2","MAT2_MAP2"
"1148",15.6,1408,"1","2","MAT1_MAP2"
"1149",17.3,1327,"2","2","MAT2_MAP2"
"1150",15.7,1232,"1","1","MAT1_MAP1"
"1151",16,1414,"2","2","MAT2_MAP2"
"1152",16.8,1322,"2","2","MAT2_MAP2"
"1153",17.3,1318,"2","2","MAT2_MAP2"
"1154",15.7,1397,"1","2","MAT1_MAP2"
"1155",17.6,1334,"2","2","MAT2_MAP2"
"1156",17.5,1324,"2","2","MAT2_MAP2"
"1157",18.5,1351,"3","2","MAT3_MAP2"
"1158",16.6,1347,"2","2","MAT2_MAP2"
"1159",18.5,1367,"3","2","MAT3_MAP2"
"1160",18.1,1331,"3","2","MAT3_MAP2"
"1161",16.4,1365,"2","2","MAT2_MAP2"
"1162",18.9,1489,"3","3","MAT3_MAP3"
"1163",19,1494,"3","3","MAT3_MAP3"
"1164",19.5,1464,"3","3","MAT3_MAP3"
"1165",16.9,1310,"2","2","MAT2_MAP2"
"1166",18.5,1365,"3","2","MAT3_MAP2"
"1167",15.6,1241,"1","1","MAT1_MAP1"
"1168",15.9,1435,"2","3","MAT2_MAP3"
"1169",17.2,1298,"2","2","MAT2_MAP2"
"1170",15.6,1416,"1","2","MAT1_MAP2"
"1171",17.5,1326,"2","2","MAT2_MAP2"
"1172",17.6,1340,"2","2","MAT2_MAP2"
"1173",18.7,1373,"3","2","MAT3_MAP2"
"1174",16.1,1414,"2","2","MAT2_MAP2"
"1175",19.1,1499,"3","3","MAT3_MAP3"
"1176",18.7,1366,"3","2","MAT3_MAP2"
"1177",17.2,1294,"2","2","MAT2_MAP2"
"1178",19,1502,"3","3","MAT3_MAP3"
"1179",16.7,1320,"2","2","MAT2_MAP2"
"1180",19.3,1496,"3","3","MAT3_MAP3"
"1181",16.2,1398,"2","2","MAT2_MAP2"
"1182",16.8,1314,"2","2","MAT2_MAP2"
"1183",16.7,1321,"2","2","MAT2_MAP2"
"1184",16.6,1339,"2","2","MAT2_MAP2"
"1185",17.5,1332,"2","2","MAT2_MAP2"
"1186",15.1,1399,"1","2","MAT1_MAP2"
"1187",17.4,1326,"2","2","MAT2_MAP2"
"1188",15.8,1263,"1","2","MAT1_MAP2"
"1189",17.3,1334,"2","2","MAT2_MAP2"
"1190",15.6,1440,"1","3","MAT1_MAP3"
"1191",15.8,1241,"1","1","MAT1_MAP1"
"1192",15.2,1187,"1","1","MAT1_MAP1"
"1193",17.7,1366,"2","2","MAT2_MAP2"
"1194",17.6,1371,"2","2","MAT2_MAP2"
"1195",15.8,1220,"1","1","MAT1_MAP1"
"1196",16.7,1323,"2","2","MAT2_MAP2"
"1197",16.6,1328,"2","2","MAT2_MAP2"
"1198",16.1,1413,"2","2","MAT2_MAP2"
"1199",19.4,1495,"3","3","MAT3_MAP3"
"1200",19.3,1507,"3","3","MAT3_MAP3"
"1201",15,1221,"1","1","MAT1_MAP1"
"1202",15.9,1426,"2","3","MAT2_MAP3"
"1203",16.5,1344,"2","2","MAT2_MAP2"
"1204",19.3,1515,"3","3","MAT3_MAP3"
"1205",16.6,1360,"2","2","MAT2_MAP2"
"1206",17.2,1292,"2","2","MAT2_MAP2"
"1207",16.7,1316,"2","2","MAT2_MAP2"
"1208",18.7,1415,"3","2","MAT3_MAP2"
"1209",16,1415,"2","2","MAT2_MAP2"
"1210",16,1267,"2","2","MAT2_MAP2"
"1211",19.1,1517,"3","3","MAT3_MAP3"
"1212",17.3,1303,"2","2","MAT2_MAP2"
"1213",15.9,1226,"2","1","MAT2_MAP1"
"1214",15.8,1402,"1","2","MAT1_MAP2"
"1215",17.4,1330,"2","2","MAT2_MAP2"
"1216",18,1378,"2","2","MAT2_MAP2"
"1217",17.8,1368,"2","2","MAT2_MAP2"
"1218",16.3,1397,"2","2","MAT2_MAP2"
"1219",16.5,1360,"2","2","MAT2_MAP2"
"1220",18.4,1373,"3","2","MAT3_MAP2"
"1221",17,1293,"2","2","MAT2_MAP2"
"1222",18.8,1440,"3","3","MAT3_MAP3"
"1223",16.6,1332,"2","2","MAT2_MAP2"
"1224",17.9,1382,"2","2","MAT2_MAP2"
"1225",17,1295,"2","2","MAT2_MAP2"
"1226",17.1,1292,"2","2","MAT2_MAP2"
"1227",16.8,1304,"2","2","MAT2_MAP2"
"1228",17.3,1298,"2","2","MAT2_MAP2"
"1229",17,1287,"2","2","MAT2_MAP2"
"1230",16.8,1313,"2","2","MAT2_MAP2"
"1231",16.6,1330,"2","2","MAT2_MAP2"
"1232",16.5,1352,"2","2","MAT2_MAP2"
"1233",16.5,1328,"2","2","MAT2_MAP2"
"1234",15.1,1215,"1","1","MAT1_MAP1"
"1235",15,1235,"1","1","MAT1_MAP1"
"1236",17.3,1305,"2","2","MAT2_MAP2"
"1237",15.8,1406,"1","2","MAT1_MAP2"
"1238",19.2,1531,"3","3","MAT3_MAP3"
"1239",16.1,1410,"2","2","MAT2_MAP2"
"1240",16.3,1396,"2","2","MAT2_MAP2"
"1241",17.1,1286,"2","2","MAT2_MAP2"
"1242",16,1419,"2","3","MAT2_MAP3"
"1243",15.4,1406,"1","2","MAT1_MAP2"
"1244",17.3,1312,"2","2","MAT2_MAP2"
"1245",17.4,1345,"2","2","MAT2_MAP2"
"1246",17.9,1387,"2","2","MAT2_MAP2"
"1247",18.2,1391,"3","2","MAT3_MAP2"
"1248",16.1,1405,"2","2","MAT2_MAP2"
"1249",16.5,1339,"2","2","MAT2_MAP2"
"1250",16.1,1269,"2","2","MAT2_MAP2"
"1251",19.4,1525,"3","3","MAT3_MAP3"
"1252",16.4,1374,"2","2","MAT2_MAP2"
"1253",18.8,1443,"3","3","MAT3_MAP3"
"1254",15.8,1211,"1","1","MAT1_MAP1"
"1255",16.6,1324,"2","2","MAT2_MAP2"
"1256",19,1401,"3","2","MAT3_MAP2"
"1257",19,1521,"3","3","MAT3_MAP3"
"1258",16.4,1350,"2","2","MAT2_MAP2"
"1259",16.8,1306,"2","2","MAT2_MAP2"
"1260",17.1,1282,"2","2","MAT2_MAP2"
"1261",17.2,1303,"2","2","MAT2_MAP2"
"1262",16.1,1371,"2","2","MAT2_MAP2"
"1263",18,1396,"2","2","MAT2_MAP2"
"1264",18.4,1397,"3","2","MAT3_MAP2"
"1265",18.3,1395,"3","2","MAT3_MAP2"
"1266",15.2,1288,"1","2","MAT1_MAP2"
"1267",15.6,1365,"1","2","MAT1_MAP2"
"1268",15.6,1206,"1","1","MAT1_MAP1"
"1269",17.3,1321,"2","2","MAT2_MAP2"
"1270",16.2,1271,"2","2","MAT2_MAP2"
"1271",17.3,1344,"2","2","MAT2_MAP2"
"1272",18.3,1405,"3","2","MAT3_MAP2"
"1273",16.5,1372,"2","2","MAT2_MAP2"
"1274",16.7,1311,"2","2","MAT2_MAP2"
"1275",16.3,1390,"2","2","MAT2_MAP2"
"1276",17,1284,"2","2","MAT2_MAP2"
"1277",16.6,1318,"2","2","MAT2_MAP2"
"1278",15.4,1379,"1","2","MAT1_MAP2"
"1279",16.6,1316,"2","2","MAT2_MAP2"
"1280",16,1237,"2","1","MAT2_MAP1"
"1281",17.1,1295,"2","2","MAT2_MAP2"
"1282",17.6,1354,"2","2","MAT2_MAP2"
"1283",16.2,1366,"2","2","MAT2_MAP2"
"1284",16.3,1363,"2","2","MAT2_MAP2"
"1285",16.2,1369,"2","2","MAT2_MAP2"
"1286",17.8,1409,"2","2","MAT2_MAP2"
"1287",17.9,1410,"2","2","MAT2_MAP2"
"1288",15.6,1211,"1","1","MAT1_MAP1"
"1289",18.3,1421,"3","3","MAT3_MAP3"
"1290",19.1,1557,"3","3","MAT3_MAP3"
"1291",18.9,1522,"3","3","MAT3_MAP3"
"1292",16.1,1311,"2","2","MAT2_MAP2"
"1293",19.2,1564,"3","3","MAT3_MAP3"
"1294",15.8,1218,"1","1","MAT1_MAP1"
"1295",15.2,1226,"1","1","MAT1_MAP1"
"1296",19.1,1568,"3","3","MAT3_MAP3"
"1297",16.3,1366,"2","2","MAT2_MAP2"
"1298",18,1415,"2","2","MAT2_MAP2"
"1299",16,1335,"2","2","MAT2_MAP2"
"1300",17.8,1394,"2","2","MAT2_MAP2"
"1301",16.2,1342,"2","2","MAT2_MAP2"
"1302",18.8,1411,"3","2","MAT3_MAP2"
"1303",16.4,1337,"2","2","MAT2_MAP2"
"1304",17.8,1413,"2","2","MAT2_MAP2"
"1305",16.2,1354,"2","2","MAT2_MAP2"
"1306",16.4,1375,"2","2","MAT2_MAP2"
"1307",16.8,1305,"2","2","MAT2_MAP2"
"1308",16.3,1389,"2","2","MAT2_MAP2"
"1309",16.2,1383,"2","2","MAT2_MAP2"
"1310",16.9,1299,"2","2","MAT2_MAP2"
"1311",16.3,1380,"2","2","MAT2_MAP2"
"1312",16.1,1226,"2","1","MAT2_MAP1"
"1313",15.4,1223,"1","1","MAT1_MAP1"
"1314",17.3,1314,"2","2","MAT2_MAP2"
"1315",17.6,1339,"2","2","MAT2_MAP2"
"1316",16.3,1373,"2","2","MAT2_MAP2"
"1317",17.4,1316,"2","2","MAT2_MAP2"
"1318",16.2,1372,"2","2","MAT2_MAP2"
"1319",17.9,1421,"2","3","MAT2_MAP3"
"1320",18.9,1492,"3","3","MAT3_MAP3"
"1321",18.9,1533,"3","3","MAT3_MAP3"
"1322",16.8,1298,"2","2","MAT2_MAP2"
"1323",16.4,1341,"2","2","MAT2_MAP2"
"1324",16.5,1329,"2","2","MAT2_MAP2"
"1325",15.7,1243,"1","1","MAT1_MAP1"
"1326",15.3,1250,"1","1","MAT1_MAP1"
"1327",17.3,1306,"2","2","MAT2_MAP2"
"1328",17.5,1330,"2","2","MAT2_MAP2"
"1329",17.7,1333,"2","2","MAT2_MAP2"
"1330",17.4,1317,"2","2","MAT2_MAP2"
"1331",18.2,1462,"3","3","MAT3_MAP3"
"1332",16.3,1367,"2","2","MAT2_MAP2"
"1333",16.3,1254,"2","2","MAT2_MAP2"
"1334",18,1450,"2","3","MAT2_MAP3"
"1335",16.3,1370,"2","2","MAT2_MAP2"
"1336",17.8,1429,"2","3","MAT2_MAP3"
"1337",18.7,1424,"3","3","MAT3_MAP3"
"1338",17.8,1387,"2","2","MAT2_MAP2"
"1339",15.7,1239,"1","1","MAT1_MAP1"
"1340",17,1291,"2","2","MAT2_MAP2"
"1341",17.6,1345,"2","2","MAT2_MAP2"
"1342",16.9,1295,"2","2","MAT2_MAP2"
"1343",16.7,1315,"2","2","MAT2_MAP2"
"1344",16.3,1345,"2","2","MAT2_MAP2"
"1345",17.6,1348,"2","2","MAT2_MAP2"
"1346",16.2,1260,"2","2","MAT2_MAP2"
"1347",16.5,1326,"2","2","MAT2_MAP2"
"1348",18.6,1437,"3","3","MAT3_MAP3"
"1349",17.8,1382,"2","2","MAT2_MAP2"
"1350",17.8,1432,"2","3","MAT2_MAP3"
"1351",17.8,1389,"2","2","MAT2_MAP2"
"1352",19.3,1558,"3","3","MAT3_MAP3"
"1353",17.6,1366,"2","2","MAT2_MAP2"
"1354",16.4,1343,"2","2","MAT2_MAP2"
"1355",17,1294,"2","2","MAT2_MAP2"
"1356",17.2,1322,"2","2","MAT2_MAP2"
"1357",16.5,1342,"2","2","MAT2_MAP2"
"1358",16.9,1301,"2","2","MAT2_MAP2"
"1359",16.5,1345,"2","2","MAT2_MAP2"
"1360",14.9,1264,"1","2","MAT1_MAP2"
"1361",15.4,1269,"1","2","MAT1_MAP2"
"1362",15.5,1268,"1","2","MAT1_MAP2"
"1363",16.3,1348,"2","2","MAT2_MAP2"
"1364",19.1,1566,"3","3","MAT3_MAP3"
"1365",17.4,1334,"2","2","MAT2_MAP2"
"1366",18.8,1423,"3","3","MAT3_MAP3"
"1367",17.7,1368,"2","2","MAT2_MAP2"
"1368",18.9,1458,"3","3","MAT3_MAP3"
"1369",18.9,1537,"3","3","MAT3_MAP3"
"1370",16.5,1334,"2","2","MAT2_MAP2"
"1371",18.9,1476,"3","3","MAT3_MAP3"
"1372",16.2,1337,"2","2","MAT2_MAP2"
"1373",18.8,1425,"3","3","MAT3_MAP3"
"1374",16.9,1306,"2","2","MAT2_MAP2"
"1375",18.9,1529,"3","3","MAT3_MAP3"
"1376",16.9,1305,"2","2","MAT2_MAP2"
"1377",18.5,1446,"3","3","MAT3_MAP3"
"1378",18.3,1466,"3","3","MAT3_MAP3"
"1379",16.2,1265,"2","2","MAT2_MAP2"
"1380",15.1,1273,"1","2","MAT1_MAP2"
"1381",16,1244,"2","1","MAT2_MAP1"
"1382",16.1,1257,"2","2","MAT2_MAP2"
"1383",15.5,1265,"1","2","MAT1_MAP2"
"1384",16.5,1340,"2","2","MAT2_MAP2"
"1385",16.4,1339,"2","2","MAT2_MAP2"
"1386",17.4,1335,"2","2","MAT2_MAP2"
"1387",18.7,1427,"3","3","MAT3_MAP3"
"1388",17.7,1353,"2","2","MAT2_MAP2"
"1389",16.3,1331,"2","2","MAT2_MAP2"
"1390",18.9,1421,"3","3","MAT3_MAP3"
"1391",18.6,1433,"3","3","MAT3_MAP3"
"1392",18.5,1441,"3","3","MAT3_MAP3"
"1393",16.6,1325,"2","2","MAT2_MAP2"
"1394",16.9,1315,"2","2","MAT2_MAP2"
"1395",16.4,1344,"2","2","MAT2_MAP2"
"1396",15.1,1274,"1","2","MAT1_MAP2"
"1397",15.6,1263,"1","2","MAT1_MAP2"
"1398",16.3,1329,"2","2","MAT2_MAP2"
"1399",16.1,1259,"2","2","MAT2_MAP2"
"1400",18,1463,"2","3","MAT2_MAP3"
"1401",16.4,1331,"2","2","MAT2_MAP2"
"1402",17.3,1326,"2","2","MAT2_MAP2"
"1403",16.3,1342,"2","2","MAT2_MAP2"
"1404",18.1,1451,"3","3","MAT3_MAP3"
"1405",18.8,1429,"3","3","MAT3_MAP3"
"1406",18.9,1435,"3","3","MAT3_MAP3"
"1407",18.4,1458,"3","3","MAT3_MAP3"
"1408",19.1,1552,"3","3","MAT3_MAP3"
"1409",17,1328,"2","2","MAT2_MAP2"
"1410",16.5,1337,"2","2","MAT2_MAP2"
"1411",16.9,1319,"2","2","MAT2_MAP2"
"1412",17.1,1329,"2","2","MAT2_MAP2"
"1413",16.6,1336,"2","2","MAT2_MAP2"
"1414",16.6,1337,"2","2","MAT2_MAP2"
"1415",16.5,1325,"2","2","MAT2_MAP2"
"1416",17.3,1335,"2","2","MAT2_MAP2"
"1417",15.3,1285,"1","2","MAT1_MAP2"
"1418",15.8,1257,"1","2","MAT1_MAP2"
"1419",15.6,1269,"1","2","MAT1_MAP2"
"1420",18.9,1549,"3","3","MAT3_MAP3"
"1421",16.2,1279,"2","2","MAT2_MAP2"
"1422",17.4,1333,"2","2","MAT2_MAP2"
"1423",19,1532,"3","3","MAT3_MAP3"
"1424",17.3,1332,"2","2","MAT2_MAP2"
"1425",16.5,1313,"2","2","MAT2_MAP2"
"1426",16.7,1319,"2","2","MAT2_MAP2"
"1427",14.7,1305,"1","2","MAT1_MAP2"
"1428",15.4,1284,"1","2","MAT1_MAP2"
"1429",16.4,1268,"2","2","MAT2_MAP2"
"1430",16.9,1326,"2","2","MAT2_MAP2"
"1431",16.7,1331,"2","2","MAT2_MAP2"
"1432",17.1,1336,"2","2","MAT2_MAP2"
"1433",16.9,1332,"2","2","MAT2_MAP2"
"1434",18,1382,"2","2","MAT2_MAP2"
"1435",18.5,1436,"3","3","MAT3_MAP3"
"1436",15.8,1267,"1","2","MAT1_MAP2"
"1437",15,1284,"1","2","MAT1_MAP2"
"1438",15.9,1259,"2","2","MAT2_MAP2"
"1439",15.3,1290,"1","2","MAT1_MAP2"
"1440",16.2,1258,"2","2","MAT2_MAP2"
"1441",18.5,1457,"3","3","MAT3_MAP3"
"1442",18.1,1447,"3","3","MAT3_MAP3"
"1443",17.3,1343,"2","2","MAT2_MAP2"
"1444",16.3,1262,"2","2","MAT2_MAP2"
"1445",18.6,1444,"3","3","MAT3_MAP3"
"1446",17.9,1377,"2","2","MAT2_MAP2"
"1447",17.4,1340,"2","2","MAT2_MAP2"
"1448",18.1,1422,"3","3","MAT3_MAP3"
"1449",18.7,1467,"3","3","MAT3_MAP3"
"1450",18.2,1451,"3","3","MAT3_MAP3"
"1451",16.6,1326,"2","2","MAT2_MAP2"
"1452",16.6,1311,"2","2","MAT2_MAP2"
"1453",17.1,1347,"2","2","MAT2_MAP2"
"1454",16,1269,"2","2","MAT2_MAP2"
"1455",18.3,1464,"3","3","MAT3_MAP3"
"1456",15.8,1264,"1","2","MAT1_MAP2"
"1457",16.1,1258,"2","2","MAT2_MAP2"
"1458",15.2,1305,"1","2","MAT1_MAP2"
"1459",16.9,1338,"2","2","MAT2_MAP2"
"1460",17.8,1327,"2","2","MAT2_MAP2"
"1461",14.9,1299,"1","2","MAT1_MAP2"
"1462",17.5,1337,"2","2","MAT2_MAP2"
"1463",17.7,1323,"2","2","MAT2_MAP2"
"1464",16.2,1262,"2","2","MAT2_MAP2"
"1465",18.5,1439,"3","3","MAT3_MAP3"
"1466",17.4,1341,"2","2","MAT2_MAP2"
"1467",19.1,1535,"3","3","MAT3_MAP3"
"1468",19.1,1545,"3","3","MAT3_MAP3"
"1469",16.9,1341,"2","2","MAT2_MAP2"
"1470",18.1,1430,"3","3","MAT3_MAP3"
"1471",15.9,1265,"2","2","MAT2_MAP2"
"1472",16.5,1285,"2","2","MAT2_MAP2"
"1473",19,1535,"3","3","MAT3_MAP3"
"1474",18.9,1509,"3","3","MAT3_MAP3"
"1475",16.9,1339,"2","2","MAT2_MAP2"
"1476",16.7,1322,"2","2","MAT2_MAP2"
"1477",16.6,1309,"2","2","MAT2_MAP2"
"1478",16.4,1267,"2","2","MAT2_MAP2"
"1479",16.6,1348,"2","2","MAT2_MAP2"
"1480",15,1303,"1","2","MAT1_MAP2"
"1481",18.1,1363,"3","2","MAT3_MAP2"
"1482",18.3,1471,"3","3","MAT3_MAP3"
"1483",18,1315,"2","2","MAT2_MAP2"
"1484",16.1,1264,"2","2","MAT2_MAP2"
"1485",17.7,1322,"2","2","MAT2_MAP2"
"1486",18.5,1443,"3","3","MAT3_MAP3"
"1487",19.1,1537,"3","3","MAT3_MAP3"
"1488",18.1,1419,"3","3","MAT3_MAP3"
"1489",18.5,1437,"3","3","MAT3_MAP3"
"1490",19.1,1529,"3","3","MAT3_MAP3"
"1491",16.6,1292,"2","2","MAT2_MAP2"
"1492",16.8,1308,"2","2","MAT2_MAP2"
"1493",16.3,1274,"2","2","MAT2_MAP2"
"1494",16.9,1348,"2","2","MAT2_MAP2"
"1495",16.7,1314,"2","2","MAT2_MAP2"
"1496",16.6,1296,"2","2","MAT2_MAP2"
"1497",16.8,1316,"2","2","MAT2_MAP2"
"1498",16.9,1350,"2","2","MAT2_MAP2"
"1499",16.9,1353,"2","2","MAT2_MAP2"
"1500",16.7,1356,"2","2","MAT2_MAP2"
"1501",14.9,1290,"1","2","MAT1_MAP2"
"1502",15.2,1303,"1","2","MAT1_MAP2"
"1503",16.7,1291,"2","2","MAT2_MAP2"
"1504",17.8,1324,"2","2","MAT2_MAP2"
"1505",16.7,1309,"2","2","MAT2_MAP2"
"1506",18.2,1433,"3","3","MAT3_MAP3"
"1507",17.6,1341,"2","2","MAT2_MAP2"
"1508",18.2,1409,"3","2","MAT3_MAP2"
"1509",19,1540,"3","3","MAT3_MAP3"
"1510",14.7,1311,"1","2","MAT1_MAP2"
"1511",15.1,1298,"1","2","MAT1_MAP2"
"1512",16.4,1261,"2","2","MAT2_MAP2"
"1513",18.6,1441,"3","3","MAT3_MAP3"
"1514",16.3,1269,"2","2","MAT2_MAP2"
"1515",16.8,1355,"2","2","MAT2_MAP2"
"1516",17.9,1312,"2","2","MAT2_MAP2"
"1517",16.9,1359,"2","2","MAT2_MAP2"
"1518",16.7,1297,"2","2","MAT2_MAP2"
"1519",16.6,1364,"2","2","MAT2_MAP2"
"1520",15,1304,"1","2","MAT1_MAP2"
"1521",17.6,1343,"2","2","MAT2_MAP2"
"1522",17.3,1359,"2","2","MAT2_MAP2"
"1523",18.1,1336,"3","2","MAT3_MAP2"
"1524",15.8,1277,"1","2","MAT1_MAP2"
"1525",15.7,1280,"1","2","MAT1_MAP2"
"1526",15.8,1279,"1","2","MAT1_MAP2"
"1527",18.2,1477,"3","3","MAT3_MAP3"
"1528",18.6,1452,"3","3","MAT3_MAP3"
"1529",16.7,1325,"2","2","MAT2_MAP2"
"1530",18,1314,"2","2","MAT2_MAP2"
"1531",18.3,1439,"3","3","MAT3_MAP3"
"1532",19.2,1532,"3","3","MAT3_MAP3"
"1533",16.7,1330,"2","2","MAT2_MAP2"
"1534",17.1,1365,"2","2","MAT2_MAP2"
"1535",17.1,1368,"2","2","MAT2_MAP2"
"1536",16.3,1258,"2","2","MAT2_MAP2"
"1537",19.2,1528,"3","3","MAT3_MAP3"
"1538",17,1368,"2","2","MAT2_MAP2"
"1539",16.8,1331,"2","2","MAT2_MAP2"
"1540",16.7,1369,"2","2","MAT2_MAP2"
"1541",16.6,1355,"2","2","MAT2_MAP2"
"1542",16.4,1253,"2","2","MAT2_MAP2"
"1543",18.6,1459,"3","3","MAT3_MAP3"
"1544",15.4,1297,"1","2","MAT1_MAP2"
"1545",19,1533,"3","3","MAT3_MAP3"
"1546",17.3,1364,"2","2","MAT2_MAP2"
"1547",16.9,1368,"2","2","MAT2_MAP2"
"1548",17.7,1334,"2","2","MAT2_MAP2"
"1549",14.9,1310,"1","2","MAT1_MAP2"
"1550",18.7,1474,"3","3","MAT3_MAP3"
"1551",18.6,1468,"3","3","MAT3_MAP3"
"1552",18.1,1337,"3","2","MAT3_MAP2"
"1553",18.2,1487,"3","3","MAT3_MAP3"
"1554",15,1316,"1","2","MAT1_MAP2"
"1555",19,1526,"3","3","MAT3_MAP3"
"1556",15.9,1276,"2","2","MAT2_MAP2"
"1557",17.1,1371,"2","2","MAT2_MAP2"
"1558",17,1373,"2","2","MAT2_MAP2"
"1559",16.9,1372,"2","2","MAT2_MAP2"
"1560",16.7,1343,"2","2","MAT2_MAP2"
"1561",18.2,1485,"3","3","MAT3_MAP3"
"1562",16.6,1368,"2","2","MAT2_MAP2"
"1563",18.6,1467,"3","3","MAT3_MAP3"
"1564",17.2,1370,"2","2","MAT2_MAP2"
"1565",18.6,1462,"3","3","MAT3_MAP3"
"1566",17.7,1339,"2","2","MAT2_MAP2"
"1567",18.6,1476,"3","3","MAT3_MAP3"
"1568",18.4,1481,"3","3","MAT3_MAP3"
"1569",18.3,1480,"3","3","MAT3_MAP3"
"1570",18.2,1384,"3","2","MAT3_MAP2"
"1571",18.2,1366,"3","2","MAT3_MAP2"
"1572",18.2,1427,"3","3","MAT3_MAP3"
"1573",15.6,1296,"1","2","MAT1_MAP2"
"1574",17.6,1351,"2","2","MAT2_MAP2"
"1575",18.5,1468,"3","3","MAT3_MAP3"
"1576",15.3,1312,"1","2","MAT1_MAP2"
"1577",14.9,1318,"1","2","MAT1_MAP2"
"1578",15.2,1313,"1","2","MAT1_MAP2"
"1579",16.2,1263,"2","2","MAT2_MAP2"
"1580",17,1380,"2","2","MAT2_MAP2"
"1581",18.6,1475,"3","3","MAT3_MAP3"
"1582",16.6,1252,"2","1","MAT2_MAP1"
"1583",16.4,1254,"2","2","MAT2_MAP2"
"1584",16.9,1282,"2","2","MAT2_MAP2"
"1585",18.6,1474,"3","3","MAT3_MAP3"
"1586",16.7,1258,"2","2","MAT2_MAP2"
"1587",14.9,1313,"1","2","MAT1_MAP2"
"1588",19.2,1526,"3","3","MAT3_MAP3"
"1589",17.2,1381,"2","2","MAT2_MAP2"
"1590",19.2,1530,"3","3","MAT3_MAP3"
"1591",17.3,1377,"2","2","MAT2_MAP2"
"1592",14.9,1316,"1","2","MAT1_MAP2"
"1593",19.1,1526,"3","3","MAT3_MAP3"
"1594",19.4,1505,"3","3","MAT3_MAP3"
"1595",19.2,1521,"3","3","MAT3_MAP3"
"1596",18.7,1485,"3","3","MAT3_MAP3"
"1597",18.4,1475,"3","3","MAT3_MAP3"
"1598",18.2,1365,"3","2","MAT3_MAP2"
"1599",18.3,1404,"3","2","MAT3_MAP2"
"1600",19.4,1502,"3","3","MAT3_MAP3"
"1601",18,1331,"2","2","MAT2_MAP2"
"1602",18.3,1394,"3","2","MAT3_MAP2"
"1603",18.3,1450,"3","3","MAT3_MAP3"
"1604",15.8,1287,"1","2","MAT1_MAP2"
"1605",16.8,1392,"2","2","MAT2_MAP2"
"1606",15.4,1311,"1","2","MAT1_MAP2"
"1607",16.9,1286,"2","2","MAT2_MAP2"
"1608",16.7,1373,"2","2","MAT2_MAP2"
"1609",16.4,1260,"2","2","MAT2_MAP2"
"1610",16.7,1337,"2","2","MAT2_MAP2"
"1611",16.8,1370,"2","2","MAT2_MAP2"
"1612",16.3,1261,"2","2","MAT2_MAP2"
"1613",17.8,1348,"2","2","MAT2_MAP2"
"1614",17,1274,"2","2","MAT2_MAP2"
"1615",16.8,1377,"2","2","MAT2_MAP2"
"1616",16.9,1318,"2","2","MAT2_MAP2"
"1617",18.1,1343,"3","2","MAT3_MAP2"
"1618",15,1312,"1","2","MAT1_MAP2"
"1619",16.1,1277,"2","2","MAT2_MAP2"
"1620",19.5,1494,"3","3","MAT3_MAP3"
"1621",18.7,1486,"3","3","MAT3_MAP3"
"1622",18.1,1345,"3","2","MAT3_MAP2"
"1623",18.4,1473,"3","3","MAT3_MAP3"
"1624",18.1,1342,"3","2","MAT3_MAP2"
"1625",18,1339,"2","2","MAT2_MAP2"
"1626",18.9,1520,"3","3","MAT3_MAP3"
"1627",18.3,1458,"3","3","MAT3_MAP3"
"1628",18.3,1403,"3","2","MAT3_MAP2"
"1629",19.3,1520,"3","3","MAT3_MAP3"
"1630",15.3,1282,"1","2","MAT1_MAP2"
"1631",15.2,1310,"1","2","MAT1_MAP2"
"1632",15.8,1298,"1","2","MAT1_MAP2"
"1633",19.2,1522,"3","3","MAT3_MAP3"
"1634",17,1275,"2","2","MAT2_MAP2"
"1635",15,1317,"1","2","MAT1_MAP2"
"1636",16.7,1368,"2","2","MAT2_MAP2"
"1637",18.4,1424,"3","3","MAT3_MAP3"
"1638",17,1263,"2","2","MAT2_MAP2"
"1639",16.8,1379,"2","2","MAT2_MAP2"
"1640",18.3,1396,"3","2","MAT3_MAP2"
"1641",17,1262,"2","2","MAT2_MAP2"
"1642",18.7,1494,"3","3","MAT3_MAP3"
"1643",16.9,1300,"2","2","MAT2_MAP2"
"1644",18.4,1408,"3","2","MAT3_MAP2"
"1645",18.4,1432,"3","3","MAT3_MAP3"
"1646",19.4,1510,"3","3","MAT3_MAP3"
"1647",18.3,1393,"3","2","MAT3_MAP2"
"1648",19.6,1493,"3","3","MAT3_MAP3"
"1649",18.1,1348,"3","2","MAT3_MAP2"
"1650",18.5,1464,"3","3","MAT3_MAP3"
"1651",18.9,1504,"3","3","MAT3_MAP3"
"1652",19.7,1495,"3","3","MAT3_MAP3"
"1653",18.4,1463,"3","3","MAT3_MAP3"
"1654",17.8,1356,"2","2","MAT2_MAP2"
"1655",16.9,1402,"2","2","MAT2_MAP2"
"1656",15.9,1291,"2","2","MAT2_MAP2"
"1657",16.7,1326,"2","2","MAT2_MAP2"
"1658",16.5,1259,"2","2","MAT2_MAP2"
"1659",15.4,1309,"1","2","MAT1_MAP2"
"1660",18.4,1448,"3","3","MAT3_MAP3"
"1661",17,1277,"2","2","MAT2_MAP2"
"1662",16.8,1317,"2","2","MAT2_MAP2"
"1663",19.1,1525,"3","3","MAT3_MAP3"
"1664",18.8,1511,"3","3","MAT3_MAP3"
"1665",19.2,1524,"3","3","MAT3_MAP3"
"1666",18.9,1517,"3","3","MAT3_MAP3"
"1667",17.6,1383,"2","2","MAT2_MAP2"
"1668",18.7,1483,"3","3","MAT3_MAP3"
"1669",18.4,1428,"3","3","MAT3_MAP3"
"1670",15.4,1280,"1","2","MAT1_MAP2"
"1671",18.5,1435,"3","3","MAT3_MAP3"
"1672",16.3,1272,"2","2","MAT2_MAP2"
"1673",16.7,1333,"2","2","MAT2_MAP2"
"1674",16.8,1319,"2","2","MAT2_MAP2"
"1675",17,1261,"2","2","MAT2_MAP2"
"1676",17.5,1387,"2","2","MAT2_MAP2"
"1677",18.5,1442,"3","3","MAT3_MAP3"
"1678",19.3,1513,"3","3","MAT3_MAP3"
"1679",19.2,1523,"3","3","MAT3_MAP3"
"1680",19.4,1511,"3","3","MAT3_MAP3"
"1681",17.8,1371,"2","2","MAT2_MAP2"
"1682",18.6,1485,"3","3","MAT3_MAP3"
"1683",18.9,1519,"3","3","MAT3_MAP3"
"1684",18,1364,"2","2","MAT2_MAP2"
"1685",17.2,1393,"2","2","MAT2_MAP2"
"1686",17.1,1398,"2","2","MAT2_MAP2"
"1687",19,1520,"3","3","MAT3_MAP3"
"1688",15.7,1281,"1","2","MAT1_MAP2"
"1689",16.9,1389,"2","2","MAT2_MAP2"
"1690",19.3,1522,"3","3","MAT3_MAP3"
"1691",16.7,1380,"2","2","MAT2_MAP2"
"1692",17,1289,"2","2","MAT2_MAP2"
"1693",16.4,1274,"2","2","MAT2_MAP2"
"1694",17.6,1386,"2","2","MAT2_MAP2"
"1695",16.7,1260,"2","2","MAT2_MAP2"
"1696",17,1260,"2","2","MAT2_MAP2"
"1697",16.3,1278,"2","2","MAT2_MAP2"
"1698",19.8,1549,"3","3","MAT3_MAP3"
"1699",15.9,1306,"2","2","MAT2_MAP2"
"1700",19.7,1543,"3","3","MAT3_MAP3"
"1701",19.4,1509,"3","3","MAT3_MAP3"
"1702",16.1,1291,"2","2","MAT2_MAP2"
"1703",18.9,1515,"3","3","MAT3_MAP3"
"1704",18.9,1524,"3","3","MAT3_MAP3"
"1705",18.8,1512,"3","3","MAT3_MAP3"
"1706",19.4,1507,"3","3","MAT3_MAP3"
"1707",18.8,1505,"3","3","MAT3_MAP3"
"1708",18.6,1480,"3","3","MAT3_MAP3"
"1709",16.8,1264,"2","2","MAT2_MAP2"
"1710",17.2,1394,"2","2","MAT2_MAP2"
"1711",16.2,1286,"2","2","MAT2_MAP2"
"1712",15.7,1296,"1","2","MAT1_MAP2"
"1713",16.3,1285,"2","2","MAT2_MAP2"
"1714",15.2,1290,"1","2","MAT1_MAP2"
"1715",15.7,1274,"1","2","MAT1_MAP2"
"1716",16.9,1317,"2","2","MAT2_MAP2"
"1717",16.7,1367,"2","2","MAT2_MAP2"
"1718",16.3,1280,"2","2","MAT2_MAP2"
"1719",17,1299,"2","2","MAT2_MAP2"
"1720",19.6,1500,"3","3","MAT3_MAP3"
"1721",19.5,1503,"3","3","MAT3_MAP3"
"1722",18.6,1483,"3","3","MAT3_MAP3"
"1723",18.6,1466,"3","3","MAT3_MAP3"
"1724",16.8,1362,"2","2","MAT2_MAP2"
"1725",19.3,1521,"3","3","MAT3_MAP3"
"1726",17.9,1376,"2","2","MAT2_MAP2"
"1727",18.2,1381,"3","2","MAT3_MAP2"
"1728",16.9,1261,"2","2","MAT2_MAP2"
"1729",19.6,1507,"3","3","MAT3_MAP3"
"1730",16.1,1298,"2","2","MAT2_MAP2"
"1731",16.9,1267,"2","2","MAT2_MAP2"
"1732",16.4,1278,"2","2","MAT2_MAP2"
"1733",15.1,1283,"1","2","MAT1_MAP2"
"1734",17,1312,"2","2","MAT2_MAP2"
"1735",19.3,1517,"3","3","MAT3_MAP3"
"1736",19.4,1514,"3","3","MAT3_MAP3"
"1737",19.1,1528,"3","3","MAT3_MAP3"
"1738",19.8,1558,"3","3","MAT3_MAP3"
"1739",19.6,1530,"3","3","MAT3_MAP3"
"1740",18.2,1389,"3","2","MAT3_MAP2"
"1741",18.5,1440,"3","3","MAT3_MAP3"
"1742",19.6,1518,"3","3","MAT3_MAP3"
"1743",18,1383,"2","2","MAT2_MAP2"
"1744",18.9,1526,"3","3","MAT3_MAP3"
"1745",18.8,1507,"3","3","MAT3_MAP3"
"1746",17.8,1383,"2","2","MAT2_MAP2"
"1747",17,1375,"2","2","MAT2_MAP2"
"1748",18.7,1487,"3","3","MAT3_MAP3"
"1749",15.7,1289,"1","2","MAT1_MAP2"
"1750",16.1,1290,"2","2","MAT2_MAP2"
"1751",16.8,1353,"2","2","MAT2_MAP2"
"1752",16.3,1283,"2","2","MAT2_MAP2"
"1753",17,1333,"2","2","MAT2_MAP2"
"1754",16.1,1294,"2","2","MAT2_MAP2"
"1755",18.7,1501,"3","3","MAT3_MAP3"
"1756",16.9,1270,"2","2","MAT2_MAP2"
"1757",19.6,1513,"3","3","MAT3_MAP3"
"1758",16.2,1287,"2","2","MAT2_MAP2"
"1759",17.4,1389,"2","2","MAT2_MAP2"
"1760",16.8,1267,"2","2","MAT2_MAP2"
"1761",16.9,1268,"2","2","MAT2_MAP2"
"1762",16.8,1265,"2","2","MAT2_MAP2"
"1763",19.8,1569,"3","3","MAT3_MAP3"
"1764",19.7,1544,"3","3","MAT3_MAP3"
"1765",19.7,1528,"3","3","MAT3_MAP3"
"1766",17.9,1390,"2","2","MAT2_MAP2"
"1767",18.1,1393,"3","2","MAT3_MAP2"
"1768",18.6,1456,"3","3","MAT3_MAP3"
"1769",18.8,1515,"3","3","MAT3_MAP3"
"1770",19.6,1512,"3","3","MAT3_MAP3"
"1771",16.9,1362,"2","2","MAT2_MAP2"
"1772",16,1289,"2","2","MAT2_MAP2"
"1773",15,1266,"1","2","MAT1_MAP2"
"1774",16.9,1351,"2","2","MAT2_MAP2"
"1775",15.5,1295,"1","2","MAT1_MAP2"
"1776",15.2,1280,"1","2","MAT1_MAP2"
"1777",16.9,1273,"2","2","MAT2_MAP2"
"1778",19.8,1575,"3","3","MAT3_MAP3"
"1779",19.2,1527,"3","3","MAT3_MAP3"
"1780",19.7,1550,"3","3","MAT3_MAP3"
"1781",18.8,1551,"3","3","MAT3_MAP3"
"1782",19.5,1509,"3","3","MAT3_MAP3"
"1783",19.5,1512,"3","3","MAT3_MAP3"
"1784",18.8,1510,"3","3","MAT3_MAP3"
"1785",19.1,1532,"3","3","MAT3_MAP3"
"1786",19.4,1512,"3","3","MAT3_MAP3"
"1787",15.5,1245,"1","1","MAT1_MAP1"
"1788",15.5,1279,"1","2","MAT1_MAP2"
"1789",19.7,1526,"3","3","MAT3_MAP3"
"1790",18.8,1519,"3","3","MAT3_MAP3"
"1791",18.7,1472,"3","3","MAT3_MAP3"
"1792",17.9,1393,"2","2","MAT2_MAP2"
"1793",17.3,1380,"2","2","MAT2_MAP2"
"1794",16.1,1286,"2","2","MAT2_MAP2"
"1795",17.4,1388,"2","2","MAT2_MAP2"
"1796",17,1286,"2","2","MAT2_MAP2"
"1797",17.1,1362,"2","2","MAT2_MAP2"
"1798",19.6,1521,"3","3","MAT3_MAP3"
"1799",17,1358,"2","2","MAT2_MAP2"
"1800",17,1283,"2","2","MAT2_MAP2"
"1801",15.3,1243,"1","1","MAT1_MAP1"
"1802",18.5,1421,"3","3","MAT3_MAP3"
"1803",18.8,1547,"3","3","MAT3_MAP3"
"1804",15.3,1277,"1","2","MAT1_MAP2"
"1805",18.6,1443,"3","3","MAT3_MAP3"
"1806",19.9,1584,"3","3","MAT3_MAP3"
"1807",19.7,1546,"3","3","MAT3_MAP3"
"1808",18.5,1568,"3","3","MAT3_MAP3"
"1809",17.1,1321,"2","2","MAT2_MAP2"
"1810",19.4,1513,"3","3","MAT3_MAP3"
"1811",19.6,1522,"3","3","MAT3_MAP3"
"1812",18.1,1396,"3","2","MAT3_MAP2"
"1813",18.8,1552,"3","3","MAT3_MAP3"
"1814",16.3,1276,"2","2","MAT2_MAP2"
"1815",18,1399,"2","2","MAT2_MAP2"
"1816",19.5,1516,"3","3","MAT3_MAP3"
"1817",15.3,1263,"1","2","MAT1_MAP2"
"1818",20,1588,"3","3","MAT3_MAP3"
"1819",17.1,1353,"2","2","MAT2_MAP2"
"1820",16.2,1278,"2","2","MAT2_MAP2"
"1821",18.8,1542,"3","3","MAT3_MAP3"
"1822",16.3,1277,"2","2","MAT2_MAP2"
"1823",15.5,1269,"1","2","MAT1_MAP2"
"1824",18.5,1574,"3","3","MAT3_MAP3"
"1825",15.9,1263,"2","2","MAT2_MAP2"
"1826",19.5,1519,"3","3","MAT3_MAP3"
"1827",18.8,1555,"3","3","MAT3_MAP3"
"1828",19.3,1519,"3","3","MAT3_MAP3"
"1829",18.6,1457,"3","3","MAT3_MAP3"
"1830",19.2,1525,"3","3","MAT3_MAP3"
"1831",18.7,1567,"3","3","MAT3_MAP3"
"1832",18.2,1406,"3","2","MAT3_MAP2"
"1833",18.3,1407,"3","2","MAT3_MAP2"
"1834",18.4,1411,"3","2","MAT3_MAP2"
"1835",17.1,1348,"2","2","MAT2_MAP2"
"1836",18.6,1572,"3","3","MAT3_MAP3"
"1837",18.2,1402,"3","2","MAT3_MAP2"
"1838",19.9,1590,"3","3","MAT3_MAP3"
"1839",17.8,1404,"2","2","MAT2_MAP2"
"1840",20,1595,"3","3","MAT3_MAP3"
"1841",17,1298,"2","2","MAT2_MAP2"
"1842",18.6,1522,"3","3","MAT3_MAP3"
"1843",18.4,1540,"3","3","MAT3_MAP3"
"1844",16,1276,"2","2","MAT2_MAP2"
"1845",19.7,1552,"3","3","MAT3_MAP3"
"1846",18.5,1575,"3","3","MAT3_MAP3"
"1847",18.7,1570,"3","3","MAT3_MAP3"
"1848",18.6,1573,"3","3","MAT3_MAP3"
"1849",19.7,1537,"3","3","MAT3_MAP3"
"1850",16.3,1270,"2","2","MAT2_MAP2"
"1851",18.6,1561,"3","3","MAT3_MAP3"
"1852",19.8,1577,"3","3","MAT3_MAP3"
"1853",20,1593,"3","3","MAT3_MAP3"
"1854",19.6,1532,"3","3","MAT3_MAP3"
"1855",19.5,1518,"3","3","MAT3_MAP3"
"1856",18.8,1531,"3","3","MAT3_MAP3"
"1857",19.9,1585,"3","3","MAT3_MAP3"
"1858",19.5,1522,"3","3","MAT3_MAP3"
"1859",19.4,1518,"3","3","MAT3_MAP3"
"1860",18.9,1559,"3","3","MAT3_MAP3"
"1861",17.1,1344,"2","2","MAT2_MAP2"
"1862",18.8,1559,"3","3","MAT3_MAP3"
"1863",18.6,1428,"3","3","MAT3_MAP3"
"1864",19.2,1537,"3","3","MAT3_MAP3"
"1865",18.3,1406,"3","2","MAT3_MAP2"
"1866",15.7,1244,"1","1","MAT1_MAP1"
"1867",18.1,1407,"3","2","MAT3_MAP2"
"1868",18.5,1517,"3","3","MAT3_MAP3"
"1869",18.6,1533,"3","3","MAT3_MAP3"
"1870",18.7,1543,"3","3","MAT3_MAP3"
"1871",18.5,1534,"3","3","MAT3_MAP3"
"1872",18.5,1580,"3","3","MAT3_MAP3"
"1873",16.3,1268,"2","2","MAT2_MAP2"
"1874",16.5,1267,"2","2","MAT2_MAP2"
"1875",16.3,1267,"2","2","MAT2_MAP2"
"1876",16.3,1266,"2","2","MAT2_MAP2"
"1877",20.1,1602,"3","3","MAT3_MAP3"
"1878",19.7,1533,"3","3","MAT3_MAP3"
"1879",18.6,1563,"3","3","MAT3_MAP3"
"1880",19.7,1547,"3","3","MAT3_MAP3"
"1881",19.5,1521,"3","3","MAT3_MAP3"
"1882",17.1,1314,"2","2","MAT2_MAP2"
"1883",19.7,1540,"3","3","MAT3_MAP3"
"1884",15.9,1256,"2","2","MAT2_MAP2"
"1885",19.5,1525,"3","3","MAT3_MAP3"
"1886",18.7,1573,"3","3","MAT3_MAP3"
"1887",19.3,1518,"3","3","MAT3_MAP3"
"1888",19.4,1517,"3","3","MAT3_MAP3"
"1889",17.5,1379,"2","2","MAT2_MAP2"
"1890",18.7,1577,"3","3","MAT3_MAP3"
"1891",18.5,1513,"3","3","MAT3_MAP3"
"1892",18.6,1532,"3","3","MAT3_MAP3"
"1893",18.5,1538,"3","3","MAT3_MAP3"
"1894",18.4,1493,"3","3","MAT3_MAP3"
"1895",18.4,1507,"3","3","MAT3_MAP3"
"1896",16.2,1264,"2","2","MAT2_MAP2"
"1897",20.1,1609,"3","3","MAT3_MAP3"
"1898",18.6,1551,"3","3","MAT3_MAP3"
"1899",18.6,1566,"3","3","MAT3_MAP3"
"1900",15.9,1262,"2","2","MAT2_MAP2"
"1901",20,1604,"3","3","MAT3_MAP3"
"1902",16.9,1303,"2","2","MAT2_MAP2"
"1903",16.1,1266,"2","2","MAT2_MAP2"
"1904",16.1,1271,"2","2","MAT2_MAP2"
"1905",18.9,1565,"3","3","MAT3_MAP3"
"1906",19.4,1522,"3","3","MAT3_MAP3"
"1907",19.5,1527,"3","3","MAT3_MAP3"
"1908",17.4,1359,"2","2","MAT2_MAP2"
"1909",18.7,1575,"3","3","MAT3_MAP3"
"1910",17.9,1416,"2","2","MAT2_MAP2"
"1911",18.1,1412,"3","2","MAT3_MAP2"
"1912",18.5,1407,"3","2","MAT3_MAP2"
"1913",18.3,1537,"3","3","MAT3_MAP3"
"1914",18.4,1542,"3","3","MAT3_MAP3"
"1915",19.8,1570,"3","3","MAT3_MAP3"
"1916",20,1586,"3","3","MAT3_MAP3"
"1917",19.8,1551,"3","3","MAT3_MAP3"
"1918",16.7,1303,"2","2","MAT2_MAP2"
"1919",16.2,1274,"2","2","MAT2_MAP2"
"1920",18.8,1568,"3","3","MAT3_MAP3"
"1921",19.6,1533,"3","3","MAT3_MAP3"
"1922",20,1596,"3","3","MAT3_MAP3"
"1923",16,1262,"2","2","MAT2_MAP2"
"1924",17.4,1360,"2","2","MAT2_MAP2"
"1925",19.7,1535,"3","3","MAT3_MAP3"
"1926",19,1556,"3","3","MAT3_MAP3"
"1927",17,1316,"2","2","MAT2_MAP2"
"1928",18.2,1410,"3","2","MAT3_MAP2"
"1929",18.1,1415,"3","2","MAT3_MAP2"
"1930",17.7,1412,"2","2","MAT2_MAP2"
"1931",18.6,1580,"3","3","MAT3_MAP3"
"1932",15.2,1210,"1","1","MAT1_MAP1"
"1933",16.1,1263,"2","2","MAT2_MAP2"
"1934",18.2,1537,"3","3","MAT3_MAP3"
"1935",17,1324,"2","2","MAT2_MAP2"
"1936",18.2,1532,"3","3","MAT3_MAP3"
"1937",18.5,1551,"3","3","MAT3_MAP3"
"1938",19.8,1554,"3","3","MAT3_MAP3"
"1939",16,1268,"2","2","MAT2_MAP2"
"1940",18.3,1505,"3","3","MAT3_MAP3"
"1941",19.8,1561,"3","3","MAT3_MAP3"
"1942",16.2,1276,"2","2","MAT2_MAP2"
"1943",18.4,1470,"3","3","MAT3_MAP3"
"1944",18.4,1543,"3","3","MAT3_MAP3"
"1945",18.6,1584,"3","3","MAT3_MAP3"
"1946",16.8,1312,"2","2","MAT2_MAP2"
"1947",19.9,1596,"3","3","MAT3_MAP3"
"1948",19.7,1530,"3","3","MAT3_MAP3"
"1949",15.2,1209,"1","1","MAT1_MAP1"
"1950",16,1255,"2","2","MAT2_MAP2"
"1951",16.4,1288,"2","2","MAT2_MAP2"
"1952",19.1,1556,"3","3","MAT3_MAP3"
"1953",16.6,1302,"2","2","MAT2_MAP2"
"1954",17.3,1347,"2","2","MAT2_MAP2"
"1955",18.8,1572,"3","3","MAT3_MAP3"
"1956",18.2,1411,"3","2","MAT3_MAP2"
"1957",15.7,1226,"1","1","MAT1_MAP1"
"1958",18.8,1579,"3","3","MAT3_MAP3"
"1959",15.3,1208,"1","1","MAT1_MAP1"
"1960",16.9,1321,"2","2","MAT2_MAP2"
"1961",18.3,1509,"3","3","MAT3_MAP3"
"1962",18.5,1540,"3","3","MAT3_MAP3"
"1963",18.4,1416,"3","2","MAT3_MAP2"
"1964",18.2,1493,"3","3","MAT3_MAP3"
"1965",18.3,1453,"3","3","MAT3_MAP3"
"1966",16,1263,"2","2","MAT2_MAP2"
"1967",20,1607,"3","3","MAT3_MAP3"
"1968",18.2,1445,"3","3","MAT3_MAP3"
"1969",19.2,1546,"3","3","MAT3_MAP3"
"1970",16.2,1282,"2","2","MAT2_MAP2"
"1971",16.1,1265,"2","2","MAT2_MAP2"
"1972",19.1,1554,"3","3","MAT3_MAP3"
"1973",16.6,1304,"2","2","MAT2_MAP2"
"1974",16.3,1293,"2","2","MAT2_MAP2"
"1975",16,1246,"2","1","MAT2_MAP1"
"1976",18.2,1412,"3","2","MAT3_MAP2"
"1977",18.4,1531,"3","3","MAT3_MAP3"
"1978",19.1,1559,"3","3","MAT3_MAP3"
"1979",17.8,1415,"2","2","MAT2_MAP2"
"1980",18.1,1444,"3","3","MAT3_MAP3"
"1981",18.1,1453,"3","3","MAT3_MAP3"
"1982",20.1,1617,"3","3","MAT3_MAP3"
"1983",18.3,1470,"3","3","MAT3_MAP3"
"1984",19.9,1581,"3","3","MAT3_MAP3"
"1985",19.3,1544,"3","3","MAT3_MAP3"
"1986",18.2,1489,"3","3","MAT3_MAP3"
"1987",16.7,1310,"2","2","MAT2_MAP2"
"1988",19.9,1591,"3","3","MAT3_MAP3"
"1989",16,1261,"2","2","MAT2_MAP2"
"1990",16.1,1272,"2","2","MAT2_MAP2"
"1991",16.4,1301,"2","2","MAT2_MAP2"
"1992",18.8,1581,"3","3","MAT3_MAP3"
"1993",16.4,1304,"2","2","MAT2_MAP2"
"1994",18.2,1416,"3","2","MAT3_MAP2"
"1995",19.3,1541,"3","3","MAT3_MAP3"
"1996",16.6,1310,"2","2","MAT2_MAP2"
"1997",18.3,1563,"3","3","MAT3_MAP3"
"1998",20.2,1633,"3","3","MAT3_MAP3"
"1999",18.4,1546,"3","3","MAT3_MAP3"
"2000",17.6,1413,"2","2","MAT2_MAP2"
"2001",20,1602,"3","3","MAT3_MAP3"
"2002",19.5,1535,"3","3","MAT3_MAP3"
"2003",18,1432,"2","3","MAT2_MAP3"
"2004",18,1462,"2","3","MAT2_MAP3"
"2005",18.2,1421,"3","3","MAT3_MAP3"
"2006",17.5,1406,"2","2","MAT2_MAP2"
"2007",20.1,1622,"3","3","MAT3_MAP3"
"2008",19.2,1565,"3","3","MAT3_MAP3"
"2009",19.1,1576,"3","3","MAT3_MAP3"
"2010",19.1,1581,"3","3","MAT3_MAP3"
"2011",18.8,1584,"3","3","MAT3_MAP3"
"2012",18,1447,"2","3","MAT2_MAP3"
"2013",16.7,1317,"2","2","MAT2_MAP2"
"2014",20,1611,"3","3","MAT3_MAP3"
"2015",16.6,1313,"2","2","MAT2_MAP2"
"2016",18.5,1587,"3","3","MAT3_MAP3"
"2017",16.5,1310,"2","2","MAT2_MAP2"
"2018",20.1,1630,"3","3","MAT3_MAP3"
"2019",17.9,1450,"2","3","MAT2_MAP3"
"2020",18.1,1470,"3","3","MAT3_MAP3"
"2021",17.5,1411,"2","2","MAT2_MAP2"
"2022",18,1433,"2","3","MAT2_MAP3"
"2023",18.2,1515,"3","3","MAT3_MAP3"
"2024",19.3,1567,"3","3","MAT3_MAP3"
"2025",16,1280,"2","2","MAT2_MAP2"
"2026",18.8,1604,"3","3","MAT3_MAP3"
"2027",19.3,1577,"3","3","MAT3_MAP3"
"2028",16.1,1270,"2","2","MAT2_MAP2"
"2029",16.9,1329,"2","2","MAT2_MAP2"
"2030",15,1203,"1","1","MAT1_MAP1"
"2031",20.2,1632,"3","3","MAT3_MAP3"
"2032",17.9,1510,"2","3","MAT2_MAP3"
"2033",18,1513,"2","3","MAT2_MAP3"
"2034",18.9,1612,"3","3","MAT3_MAP3"
"2035",19.6,1546,"3","3","MAT3_MAP3"
"2036",17.9,1402,"2","2","MAT2_MAP2"
"2037",20,1626,"3","3","MAT3_MAP3"
"2038",20.1,1631,"3","3","MAT3_MAP3"
"2039",18.1,1416,"3","2","MAT3_MAP2"
"2040",19.8,1574,"3","3","MAT3_MAP3"
"2041",19.8,1583,"3","3","MAT3_MAP3"
"2042",19.4,1569,"3","3","MAT3_MAP3"
"2043",19.4,1578,"3","3","MAT3_MAP3"
"2044",19.8,1559,"3","3","MAT3_MAP3"
"2045",16,1296,"2","2","MAT2_MAP2"
"2046",18,1464,"2","3","MAT2_MAP3"
"2047",16.2,1310,"2","2","MAT2_MAP2"
"2048",15.9,1225,"2","1","MAT2_MAP1"
"2049",16,1293,"2","2","MAT2_MAP2"
"2050",16.9,1337,"2","2","MAT2_MAP2"
"2051",17.4,1361,"2","2","MAT2_MAP2"
"2052",17.5,1383,"2","2","MAT2_MAP2"
"2053",16.2,1314,"2","2","MAT2_MAP2"
"2054",18.1,1587,"3","3","MAT3_MAP3"
"2055",18.5,1593,"3","3","MAT3_MAP3"
"2056",17.7,1407,"2","2","MAT2_MAP2"
"2057",19.8,1578,"3","3","MAT3_MAP3"
"2058",19.9,1598,"3","3","MAT3_MAP3"
"2059",18,1511,"2","3","MAT2_MAP3"
"2060",20.1,1635,"3","3","MAT3_MAP3"
"2061",18,1468,"2","3","MAT2_MAP3"
"2062",19.9,1615,"3","3","MAT3_MAP3"
"2063",17.9,1433,"2","3","MAT2_MAP3"
"2064",19.5,1571,"3","3","MAT3_MAP3"
"2065",19.3,1616,"3","3","MAT3_MAP3"
"2066",18.1,1556,"3","3","MAT3_MAP3"
"2067",18,1437,"2","3","MAT2_MAP3"
"2068",18.2,1390,"3","2","MAT3_MAP2"
"2069",18,1426,"2","3","MAT2_MAP3"
"2070",19.6,1559,"3","3","MAT3_MAP3"
"2071",19.4,1596,"3","3","MAT3_MAP3"
"2072",19.1,1630,"3","3","MAT3_MAP3"
"2073",18,1421,"2","3","MAT2_MAP3"
"2074",18.6,1622,"3","3","MAT3_MAP3"
"2075",18.5,1603,"3","3","MAT3_MAP3"
"2076",16.1,1249,"2","1","MAT2_MAP1"
"2077",17.5,1365,"2","2","MAT2_MAP2"
"2078",16.1,1315,"2","2","MAT2_MAP2"
"2079",17.5,1402,"2","2","MAT2_MAP2"
"2080",20.2,1637,"3","3","MAT3_MAP3"
"2081",18,1575,"2","3","MAT2_MAP3"
"2082",18,1568,"2","3","MAT2_MAP3"
"2083",19.5,1588,"3","3","MAT3_MAP3"
"2084",17.9,1480,"2","3","MAT2_MAP3"
"2085",20.2,1643,"3","3","MAT3_MAP3"
"2086",17.9,1430,"2","3","MAT2_MAP3"
"2087",17.9,1440,"2","3","MAT2_MAP3"
"2088",20,1615,"3","3","MAT3_MAP3"
"2089",18.9,1644,"3","3","MAT3_MAP3"
"2090",18.8,1635,"3","3","MAT3_MAP3"
"2091",19.2,1648,"3","3","MAT3_MAP3"
"2092",18,1413,"2","2","MAT2_MAP2"
"2093",17.9,1431,"2","3","MAT2_MAP3"
"2094",18,1388,"2","2","MAT2_MAP2"
"2095",18.8,1627,"3","3","MAT3_MAP3"
"2096",18.5,1605,"3","3","MAT3_MAP3"
"2097",16.1,1267,"2","2","MAT2_MAP2"
"2098",18.6,1619,"3","3","MAT3_MAP3"
"2099",16.2,1322,"2","2","MAT2_MAP2"
"2100",18,1427,"2","3","MAT2_MAP3"
"2101",17.5,1393,"2","2","MAT2_MAP2"
"2102",18,1449,"2","3","MAT2_MAP3"
"2103",16.8,1338,"2","2","MAT2_MAP2"
"2104",17.7,1397,"2","2","MAT2_MAP2"
"2105",14.8,1206,"1","1","MAT1_MAP1"
"2106",17.8,1433,"2","3","MAT2_MAP3"
"2107",18,1440,"2","3","MAT2_MAP3"
"2108",17.9,1429,"2","3","MAT2_MAP3"
"2109",18,1550,"2","3","MAT2_MAP3"
"2110",18,1407,"2","2","MAT2_MAP2"
"2111",19.2,1670,"3","3","MAT3_MAP3"
"2112",19.6,1586,"3","3","MAT3_MAP3"
"2113",18,1439,"2","3","MAT2_MAP3"
"2114",17.8,1388,"2","2","MAT2_MAP2"
"2115",18.1,1520,"3","3","MAT3_MAP3"
"2116",19.5,1609,"3","3","MAT3_MAP3"
"2117",18.1,1405,"3","2","MAT3_MAP2"
"2118",18.6,1626,"3","3","MAT3_MAP3"
"2119",15.9,1290,"2","2","MAT2_MAP2"
"2120",18.8,1663,"3","3","MAT3_MAP3"
"2121",17.5,1385,"2","2","MAT2_MAP2"
"2122",17.6,1392,"2","2","MAT2_MAP2"
"2123",18,1562,"2","3","MAT2_MAP3"
"2124",18.2,1589,"3","3","MAT3_MAP3"
"2125",14.9,1209,"1","1","MAT1_MAP1"
"2126",15.7,1221,"1","1","MAT1_MAP1"
"2127",17.6,1391,"2","2","MAT2_MAP2"
"2128",15.5,1209,"1","1","MAT1_MAP1"
"2129",17.7,1391,"2","2","MAT2_MAP2"
"2130",18.4,1619,"3","3","MAT3_MAP3"
"2131",19.7,1584,"3","3","MAT3_MAP3"
"2132",18.4,1603,"3","3","MAT3_MAP3"
"2133",17.9,1488,"2","3","MAT2_MAP3"
"2134",20.2,1635,"3","3","MAT3_MAP3"
"2135",19.7,1587,"3","3","MAT3_MAP3"
"2136",17.7,1390,"2","2","MAT2_MAP2"
"2137",17.9,1389,"2","2","MAT2_MAP2"
"2138",17.8,1391,"2","2","MAT2_MAP2"
"2139",18,1500,"2","3","MAT2_MAP3"
"2140",18.1,1521,"3","3","MAT3_MAP3"
"2141",18,1425,"2","3","MAT2_MAP3"
"2142",18,1395,"2","2","MAT2_MAP2"
"2143",14.9,1208,"1","1","MAT1_MAP1"
"2144",17.8,1393,"2","2","MAT2_MAP2"
"2145",17.9,1395,"2","2","MAT2_MAP2"
"2146",17.7,1396,"2","2","MAT2_MAP2"
"2147",16,1311,"2","2","MAT2_MAP2"
"2148",16,1286,"2","2","MAT2_MAP2"
"2149",15.8,1305,"1","2","MAT1_MAP2"
"2150",17.5,1378,"2","2","MAT2_MAP2"
"2151",17.6,1388,"2","2","MAT2_MAP2"
"2152",15.9,1280,"2","2","MAT2_MAP2"
"2153",17.7,1384,"2","2","MAT2_MAP2"
"2154",15.8,1293,"1","2","MAT1_MAP2"
"2155",14.3,1205,"1","1","MAT1_MAP1"
"2156",20.3,1608,"3","3","MAT3_MAP3"
"2157",18,1412,"2","2","MAT2_MAP2"
"2158",18.4,1594,"3","3","MAT3_MAP3"
"2159",15.9,1287,"2","2","MAT2_MAP2"
"2160",17.8,1428,"2","3","MAT2_MAP3"
"2161",19.9,1613,"3","3","MAT3_MAP3"
"2162",16,1270,"2","2","MAT2_MAP2"
"2163",18.9,1674,"3","3","MAT3_MAP3"
"2164",18.9,1690,"3","3","MAT3_MAP3"
"2165",19.5,1608,"3","3","MAT3_MAP3"
"2166",20.1,1642,"3","3","MAT3_MAP3"
"2167",19.7,1594,"3","3","MAT3_MAP3"
"2168",17.6,1390,"2","2","MAT2_MAP2"
"2169",15.8,1344,"1","2","MAT1_MAP2"
"2170",17.9,1385,"2","2","MAT2_MAP2"
"2171",15.9,1335,"2","2","MAT2_MAP2"
"2172",20.1,1640,"3","3","MAT3_MAP3"
"2173",16.1,1255,"2","2","MAT2_MAP2"
"2174",15.8,1242,"1","1","MAT1_MAP1"
"2175",18,1397,"2","2","MAT2_MAP2"
"2176",17.4,1372,"2","2","MAT2_MAP2"
"2177",16,1242,"2","1","MAT2_MAP1"
"2178",15.8,1235,"1","1","MAT1_MAP1"
"2179",17.9,1497,"2","3","MAT2_MAP3"
"2180",15.9,1341,"2","2","MAT2_MAP2"
"2181",20,1622,"3","3","MAT3_MAP3"
"2182",14.8,1212,"1","1","MAT1_MAP1"
"2183",17.8,1485,"2","3","MAT2_MAP3"
"2184",18.2,1569,"3","3","MAT3_MAP3"
"2185",19.9,1604,"3","3","MAT3_MAP3"
"2186",17.9,1445,"2","3","MAT2_MAP3"
"2187",15.9,1234,"2","1","MAT2_MAP1"
"2188",19.7,1589,"3","3","MAT3_MAP3"
"2189",16,1316,"2","2","MAT2_MAP2"
"2190",15.9,1347,"2","2","MAT2_MAP2"
"2191",19,1680,"3","3","MAT3_MAP3"
"2192",17.8,1376,"2","2","MAT2_MAP2"
"2193",17.6,1387,"2","2","MAT2_MAP2"
"2194",19.6,1600,"3","3","MAT3_MAP3"
"2195",17.8,1378,"2","2","MAT2_MAP2"
"2196",17.7,1382,"2","2","MAT2_MAP2"
"2197",17.6,1382,"2","2","MAT2_MAP2"
"2198",15.9,1349,"2","2","MAT2_MAP2"
"2199",15.5,1227,"1","1","MAT1_MAP1"
"2200",15.8,1357,"1","2","MAT1_MAP2"
"2201",18.9,1668,"3","3","MAT3_MAP3"
"2202",17.9,1412,"2","2","MAT2_MAP2"
"2203",16.7,1347,"2","2","MAT2_MAP2"
"2204",16,1347,"2","2","MAT2_MAP2"
"2205",15.2,1244,"1","1","MAT1_MAP1"
"2206",15.3,1244,"1","1","MAT1_MAP1"
"2207",19.9,1601,"3","3","MAT3_MAP3"
"2208",17.9,1503,"2","3","MAT2_MAP3"
"2209",18,1434,"2","3","MAT2_MAP3"
"2210",16,1345,"2","2","MAT2_MAP2"
"2211",19.7,1599,"3","3","MAT3_MAP3"
"2212",19.8,1587,"3","3","MAT3_MAP3"
"2213",19.1,1665,"3","3","MAT3_MAP3"
"2214",17.9,1415,"2","2","MAT2_MAP2"
"2215",15.1,1241,"1","1","MAT1_MAP1"
"2216",17.8,1384,"2","2","MAT2_MAP2"
"2217",16,1288,"2","2","MAT2_MAP2"
"2218",17.9,1360,"2","2","MAT2_MAP2"
"2219",17.8,1362,"2","2","MAT2_MAP2"
"2220",17.7,1371,"2","2","MAT2_MAP2"
"2221",17.6,1379,"2","2","MAT2_MAP2"
"2222",15.1,1246,"1","1","MAT1_MAP1"
"2223",17.8,1377,"2","2","MAT2_MAP2"
"2224",15.4,1244,"1","1","MAT1_MAP1"
"2225",15.4,1241,"1","1","MAT1_MAP1"
"2226",18.3,1580,"3","3","MAT3_MAP3"
"2227",19.3,1639,"3","3","MAT3_MAP3"
"2228",17.8,1492,"2","3","MAT2_MAP3"
"2229",15.1,1247,"1","1","MAT1_MAP1"
"2230",17.9,1513,"2","3","MAT2_MAP3"
"2231",14.8,1216,"1","1","MAT1_MAP1"
"2232",17.9,1428,"2","3","MAT2_MAP3"
"2233",19.8,1589,"3","3","MAT3_MAP3"
"2234",18,1430,"2","3","MAT2_MAP3"
"2235",19.6,1614,"3","3","MAT3_MAP3"
"2236",19.8,1588,"3","3","MAT3_MAP3"
"2237",17.9,1483,"2","3","MAT2_MAP3"
"2238",19.5,1623,"3","3","MAT3_MAP3"
"2239",19,1649,"3","3","MAT3_MAP3"
"2240",17.7,1361,"2","2","MAT2_MAP2"
"2241",17.7,1389,"2","2","MAT2_MAP2"
"2242",16,1258,"2","2","MAT2_MAP2"
"2243",17.8,1503,"2","3","MAT2_MAP3"
"2244",18.4,1564,"3","3","MAT3_MAP3"
"2245",17.9,1509,"2","3","MAT2_MAP3"
"2246",19.8,1582,"3","3","MAT3_MAP3"
"2247",17.6,1400,"2","2","MAT2_MAP2"
"2248",20.2,1623,"3","3","MAT3_MAP3"
"2249",20,1598,"3","3","MAT3_MAP3"
"2250",15.3,1246,"1","1","MAT1_MAP1"
"2251",19.9,1586,"3","3","MAT3_MAP3"
"2252",14.8,1211,"1","1","MAT1_MAP1"
"2253",18.5,1596,"3","3","MAT3_MAP3"
"2254",15,1238,"1","1","MAT1_MAP1"
"2255",15.2,1240,"1","1","MAT1_MAP1"
"2256",17.7,1355,"2","2","MAT2_MAP2"
"2257",18.7,1635,"3","3","MAT3_MAP3"
"2258",18.8,1640,"3","3","MAT3_MAP3"
"2259",17.7,1364,"2","2","MAT2_MAP2"
"2260",18.3,1561,"3","3","MAT3_MAP3"
"2261",17.8,1354,"2","2","MAT2_MAP2"
"2262",17.7,1378,"2","2","MAT2_MAP2"
"2263",20,1589,"3","3","MAT3_MAP3"
"2264",18.7,1612,"3","3","MAT3_MAP3"
"2265",17.5,1405,"2","2","MAT2_MAP2"
"2266",19.9,1580,"3","3","MAT3_MAP3"
"2267",15.8,1244,"1","1","MAT1_MAP1"
"2268",14.6,1206,"1","1","MAT1_MAP1"
"2269",18.2,1533,"3","3","MAT3_MAP3"
"2270",18.1,1527,"3","3","MAT3_MAP3"
"2271",17.4,1403,"2","2","MAT2_MAP2"
"2272",17.7,1404,"2","2","MAT2_MAP2"
"2273",18.1,1474,"3","3","MAT3_MAP3"
"2274",16,1308,"2","2","MAT2_MAP2"
"2275",19.4,1613,"3","3","MAT3_MAP3"
"2276",18.9,1638,"3","3","MAT3_MAP3"
"2277",17.8,1352,"2","2","MAT2_MAP2"
"2278",17.5,1380,"2","2","MAT2_MAP2"
"2279",14.9,1243,"1","1","MAT1_MAP1"
"2280",16,1304,"2","2","MAT2_MAP2"
"2281",17.8,1399,"2","2","MAT2_MAP2"
"2282",17.6,1403,"2","2","MAT2_MAP2"
"2283",16.1,1312,"2","2","MAT2_MAP2"
"2284",18.4,1582,"3","3","MAT3_MAP3"
"2285",15.6,1245,"1","1","MAT1_MAP1"
"2286",19,1631,"3","3","MAT3_MAP3"
"2287",20.1,1589,"3","3","MAT3_MAP3"
"2288",17.9,1458,"2","3","MAT2_MAP3"
"2289",19.4,1602,"3","3","MAT3_MAP3"
"2290",14.8,1231,"1","1","MAT1_MAP1"
"2291",17.5,1394,"2","2","MAT2_MAP2"
"2292",15,1241,"1","1","MAT1_MAP1"
"2293",19.9,1577,"3","3","MAT3_MAP3"
"2294",15.5,1250,"1","1","MAT1_MAP1"
"2295",20.1,1595,"3","3","MAT3_MAP3"
"2296",14.7,1226,"1","1","MAT1_MAP1"
"2297",18.6,1604,"3","3","MAT3_MAP3"
"2298",16.2,1351,"2","2","MAT2_MAP2"
"2299",19,1630,"3","3","MAT3_MAP3"
"2300",17.8,1334,"2","2","MAT2_MAP2"
"2301",17.8,1328,"2","2","MAT2_MAP2"
"2302",17.8,1335,"2","2","MAT2_MAP2"
"2303",17.6,1411,"2","2","MAT2_MAP2"
"2304",17.6,1368,"2","2","MAT2_MAP2"
"2305",17.7,1354,"2","2","MAT2_MAP2"
"2306",17.6,1404,"2","2","MAT2_MAP2"
"2307",20.2,1587,"3","3","MAT3_MAP3"
"2308",17.4,1393,"2","2","MAT2_MAP2"
"2309",17.1,1397,"2","2","MAT2_MAP2"
"2310",14.7,1223,"1","1","MAT1_MAP1"
"2311",16.9,1382,"2","2","MAT2_MAP2"
"2312",19.4,1597,"3","3","MAT3_MAP3"
"2313",18,1522,"2","3","MAT2_MAP3"
"2314",16.4,1362,"2","2","MAT2_MAP2"
"2315",15.3,1248,"1","1","MAT1_MAP1"
"2316",14.8,1246,"1","1","MAT1_MAP1"
"2317",19.5,1589,"3","3","MAT3_MAP3"
"2318",20,1564,"3","3","MAT3_MAP3"
"2319",18.3,1552,"3","3","MAT3_MAP3"
"2320",16.8,1374,"2","2","MAT2_MAP2"
"2321",17.9,1399,"2","2","MAT2_MAP2"
"2322",18.9,1630,"3","3","MAT3_MAP3"
"2323",18,1536,"2","3","MAT2_MAP3"
"2324",17.9,1425,"2","3","MAT2_MAP3"
"2325",19.1,1616,"3","3","MAT3_MAP3"
"2326",15.3,1247,"1","1","MAT1_MAP1"
"2327",17.5,1403,"2","2","MAT2_MAP2"
"2328",17.7,1316,"2","2","MAT2_MAP2"
"2329",17.7,1363,"2","2","MAT2_MAP2"
"2330",17.8,1317,"2","2","MAT2_MAP2"
"2331",17.6,1375,"2","2","MAT2_MAP2"
"2332",17.5,1412,"2","2","MAT2_MAP2"
"2333",17.5,1389,"2","2","MAT2_MAP2"
"2334",17.4,1417,"2","2","MAT2_MAP2"
"2335",17,1397,"2","2","MAT2_MAP2"
"2336",16.9,1387,"2","2","MAT2_MAP2"
"2337",18.6,1570,"3","3","MAT3_MAP3"
"2338",18.1,1485,"3","3","MAT3_MAP3"
"2339",19.3,1597,"3","3","MAT3_MAP3"
"2340",18,1475,"2","3","MAT2_MAP3"
"2341",16.7,1385,"2","2","MAT2_MAP2"
"2342",19.4,1589,"3","3","MAT3_MAP3"
"2343",18,1517,"2","3","MAT2_MAP3"
"2344",18.9,1632,"3","3","MAT3_MAP3"
"2345",14.8,1243,"1","1","MAT1_MAP1"
"2346",18.8,1626,"3","3","MAT3_MAP3"
"2347",17.5,1408,"2","2","MAT2_MAP2"
"2348",19,1619,"3","3","MAT3_MAP3"
"2349",18.7,1622,"3","3","MAT3_MAP3"
"2350",18.8,1632,"3","3","MAT3_MAP3"
"2351",18,1381,"2","2","MAT2_MAP2"
"2352",17.6,1337,"2","2","MAT2_MAP2"
"2353",17.8,1351,"2","2","MAT2_MAP2"
"2354",17.3,1420,"2","3","MAT2_MAP3"
"2355",17.7,1314,"2","2","MAT2_MAP2"
"2356",17.3,1419,"2","3","MAT2_MAP3"
"2357",17.3,1387,"2","2","MAT2_MAP2"
"2358",18.5,1555,"3","3","MAT3_MAP3"
"2359",18.5,1564,"3","3","MAT3_MAP3"
"2360",18.2,1544,"3","3","MAT3_MAP3"
"2361",18,1466,"2","3","MAT2_MAP3"
"2362",17.1,1402,"2","2","MAT2_MAP2"
"2363",18,1487,"2","3","MAT2_MAP3"
"2364",18.1,1498,"3","3","MAT3_MAP3"
"2365",18.9,1624,"3","3","MAT3_MAP3"
"2366",18.2,1514,"3","3","MAT3_MAP3"
"2367",18.1,1495,"3","3","MAT3_MAP3"
"2368",18.7,1634,"3","3","MAT3_MAP3"
"2369",16.7,1382,"2","2","MAT2_MAP2"
"2370",14.6,1231,"1","1","MAT1_MAP1"
"2371",17.9,1367,"2","2","MAT2_MAP2"
"2372",17.3,1415,"2","2","MAT2_MAP2"
"2373",17.6,1359,"2","2","MAT2_MAP2"
"2374",17.7,1329,"2","2","MAT2_MAP2"
"2375",18.9,1619,"3","3","MAT3_MAP3"
"2376",17.3,1410,"2","2","MAT2_MAP2"
"2377",18.9,1598,"3","3","MAT3_MAP3"
"2378",18.1,1526,"3","3","MAT3_MAP3"
"2379",16,1364,"2","2","MAT2_MAP2"
"2380",17.4,1383,"2","2","MAT2_MAP2"
"2381",16,1352,"2","2","MAT2_MAP2"
"2382",17.3,1398,"2","2","MAT2_MAP2"
"2383",18.1,1436,"3","3","MAT3_MAP3"
"2384",18.2,1503,"3","3","MAT3_MAP3"
"2385",17.3,1402,"2","2","MAT2_MAP2"
"2386",17.2,1412,"2","2","MAT2_MAP2"
"2387",18.9,1616,"3","3","MAT3_MAP3"
"2388",17.1,1422,"2","3","MAT2_MAP3"
"2389",17.9,1342,"2","2","MAT2_MAP2"
"2390",17.8,1359,"2","2","MAT2_MAP2"
"2391",17.2,1405,"2","2","MAT2_MAP2"
"2392",17.4,1394,"2","2","MAT2_MAP2"
"2393",17.5,1373,"2","2","MAT2_MAP2"
"2394",18.2,1495,"3","3","MAT3_MAP3"
"2395",17.2,1389,"2","2","MAT2_MAP2"
"2396",17.1,1415,"2","2","MAT2_MAP2"
"2397",18.7,1600,"3","3","MAT3_MAP3"
"2398",17.4,1379,"2","2","MAT2_MAP2"
"2399",16.1,1314,"2","2","MAT2_MAP2"
"2400",18.1,1487,"3","3","MAT3_MAP3"
"2401",17.5,1372,"2","2","MAT2_MAP2"
"2402",17.1,1409,"2","2","MAT2_MAP2"
"2403",16.8,1390,"2","2","MAT2_MAP2"
"2404",18.3,1535,"3","3","MAT3_MAP3"
"2405",16,1362,"2","2","MAT2_MAP2"
"2406",18.5,1567,"3","3","MAT3_MAP3"
"2407",16.1,1332,"2","2","MAT2_MAP2"
"2408",16.1,1301,"2","2","MAT2_MAP2"
"2409",17.1,1414,"2","2","MAT2_MAP2"
"2410",17.1,1421,"2","3","MAT2_MAP3"
"2411",18.6,1581,"3","3","MAT3_MAP3"
"2412",17.8,1434,"2","3","MAT2_MAP3"
"2413",18.1,1483,"3","3","MAT3_MAP3"
"2414",20.3,1578,"3","3","MAT3_MAP3"
"2415",16.1,1382,"2","2","MAT2_MAP2"
"2416",17.9,1457,"2","3","MAT2_MAP3"
"2417",16,1353,"2","2","MAT2_MAP2"
"2418",18.5,1579,"3","3","MAT3_MAP3"
"2419",16.9,1398,"2","2","MAT2_MAP2"
"2420",15.9,1373,"2","2","MAT2_MAP2"
"2421",17.1,1416,"2","2","MAT2_MAP2"
"2422",17.1,1388,"2","2","MAT2_MAP2"
"2423",17,1417,"2","2","MAT2_MAP2"
"2424",17.8,1392,"2","2","MAT2_MAP2"
"2425",17.6,1363,"2","2","MAT2_MAP2"
"2426",17,1423,"2","3","MAT2_MAP3"
"2427",17.7,1394,"2","2","MAT2_MAP2"
"2428",17.1,1393,"2","2","MAT2_MAP2"
"2429",17.8,1454,"2","3","MAT2_MAP3"
"2430",17.7,1356,"2","2","MAT2_MAP2"
"2431",17.7,1443,"2","3","MAT2_MAP3"
"2432",17.3,1389,"2","2","MAT2_MAP2"
"2433",16.2,1392,"2","2","MAT2_MAP2"
"2434",16.7,1408,"2","2","MAT2_MAP2"
"2435",15.9,1282,"2","2","MAT2_MAP2"
"2436",17,1399,"2","2","MAT2_MAP2"
"2437",16.6,1413,"2","2","MAT2_MAP2"
"2438",17.1,1391,"2","2","MAT2_MAP2"
"2439",16.1,1389,"2","2","MAT2_MAP2"
"2440",15.8,1282,"1","2","MAT1_MAP2"
"2441",16,1382,"2","2","MAT2_MAP2"
"2442",17.1,1405,"2","2","MAT2_MAP2"
"2443",16.5,1410,"2","2","MAT2_MAP2"
"2444",17,1420,"2","3","MAT2_MAP3"
"2445",17,1415,"2","2","MAT2_MAP2"
"2446",16.9,1403,"2","2","MAT2_MAP2"
"2447",17,1413,"2","2","MAT2_MAP2"
"2448",17.6,1364,"2","2","MAT2_MAP2"
"2449",15.8,1285,"1","2","MAT1_MAP2"
"2450",17.3,1395,"2","2","MAT2_MAP2"
"2451",17.3,1392,"2","2","MAT2_MAP2"
"2452",17.6,1446,"2","3","MAT2_MAP3"
"2453",16,1349,"2","2","MAT2_MAP2"
"2454",16.9,1424,"2","3","MAT2_MAP3"
"2455",19.3,1548,"3","3","MAT3_MAP3"
"2456",15.9,1363,"2","2","MAT2_MAP2"
"2457",16.8,1431,"2","3","MAT2_MAP3"
"2458",15.9,1274,"2","2","MAT2_MAP2"
"2459",18.8,1642,"3","3","MAT3_MAP3"
"2460",15.9,1375,"2","2","MAT2_MAP2"
"2461",18.5,1525,"3","3","MAT3_MAP3"
"2462",16.6,1411,"2","2","MAT2_MAP2"
"2463",16.9,1423,"2","3","MAT2_MAP3"
"2464",19.1,1580,"3","3","MAT3_MAP3"
"2465",15.9,1345,"2","2","MAT2_MAP2"
"2466",16.7,1420,"2","3","MAT2_MAP3"
"2467",16.8,1417,"2","2","MAT2_MAP2"
"2468",17,1403,"2","2","MAT2_MAP2"
"2469",16.9,1427,"2","3","MAT2_MAP3"
"2470",16.1,1396,"2","2","MAT2_MAP2"
"2471",17.4,1385,"2","2","MAT2_MAP2"
"2472",16.3,1386,"2","2","MAT2_MAP2"
"2473",16.5,1404,"2","2","MAT2_MAP2"
"2474",17.7,1459,"2","3","MAT2_MAP3"
"2475",16,1392,"2","2","MAT2_MAP2"
"2476",17,1416,"2","2","MAT2_MAP2"
"2477",16.8,1434,"2","3","MAT2_MAP3"
"2478",17.7,1421,"2","3","MAT2_MAP3"
"2479",20.2,1567,"3","3","MAT3_MAP3"
"2480",17.7,1413,"2","2","MAT2_MAP2"
"2481",18,1519,"2","3","MAT2_MAP3"
"2482",17.6,1459,"2","3","MAT2_MAP3"
"2483",16.4,1403,"2","2","MAT2_MAP2"
"2484",19.5,1531,"3","3","MAT3_MAP3"
"2485",16,1309,"2","2","MAT2_MAP2"
"2486",15.7,1287,"1","2","MAT1_MAP2"
"2487",19.4,1536,"3","3","MAT3_MAP3"
"2488",19.3,1560,"3","3","MAT3_MAP3"
"2489",17.2,1400,"2","2","MAT2_MAP2"
"2490",16,1285,"2","2","MAT2_MAP2"
"2491",17.7,1386,"2","2","MAT2_MAP2"
"2492",15.6,1291,"1","2","MAT1_MAP2"
"2493",16,1393,"2","2","MAT2_MAP2"
"2494",16.7,1441,"2","3","MAT2_MAP3"
"2495",15.8,1363,"1","2","MAT1_MAP2"
"2496",16.9,1432,"2","3","MAT2_MAP3"
"2497",16.9,1431,"2","3","MAT2_MAP3"
"2498",16,1338,"2","2","MAT2_MAP2"
"2499",16.6,1416,"2","2","MAT2_MAP2"
"2500",16.2,1389,"2","2","MAT2_MAP2"
"2501",16.8,1432,"2","3","MAT2_MAP3"
"2502",16.5,1412,"2","2","MAT2_MAP2"
"2503",16.2,1395,"2","2","MAT2_MAP2"
"2504",19.2,1558,"3","3","MAT3_MAP3"
"2505",16.3,1392,"2","2","MAT2_MAP2"
"2506",16.3,1404,"2","2","MAT2_MAP2"
"2507",16.5,1407,"2","2","MAT2_MAP2"
"2508",16.6,1426,"2","3","MAT2_MAP3"
"2509",17.6,1460,"2","3","MAT2_MAP3"
"2510",16.7,1416,"2","2","MAT2_MAP2"
"2511",16.9,1425,"2","3","MAT2_MAP3"
"2512",17.7,1409,"2","2","MAT2_MAP2"
"2513",16.9,1426,"2","3","MAT2_MAP3"
"2514",17.9,1532,"2","3","MAT2_MAP3"
"2515",16.7,1412,"2","2","MAT2_MAP2"
"2516",16.3,1410,"2","2","MAT2_MAP2"
"2517",16.8,1435,"2","3","MAT2_MAP3"
"2518",16.2,1396,"2","2","MAT2_MAP2"
"2519",16.6,1420,"2","3","MAT2_MAP3"
"2520",19,1610,"3","3","MAT3_MAP3"
"2521",15.8,1349,"1","2","MAT1_MAP2"
"2522",16,1403,"2","2","MAT2_MAP2"
"2523",15.9,1332,"2","2","MAT2_MAP2"
"2524",16.7,1435,"2","3","MAT2_MAP3"
"2525",16.9,1434,"2","3","MAT2_MAP3"
"2526",16.7,1428,"2","3","MAT2_MAP3"
"2527",16.9,1430,"2","3","MAT2_MAP3"
"2528",16.8,1442,"2","3","MAT2_MAP3"
"2529",15.9,1385,"2","2","MAT2_MAP2"
"2530",16.5,1423,"2","3","MAT2_MAP3"
"2531",17.9,1528,"2","3","MAT2_MAP3"
"2532",17.6,1420,"2","3","MAT2_MAP3"
"2533",16.6,1412,"2","2","MAT2_MAP2"
"2534",16.4,1424,"2","3","MAT2_MAP3"
"2535",15.7,1279,"1","2","MAT1_MAP2"
"2536",17.5,1445,"2","3","MAT2_MAP3"
"2537",16.3,1420,"2","3","MAT2_MAP3"
"2538",17.9,1522,"2","3","MAT2_MAP3"
"2539",17.6,1408,"2","2","MAT2_MAP2"
"2540",17.5,1398,"2","2","MAT2_MAP2"
"2541",17.6,1479,"2","3","MAT2_MAP3"
"2542",19.1,1585,"3","3","MAT3_MAP3"
"2543",19,1606,"3","3","MAT3_MAP3"
"2544",15.6,1301,"1","2","MAT1_MAP2"
"2545",16.1,1409,"2","2","MAT2_MAP2"
"2546",15.8,1397,"1","2","MAT1_MAP2"
"2547",15.7,1346,"1","2","MAT1_MAP2"
"2548",15.8,1380,"1","2","MAT1_MAP2"
"2549",15.5,1298,"1","2","MAT1_MAP2"
"2550",15.7,1361,"1","2","MAT1_MAP2"
"2551",16.7,1445,"2","3","MAT2_MAP3"
"2552",16.9,1437,"2","3","MAT2_MAP3"
"2553",16.6,1438,"2","3","MAT2_MAP3"
"2554",16,1391,"2","2","MAT2_MAP2"
"2555",16.8,1443,"2","3","MAT2_MAP3"
"2556",19.1,1575,"3","3","MAT3_MAP3"
"2557",16.5,1437,"2","3","MAT2_MAP3"
"2558",15.9,1329,"2","2","MAT2_MAP2"
"2559",16.9,1441,"2","3","MAT2_MAP3"
"2560",16.8,1444,"2","3","MAT2_MAP3"
"2561",16.5,1422,"2","3","MAT2_MAP3"
"2562",17.3,1404,"2","2","MAT2_MAP2"
"2563",16.3,1411,"2","2","MAT2_MAP2"
"2564",19.1,1587,"3","3","MAT3_MAP3"
"2565",17.6,1416,"2","2","MAT2_MAP2"
"2566",15.8,1342,"1","2","MAT1_MAP2"
"2567",17.5,1409,"2","2","MAT2_MAP2"
"2568",15.6,1286,"1","2","MAT1_MAP2"
"2569",16,1408,"2","2","MAT2_MAP2"
"2570",18.9,1570,"3","3","MAT3_MAP3"
"2571",17.7,1519,"2","3","MAT2_MAP3"
"2572",19.1,1591,"3","3","MAT3_MAP3"
"2573",18.8,1565,"3","3","MAT3_MAP3"
"2574",19,1581,"3","3","MAT3_MAP3"
"2575",15.6,1307,"1","2","MAT1_MAP2"
"2576",15.7,1385,"1","2","MAT1_MAP2"
"2577",16.7,1450,"2","3","MAT2_MAP3"
"2578",16.6,1448,"2","3","MAT2_MAP3"
"2579",19,1591,"3","3","MAT3_MAP3"
"2580",19,1594,"3","3","MAT3_MAP3"
"2581",17,1428,"2","3","MAT2_MAP3"
"2582",16.5,1446,"2","3","MAT2_MAP3"
"2583",15.7,1343,"1","2","MAT1_MAP2"
"2584",16.3,1422,"2","3","MAT2_MAP3"
"2585",15.9,1400,"2","2","MAT2_MAP2"
"2586",17.3,1409,"2","2","MAT2_MAP2"
"2587",17.6,1436,"2","3","MAT2_MAP3"
"2588",16.4,1430,"2","3","MAT2_MAP3"
"2589",17.5,1454,"2","3","MAT2_MAP3"
"2590",16.5,1420,"2","3","MAT2_MAP3"
"2591",17.9,1517,"2","3","MAT2_MAP3"
"2592",17.7,1518,"2","3","MAT2_MAP3"
"2593",19.1,1590,"3","3","MAT3_MAP3"
"2594",19,1583,"3","3","MAT3_MAP3"
"2595",17.7,1510,"2","3","MAT2_MAP3"
"2596",16.1,1420,"2","3","MAT2_MAP3"
"2597",19,1576,"3","3","MAT3_MAP3"
"2598",18.5,1558,"3","3","MAT3_MAP3"
"2599",18.7,1569,"3","3","MAT3_MAP3"
"2600",18.6,1568,"3","3","MAT3_MAP3"
"2601",19,1579,"3","3","MAT3_MAP3"
"2602",19.3,1550,"3","3","MAT3_MAP3"
"2603",15.9,1313,"2","2","MAT2_MAP2"
"2604",15.6,1314,"1","2","MAT1_MAP2"
"2605",16,1413,"2","2","MAT2_MAP2"
"2606",16,1410,"2","2","MAT2_MAP2"
"2607",16,1421,"2","3","MAT2_MAP3"
"2608",16.6,1446,"2","3","MAT2_MAP3"
"2609",17.7,1486,"2","3","MAT2_MAP3"
"2610",15.8,1398,"1","2","MAT1_MAP2"
"2611",16.2,1415,"2","2","MAT2_MAP2"
"2612",15.8,1314,"1","2","MAT1_MAP2"
"2613",16.5,1428,"2","3","MAT2_MAP3"
"2614",18.2,1552,"3","3","MAT3_MAP3"
"2615",15.9,1398,"2","2","MAT2_MAP2"
"2616",16.3,1412,"2","2","MAT2_MAP2"
"2617",16.4,1433,"2","3","MAT2_MAP3"
"2618",17.2,1418,"2","3","MAT2_MAP3"
"2619",17.1,1423,"2","3","MAT2_MAP3"
"2620",16.2,1433,"2","3","MAT2_MAP3"
"2621",19.4,1540,"3","3","MAT3_MAP3"
"2622",17.6,1500,"2","3","MAT2_MAP3"
"2623",17.8,1525,"2","3","MAT2_MAP3"
"2624",17.7,1496,"2","3","MAT2_MAP3"
"2625",16.3,1448,"2","3","MAT2_MAP3"
"2626",17.8,1497,"2","3","MAT2_MAP3"
"2627",18.3,1562,"3","3","MAT3_MAP3"
"2628",16.4,1449,"2","3","MAT2_MAP3"
"2629",15.5,1296,"1","2","MAT1_MAP2"
"2630",19.3,1549,"3","3","MAT3_MAP3"
"2631",15.8,1324,"1","2","MAT1_MAP2"
"2632",15.7,1324,"1","2","MAT1_MAP2"
"2633",15.6,1315,"1","2","MAT1_MAP2"
"2634",19.2,1562,"3","3","MAT3_MAP3"
"2635",15.6,1382,"1","2","MAT1_MAP2"
"2636",15.5,1395,"1","2","MAT1_MAP2"
"2637",15.6,1352,"1","2","MAT1_MAP2"
"2638",15.7,1345,"1","2","MAT1_MAP2"
"2639",16.3,1425,"2","3","MAT2_MAP3"
"2640",16.2,1448,"2","3","MAT2_MAP3"
"2641",16.1,1426,"2","3","MAT2_MAP3"
"2642",16.2,1440,"2","3","MAT2_MAP3"
"2643",15.9,1413,"2","2","MAT2_MAP2"
"2644",19.4,1543,"3","3","MAT3_MAP3"
"2645",15.6,1377,"1","2","MAT1_MAP2"
"2646",17.1,1430,"2","3","MAT2_MAP3"
"2647",17.2,1422,"2","3","MAT2_MAP3"
"2648",17,1433,"2","3","MAT2_MAP3"
"2649",19.5,1536,"3","3","MAT3_MAP3"
"2650",15.8,1318,"1","2","MAT1_MAP2"
"2651",18.1,1518,"3","3","MAT3_MAP3"
"2652",15.2,1259,"1","2","MAT1_MAP2"
"2653",18.4,1560,"3","3","MAT3_MAP3"
"2654",15.4,1287,"1","2","MAT1_MAP2"
"2655",18.9,1590,"3","3","MAT3_MAP3"
"2656",15.4,1307,"1","2","MAT1_MAP2"
"2657",15.7,1330,"1","2","MAT1_MAP2"
"2658",19.4,1550,"3","3","MAT3_MAP3"
"2659",15.7,1328,"1","2","MAT1_MAP2"
"2660",15.8,1404,"1","2","MAT1_MAP2"
"2661",18.7,1579,"3","3","MAT3_MAP3"
"2662",15.7,1400,"1","2","MAT1_MAP2"
"2663",17.5,1485,"2","3","MAT2_MAP3"
"2664",16.7,1455,"2","3","MAT2_MAP3"
"2665",15.7,1322,"1","2","MAT1_MAP2"
"2666",15.9,1411,"2","2","MAT2_MAP2"
"2667",17,1440,"2","3","MAT2_MAP3"
"2668",16.2,1435,"2","3","MAT2_MAP3"
"2669",18.1,1500,"3","3","MAT3_MAP3"
"2670",17.6,1485,"2","3","MAT2_MAP3"
"2671",17.3,1455,"2","3","MAT2_MAP3"
"2672",17.8,1480,"2","3","MAT2_MAP3"
"2673",18.6,1575,"3","3","MAT3_MAP3"
"2674",18.7,1585,"3","3","MAT3_MAP3"
"2675",15.1,1265,"1","2","MAT1_MAP2"
"2676",19.3,1564,"3","3","MAT3_MAP3"
"2677",19,1588,"3","3","MAT3_MAP3"
"2678",15.7,1326,"1","2","MAT1_MAP2"
"2679",15.4,1312,"1","2","MAT1_MAP2"
"2680",19.1,1588,"3","3","MAT3_MAP3"
"2681",15.6,1354,"1","2","MAT1_MAP2"
"2682",15.7,1354,"1","2","MAT1_MAP2"
"2683",15.8,1326,"1","2","MAT1_MAP2"
"2684",15.5,1413,"1","2","MAT1_MAP2"
"2685",17,1444,"2","3","MAT2_MAP3"
"2686",15.7,1319,"1","2","MAT1_MAP2"
"2687",16.7,1446,"2","3","MAT2_MAP3"
"2688",15.6,1364,"1","2","MAT1_MAP2"
"2689",17.2,1430,"2","3","MAT2_MAP3"
"2690",16.5,1444,"2","3","MAT2_MAP3"
"2691",17.4,1464,"2","3","MAT2_MAP3"
"2692",17.1,1434,"2","3","MAT2_MAP3"
"2693",16.3,1438,"2","3","MAT2_MAP3"
"2694",16.5,1433,"2","3","MAT2_MAP3"
"2695",15.5,1385,"1","2","MAT1_MAP2"
"2696",15.5,1398,"1","2","MAT1_MAP2"
"2697",16.2,1445,"2","3","MAT2_MAP3"
"2698",16.5,1424,"2","3","MAT2_MAP3"
"2699",17.3,1439,"2","3","MAT2_MAP3"
"2700",18,1509,"2","3","MAT2_MAP3"
"2701",18.7,1583,"3","3","MAT3_MAP3"
"2702",18.4,1562,"3","3","MAT3_MAP3"
"2703",19.2,1589,"3","3","MAT3_MAP3"
"2704",16.4,1434,"2","3","MAT2_MAP3"
"2705",15.1,1308,"1","2","MAT1_MAP2"
"2706",18.9,1591,"3","3","MAT3_MAP3"
"2707",15.5,1371,"1","2","MAT1_MAP2"
"2708",16.9,1447,"2","3","MAT2_MAP3"
"2709",15.6,1350,"1","2","MAT1_MAP2"
"2710",15.6,1322,"1","2","MAT1_MAP2"
"2711",15.8,1403,"1","2","MAT1_MAP2"
"2712",15.5,1312,"1","2","MAT1_MAP2"
"2713",16.6,1451,"2","3","MAT2_MAP3"
"2714",16.4,1439,"2","3","MAT2_MAP3"
"2715",16.5,1434,"2","3","MAT2_MAP3"
"2716",15.6,1358,"1","2","MAT1_MAP2"
"2717",16.4,1431,"2","3","MAT2_MAP3"
"2718",16.8,1449,"2","3","MAT2_MAP3"
"2719",16.4,1440,"2","3","MAT2_MAP3"
"2720",16.5,1435,"2","3","MAT2_MAP3"
"2721",16.4,1432,"2","3","MAT2_MAP3"
"2722",16.1,1449,"2","3","MAT2_MAP3"
"2723",15.5,1374,"1","2","MAT1_MAP2"
"2724",15.5,1394,"1","2","MAT1_MAP2"
"2725",15.1,1314,"1","2","MAT1_MAP2"
"2726",18,1506,"2","3","MAT2_MAP3"
"2727",18.7,1589,"3","3","MAT3_MAP3"
"2728",17.4,1470,"2","3","MAT2_MAP3"
"2729",15.4,1317,"1","2","MAT1_MAP2"
"2730",14.7,1259,"1","2","MAT1_MAP2"
"2731",19.3,1579,"3","3","MAT3_MAP3"
"2732",15.2,1325,"1","2","MAT1_MAP2"
"2733",15.5,1345,"1","2","MAT1_MAP2"
"2734",15.5,1346,"1","2","MAT1_MAP2"
"2735",15.6,1330,"1","2","MAT1_MAP2"
"2736",15.5,1354,"1","2","MAT1_MAP2"
"2737",15.6,1345,"1","2","MAT1_MAP2"
"2738",15.5,1373,"1","2","MAT1_MAP2"
"2739",15.5,1392,"1","2","MAT1_MAP2"
"2740",15.6,1326,"1","2","MAT1_MAP2"
"2741",15.6,1328,"1","2","MAT1_MAP2"
"2742",15.8,1436,"1","3","MAT1_MAP3"
"2743",16.2,1434,"2","3","MAT2_MAP3"
"2744",16.8,1452,"2","3","MAT2_MAP3"
"2745",17.9,1507,"2","3","MAT2_MAP3"
"2746",18.5,1561,"3","3","MAT3_MAP3"
"2747",17.2,1446,"2","3","MAT2_MAP3"
"2748",15.4,1399,"1","2","MAT1_MAP2"
"2749",16.6,1445,"2","3","MAT2_MAP3"
"2750",18.8,1598,"3","3","MAT3_MAP3"
"2751",15.4,1319,"1","2","MAT1_MAP2"
"2752",19.2,1608,"3","3","MAT3_MAP3"
"2753",18.8,1586,"3","3","MAT3_MAP3"
"2754",15.6,1338,"1","2","MAT1_MAP2"
"2755",15.2,1318,"1","2","MAT1_MAP2"
"2756",16.9,1442,"2","3","MAT2_MAP3"
"2757",15.4,1402,"1","2","MAT1_MAP2"
"2758",15.9,1417,"2","2","MAT2_MAP2"
"2759",17,1439,"2","3","MAT2_MAP3"
"2760",16.6,1419,"2","3","MAT2_MAP3"
"2761",16.1,1447,"2","3","MAT2_MAP3"
"2762",16.9,1444,"2","3","MAT2_MAP3"
"2763",16.5,1427,"2","3","MAT2_MAP3"
"2764",15.4,1381,"1","2","MAT1_MAP2"
"2765",15.8,1421,"1","3","MAT1_MAP3"
"2766",15.5,1358,"1","2","MAT1_MAP2"
"2767",15.8,1445,"1","3","MAT1_MAP3"
"2768",15.8,1452,"1","3","MAT1_MAP3"
"2769",17.1,1429,"2","3","MAT2_MAP3"
"2770",16.6,1414,"2","2","MAT2_MAP2"
"2771",16.7,1437,"2","3","MAT2_MAP3"
"2772",16.3,1450,"2","3","MAT2_MAP3"
"2773",17.2,1437,"2","3","MAT2_MAP3"
"2774",15.5,1350,"1","2","MAT1_MAP2"
"2775",15.9,1455,"2","3","MAT2_MAP3"
"2776",17.2,1451,"2","3","MAT2_MAP3"
"2777",15.8,1454,"1","3","MAT1_MAP3"
"2778",18.1,1484,"3","3","MAT3_MAP3"
"2779",16,1449,"2","3","MAT2_MAP3"
"2780",18.9,1592,"3","3","MAT3_MAP3"
"2781",17.7,1475,"2","3","MAT2_MAP3"
"2782",18.5,1526,"3","3","MAT3_MAP3"
"2783",18.6,1583,"3","3","MAT3_MAP3"
"2784",17.2,1456,"2","3","MAT2_MAP3"
"2785",19.1,1619,"3","3","MAT3_MAP3"
"2786",14.9,1284,"1","2","MAT1_MAP2"
"2787",15.5,1323,"1","2","MAT1_MAP2"
"2788",15.5,1324,"1","2","MAT1_MAP2"
"2789",15.5,1361,"1","2","MAT1_MAP2"
"2790",14.5,1298,"1","2","MAT1_MAP2"
"2791",14.7,1300,"1","2","MAT1_MAP2"
"2792",15.5,1335,"1","2","MAT1_MAP2"
"2793",15.6,1356,"1","2","MAT1_MAP2"
"2794",15.4,1359,"1","2","MAT1_MAP2"
"2795",18,1491,"2","3","MAT2_MAP3"
"2796",16.5,1440,"2","3","MAT2_MAP3"
"2797",17,1448,"2","3","MAT2_MAP3"
"2798",15.5,1408,"1","2","MAT1_MAP2"
"2799",16.9,1438,"2","3","MAT2_MAP3"
"2800",15.5,1383,"1","2","MAT1_MAP2"
"2801",15.6,1429,"1","3","MAT1_MAP3"
"2802",15.9,1457,"2","3","MAT2_MAP3"
"2803",18.8,1596,"3","3","MAT3_MAP3"
"2804",15.2,1295,"1","2","MAT1_MAP2"
"2805",18.9,1601,"3","3","MAT3_MAP3"
"2806",14.4,1299,"1","2","MAT1_MAP2"
"2807",14.4,1302,"1","2","MAT1_MAP2"
"2808",16.8,1439,"2","3","MAT2_MAP3"
"2809",16.6,1436,"2","3","MAT2_MAP3"
"2810",18,1478,"2","3","MAT2_MAP3"
"2811",16.8,1447,"2","3","MAT2_MAP3"
"2812",15.9,1465,"2","3","MAT2_MAP3"
"2813",15.7,1441,"1","3","MAT1_MAP3"
"2814",16,1456,"2","3","MAT2_MAP3"
"2815",17.1,1443,"2","3","MAT2_MAP3"
"2816",16.2,1449,"2","3","MAT2_MAP3"
"2817",15.4,1352,"1","2","MAT1_MAP2"
"2818",16.1,1448,"2","3","MAT2_MAP3"
"2819",15.5,1339,"1","2","MAT1_MAP2"
"2820",16,1447,"2","3","MAT2_MAP3"
"2821",16.3,1444,"2","3","MAT2_MAP3"
"2822",17.2,1457,"2","3","MAT2_MAP3"
"2823",17.4,1462,"2","3","MAT2_MAP3"
"2824",15.4,1428,"1","3","MAT1_MAP3"
"2825",18.5,1516,"3","3","MAT3_MAP3"
"2826",16.5,1426,"2","3","MAT2_MAP3"
"2827",16.7,1449,"2","3","MAT2_MAP3"
"2828",18.9,1626,"3","3","MAT3_MAP3"
"2829",19,1624,"3","3","MAT3_MAP3"
"2830",15.3,1370,"1","2","MAT1_MAP2"
"2831",14.4,1296,"1","2","MAT1_MAP2"
"2832",14.3,1297,"1","2","MAT1_MAP2"
"2833",16.8,1438,"2","3","MAT2_MAP3"
"2834",14.4,1295,"1","2","MAT1_MAP2"
"2835",18.6,1534,"3","3","MAT3_MAP3"
"2836",15.4,1325,"1","2","MAT1_MAP2"
"2837",15.4,1419,"1","3","MAT1_MAP3"
"2838",16.7,1432,"2","3","MAT2_MAP3"
"2839",16.2,1446,"2","3","MAT2_MAP3"
"2840",15.8,1423,"1","3","MAT1_MAP3"
"2841",17,1435,"2","3","MAT2_MAP3"
"2842",17,1438,"2","3","MAT2_MAP3"
"2843",16.5,1429,"2","3","MAT2_MAP3"
"2844",16,1463,"2","3","MAT2_MAP3"
"2845",15.9,1461,"2","3","MAT2_MAP3"
"2846",17.7,1478,"2","3","MAT2_MAP3"
"2847",15.2,1360,"1","2","MAT1_MAP2"
"2848",15.5,1377,"1","2","MAT1_MAP2"
"2849",19,1620,"3","3","MAT3_MAP3"
"2850",17.5,1471,"2","3","MAT2_MAP3"
"2851",15.4,1433,"1","3","MAT1_MAP3"
"2852",17.1,1447,"2","3","MAT2_MAP3"
"2853",15.4,1323,"1","2","MAT1_MAP2"
"2854",16.7,1440,"2","3","MAT2_MAP3"
"2855",16.6,1442,"2","3","MAT2_MAP3"
"2856",16.7,1436,"2","3","MAT2_MAP3"
"2857",15.5,1431,"1","3","MAT1_MAP3"
"2858",15.5,1322,"1","2","MAT1_MAP2"
"2859",15.3,1380,"1","2","MAT1_MAP2"
"2860",17,1454,"2","3","MAT2_MAP3"
"2861",15.3,1395,"1","2","MAT1_MAP2"
"2862",18.2,1497,"3","3","MAT3_MAP3"
"2863",15.4,1422,"1","3","MAT1_MAP3"
"2864",17,1456,"2","3","MAT2_MAP3"
"2865",17.1,1445,"2","3","MAT2_MAP3"
"2866",15.8,1430,"1","3","MAT1_MAP3"
"2867",15.4,1363,"1","2","MAT1_MAP2"
"2868",15.6,1439,"1","3","MAT1_MAP3"
"2869",16,1446,"2","3","MAT2_MAP3"
"2870",17.4,1466,"2","3","MAT2_MAP3"
"2871",18.5,1578,"3","3","MAT3_MAP3"
"2872",15.9,1446,"2","3","MAT2_MAP3"
"2873",18.4,1573,"3","3","MAT3_MAP3"
"2874",19,1640,"3","3","MAT3_MAP3"
"2875",19.4,1632,"3","3","MAT3_MAP3"
"2876",15.4,1337,"1","2","MAT1_MAP2"
"2877",15.3,1321,"1","2","MAT1_MAP2"
"2878",18.2,1482,"3","3","MAT3_MAP3"
"2879",15.3,1431,"1","3","MAT1_MAP3"
"2880",16.5,1430,"2","3","MAT2_MAP3"
"2881",16.9,1440,"2","3","MAT2_MAP3"
"2882",15,1324,"1","2","MAT1_MAP2"
"2883",15.3,1358,"1","2","MAT1_MAP2"
"2884",15.2,1353,"1","2","MAT1_MAP2"
"2885",17.7,1474,"2","3","MAT2_MAP3"
"2886",15.2,1382,"1","2","MAT1_MAP2"
"2887",17.5,1470,"2","3","MAT2_MAP3"
"2888",15.3,1415,"1","2","MAT1_MAP2"
"2889",19.7,1596,"3","3","MAT3_MAP3"
"2890",15.7,1447,"1","3","MAT1_MAP3"
"2891",18.4,1521,"3","3","MAT3_MAP3"
"2892",18.6,1587,"3","3","MAT3_MAP3"
"2893",19.5,1633,"3","3","MAT3_MAP3"
"2894",16.7,1430,"2","3","MAT2_MAP3"
"2895",18.3,1550,"3","3","MAT3_MAP3"
"2896",18.7,1628,"3","3","MAT3_MAP3"
"2897",15.4,1336,"1","2","MAT1_MAP2"
"2898",15.3,1356,"1","2","MAT1_MAP2"
"2899",16.7,1424,"2","3","MAT2_MAP3"
"2900",15.3,1326,"1","2","MAT1_MAP2"
"2901",15.3,1345,"1","2","MAT1_MAP2"
"2902",17,1446,"2","3","MAT2_MAP3"
"2903",14.5,1314,"1","2","MAT1_MAP2"
"2904",18.1,1517,"3","3","MAT3_MAP3"
"2905",14.6,1323,"1","2","MAT1_MAP2"
"2906",15.3,1329,"1","2","MAT1_MAP2"
"2907",18.1,1475,"3","3","MAT3_MAP3"
"2908",15.1,1321,"1","2","MAT1_MAP2"
"2909",15.4,1424,"1","3","MAT1_MAP3"
"2910",17,1443,"2","3","MAT2_MAP3"
"2911",15.2,1410,"1","2","MAT1_MAP2"
"2912",16.2,1444,"2","3","MAT2_MAP3"
"2913",17.8,1462,"2","3","MAT2_MAP3"
"2914",17.3,1440,"2","3","MAT2_MAP3"
"2915",17,1450,"2","3","MAT2_MAP3"
"2916",18.9,1627,"3","3","MAT3_MAP3"
"2917",19,1651,"3","3","MAT3_MAP3"
"2918",17.9,1467,"2","3","MAT2_MAP3"
"2919",18.1,1473,"3","3","MAT3_MAP3"
"2920",17.3,1445,"2","3","MAT2_MAP3"
"2921",16.6,1430,"2","3","MAT2_MAP3"
"2922",15.2,1418,"1","3","MAT1_MAP3"
"2923",15.3,1343,"1","2","MAT1_MAP2"
"2924",18.2,1542,"3","3","MAT3_MAP3"
"2925",18.2,1499,"3","3","MAT3_MAP3"
"2926",16.9,1428,"2","3","MAT2_MAP3"
"2927",14.5,1320,"1","2","MAT1_MAP2"
"2928",14.9,1326,"1","2","MAT1_MAP2"
"2929",17.9,1468,"2","3","MAT2_MAP3"
"2930",15.2,1388,"1","2","MAT1_MAP2"
"2931",15.4,1332,"1","2","MAT1_MAP2"
"2932",15.4,1368,"1","2","MAT1_MAP2"
"2933",17.2,1435,"2","3","MAT2_MAP3"
"2934",15.4,1328,"1","2","MAT1_MAP2"
"2935",15.4,1344,"1","2","MAT1_MAP2"
"2936",15.4,1434,"1","3","MAT1_MAP3"
"2937",16.4,1427,"2","3","MAT2_MAP3"
"2938",17.7,1472,"2","3","MAT2_MAP3"
"2939",15,1330,"1","2","MAT1_MAP2"
"2940",18.7,1603,"3","3","MAT3_MAP3"
"2941",16.9,1446,"2","3","MAT2_MAP3"
"2942",15.4,1330,"1","2","MAT1_MAP2"
"2943",15.4,1431,"1","3","MAT1_MAP3"
"2944",15.3,1360,"1","2","MAT1_MAP2"
"2945",15.5,1440,"1","3","MAT1_MAP3"
"2946",18.5,1554,"3","3","MAT3_MAP3"
"2947",18.5,1595,"3","3","MAT3_MAP3"
"2948",16.7,1419,"2","3","MAT2_MAP3"
"2949",16.8,1414,"2","2","MAT2_MAP2"
"2950",16,1442,"2","3","MAT2_MAP3"
"2951",15.2,1419,"1","3","MAT1_MAP3"
"2952",16.9,1433,"2","3","MAT2_MAP3"
"2953",16.8,1427,"2","3","MAT2_MAP3"
"2954",15.3,1365,"1","2","MAT1_MAP2"
"2955",17.1,1440,"2","3","MAT2_MAP3"
"2956",18,1465,"2","3","MAT2_MAP3"
"2957",15.2,1403,"1","2","MAT1_MAP2"
"2958",15.2,1409,"1","2","MAT1_MAP2"
"2959",16,1432,"2","3","MAT2_MAP3"
"2960",15.3,1339,"1","2","MAT1_MAP2"
"2961",16.1,1443,"2","3","MAT2_MAP3"
"2962",17.2,1429,"2","3","MAT2_MAP3"
"2963",18.4,1555,"3","3","MAT3_MAP3"
"2964",16.4,1429,"2","3","MAT2_MAP3"
"2965",15.2,1342,"1","2","MAT1_MAP2"
"2966",15.1,1385,"1","2","MAT1_MAP2"
"2967",17.4,1449,"2","3","MAT2_MAP3"
"2968",15.2,1339,"1","2","MAT1_MAP2"
"2969",16.8,1416,"2","2","MAT2_MAP2"
"2970",18.3,1577,"3","3","MAT3_MAP3"
"2971",16.9,1420,"2","3","MAT2_MAP3"
"2972",16.9,1422,"2","3","MAT2_MAP3"
"2973",17.8,1468,"2","3","MAT2_MAP3"
"2974",15.2,1373,"1","2","MAT1_MAP2"
"2975",15.1,1350,"1","2","MAT1_MAP2"
"2976",17.5,1433,"2","3","MAT2_MAP3"
"2977",17.6,1473,"2","3","MAT2_MAP3"
"2978",15.1,1345,"1","2","MAT1_MAP2"
"2979",15.2,1349,"1","2","MAT1_MAP2"
"2980",15.4,1389,"1","2","MAT1_MAP2"
"2981",15.3,1336,"1","2","MAT1_MAP2"
"2982",15.3,1353,"1","2","MAT1_MAP2"
"2983",15.2,1329,"1","2","MAT1_MAP2"
"2984",15.7,1435,"1","3","MAT1_MAP3"
"2985",14.5,1339,"1","2","MAT1_MAP2"
"2986",15.2,1335,"1","2","MAT1_MAP2"
"2987",16.2,1438,"2","3","MAT2_MAP3"
"2988",18.3,1603,"3","3","MAT3_MAP3"
"2989",15.3,1373,"1","2","MAT1_MAP2"
"2990",17.6,1445,"2","3","MAT2_MAP3"
"2991",18.1,1532,"3","3","MAT3_MAP3"
"2992",16.4,1425,"2","3","MAT2_MAP3"
"2993",14.7,1335,"1","2","MAT1_MAP2"
"2994",16.7,1406,"2","2","MAT2_MAP2"
"2995",14.5,1332,"1","2","MAT1_MAP2"
"2996",15.3,1403,"1","2","MAT1_MAP2"
"2997",16.8,1408,"2","2","MAT2_MAP2"
"2998",16.7,1409,"2","2","MAT2_MAP2"
"2999",14.6,1340,"1","2","MAT1_MAP2"
"3000",16.8,1424,"2","3","MAT2_MAP3"
"3001",16.9,1408,"2","2","MAT2_MAP2"
"3002",15.1,1354,"1","2","MAT1_MAP2"
"3003",17.8,1478,"2","3","MAT2_MAP3"
"3004",17.5,1479,"2","3","MAT2_MAP3"
"3005",17.4,1426,"2","3","MAT2_MAP3"
"3006",15.4,1439,"1","3","MAT1_MAP3"
"3007",16.4,1423,"2","3","MAT2_MAP3"
"3008",14.3,1335,"1","2","MAT1_MAP2"
"3009",14.5,1348,"1","2","MAT1_MAP2"
"3010",15.2,1330,"1","2","MAT1_MAP2"
"3011",17.6,1437,"2","3","MAT2_MAP3"
"3012",15.4,1430,"1","3","MAT1_MAP3"
"3013",15.4,1369,"1","2","MAT1_MAP2"
"3014",15.4,1421,"1","3","MAT1_MAP3"
"3015",14.5,1352,"1","2","MAT1_MAP2"
"3016",19.1,1635,"3","3","MAT3_MAP3"
"3017",15.1,1355,"1","2","MAT1_MAP2"
"3018",15.2,1345,"1","2","MAT1_MAP2"
"3019",15.1,1351,"1","2","MAT1_MAP2"
"3020",14.7,1338,"1","2","MAT1_MAP2"
"3021",15.3,1388,"1","2","MAT1_MAP2"
"3022",16.1,1430,"2","3","MAT2_MAP3"
"3023",16.7,1425,"2","3","MAT2_MAP3"
"3024",16.2,1419,"2","3","MAT2_MAP3"
"3025",18.5,1614,"3","3","MAT3_MAP3"
"3026",15.1,1363,"1","2","MAT1_MAP2"
"3027",15.1,1341,"1","2","MAT1_MAP2"
"3028",16.8,1404,"2","2","MAT2_MAP2"
"3029",16.2,1411,"2","2","MAT2_MAP2"
"3030",15,1337,"1","2","MAT1_MAP2"
"3031",15.4,1386,"1","2","MAT1_MAP2"
"3032",15.4,1410,"1","2","MAT1_MAP2"
"3033",19.6,1624,"3","3","MAT3_MAP3"
"3034",15,1365,"1","2","MAT1_MAP2"
"3035",15.3,1396,"1","2","MAT1_MAP2"
"3036",15.5,1400,"1","2","MAT1_MAP2"
"3037",17,1434,"2","3","MAT2_MAP3"
"3038",16.9,1435,"2","3","MAT2_MAP3"
"3039",14.4,1352,"1","2","MAT1_MAP2"
"3040",19.2,1645,"3","3","MAT3_MAP3"
"3041",16.4,1397,"2","2","MAT2_MAP2"
"3042",17.8,1530,"2","3","MAT2_MAP3"
"3043",19.2,1643,"3","3","MAT3_MAP3"
"3044",18,1552,"2","3","MAT2_MAP3"
"3045",15,1376,"1","2","MAT1_MAP2"
"3046",14.8,1349,"1","2","MAT1_MAP2"
"3047",18.7,1627,"3","3","MAT3_MAP3"
"3048",15.7,1445,"1","3","MAT1_MAP3"
"3049",14.3,1352,"1","2","MAT1_MAP2"
"3050",14.4,1350,"1","2","MAT1_MAP2"
"3051",16.9,1404,"2","2","MAT2_MAP2"
"3052",15.6,1407,"1","2","MAT1_MAP2"
"3053",15.1,1346,"1","2","MAT1_MAP2"
"3054",16.8,1407,"2","2","MAT2_MAP2"
"3055",17.2,1428,"2","3","MAT2_MAP3"
"3056",17.7,1485,"2","3","MAT2_MAP3"
"3057",17.3,1425,"2","3","MAT2_MAP3"
"3058",19,1637,"3","3","MAT3_MAP3"
"3059",17.9,1562,"2","3","MAT2_MAP3"
"3060",17.9,1548,"2","3","MAT2_MAP3"
"3061",19.4,1649,"3","3","MAT3_MAP3"
"3062",18.6,1617,"3","3","MAT3_MAP3"
"3063",17.6,1453,"2","3","MAT2_MAP3"
"3064",15.7,1430,"1","3","MAT1_MAP3"
"3065",15.4,1418,"1","3","MAT1_MAP3"
"3066",14.8,1340,"1","2","MAT1_MAP2"
"3067",14.3,1340,"1","2","MAT1_MAP2"
"3068",14.8,1347,"1","2","MAT1_MAP2"
"3069",15.2,1377,"1","2","MAT1_MAP2"
"3070",14.9,1382,"1","2","MAT1_MAP2"
"3071",15.1,1362,"1","2","MAT1_MAP2"
"3072",14.7,1349,"1","2","MAT1_MAP2"
"3073",15.1,1344,"1","2","MAT1_MAP2"
"3074",16.5,1394,"2","2","MAT2_MAP2"
"3075",15.2,1396,"1","2","MAT1_MAP2"
"3076",14.4,1361,"1","2","MAT1_MAP2"
"3077",14.3,1355,"1","2","MAT1_MAP2"
"3078",15.5,1393,"1","2","MAT1_MAP2"
"3079",17.2,1432,"2","3","MAT2_MAP3"
"3080",14.3,1356,"1","2","MAT1_MAP2"
"3081",16.8,1411,"2","2","MAT2_MAP2"
"3082",18,1574,"2","3","MAT2_MAP3"
"3083",17,1388,"2","2","MAT2_MAP2"
"3084",16.9,1409,"2","2","MAT2_MAP2"
"3085",17.9,1539,"2","3","MAT2_MAP3"
"3086",17.6,1466,"2","3","MAT2_MAP3"
"3087",17.8,1473,"2","3","MAT2_MAP3"
"3088",16.5,1385,"2","2","MAT2_MAP2"
"3089",17.2,1416,"2","2","MAT2_MAP2"
"3090",18.2,1568,"3","3","MAT3_MAP3"
"3091",14.7,1352,"1","2","MAT1_MAP2"
"3092",16.1,1412,"2","2","MAT2_MAP2"
"3093",17.3,1470,"2","3","MAT2_MAP3"
"3094",15.4,1407,"1","2","MAT1_MAP2"
"3095",14.3,1363,"1","2","MAT1_MAP2"
"3096",15.6,1419,"1","3","MAT1_MAP3"
"3097",14.8,1344,"1","2","MAT1_MAP2"
"3098",15.1,1371,"1","2","MAT1_MAP2"
"3099",15.9,1415,"2","2","MAT2_MAP2"
"3100",15.5,1420,"1","3","MAT1_MAP3"
"3101",14.3,1358,"1","2","MAT1_MAP2"
"3102",14.6,1354,"1","2","MAT1_MAP2"
"3103",18.5,1630,"3","3","MAT3_MAP3"
"3104",16.1,1411,"2","2","MAT2_MAP2"
"3105",18.6,1605,"3","3","MAT3_MAP3"
"3106",19.2,1647,"3","3","MAT3_MAP3"
"3107",19.3,1652,"3","3","MAT3_MAP3"
"3108",18.6,1638,"3","3","MAT3_MAP3"
"3109",17.5,1439,"2","3","MAT2_MAP3"
"3110",17.5,1457,"2","3","MAT2_MAP3"
"3111",15.1,1381,"1","2","MAT1_MAP2"
"3112",15.4,1404,"1","2","MAT1_MAP2"
"3113",16.1,1417,"2","2","MAT2_MAP2"
"3114",15.3,1404,"1","2","MAT1_MAP2"
"3115",16.5,1413,"2","2","MAT2_MAP2"
"3116",14.3,1354,"1","2","MAT1_MAP2"
"3117",14.5,1361,"1","2","MAT1_MAP2"
"3118",16.6,1403,"2","2","MAT2_MAP2"
"3119",15,1356,"1","2","MAT1_MAP2"
"3120",14.7,1350,"1","2","MAT1_MAP2"
"3121",14.2,1356,"1","2","MAT1_MAP2"
"3122",14.6,1363,"1","2","MAT1_MAP2"
"3123",14.4,1354,"1","2","MAT1_MAP2"
"3124",14.5,1359,"1","2","MAT1_MAP2"
"3125",16.2,1418,"2","3","MAT2_MAP3"
"3126",18.5,1647,"3","3","MAT3_MAP3"
"3127",18,1561,"2","3","MAT2_MAP3"
"3128",18.5,1597,"3","3","MAT3_MAP3"
"3129",17.5,1419,"2","3","MAT2_MAP3"
"3130",17.5,1478,"2","3","MAT2_MAP3"
"3131",18.1,1571,"3","3","MAT3_MAP3"
"3132",19.4,1626,"3","3","MAT3_MAP3"
"3133",15.8,1429,"1","3","MAT1_MAP3"
"3134",15.1,1405,"1","2","MAT1_MAP2"
"3135",14.6,1353,"1","2","MAT1_MAP2"
"3136",15.6,1425,"1","3","MAT1_MAP3"
"3137",15.1,1368,"1","2","MAT1_MAP2"
"3138",14.9,1351,"1","2","MAT1_MAP2"
"3139",14.3,1350,"1","2","MAT1_MAP2"
"3140",14.6,1349,"1","2","MAT1_MAP2"
"3141",15.1,1407,"1","2","MAT1_MAP2"
"3142",16.2,1426,"2","3","MAT2_MAP3"
"3143",15.1,1411,"1","2","MAT1_MAP2"
"3144",14.3,1364,"1","2","MAT1_MAP2"
"3145",14.3,1349,"1","2","MAT1_MAP2"
"3146",17,1382,"2","2","MAT2_MAP2"
"3147",18.4,1579,"3","3","MAT3_MAP3"
"3148",18,1541,"2","3","MAT2_MAP3"
"3149",17.8,1526,"2","3","MAT2_MAP3"
"3150",17.8,1506,"2","3","MAT2_MAP3"
"3151",17.6,1497,"2","3","MAT2_MAP3"
"3152",19,1634,"3","3","MAT3_MAP3"
"3153",18.2,1566,"3","3","MAT3_MAP3"
"3154",17.6,1496,"2","3","MAT2_MAP3"
"3155",17.3,1413,"2","2","MAT2_MAP2"
"3156",18.7,1631,"3","3","MAT3_MAP3"
"3157",18.6,1634,"3","3","MAT3_MAP3"
"3158",18.3,1575,"3","3","MAT3_MAP3"
"3159",18.5,1592,"3","3","MAT3_MAP3"
"3160",14.6,1350,"1","2","MAT1_MAP2"
"3161",14.9,1353,"1","2","MAT1_MAP2"
"3162",15.6,1409,"1","2","MAT1_MAP2"
"3163",15,1416,"1","2","MAT1_MAP2"
"3164",17.9,1526,"2","3","MAT2_MAP3"
"3165",15.3,1411,"1","2","MAT1_MAP2"
"3166",15.2,1417,"1","2","MAT1_MAP2"
"3167",14.5,1357,"1","2","MAT1_MAP2"
"3168",16.4,1421,"2","3","MAT2_MAP3"
"3169",15.9,1425,"2","3","MAT2_MAP3"
"3170",16.2,1422,"2","3","MAT2_MAP3"
"3171",15.7,1415,"1","2","MAT1_MAP2"
"3172",14.4,1351,"1","2","MAT1_MAP2"
"3173",14.9,1341,"1","2","MAT1_MAP2"
"3174",18.9,1640,"3","3","MAT3_MAP3"
"3175",14.9,1377,"1","2","MAT1_MAP2"
"3176",16.7,1399,"2","2","MAT2_MAP2"
"3177",14.5,1350,"1","2","MAT1_MAP2"
"3178",14.5,1362,"1","2","MAT1_MAP2"
"3179",14.5,1351,"1","2","MAT1_MAP2"
"3180",17.9,1545,"2","3","MAT2_MAP3"
"3181",18.3,1593,"3","3","MAT3_MAP3"
"3182",18.1,1570,"3","3","MAT3_MAP3"
"3183",17.1,1386,"2","2","MAT2_MAP2"
"3184",18.6,1625,"3","3","MAT3_MAP3"
"3185",17.3,1431,"2","3","MAT2_MAP3"
"3186",19.2,1627,"3","3","MAT3_MAP3"
"3187",19.4,1610,"3","3","MAT3_MAP3"
"3188",16.9,1401,"2","2","MAT2_MAP2"
"3189",16.8,1403,"2","2","MAT2_MAP2"
"3190",15.1,1413,"1","2","MAT1_MAP2"
"3191",14.3,1351,"1","2","MAT1_MAP2"
"3192",15,1402,"1","2","MAT1_MAP2"
"3193",14.2,1365,"1","2","MAT1_MAP2"
"3194",14.9,1370,"1","2","MAT1_MAP2"
"3195",15.5,1412,"1","2","MAT1_MAP2"
"3196",15.9,1424,"2","3","MAT2_MAP3"
"3197",15.3,1413,"1","2","MAT1_MAP2"
"3198",14.3,1367,"1","2","MAT1_MAP2"
"3199",14.8,1367,"1","2","MAT1_MAP2"
"3200",14.2,1357,"1","2","MAT1_MAP2"
"3201",16.5,1416,"2","2","MAT2_MAP2"
"3202",14.6,1351,"1","2","MAT1_MAP2"
"3203",14.7,1344,"1","2","MAT1_MAP2"
"3204",14.4,1359,"1","2","MAT1_MAP2"
"3205",14.4,1360,"1","2","MAT1_MAP2"
"3206",16.6,1410,"2","2","MAT2_MAP2"
"3207",19.2,1620,"3","3","MAT3_MAP3"
"3208",17.2,1397,"2","2","MAT2_MAP2"
"3209",19.3,1609,"3","3","MAT3_MAP3"
"3210",17.5,1438,"2","3","MAT2_MAP3"
"3211",17.9,1501,"2","3","MAT2_MAP3"
"3212",14.2,1359,"1","2","MAT1_MAP2"
"3213",15.7,1420,"1","3","MAT1_MAP3"
"3214",16.3,1426,"2","3","MAT2_MAP3"
"3215",17.7,1509,"2","3","MAT2_MAP3"
"3216",18.4,1598,"3","3","MAT3_MAP3"
"3217",16.3,1440,"2","3","MAT2_MAP3"
"3218",14.9,1387,"1","2","MAT1_MAP2"
"3219",16,1426,"2","3","MAT2_MAP3"
"3220",18.3,1585,"3","3","MAT3_MAP3"
"3221",14.1,1358,"1","2","MAT1_MAP2"
"3222",16.3,1430,"2","3","MAT2_MAP3"
"3223",14.9,1374,"1","2","MAT1_MAP2"
"3224",16.2,1441,"2","3","MAT2_MAP3"
"3225",14.7,1347,"1","2","MAT1_MAP2"
"3226",14.3,1362,"1","2","MAT1_MAP2"
"3227",16.3,1437,"2","3","MAT2_MAP3"
"3228",17.9,1544,"2","3","MAT2_MAP3"
"3229",17.6,1544,"2","3","MAT2_MAP3"
"3230",17.4,1529,"2","3","MAT2_MAP3"
"3231",18.4,1602,"3","3","MAT3_MAP3"
"3232",19.3,1612,"3","3","MAT3_MAP3"
"3233",14.9,1359,"1","2","MAT1_MAP2"
"3234",17.8,1542,"2","3","MAT2_MAP3"
"3235",14.7,1346,"1","2","MAT1_MAP2"
"3236",17.3,1423,"2","3","MAT2_MAP3"
"3237",15.5,1422,"1","3","MAT1_MAP3"
"3238",15.8,1443,"1","3","MAT1_MAP3"
"3239",15.4,1416,"1","2","MAT1_MAP2"
"3240",17.4,1469,"2","3","MAT2_MAP3"
"3241",16.1,1452,"2","3","MAT2_MAP3"
"3242",14.2,1352,"1","2","MAT1_MAP2"
"3243",18.4,1595,"3","3","MAT3_MAP3"
"3244",18.1,1562,"3","3","MAT3_MAP3"
"3245",14.8,1361,"1","2","MAT1_MAP2"
"3246",18,1556,"2","3","MAT2_MAP3"
"3247",16,1453,"2","3","MAT2_MAP3"
"3248",18.2,1573,"3","3","MAT3_MAP3"
"3249",17.4,1530,"2","3","MAT2_MAP3"
"3250",18.3,1587,"3","3","MAT3_MAP3"
"3251",15.5,1407,"1","2","MAT1_MAP2"
"3252",15.5,1434,"1","3","MAT1_MAP3"
"3253",15.9,1429,"2","3","MAT2_MAP3"
"3254",17.8,1539,"2","3","MAT2_MAP3"
"3255",14.7,1348,"1","2","MAT1_MAP2"
"3256",16.9,1390,"2","2","MAT2_MAP2"
"3257",17.5,1472,"2","3","MAT2_MAP3"
"3258",14.2,1350,"1","2","MAT1_MAP2"
"3259",14.4,1363,"1","2","MAT1_MAP2"
"3260",14.1,1357,"1","2","MAT1_MAP2"
"3261",14.7,1371,"1","2","MAT1_MAP2"
"3262",14.7,1365,"1","2","MAT1_MAP2"
"3263",15,1411,"1","2","MAT1_MAP2"
"3264",17.7,1477,"2","3","MAT2_MAP3"
"3265",17.6,1472,"2","3","MAT2_MAP3"
"3266",17.5,1437,"2","3","MAT2_MAP3"
"3267",16.1,1453,"2","3","MAT2_MAP3"
"3268",15.8,1462,"1","3","MAT1_MAP3"
"3269",14.1,1352,"1","2","MAT1_MAP2"
"3270",14,1361,"1","2","MAT1_MAP2"
"3271",15.9,1463,"2","3","MAT2_MAP3"
"3272",15.7,1456,"1","3","MAT1_MAP3"
"3273",18,1505,"2","3","MAT2_MAP3"
"3274",18,1531,"2","3","MAT2_MAP3"
"3275",14.4,1371,"1","2","MAT1_MAP2"
"3276",18.8,1628,"3","3","MAT3_MAP3"
"3277",14.3,1346,"1","2","MAT1_MAP2"
"3278",15.8,1460,"1","3","MAT1_MAP3"
"3279",16,1461,"2","3","MAT2_MAP3"
"3280",16.1,1457,"2","3","MAT2_MAP3"
"3281",16.7,1417,"2","2","MAT2_MAP2"
"3282",15.6,1418,"1","3","MAT1_MAP3"
"3283",15.5,1430,"1","3","MAT1_MAP3"
"3284",17.5,1524,"2","3","MAT2_MAP3"
"3285",15.5,1416,"1","2","MAT1_MAP2"
"3286",18.8,1616,"3","3","MAT3_MAP3"
"3287",19.2,1600,"3","3","MAT3_MAP3"
"3288",15.3,1391,"1","2","MAT1_MAP2"
"3289",15.9,1454,"2","3","MAT2_MAP3"
"3290",15.2,1387,"1","2","MAT1_MAP2"
"3291",15.3,1405,"1","2","MAT1_MAP2"
"3292",14.9,1395,"1","2","MAT1_MAP2"
"3293",15.7,1450,"1","3","MAT1_MAP3"
"3294",18.9,1617,"3","3","MAT3_MAP3"
"3295",14.3,1365,"1","2","MAT1_MAP2"
"3296",18,1499,"2","3","MAT2_MAP3"
"3297",15.8,1465,"1","3","MAT1_MAP3"
"3298",14.2,1379,"1","2","MAT1_MAP2"
"3299",15.9,1466,"2","3","MAT2_MAP3"
"3300",18.4,1593,"3","3","MAT3_MAP3"
"3301",18.4,1628,"3","3","MAT3_MAP3"
"3302",14.5,1367,"1","2","MAT1_MAP2"
"3303",14.2,1344,"1","2","MAT1_MAP2"
"3304",19.3,1582,"3","3","MAT3_MAP3"
"3305",18.4,1620,"3","3","MAT3_MAP3"
"3306",17.5,1514,"2","3","MAT2_MAP3"
"3307",18.8,1623,"3","3","MAT3_MAP3"
"3308",14.6,1364,"1","2","MAT1_MAP2"
"3309",17.9,1520,"2","3","MAT2_MAP3"
"3310",17.7,1508,"2","3","MAT2_MAP3"
"3311",14.1,1368,"1","2","MAT1_MAP2"
"3312",16.5,1443,"2","3","MAT2_MAP3"
"3313",14.2,1349,"1","2","MAT1_MAP2"
"3314",17.9,1518,"2","3","MAT2_MAP3"
"3315",16.6,1428,"2","3","MAT2_MAP3"
"3316",17,1392,"2","2","MAT2_MAP2"
"3317",14.2,1361,"1","2","MAT1_MAP2"
"3318",19.3,1591,"3","3","MAT3_MAP3"
"3319",19.3,1581,"3","3","MAT3_MAP3"
"3320",17.4,1430,"2","3","MAT2_MAP3"
"3321",15.4,1423,"1","3","MAT1_MAP3"
"3322",14.5,1366,"1","2","MAT1_MAP2"
"3323",15.7,1476,"1","3","MAT1_MAP3"
"3324",18.6,1618,"3","3","MAT3_MAP3"
"3325",18.5,1615,"3","3","MAT3_MAP3"
"3326",19.3,1584,"3","3","MAT3_MAP3"
"3327",19.1,1617,"3","3","MAT3_MAP3"
"3328",18.3,1566,"3","3","MAT3_MAP3"
"3329",18.1,1504,"3","3","MAT3_MAP3"
"3330",15.6,1459,"1","3","MAT1_MAP3"
"3331",19.2,1612,"3","3","MAT3_MAP3"
"3332",15.3,1397,"1","2","MAT1_MAP2"
"3333",19,1613,"3","3","MAT3_MAP3"
"3334",15.2,1408,"1","2","MAT1_MAP2"
"3335",19.3,1592,"3","3","MAT3_MAP3"
"3336",17.9,1481,"2","3","MAT2_MAP3"
"3337",18.3,1558,"3","3","MAT3_MAP3"
"3338",14.7,1385,"1","2","MAT1_MAP2"
"3339",19.5,1567,"3","3","MAT3_MAP3"
"3340",14.6,1362,"1","2","MAT1_MAP2"
"3341",18.2,1554,"3","3","MAT3_MAP3"
"3342",14.2,1374,"1","2","MAT1_MAP2"
"3343",14.8,1363,"1","2","MAT1_MAP2"
"3344",17.7,1484,"2","3","MAT2_MAP3"
"3345",14.3,1371,"1","2","MAT1_MAP2"
"3346",15.8,1478,"1","3","MAT1_MAP3"
"3347",16.1,1465,"2","3","MAT2_MAP3"
"3348",14.2,1363,"1","2","MAT1_MAP2"
"3349",14.2,1366,"1","2","MAT1_MAP2"
"3350",14.4,1376,"1","2","MAT1_MAP2"
"3351",16.3,1460,"2","3","MAT2_MAP3"
"3352",15.2,1411,"1","2","MAT1_MAP2"
"3353",16.4,1455,"2","3","MAT2_MAP3"
"3354",16.4,1450,"2","3","MAT2_MAP3"
"3355",18.2,1561,"3","3","MAT3_MAP3"
"3356",18.9,1613,"3","3","MAT3_MAP3"
"3357",17.2,1395,"2","2","MAT2_MAP2"
"3358",14.8,1398,"1","2","MAT1_MAP2"
"3359",16.6,1443,"2","3","MAT2_MAP3"
"3360",17.3,1426,"2","3","MAT2_MAP3"
"3361",17.6,1448,"2","3","MAT2_MAP3"
"3362",16.4,1454,"2","3","MAT2_MAP3"
"3363",15.5,1461,"1","3","MAT1_MAP3"
"3364",15.6,1441,"1","3","MAT1_MAP3"
"3365",14.9,1392,"1","2","MAT1_MAP2"
"3366",15.1,1431,"1","3","MAT1_MAP3"
"3367",17.6,1452,"2","3","MAT2_MAP3"
"3368",16.2,1466,"2","3","MAT2_MAP3"
"3369",15.2,1404,"1","2","MAT1_MAP2"
"3370",17.5,1424,"2","3","MAT2_MAP3"
"3371",15.3,1430,"1","3","MAT1_MAP3"
"3372",17.8,1470,"2","3","MAT2_MAP3"
"3373",17.8,1455,"2","3","MAT2_MAP3"
"3374",19.2,1615,"3","3","MAT3_MAP3"
"3375",14.2,1385,"1","2","MAT1_MAP2"
"3376",17.8,1482,"2","3","MAT2_MAP3"
"3377",15.1,1424,"1","3","MAT1_MAP3"
"3378",14.2,1376,"1","2","MAT1_MAP2"
"3379",14.9,1403,"1","2","MAT1_MAP2"
"3380",16,1480,"2","3","MAT2_MAP3"
"3381",16.2,1467,"2","3","MAT2_MAP3"
"3382",14.3,1380,"1","2","MAT1_MAP2"
"3383",14.6,1367,"1","2","MAT1_MAP2"
"3384",15.4,1485,"1","3","MAT1_MAP3"
"3385",19.2,1607,"3","3","MAT3_MAP3"
"3386",16.8,1418,"2","3","MAT2_MAP3"
"3387",15.3,1456,"1","3","MAT1_MAP3"
"3388",14.2,1367,"1","2","MAT1_MAP2"
"3389",16.2,1472,"2","3","MAT2_MAP3"
"3390",15.7,1477,"1","3","MAT1_MAP3"
"3391",15.6,1478,"1","3","MAT1_MAP3"
"3392",15.5,1472,"1","3","MAT1_MAP3"
"3393",15.4,1472,"1","3","MAT1_MAP3"
"3394",15.3,1414,"1","2","MAT1_MAP2"
"3395",15.4,1437,"1","3","MAT1_MAP3"
"3396",17.3,1397,"2","2","MAT2_MAP2"
"3397",17.4,1400,"2","2","MAT2_MAP2"
"3398",17.2,1403,"2","2","MAT2_MAP2"
"3399",15.5,1483,"1","3","MAT1_MAP3"
"3400",18.2,1518,"3","3","MAT3_MAP3"
"3401",14.8,1399,"1","2","MAT1_MAP2"
"3402",17.4,1422,"2","3","MAT2_MAP3"
"3403",14.8,1417,"1","2","MAT1_MAP2"
"3404",17.7,1467,"2","3","MAT2_MAP3"
"3405",17.9,1465,"2","3","MAT2_MAP3"
"3406",18,1477,"2","3","MAT2_MAP3"
"3407",19.2,1606,"3","3","MAT3_MAP3"
"3408",14.8,1425,"1","3","MAT1_MAP3"
"3409",14.6,1405,"1","2","MAT1_MAP2"
"3410",18.7,1588,"3","3","MAT3_MAP3"
"3411",15.3,1461,"1","3","MAT1_MAP3"
"3412",17.4,1423,"2","3","MAT2_MAP3"
"3413",14.1,1371,"1","2","MAT1_MAP2"
"3414",16,1485,"2","3","MAT2_MAP3"
"3415",15.6,1461,"1","3","MAT1_MAP3"
"3416",15.2,1483,"1","3","MAT1_MAP3"
"3417",15.3,1495,"1","3","MAT1_MAP3"
"3418",15.5,1482,"1","3","MAT1_MAP3"
"3419",14.2,1389,"1","2","MAT1_MAP2"
"3420",14.3,1359,"1","2","MAT1_MAP2"
"3421",14.2,1383,"1","2","MAT1_MAP2"
"3422",16.2,1479,"2","3","MAT2_MAP3"
"3423",16.7,1447,"2","3","MAT2_MAP3"
"3424",15.3,1438,"1","3","MAT1_MAP3"
"3425",15.3,1480,"1","3","MAT1_MAP3"
"3426",15.7,1497,"1","3","MAT1_MAP3"
"3427",15.1,1436,"1","3","MAT1_MAP3"
"3428",18.3,1532,"3","3","MAT3_MAP3"
"3429",16.9,1421,"2","3","MAT2_MAP3"
"3430",15.3,1423,"1","3","MAT1_MAP3"
"3431",18,1467,"2","3","MAT2_MAP3"
"3432",15.3,1433,"1","3","MAT1_MAP3"
"3433",18.3,1527,"3","3","MAT3_MAP3"
"3434",15,1440,"1","3","MAT1_MAP3"
"3435",17.4,1425,"2","3","MAT2_MAP3"
"3436",17.3,1429,"2","3","MAT2_MAP3"
"3437",18.9,1600,"3","3","MAT3_MAP3"
"3438",14.1,1359,"1","2","MAT1_MAP2"
"3439",18.2,1557,"3","3","MAT3_MAP3"
"3440",18.7,1580,"3","3","MAT3_MAP3"
"3441",18.8,1591,"3","3","MAT3_MAP3"
"3442",15.3,1493,"1","3","MAT1_MAP3"
"3443",15.1,1419,"1","3","MAT1_MAP3"
"3444",15.5,1503,"1","3","MAT1_MAP3"
"3445",15.3,1502,"1","3","MAT1_MAP3"
"3446",15.9,1498,"2","3","MAT2_MAP3"
"3447",16.3,1476,"2","3","MAT2_MAP3"
"3448",15.3,1467,"1","3","MAT1_MAP3"
"3449",15.4,1507,"1","3","MAT1_MAP3"
"3450",17.9,1446,"2","3","MAT2_MAP3"
"3451",14.9,1442,"1","3","MAT1_MAP3"
"3452",15.2,1471,"1","3","MAT1_MAP3"
"3453",16.2,1487,"2","3","MAT2_MAP3"
"3454",15.2,1443,"1","3","MAT1_MAP3"
"3455",15.3,1424,"1","3","MAT1_MAP3"
"3456",15.5,1487,"1","3","MAT1_MAP3"
"3457",15.9,1489,"2","3","MAT2_MAP3"
"3458",15.2,1497,"1","3","MAT1_MAP3"
"3459",16.1,1488,"2","3","MAT2_MAP3"
"3460",15.5,1514,"1","3","MAT1_MAP3"
"3461",16,1497,"2","3","MAT2_MAP3"
"3462",16.2,1492,"2","3","MAT2_MAP3"
"3463",15.4,1438,"1","3","MAT1_MAP3"
"3464",18.1,1514,"3","3","MAT3_MAP3"
"3465",17.8,1436,"2","3","MAT2_MAP3"
"3466",17.8,1479,"2","3","MAT2_MAP3"
"3467",17.7,1430,"2","3","MAT2_MAP3"
"3468",19.1,1603,"3","3","MAT3_MAP3"
"3469",17.6,1417,"2","2","MAT2_MAP2"
"3470",14.8,1442,"1","3","MAT1_MAP3"
"3471",15.1,1503,"1","3","MAT1_MAP3"
"3472",15.1,1493,"1","3","MAT1_MAP3"
"3473",15.3,1500,"1","3","MAT1_MAP3"
"3474",15.7,1491,"1","3","MAT1_MAP3"
"3475",16.6,1471,"2","3","MAT2_MAP3"
"3476",15.4,1483,"1","3","MAT1_MAP3"
"3477",15.1,1490,"1","3","MAT1_MAP3"
"3478",16,1495,"2","3","MAT2_MAP3"
"3479",16.5,1478,"2","3","MAT2_MAP3"
"3480",16.9,1416,"2","2","MAT2_MAP2"
"3481",16.3,1482,"2","3","MAT2_MAP3"
"3482",18.5,1548,"3","3","MAT3_MAP3"
"3483",15.2,1469,"1","3","MAT1_MAP3"
"3484",15.3,1416,"1","2","MAT1_MAP2"
"3485",16.9,1418,"2","3","MAT2_MAP3"
"3486",15,1453,"1","3","MAT1_MAP3"
"3487",15.3,1417,"1","2","MAT1_MAP2"
"3488",16.6,1460,"2","3","MAT2_MAP3"
"3489",15.2,1467,"1","3","MAT1_MAP3"
"3490",16.1,1495,"2","3","MAT2_MAP3"
"3491",17.9,1485,"2","3","MAT2_MAP3"
"3492",17.7,1452,"2","3","MAT2_MAP3"
"3493",14.8,1445,"1","3","MAT1_MAP3"
"3494",17.5,1400,"2","2","MAT2_MAP2"
"3495",19.4,1609,"3","3","MAT3_MAP3"
"3496",17.7,1417,"2","2","MAT2_MAP2"
"3497",18.5,1559,"3","3","MAT3_MAP3"
"3498",18.6,1569,"3","3","MAT3_MAP3"
"3499",18.9,1589,"3","3","MAT3_MAP3"
"3500",19.1,1604,"3","3","MAT3_MAP3"
"3501",15,1506,"1","3","MAT1_MAP3"
"3502",16.3,1487,"2","3","MAT2_MAP3"
"3503",14.9,1440,"1","3","MAT1_MAP3"
"3504",15,1447,"1","3","MAT1_MAP3"
"3505",15.1,1473,"1","3","MAT1_MAP3"
"3506",15.5,1494,"1","3","MAT1_MAP3"
"3507",14.8,1448,"1","3","MAT1_MAP3"
"3508",16.4,1479,"2","3","MAT2_MAP3"
"3509",15.1,1454,"1","3","MAT1_MAP3"
"3510",16.1,1503,"2","3","MAT2_MAP3"
"3511",15.1,1478,"1","3","MAT1_MAP3"
"3512",15.3,1508,"1","3","MAT1_MAP3"
"3513",15.2,1435,"1","3","MAT1_MAP3"
"3514",18.5,1550,"3","3","MAT3_MAP3"
"3515",15,1489,"1","3","MAT1_MAP3"
"3516",15.3,1519,"1","3","MAT1_MAP3"
"3517",16,1506,"2","3","MAT2_MAP3"
"3518",19,1599,"3","3","MAT3_MAP3"
"3519",15.1,1475,"1","3","MAT1_MAP3"
"3520",14.9,1433,"1","3","MAT1_MAP3"
"3521",18.8,1580,"3","3","MAT3_MAP3"
"3522",19.5,1604,"3","3","MAT3_MAP3"
"3523",17.5,1391,"2","2","MAT2_MAP2"
"3524",18.1,1548,"3","3","MAT3_MAP3"
"3525",17.8,1469,"2","3","MAT2_MAP3"
"3526",16.7,1460,"2","3","MAT2_MAP3"
"3527",17.5,1397,"2","2","MAT2_MAP2"
"3528",19.3,1614,"3","3","MAT3_MAP3"
"3529",18.7,1566,"3","3","MAT3_MAP3"
"3530",15,1492,"1","3","MAT1_MAP3"
"3531",15.3,1441,"1","3","MAT1_MAP3"
"3532",18.9,1588,"3","3","MAT3_MAP3"
"3533",18,1543,"2","3","MAT2_MAP3"
"3534",17.4,1390,"2","2","MAT2_MAP2"
"3535",15.1,1516,"1","3","MAT1_MAP3"
"3536",14.6,1456,"1","3","MAT1_MAP3"
"3537",15.1,1439,"1","3","MAT1_MAP3"
"3538",16.2,1498,"2","3","MAT2_MAP3"
"3539",15.9,1496,"2","3","MAT2_MAP3"
"3540",16.4,1475,"2","3","MAT2_MAP3"
"3541",17.5,1392,"2","2","MAT2_MAP2"
"3542",16.3,1484,"2","3","MAT2_MAP3"
"3543",15.5,1501,"1","3","MAT1_MAP3"
"3544",16.1,1500,"2","3","MAT2_MAP3"
"3545",16.5,1461,"2","3","MAT2_MAP3"
"3546",14.9,1480,"1","3","MAT1_MAP3"
"3547",14.9,1435,"1","3","MAT1_MAP3"
"3548",14.8,1436,"1","3","MAT1_MAP3"
"3549",17.4,1387,"2","2","MAT2_MAP2"
"3550",17.2,1390,"2","2","MAT2_MAP2"
"3551",17.8,1464,"2","3","MAT2_MAP3"
"3552",17.5,1414,"2","2","MAT2_MAP2"
"3553",18.6,1564,"3","3","MAT3_MAP3"
"3554",17.8,1475,"2","3","MAT2_MAP3"
"3555",15.7,1494,"1","3","MAT1_MAP3"
"3556",16.4,1480,"2","3","MAT2_MAP3"
"3557",16.6,1456,"2","3","MAT2_MAP3"
"3558",19.5,1593,"3","3","MAT3_MAP3"
"3559",18.9,1581,"3","3","MAT3_MAP3"
"3560",19.5,1598,"3","3","MAT3_MAP3"
"3561",14.9,1517,"1","3","MAT1_MAP3"
"3562",19,1607,"3","3","MAT3_MAP3"
"3563",18,1525,"2","3","MAT2_MAP3"
"3564",15,1521,"1","3","MAT1_MAP3"
"3565",18,1526,"2","3","MAT2_MAP3"
"3566",14.5,1455,"1","3","MAT1_MAP3"
"3567",17.9,1542,"2","3","MAT2_MAP3"
"3568",16.4,1481,"2","3","MAT2_MAP3"
"3569",16.2,1486,"2","3","MAT2_MAP3"
"3570",15.3,1506,"1","3","MAT1_MAP3"
"3571",19.2,1639,"3","3","MAT3_MAP3"
"3572",19.5,1611,"3","3","MAT3_MAP3"
"3573",17.1,1400,"2","2","MAT2_MAP2"
"3574",17.2,1399,"2","2","MAT2_MAP2"
"3575",17.4,1380,"2","2","MAT2_MAP2"
"3576",16.6,1457,"2","3","MAT2_MAP3"
"3577",14.8,1458,"1","3","MAT1_MAP3"
"3578",15,1417,"1","2","MAT1_MAP2"
"3579",17.9,1493,"2","3","MAT2_MAP3"
"3580",19.3,1628,"3","3","MAT3_MAP3"
"3581",15.6,1510,"1","3","MAT1_MAP3"
"3582",16.1,1492,"2","3","MAT2_MAP3"
"3583",15.2,1447,"1","3","MAT1_MAP3"
"3584",19.1,1645,"3","3","MAT3_MAP3"
"3585",17.7,1432,"2","3","MAT2_MAP3"
"3586",17,1421,"2","3","MAT2_MAP3"
"3587",17.9,1489,"2","3","MAT2_MAP3"
"3588",17.7,1423,"2","3","MAT2_MAP3"
"3589",17.6,1407,"2","2","MAT2_MAP2"
"3590",19.3,1637,"3","3","MAT3_MAP3"
"3591",16.6,1453,"2","3","MAT2_MAP3"
"3592",14.4,1458,"1","3","MAT1_MAP3"
"3593",14.9,1516,"1","3","MAT1_MAP3"
"3594",14.5,1456,"1","3","MAT1_MAP3"
"3595",15.3,1505,"1","3","MAT1_MAP3"
"3596",14.6,1445,"1","3","MAT1_MAP3"
"3597",16.7,1452,"2","3","MAT2_MAP3"
"3598",15.5,1506,"1","3","MAT1_MAP3"
"3599",16.2,1488,"2","3","MAT2_MAP3"
"3600",17.5,1384,"2","2","MAT2_MAP2"
"3601",17.2,1398,"2","2","MAT2_MAP2"
"3602",16.1,1499,"2","3","MAT2_MAP3"
"3603",17.4,1382,"2","2","MAT2_MAP2"
"3604",17.4,1376,"2","2","MAT2_MAP2"
"3605",17.5,1376,"2","2","MAT2_MAP2"
"3606",17.1,1407,"2","2","MAT2_MAP2"
"3607",17.7,1539,"2","3","MAT2_MAP3"
"3608",14.8,1430,"1","3","MAT1_MAP3"
"3609",17.9,1512,"2","3","MAT2_MAP3"
"3610",19.6,1573,"3","3","MAT3_MAP3"
"3611",19.3,1624,"3","3","MAT3_MAP3"
"3612",14.8,1509,"1","3","MAT1_MAP3"
"3613",14.7,1432,"1","3","MAT1_MAP3"
"3614",14.4,1449,"1","3","MAT1_MAP3"
"3615",14.9,1523,"1","3","MAT1_MAP3"
"3616",16.6,1450,"2","3","MAT2_MAP3"
"3617",15.1,1415,"1","2","MAT1_MAP2"
"3618",16.5,1462,"2","3","MAT2_MAP3"
"3619",16.8,1436,"2","3","MAT2_MAP3"
"3620",15.7,1510,"1","3","MAT1_MAP3"
"3621",17.3,1388,"2","2","MAT2_MAP2"
"3622",17.1,1410,"2","2","MAT2_MAP2"
"3623",17.9,1549,"2","3","MAT2_MAP3"
"3624",18.1,1559,"3","3","MAT3_MAP3"
"3625",18,1527,"2","3","MAT2_MAP3"
"3626",18.6,1548,"3","3","MAT3_MAP3"
"3627",18,1507,"2","3","MAT2_MAP3"
"3628",17.8,1426,"2","3","MAT2_MAP3"
"3629",17.3,1391,"2","2","MAT2_MAP2"
"3630",17.8,1545,"2","3","MAT2_MAP3"
"3631",15.2,1501,"1","3","MAT1_MAP3"
"3632",16.3,1478,"2","3","MAT2_MAP3"
"3633",17.3,1393,"2","2","MAT2_MAP2"
"3634",19.4,1599,"3","3","MAT3_MAP3"
"3635",16.9,1429,"2","3","MAT2_MAP3"
"3636",16.6,1454,"2","3","MAT2_MAP3"
"3637",17.9,1452,"2","3","MAT2_MAP3"
"3638",18.5,1536,"3","3","MAT3_MAP3"
"3639",18.3,1524,"3","3","MAT3_MAP3"
"3640",18.5,1571,"3","3","MAT3_MAP3"
"3641",18.4,1511,"3","3","MAT3_MAP3"
"3642",17.8,1532,"2","3","MAT2_MAP3"
"3643",19.1,1627,"3","3","MAT3_MAP3"
"3644",18.5,1598,"3","3","MAT3_MAP3"
"3645",19.4,1601,"3","3","MAT3_MAP3"
"3646",18.8,1633,"3","3","MAT3_MAP3"
"3647",17.3,1396,"2","2","MAT2_MAP2"
"3648",16.5,1464,"2","3","MAT2_MAP3"
"3649",17.4,1395,"2","2","MAT2_MAP2"
"3650",18,1431,"2","3","MAT2_MAP3"
"3651",15,1526,"1","3","MAT1_MAP3"
"3652",18.9,1621,"3","3","MAT3_MAP3"
"3653",18.3,1517,"3","3","MAT3_MAP3"
"3654",18.3,1529,"3","3","MAT3_MAP3"
"3655",17.9,1492,"2","3","MAT2_MAP3"
"3656",18.3,1504,"3","3","MAT3_MAP3"
"3657",17.4,1398,"2","2","MAT2_MAP2"
"3658",17.8,1419,"2","3","MAT2_MAP3"
"3659",17.3,1405,"2","2","MAT2_MAP2"
"3660",18.3,1497,"3","3","MAT3_MAP3"
"3661",18.3,1597,"3","3","MAT3_MAP3"
"3662",17.7,1415,"2","2","MAT2_MAP2"
"3663",17.8,1450,"2","3","MAT2_MAP3"
"3664",17.6,1402,"2","2","MAT2_MAP2"
"3665",19.3,1599,"3","3","MAT3_MAP3"
"3666",18.6,1624,"3","3","MAT3_MAP3"
"3667",17.6,1405,"2","2","MAT2_MAP2"
"3668",17.3,1408,"2","2","MAT2_MAP2"
"3669",18,1501,"2","3","MAT2_MAP3"
"3670",17.4,1399,"2","2","MAT2_MAP2"
"3671",17.6,1376,"2","2","MAT2_MAP2"
"3672",18,1455,"2","3","MAT2_MAP3"
"3673",18.2,1543,"3","3","MAT3_MAP3"
"3674",18.1,1438,"3","3","MAT3_MAP3"
"3675",19.8,1517,"3","3","MAT3_MAP3"
"3676",18.1,1460,"3","3","MAT3_MAP3"
"3677",19.5,1565,"3","3","MAT3_MAP3"
"3678",18.5,1624,"3","3","MAT3_MAP3"
"3679",17.1,1420,"2","3","MAT2_MAP3"
"3680",18.2,1496,"3","3","MAT3_MAP3"
"3681",19.8,1509,"3","3","MAT3_MAP3"
"3682",18.1,1439,"3","3","MAT3_MAP3"
"3683",17.1,1419,"2","3","MAT2_MAP3"
"3684",17.9,1552,"2","3","MAT2_MAP3"
"3685",17.4,1396,"2","2","MAT2_MAP2"
"3686",19.5,1551,"3","3","MAT3_MAP3"
"3687",17.1,1426,"2","3","MAT2_MAP3"
"3688",18.2,1443,"3","3","MAT3_MAP3"
"3689",18.7,1625,"3","3","MAT3_MAP3"
"3690",19.4,1577,"3","3","MAT3_MAP3"
"3691",19.4,1579,"3","3","MAT3_MAP3"
"3692",17.6,1374,"2","2","MAT2_MAP2"
"3693",17.9,1459,"2","3","MAT2_MAP3"
"3694",18,1451,"2","3","MAT2_MAP3"
"3695",17.2,1421,"2","3","MAT2_MAP3"
"3696",17.2,1415,"2","2","MAT2_MAP2"
"3697",17.3,1417,"2","2","MAT2_MAP2"
"3698",19.7,1519,"3","3","MAT3_MAP3"
"3699",18.1,1508,"3","3","MAT3_MAP3"
"3700",17.9,1378,"2","2","MAT2_MAP2"
"3701",17.4,1406,"2","2","MAT2_MAP2"
"3702",17.7,1370,"2","2","MAT2_MAP2"
"3703",17.1,1435,"2","3","MAT2_MAP3"
"3704",17.2,1425,"2","3","MAT2_MAP3"
"3705",18,1503,"2","3","MAT2_MAP3"
"3706",19,1609,"3","3","MAT3_MAP3"
"3707",18.1,1471,"3","3","MAT3_MAP3"
"3708",17.2,1427,"2","3","MAT2_MAP3"
"3709",17.7,1418,"2","3","MAT2_MAP3"
"3710",19.4,1562,"3","3","MAT3_MAP3"
"3711",17.3,1427,"2","3","MAT2_MAP3"
"3712",17.8,1499,"2","3","MAT2_MAP3"
"3713",17.1,1438,"2","3","MAT2_MAP3"
"3714",17.1,1437,"2","3","MAT2_MAP3"
"3715",19.6,1535,"3","3","MAT3_MAP3"
"3716",17.8,1483,"2","3","MAT2_MAP3"
"3717",18.9,1602,"3","3","MAT3_MAP3"
"3718",17.9,1361,"2","2","MAT2_MAP2"
"3719",18,1524,"2","3","MAT2_MAP3"
"3720",16.9,1456,"2","3","MAT2_MAP3"
"3721",17.6,1397,"2","2","MAT2_MAP2"
"3722",18.8,1619,"3","3","MAT3_MAP3"
"3723",19,1615,"3","3","MAT3_MAP3"
"3724",18.3,1592,"3","3","MAT3_MAP3"
"3725",19.6,1553,"3","3","MAT3_MAP3"
"3726",19.1,1608,"3","3","MAT3_MAP3"
"3727",17.8,1395,"2","2","MAT2_MAP2"
"3728",18,1454,"2","3","MAT2_MAP3"
"3729",18.4,1597,"3","3","MAT3_MAP3"
"3730",17.7,1365,"2","2","MAT2_MAP2"
"3731",17.9,1353,"2","2","MAT2_MAP2"
"3732",17.9,1355,"2","2","MAT2_MAP2"
"3733",18,1355,"2","2","MAT2_MAP2"
"3734",17,1455,"2","3","MAT2_MAP3"
"3735",18.7,1605,"3","3","MAT3_MAP3"
"3736",17.8,1353,"2","2","MAT2_MAP2"
"3737",17.9,1531,"2","3","MAT2_MAP3"
"3738",18.1,1590,"3","3","MAT3_MAP3"
"3739",18,1441,"2","3","MAT2_MAP3"
"3740",19.3,1590,"3","3","MAT3_MAP3"
"3741",17.9,1345,"2","2","MAT2_MAP2"
"3742",17.9,1347,"2","2","MAT2_MAP2"
"3743",17.9,1434,"2","3","MAT2_MAP3"
"3744",18.2,1616,"3","3","MAT3_MAP3"
"3745",18,1391,"2","2","MAT2_MAP2"
"3746",17.9,1391,"2","2","MAT2_MAP2"
"3747",18.1,1339,"3","2","MAT3_MAP2"
"3748",17.8,1536,"2","3","MAT2_MAP3"
"3749",18.6,1594,"3","3","MAT3_MAP3"
"3750",17.4,1418,"2","3","MAT2_MAP3"
"3751",18.1,1323,"3","2","MAT3_MAP2"
"3752",17.9,1571,"2","3","MAT2_MAP3"
"3753",17.9,1388,"2","2","MAT2_MAP2"
"3754",18,1356,"2","2","MAT2_MAP2"
"3755",18,1386,"2","2","MAT2_MAP2"
"3756",17.9,1352,"2","2","MAT2_MAP2"
"3757",18.2,1591,"3","3","MAT3_MAP3"
"3758",17.9,1565,"2","3","MAT2_MAP3"
"3759",19.6,1554,"3","3","MAT3_MAP3"
"3760",19.5,1564,"3","3","MAT3_MAP3"
"3761",19.2,1594,"3","3","MAT3_MAP3"
"3762",16.9,1463,"2","3","MAT2_MAP3"
"3763",18.1,1579,"3","3","MAT3_MAP3"
"3764",18,1577,"2","3","MAT2_MAP3"
"3765",17.9,1357,"2","2","MAT2_MAP2"
"3766",18.5,1617,"3","3","MAT3_MAP3"
"3767",17.8,1519,"2","3","MAT2_MAP3"
"3768",18.3,1586,"3","3","MAT3_MAP3"
"3769",19.1,1593,"3","3","MAT3_MAP3"
"3770",18.1,1365,"3","2","MAT3_MAP2"
"3771",17.4,1410,"2","2","MAT2_MAP2"
"3772",18,1555,"2","3","MAT2_MAP3"
"3773",18,1573,"2","3","MAT2_MAP3"
"3774",18.2,1339,"3","2","MAT3_MAP2"
"3775",18,1542,"2","3","MAT2_MAP3"
"3776",17.7,1504,"2","3","MAT2_MAP3"
"3777",18.3,1315,"3","2","MAT3_MAP2"
"3778",18.2,1581,"3","3","MAT3_MAP3"
"3779",18,1349,"2","2","MAT2_MAP2"
"3780",18.3,1301,"3","2","MAT3_MAP2"
"3781",18.1,1324,"3","2","MAT3_MAP2"
"3782",18.1,1402,"3","2","MAT3_MAP2"
"3783",19.5,1547,"3","3","MAT3_MAP3"
"3784",18.3,1305,"3","2","MAT3_MAP2"
"3785",18.1,1609,"3","3","MAT3_MAP3"
"3786",18.2,1313,"3","2","MAT3_MAP2"
"3787",16.8,1460,"2","3","MAT2_MAP3"
"3788",17.1,1442,"2","3","MAT2_MAP3"
"3789",18.2,1376,"3","2","MAT3_MAP2"
"3790",18.1,1333,"3","2","MAT3_MAP2"
"3791",18.2,1312,"3","2","MAT3_MAP2"
"3792",17,1449,"2","3","MAT2_MAP3"
"3793",17.9,1570,"2","3","MAT2_MAP3"
"3794",18,1365,"2","2","MAT2_MAP2"
"3795",16.9,1451,"2","3","MAT2_MAP3"
"3796",18,1403,"2","2","MAT2_MAP2"
"3797",18,1436,"2","3","MAT2_MAP3"
"3798",17.4,1416,"2","2","MAT2_MAP2"
"3799",17.8,1361,"2","2","MAT2_MAP2"
"3800",18.2,1319,"3","2","MAT3_MAP2"
"3801",17.7,1377,"2","2","MAT2_MAP2"
"3802",18,1554,"2","3","MAT2_MAP3"
"3803",18.2,1571,"3","3","MAT3_MAP3"
"3804",18.1,1578,"3","3","MAT3_MAP3"
"3805",18.1,1394,"3","2","MAT3_MAP2"
"3806",18.1,1387,"3","2","MAT3_MAP2"
"3807",17.1,1425,"2","3","MAT2_MAP3"
"3808",18.1,1329,"3","2","MAT3_MAP2"
"3809",17.8,1364,"2","2","MAT2_MAP2"
"3810",18.1,1549,"3","3","MAT3_MAP3"
"3811",18.2,1562,"3","3","MAT3_MAP3"
"3812",17.8,1410,"2","2","MAT2_MAP2"
"3813",17.9,1521,"2","3","MAT2_MAP3"
"3814",18,1342,"2","2","MAT2_MAP2"
"3815",18.2,1547,"3","3","MAT3_MAP3"
"3816",19.4,1520,"3","3","MAT3_MAP3"
"3817",18.1,1332,"3","2","MAT3_MAP2"
"3818",16.7,1434,"2","3","MAT2_MAP3"
"3819",18.1,1334,"3","2","MAT3_MAP2"
"3820",18.2,1572,"3","3","MAT3_MAP3"
"3821",18.1,1340,"3","2","MAT3_MAP2"
"3822",17.8,1365,"2","2","MAT2_MAP2"
"3823",19.1,1543,"3","3","MAT3_MAP3"
"3824",18,1360,"2","2","MAT2_MAP2"
"3825",17.9,1384,"2","2","MAT2_MAP2"
"3826",18.2,1545,"3","3","MAT3_MAP3"
"3827",19.1,1544,"3","3","MAT3_MAP3"
"3828",19.1,1536,"3","3","MAT3_MAP3"
"3829",17,1419,"2","3","MAT2_MAP3"
"3830",18.1,1330,"3","2","MAT3_MAP2"
"3831",18,1443,"2","3","MAT2_MAP3"
"3832",18.7,1561,"3","3","MAT3_MAP3"
"3833",18,1385,"2","2","MAT2_MAP2"
"3834",17.9,1437,"2","3","MAT2_MAP3"
"3835",18.1,1537,"3","3","MAT3_MAP3"
"3836",16.9,1415,"2","2","MAT2_MAP2"
"3837",18.5,1563,"3","3","MAT3_MAP3"
"3838",17.8,1360,"2","2","MAT2_MAP2"
"3839",18,1377,"2","2","MAT2_MAP2"
"3840",17.1,1411,"2","2","MAT2_MAP2"
"3841",18,1444,"2","3","MAT2_MAP3"
"3842",18.1,1524,"3","3","MAT3_MAP3"
"3843",17.6,1373,"2","2","MAT2_MAP2"
"3844",17.9,1401,"2","2","MAT2_MAP2"
"3845",16.9,1417,"2","2","MAT2_MAP2"
"3846",17.8,1349,"2","2","MAT2_MAP2"
"3847",17.8,1398,"2","2","MAT2_MAP2"
"3848",16.7,1427,"2","3","MAT2_MAP3"
"3849",18,1529,"2","3","MAT2_MAP3"
"3850",19,1539,"3","3","MAT3_MAP3"
"3851",18.1,1316,"3","2","MAT3_MAP2"
"3852",17.9,1535,"2","3","MAT2_MAP3"
"3853",17,1404,"2","2","MAT2_MAP2"
"3854",17.9,1332,"2","2","MAT2_MAP2"
"3855",19.1,1541,"3","3","MAT3_MAP3"
"3856",17.5,1371,"2","2","MAT2_MAP2"
"3857",17.9,1409,"2","2","MAT2_MAP2"
"3858",17.8,1397,"2","2","MAT2_MAP2"
"3859",18,1408,"2","2","MAT2_MAP2"
"3860",18.9,1548,"3","3","MAT3_MAP3"
"3861",17.9,1499,"2","3","MAT2_MAP3"
"3862",17.2,1388,"2","2","MAT2_MAP2"
"3863",16.7,1423,"2","3","MAT2_MAP3"
"3864",17,1410,"2","2","MAT2_MAP2"
"3865",17.3,1390,"2","2","MAT2_MAP2"
"3866",16.8,1421,"2","3","MAT2_MAP3"
"3867",17.2,1402,"2","2","MAT2_MAP2"
"3868",18,1371,"2","2","MAT2_MAP2"
"3869",17.8,1423,"2","3","MAT2_MAP3"
"3870",17.7,1350,"2","2","MAT2_MAP2"
"3871",17.5,1369,"2","2","MAT2_MAP2"
"3872",18.1,1321,"3","2","MAT3_MAP2"
"3873",17.9,1439,"2","3","MAT2_MAP3"
"3874",18.2,1296,"3","2","MAT3_MAP2"
"3875",18.4,1539,"3","3","MAT3_MAP3"
"3876",18,1514,"2","3","MAT2_MAP3"
"3877",18.2,1506,"3","3","MAT3_MAP3"
"3878",18.2,1292,"3","2","MAT3_MAP2"
"3879",17.9,1374,"2","2","MAT2_MAP2"
"3880",18,1417,"2","2","MAT2_MAP2"
"3881",18.3,1530,"3","3","MAT3_MAP3"
"3882",18.4,1548,"3","3","MAT3_MAP3"
"3883",18.9,1569,"3","3","MAT3_MAP3"
"3884",16.3,1459,"2","3","MAT2_MAP3"
"3885",17.3,1401,"2","2","MAT2_MAP2"
"3886",16.5,1451,"2","3","MAT2_MAP3"
"3887",19.3,1543,"3","3","MAT3_MAP3"
"3888",19,1580,"3","3","MAT3_MAP3"
"3889",17.9,1406,"2","2","MAT2_MAP2"
"3890",17.9,1369,"2","2","MAT2_MAP2"
"3891",17.8,1406,"2","2","MAT2_MAP2"
"3892",17.8,1487,"2","3","MAT2_MAP3"
"3893",19.2,1572,"3","3","MAT3_MAP3"
"3894",16.2,1464,"2","3","MAT2_MAP3"
"3895",16.4,1463,"2","3","MAT2_MAP3"
"3896",17.9,1386,"2","2","MAT2_MAP2"
"3897",19.4,1554,"3","3","MAT3_MAP3"
"3898",18,1333,"2","2","MAT2_MAP2"
"3899",17.9,1397,"2","2","MAT2_MAP2"
"3900",18,1353,"2","2","MAT2_MAP2"
"3901",18.1,1338,"3","2","MAT3_MAP2"
"3902",16.6,1458,"2","3","MAT2_MAP3"
"3903",19.1,1584,"3","3","MAT3_MAP3"
"3904",17.9,1438,"2","3","MAT2_MAP3"
"3905",17.8,1374,"2","2","MAT2_MAP2"
"3906",18.3,1502,"3","3","MAT3_MAP3"
"3907",18.1,1482,"3","3","MAT3_MAP3"
"3908",18.1,1489,"3","3","MAT3_MAP3"
"3909",19.4,1561,"3","3","MAT3_MAP3"
"3910",16.3,1468,"2","3","MAT2_MAP3"
"3911",19,1589,"3","3","MAT3_MAP3"
"3912",16.8,1448,"2","3","MAT2_MAP3"
"3913",16.4,1476,"2","3","MAT2_MAP3"
"3914",18.7,1521,"3","3","MAT3_MAP3"
"3915",18.1,1410,"3","2","MAT3_MAP2"
"3916",18,1446,"2","3","MAT2_MAP3"
"3917",18.3,1488,"3","3","MAT3_MAP3"
"3918",17.8,1379,"2","2","MAT2_MAP2"
"3919",16.7,1454,"2","3","MAT2_MAP3"
"3920",16.5,1474,"2","3","MAT2_MAP3"
"3921",16.6,1467,"2","3","MAT2_MAP3"
"3922",17.9,1356,"2","2","MAT2_MAP2"
"3923",17.9,1368,"2","2","MAT2_MAP2"
"3924",17.9,1351,"2","2","MAT2_MAP2"
"3925",18.7,1519,"3","3","MAT3_MAP3"
"3926",18,1350,"2","2","MAT2_MAP2"
"3927",18.5,1472,"3","3","MAT3_MAP3"
"3928",18.1,1435,"3","3","MAT3_MAP3"
"3929",18,1351,"2","2","MAT2_MAP2"
"3930",16.7,1458,"2","3","MAT2_MAP3"
"3931",18.2,1439,"3","3","MAT3_MAP3"
"3932",19.1,1599,"3","3","MAT3_MAP3"
"3933",19.1,1598,"3","3","MAT3_MAP3"
"3934",18.4,1451,"3","3","MAT3_MAP3"
"3935",16.3,1471,"2","3","MAT2_MAP3"
"3936",15,1537,"1","3","MAT1_MAP3"
"3937",16.1,1429,"2","3","MAT2_MAP3"
"3938",16.1,1482,"2","3","MAT2_MAP3"
"3939",19.5,1559,"3","3","MAT3_MAP3"
"3940",17.8,1369,"2","2","MAT2_MAP2"
"3941",16.8,1456,"2","3","MAT2_MAP3"
"3942",17.9,1363,"2","2","MAT2_MAP2"
"3943",19.6,1555,"3","3","MAT3_MAP3"
"3944",18.8,1497,"3","3","MAT3_MAP3"
"3945",19,1575,"3","3","MAT3_MAP3"
"3946",19.1,1572,"3","3","MAT3_MAP3"
"3947",17.4,1407,"2","2","MAT2_MAP2"
"3948",17.8,1367,"2","2","MAT2_MAP2"
"3949",19.1,1570,"3","3","MAT3_MAP3"
"3950",15.8,1447,"1","3","MAT1_MAP3"
"3951",16.5,1470,"2","3","MAT2_MAP3"
"3952",18.2,1420,"3","3","MAT3_MAP3"
"3953",18.2,1448,"3","3","MAT3_MAP3"
"3954",18.1,1390,"3","2","MAT3_MAP2"
"3955",18.5,1454,"3","3","MAT3_MAP3"
"3956",17.7,1373,"2","2","MAT2_MAP2"
"3957",16.4,1471,"2","3","MAT2_MAP3"
"3958",17,1437,"2","3","MAT2_MAP3"
"3959",16.2,1468,"2","3","MAT2_MAP3"
"3960",18.3,1435,"3","3","MAT3_MAP3"
"3961",15.9,1475,"2","3","MAT2_MAP3"
"3962",18.8,1458,"3","3","MAT3_MAP3"
"3963",16.9,1449,"2","3","MAT2_MAP3"
"3964",17.8,1357,"2","2","MAT2_MAP2"
"3965",18.7,1445,"3","3","MAT3_MAP3"
"3966",18.1,1385,"3","2","MAT3_MAP2"
"3967",18.6,1446,"3","3","MAT3_MAP3"
"3968",19.3,1570,"3","3","MAT3_MAP3"
"3969",18.4,1438,"3","3","MAT3_MAP3"
"3970",18.1,1349,"3","2","MAT3_MAP2"
"3971",17.8,1366,"2","2","MAT2_MAP2"
"3972",17.8,1363,"2","2","MAT2_MAP2"
"3973",15.4,1499,"1","3","MAT1_MAP3"
"3974",16.7,1459,"2","3","MAT2_MAP3"
"3975",18.6,1425,"3","3","MAT3_MAP3"
"3976",15.3,1488,"1","3","MAT1_MAP3"
"3977",17.7,1372,"2","2","MAT2_MAP2"
"3978",15.4,1487,"1","3","MAT1_MAP3"
"3979",16.4,1466,"2","3","MAT2_MAP3"
"3980",18.3,1373,"3","2","MAT3_MAP2"
"3981",18.5,1415,"3","2","MAT3_MAP2"
"3982",17.4,1412,"2","2","MAT2_MAP2"
"3983",18.3,1367,"3","2","MAT3_MAP2"
"3984",18.6,1440,"3","3","MAT3_MAP3"
"3985",15.3,1510,"1","3","MAT1_MAP3"
"3986",18.7,1447,"3","3","MAT3_MAP3"
"3987",18.6,1420,"3","3","MAT3_MAP3"
"3988",19.2,1534,"3","3","MAT3_MAP3"
"3989",18.8,1453,"3","3","MAT3_MAP3"
"3990",18.9,1469,"3","3","MAT3_MAP3"
"3991",19.1,1504,"3","3","MAT3_MAP3"
"3992",17,1436,"2","3","MAT2_MAP3"
"3993",15.5,1485,"1","3","MAT1_MAP3"
"3994",16.5,1460,"2","3","MAT2_MAP3"
"3995",15.1,1514,"1","3","MAT1_MAP3"
"3996",15.9,1406,"2","2","MAT2_MAP2"
"3997",15.7,1478,"1","3","MAT1_MAP3"
"3998",15.8,1481,"1","3","MAT1_MAP3"
"3999",15.4,1468,"1","3","MAT1_MAP3"
"4000",18,1361,"2","2","MAT2_MAP2"
"4001",18.8,1445,"3","3","MAT3_MAP3"
"4002",18.5,1404,"3","2","MAT3_MAP2"
"4003",18.4,1388,"3","2","MAT3_MAP2"
"4004",18.2,1362,"3","2","MAT3_MAP2"
"4005",18.4,1395,"3","2","MAT3_MAP2"
"4006",18.4,1374,"3","2","MAT3_MAP2"
"4007",17.5,1395,"2","2","MAT2_MAP2"
"4008",17.9,1365,"2","2","MAT2_MAP2"
"4009",16.1,1468,"2","3","MAT2_MAP3"
"4010",16.9,1445,"2","3","MAT2_MAP3"
"4011",16.1,1469,"2","3","MAT2_MAP3"
"4012",15.6,1488,"1","3","MAT1_MAP3"
"4013",15.4,1491,"1","3","MAT1_MAP3"
"4014",16.7,1451,"2","3","MAT2_MAP3"
"4015",17.7,1359,"2","2","MAT2_MAP2"
"4016",18.6,1379,"3","2","MAT3_MAP2"
"4017",18.4,1376,"3","2","MAT3_MAP2"
"4018",14.6,1535,"1","3","MAT1_MAP3"
"4019",15.5,1447,"1","3","MAT1_MAP3"
"4020",19,1449,"3","3","MAT3_MAP3"
"4021",18.9,1407,"3","2","MAT3_MAP2"
"4022",18.5,1379,"3","2","MAT3_MAP2"
"4023",19,1479,"3","3","MAT3_MAP3"
"4024",16.6,1455,"2","3","MAT2_MAP3"
"4025",16.1,1479,"2","3","MAT2_MAP3"
"4026",15.6,1482,"1","3","MAT1_MAP3"
"4027",19,1463,"3","3","MAT3_MAP3"
"4028",17.9,1359,"2","2","MAT2_MAP2"
"4029",15.8,1487,"1","3","MAT1_MAP3"
"4030",15.6,1474,"1","3","MAT1_MAP3"
"4031",18.7,1382,"3","2","MAT3_MAP2"
"4032",18.5,1375,"3","2","MAT3_MAP2"
"4033",19.3,1531,"3","3","MAT3_MAP3"
"4034",19,1474,"3","3","MAT3_MAP3"
"4035",18.2,1352,"3","2","MAT3_MAP2"
"4036",18.7,1364,"3","2","MAT3_MAP2"
"4037",18.5,1370,"3","2","MAT3_MAP2"
"4038",19.1,1475,"3","3","MAT3_MAP3"
"4039",19,1378,"3","2","MAT3_MAP2"
"4040",17.6,1381,"2","2","MAT2_MAP2"
"4041",18.7,1362,"3","2","MAT3_MAP2"
"4042",18.9,1364,"3","2","MAT3_MAP2"
"4043",19.2,1556,"3","3","MAT3_MAP3"
"4044",15.7,1483,"1","3","MAT1_MAP3"
"4045",18.8,1354,"3","2","MAT3_MAP2"
"4046",15.7,1472,"1","3","MAT1_MAP3"
"4047",16.4,1462,"2","3","MAT2_MAP3"
"4048",17.7,1360,"2","2","MAT2_MAP2"
"4049",18.9,1436,"3","3","MAT3_MAP3"
"4050",16.1,1470,"2","3","MAT2_MAP3"
"4051",19,1452,"3","3","MAT3_MAP3"
"4052",17.8,1343,"2","2","MAT2_MAP2"
"4053",18.7,1353,"3","2","MAT3_MAP2"
"4054",15.7,1440,"1","3","MAT1_MAP3"
"4055",18.3,1369,"3","2","MAT3_MAP2"
"4056",18.3,1341,"3","2","MAT3_MAP2"
"4057",18.7,1354,"3","2","MAT3_MAP2"
"4058",19,1437,"3","3","MAT3_MAP3"
"4059",17.1,1418,"2","3","MAT2_MAP3"
"4060",18.4,1355,"3","2","MAT3_MAP2"
"4061",19.2,1550,"3","3","MAT3_MAP3"
"4062",19.2,1508,"3","3","MAT3_MAP3"
"4063",18.1,1352,"3","2","MAT3_MAP2"
"4064",19.3,1525,"3","3","MAT3_MAP3"
"4065",19,1425,"3","3","MAT3_MAP3"
"4066",17.8,1342,"2","2","MAT2_MAP2"
"4067",19.1,1501,"3","3","MAT3_MAP3"
"4068",18.5,1376,"3","2","MAT3_MAP2"
"4069",18.2,1334,"3","2","MAT3_MAP2"
"4070",18.9,1414,"3","2","MAT3_MAP2"
"4071",18.4,1357,"3","2","MAT3_MAP2"
"4072",18,1335,"2","2","MAT2_MAP2"
"4073",17.6,1352,"2","2","MAT2_MAP2"
"4074",19.1,1477,"3","3","MAT3_MAP3"
"4075",19,1439,"3","3","MAT3_MAP3"
"4076",19.2,1488,"3","3","MAT3_MAP3"
"4077",15.7,1452,"1","3","MAT1_MAP3"
"4078",18.7,1357,"3","2","MAT3_MAP2"
"4079",18.8,1335,"3","2","MAT3_MAP2"
"4080",18.8,1341,"3","2","MAT3_MAP2"
"4081",14.7,1485,"1","3","MAT1_MAP3"
"4082",17.9,1333,"2","2","MAT2_MAP2"
"4083",17.8,1332,"2","2","MAT2_MAP2"
"4084",18.9,1385,"3","2","MAT3_MAP2"
"4085",18.8,1356,"3","2","MAT3_MAP2"
"4086",15.6,1438,"1","3","MAT1_MAP3"
"4087",18.7,1345,"3","2","MAT3_MAP2"
"4088",19.1,1450,"3","3","MAT3_MAP3"
"4089",18.9,1372,"3","2","MAT3_MAP2"
"4090",18.1,1350,"3","2","MAT3_MAP2"
"4091",19,1440,"3","3","MAT3_MAP3"
"4092",19.5,1561,"3","3","MAT3_MAP3"
"4093",15.1,1464,"1","3","MAT1_MAP3"
"4094",18.7,1351,"3","2","MAT3_MAP2"
"4095",17.5,1352,"2","2","MAT2_MAP2"
"4096",18.2,1358,"3","2","MAT3_MAP2"
"4097",17.6,1342,"2","2","MAT2_MAP2"
"4098",15.4,1466,"1","3","MAT1_MAP3"
"4099",15.6,1458,"1","3","MAT1_MAP3"
"4100",18.9,1367,"3","2","MAT3_MAP2"
"4101",16.4,1442,"2","3","MAT2_MAP3"
"4102",16.5,1442,"2","3","MAT2_MAP3"
"4103",17.7,1337,"2","2","MAT2_MAP2"
"4104",18.9,1392,"3","2","MAT3_MAP2"
"4105",14.9,1470,"1","3","MAT1_MAP3"
"4106",18.9,1378,"3","2","MAT3_MAP2"
"4107",18.6,1350,"3","2","MAT3_MAP2"
"4108",15.1,1474,"1","3","MAT1_MAP3"
"4109",19.1,1429,"3","3","MAT3_MAP3"
"4110",15.3,1447,"1","3","MAT1_MAP3"
"4111",15,1463,"1","3","MAT1_MAP3"
"4112",19.6,1556,"3","3","MAT3_MAP3"
"4113",18.9,1332,"3","2","MAT3_MAP2"
"4114",19,1422,"3","3","MAT3_MAP3"
"4115",18.5,1360,"3","2","MAT3_MAP2"
"4116",17.5,1349,"2","2","MAT2_MAP2"
"4117",19.1,1542,"3","3","MAT3_MAP3"
"4118",15.3,1450,"1","3","MAT1_MAP3"
"4119",15.3,1448,"1","3","MAT1_MAP3"
"4120",19,1412,"3","2","MAT3_MAP2"
"4121",15.5,1455,"1","3","MAT1_MAP3"
"4122",15.9,1459,"2","3","MAT2_MAP3"
"4123",15.2,1473,"1","3","MAT1_MAP3"
"4124",17.7,1336,"2","2","MAT2_MAP2"
"4125",18.9,1363,"3","2","MAT3_MAP2"
"4126",18.9,1355,"3","2","MAT3_MAP2"
"4127",15.9,1453,"2","3","MAT2_MAP3"
"4128",18.5,1350,"3","2","MAT3_MAP2"
"4129",18.5,1340,"3","2","MAT3_MAP2"
"4130",15.3,1465,"1","3","MAT1_MAP3"
"4131",15,1460,"1","3","MAT1_MAP3"
"4132",19.1,1401,"3","2","MAT3_MAP2"
"4133",19.1,1415,"3","2","MAT3_MAP2"
"4134",18.3,1346,"3","2","MAT3_MAP2"
"4135",18.5,1343,"3","2","MAT3_MAP2"
"4136",19,1394,"3","2","MAT3_MAP2"
"4137",17.1,1401,"2","2","MAT2_MAP2"
"4138",18.9,1345,"3","2","MAT3_MAP2"
"4139",18.7,1352,"3","2","MAT3_MAP2"
"4140",19,1385,"3","2","MAT3_MAP2"
"4141",19.1,1438,"3","3","MAT3_MAP3"
"4142",19,1393,"3","2","MAT3_MAP2"
"4143",18.9,1506,"3","3","MAT3_MAP3"
"4144",18.3,1334,"3","2","MAT3_MAP2"
"4145",19.1,1548,"3","3","MAT3_MAP3"
"4146",18.4,1360,"3","2","MAT3_MAP2"
"4147",17.5,1347,"2","2","MAT2_MAP2"
"4148",18.7,1343,"3","2","MAT3_MAP2"
"4149",15.2,1463,"1","3","MAT1_MAP3"
"4150",15.4,1457,"1","3","MAT1_MAP3"
"4151",15.1,1477,"1","3","MAT1_MAP3"
"4152",17.8,1319,"2","2","MAT2_MAP2"
"4153",17.9,1318,"2","2","MAT2_MAP2"
"4154",18.8,1345,"3","2","MAT3_MAP2"
"4155",17.3,1375,"2","2","MAT2_MAP2"
"4156",18.5,1364,"3","2","MAT3_MAP2"
"4157",16.1,1438,"2","3","MAT2_MAP3"
"4158",18.9,1375,"3","2","MAT3_MAP2"
"4159",18.8,1353,"3","2","MAT3_MAP2"
"4160",19,1383,"3","2","MAT3_MAP2"
"4161",19,1442,"3","3","MAT3_MAP3"
"4162",17.9,1306,"2","2","MAT2_MAP2"
"4163",15.7,1434,"1","3","MAT1_MAP3"
"4164",18,1325,"2","2","MAT2_MAP2"
"4165",15.1,1452,"1","3","MAT1_MAP3"
"4166",19.1,1465,"3","3","MAT3_MAP3"
"4167",18.3,1339,"3","2","MAT3_MAP2"
"4168",20,1522,"3","3","MAT3_MAP3"
"4169",16.8,1413,"2","2","MAT2_MAP2"
"4170",14.8,1464,"1","3","MAT1_MAP3"
"4171",19,1382,"3","2","MAT3_MAP2"
"4172",18.6,1351,"3","2","MAT3_MAP2"
"4173",19,1387,"3","2","MAT3_MAP2"
"4174",18,1341,"2","2","MAT2_MAP2"
"4175",18.7,1361,"3","2","MAT3_MAP2"
"4176",18.9,1368,"3","2","MAT3_MAP2"
"4177",17.9,1308,"2","2","MAT2_MAP2"
"4178",15.6,1437,"1","3","MAT1_MAP3"
"4179",17,1396,"2","2","MAT2_MAP2"
"4180",19.1,1455,"3","3","MAT3_MAP3"
"4181",20.1,1507,"3","3","MAT3_MAP3"
"4182",19,1515,"3","3","MAT3_MAP3"
"4183",19.1,1416,"3","2","MAT3_MAP2"
"4184",19.3,1538,"3","3","MAT3_MAP3"
"4185",16.8,1393,"2","2","MAT2_MAP2"
"4186",16.3,1419,"2","3","MAT2_MAP3"
"4187",18.6,1363,"3","2","MAT3_MAP2"
"4188",16.9,1394,"2","2","MAT2_MAP2"
"4189",18.4,1352,"3","2","MAT3_MAP2"
"4190",15.3,1473,"1","3","MAT1_MAP3"
"4191",19,1506,"3","3","MAT3_MAP3"
"4192",18,1287,"2","2","MAT2_MAP2"
"4193",19.4,1537,"3","3","MAT3_MAP3"
"4194",15.3,1463,"1","3","MAT1_MAP3"
"4195",17.6,1303,"2","2","MAT2_MAP2"
"4196",15.4,1455,"1","3","MAT1_MAP3"
"4197",15,1458,"1","3","MAT1_MAP3"
"4198",15.1,1445,"1","3","MAT1_MAP3"
"4199",15.5,1428,"1","3","MAT1_MAP3"
"4200",18.1,1292,"3","2","MAT3_MAP2"
"4201",20.2,1464,"3","3","MAT3_MAP3"
"4202",16.6,1389,"2","2","MAT2_MAP2"
"4203",15.4,1447,"1","3","MAT1_MAP3"
"4204",19,1376,"3","2","MAT3_MAP2"
"4205",17.6,1306,"2","2","MAT2_MAP2"
"4206",18.9,1366,"3","2","MAT3_MAP2"
"4207",18,1312,"2","2","MAT2_MAP2"
"4208",19.1,1405,"3","2","MAT3_MAP2"
"4209",20,1540,"3","3","MAT3_MAP3"
"4210",18,1281,"2","2","MAT2_MAP2"
"4211",18,1285,"2","2","MAT2_MAP2"
"4212",17.4,1318,"2","2","MAT2_MAP2"
"4213",17.9,1277,"2","2","MAT2_MAP2"
"4214",20.1,1524,"3","3","MAT3_MAP3"
"4215",20,1563,"3","3","MAT3_MAP3"
"4216",18.7,1358,"3","2","MAT3_MAP2"
"4217",15.2,1429,"1","3","MAT1_MAP3"
"4218",15.1,1425,"1","3","MAT1_MAP3"
"4219",19.2,1495,"3","3","MAT3_MAP3"
"4220",15.3,1422,"1","3","MAT1_MAP3"
"4221",19.2,1476,"3","3","MAT3_MAP3"
"4222",18.7,1363,"3","2","MAT3_MAP2"
"4223",19.2,1417,"3","2","MAT3_MAP2"
"4224",16.7,1372,"2","2","MAT2_MAP2"
"4225",15.5,1423,"1","3","MAT1_MAP3"
"4226",18.3,1356,"3","2","MAT3_MAP2"
"4227",19.2,1426,"3","3","MAT3_MAP3"
"4228",18.4,1327,"3","2","MAT3_MAP2"
"4229",16.9,1355,"2","2","MAT2_MAP2"
"4230",16.5,1378,"2","2","MAT2_MAP2"
"4231",15.2,1436,"1","3","MAT1_MAP3"
"4232",15.4,1426,"1","3","MAT1_MAP3"
"4233",16.5,1386,"2","2","MAT2_MAP2"
"4234",18.1,1295,"3","2","MAT3_MAP2"
"4235",17.2,1333,"2","2","MAT2_MAP2"
"4236",18.3,1318,"3","2","MAT3_MAP2"
"4237",18.2,1298,"3","2","MAT3_MAP2"
"4238",19.8,1607,"3","3","MAT3_MAP3"
"4239",17.8,1263,"2","2","MAT2_MAP2"
"4240",16.4,1388,"2","2","MAT2_MAP2"
"4241",15.1,1434,"1","3","MAT1_MAP3"
"4242",19.2,1445,"3","3","MAT3_MAP3"
"4243",17.1,1340,"2","2","MAT2_MAP2"
"4244",16.5,1380,"2","2","MAT2_MAP2"
"4245",15.6,1412,"1","2","MAT1_MAP2"
"4246",15.7,1413,"1","2","MAT1_MAP2"
"4247",20.1,1499,"3","3","MAT3_MAP3"
"4248",18.2,1289,"3","2","MAT3_MAP2"
"4249",19.1,1373,"3","2","MAT3_MAP2"
"4250",19.2,1428,"3","3","MAT3_MAP3"
"4251",18.8,1352,"3","2","MAT3_MAP2"
"4252",19.4,1498,"3","3","MAT3_MAP3"
"4253",19.5,1514,"3","3","MAT3_MAP3"
"4254",18.6,1358,"3","2","MAT3_MAP2"
"4255",17.8,1254,"2","2","MAT2_MAP2"
"4256",17.1,1333,"2","2","MAT2_MAP2"
"4257",18.8,1347,"3","2","MAT3_MAP2"
"4258",19.2,1394,"3","2","MAT3_MAP2"
"4259",17.7,1262,"2","2","MAT2_MAP2"
"4260",15.5,1406,"1","2","MAT1_MAP2"
"4261",18.1,1299,"3","2","MAT3_MAP2"
"4262",18,1266,"2","2","MAT2_MAP2"
"4263",15.2,1422,"1","3","MAT1_MAP3"
"4264",19.3,1443,"3","3","MAT3_MAP3"
"4265",15.2,1421,"1","3","MAT1_MAP3"
"4266",15.6,1398,"1","2","MAT1_MAP2"
"4267",18.6,1361,"3","2","MAT3_MAP2"
"4268",17.8,1240,"2","1","MAT2_MAP1"
"4269",19.1,1357,"3","2","MAT3_MAP2"
"4270",20,1528,"3","3","MAT3_MAP3"
"4271",15.7,1407,"1","2","MAT1_MAP2"
"4272",16.7,1365,"2","2","MAT2_MAP2"
"4273",15.2,1397,"1","2","MAT1_MAP2"
"4274",19.1,1351,"3","2","MAT3_MAP2"
"4275",19.8,1585,"3","3","MAT3_MAP3"
"4276",16.1,1373,"2","2","MAT2_MAP2"
"4277",19.9,1572,"3","3","MAT3_MAP3"
"4278",19.1,1363,"3","2","MAT3_MAP2"
"4279",16.7,1358,"2","2","MAT2_MAP2"
"4280",19.1,1361,"3","2","MAT3_MAP2"
"4281",19.7,1564,"3","3","MAT3_MAP3"
"4282",19.7,1554,"3","3","MAT3_MAP3"
"4283",16.3,1359,"2","2","MAT2_MAP2"
"4284",18.3,1298,"3","2","MAT3_MAP2"
"4285",18.3,1310,"3","2","MAT3_MAP2"
"4286",20.1,1474,"3","3","MAT3_MAP3"
"4287",19.6,1523,"3","3","MAT3_MAP3"
"4288",19,1336,"3","2","MAT3_MAP2"
"4289",15.5,1402,"1","2","MAT1_MAP2"
"4290",16.8,1351,"2","2","MAT2_MAP2"
"4291",18,1204,"2","1","MAT2_MAP1"
"4292",16.5,1373,"2","2","MAT2_MAP2"
"4293",17.5,1283,"2","2","MAT2_MAP2"
"4294",19.9,1534,"3","3","MAT3_MAP3"
"4295",19.2,1387,"3","2","MAT3_MAP2"
"4296",19,1355,"3","2","MAT3_MAP2"
"4297",19.2,1382,"3","2","MAT3_MAP2"
"4298",19.1,1365,"3","2","MAT3_MAP2"
"4299",17,1335,"2","2","MAT2_MAP2"
"4300",18.2,1257,"3","2","MAT3_MAP2"
"4301",19.2,1370,"3","2","MAT3_MAP2"
"4302",18.9,1324,"3","2","MAT3_MAP2"
"4303",19.5,1491,"3","3","MAT3_MAP3"
"4304",18.9,1351,"3","2","MAT3_MAP2"
"4305",16.3,1358,"2","2","MAT2_MAP2"
"4306",18,1223,"2","1","MAT2_MAP1"
"4307",19.3,1445,"3","3","MAT3_MAP3"
"4308",20.1,1462,"3","3","MAT3_MAP3"
"4309",18.8,1351,"3","2","MAT3_MAP2"
"4310",16.6,1354,"2","2","MAT2_MAP2"
"4311",16.1,1366,"2","2","MAT2_MAP2"
"4312",16.6,1357,"2","2","MAT2_MAP2"
"4313",20,1524,"3","3","MAT3_MAP3"
"4314",18.5,1300,"3","2","MAT3_MAP2"
"4315",19.3,1434,"3","3","MAT3_MAP3"
"4316",16,1355,"2","2","MAT2_MAP2"
"4317",19.4,1504,"3","3","MAT3_MAP3"
"4318",19.5,1461,"3","3","MAT3_MAP3"
"4319",15.3,1400,"1","2","MAT1_MAP2"
"4320",17.4,1277,"2","2","MAT2_MAP2"
"4321",19.3,1395,"3","2","MAT3_MAP2"
"4322",18.5,1327,"3","2","MAT3_MAP2"
"4323",18.1,1279,"3","2","MAT3_MAP2"
"4324",16.5,1357,"2","2","MAT2_MAP2"
"4325",18.7,1341,"3","2","MAT3_MAP2"
"4326",19.2,1365,"3","2","MAT3_MAP2"
"4327",18.7,1332,"3","2","MAT3_MAP2"
"4328",16.7,1351,"2","2","MAT2_MAP2"
"4329",19.5,1506,"3","3","MAT3_MAP3"
"4330",20,1529,"3","3","MAT3_MAP3"
"4331",18.9,1331,"3","2","MAT3_MAP2"
"4332",17,1318,"2","2","MAT2_MAP2"
"4333",16.8,1343,"2","2","MAT2_MAP2"
"4334",16.7,1348,"2","2","MAT2_MAP2"
"4335",18.5,1291,"3","2","MAT3_MAP2"
"4336",18,1192,"2","1","MAT2_MAP1"
"4337",15.4,1385,"1","2","MAT1_MAP2"
"4338",15.3,1374,"1","2","MAT1_MAP2"
"4339",18.8,1338,"3","2","MAT3_MAP2"
"4340",16.4,1335,"2","2","MAT2_MAP2"
"4341",15.3,1394,"1","2","MAT1_MAP2"
"4342",15.4,1340,"1","2","MAT1_MAP2"
"4343",19,1344,"3","2","MAT3_MAP2"
"4344",18.9,1347,"3","2","MAT3_MAP2"
"4345",17.3,1289,"2","2","MAT2_MAP2"
"4346",15.4,1371,"1","2","MAT1_MAP2"
"4347",19.1,1354,"3","2","MAT3_MAP2"
"4348",18.2,1179,"3","1","MAT3_MAP1"
"4349",15.4,1380,"1","2","MAT1_MAP2"
"4350",19.1,1344,"3","2","MAT3_MAP2"
"4351",17,1317,"2","2","MAT2_MAP2"
"4352",19.6,1499,"3","3","MAT3_MAP3"
"4353",17.6,1244,"2","1","MAT2_MAP1"
"4354",15.3,1379,"1","2","MAT1_MAP2"
"4355",19.4,1384,"3","2","MAT3_MAP2"
"4356",19.7,1527,"3","3","MAT3_MAP3"
"4357",19.3,1364,"3","2","MAT3_MAP2"
"4358",18.4,1290,"3","2","MAT3_MAP2"
"4359",19.4,1406,"3","2","MAT3_MAP2"
"4360",16.3,1339,"2","2","MAT2_MAP2"
"4361",18.4,1283,"3","2","MAT3_MAP2"
"4362",17.9,1194,"2","1","MAT2_MAP1"
"4363",16,1339,"2","2","MAT2_MAP2"
"4364",19.5,1495,"3","3","MAT3_MAP3"
"4365",19.3,1369,"3","2","MAT3_MAP2"
"4366",19.9,1524,"3","3","MAT3_MAP3"
"4367",18.5,1317,"3","2","MAT3_MAP2"
"4368",16.3,1343,"2","2","MAT2_MAP2"
"4369",16.8,1330,"2","2","MAT2_MAP2"
"4370",17.9,1214,"2","1","MAT2_MAP1"
"4371",18.1,1219,"3","1","MAT3_MAP1"
"4372",16.1,1337,"2","2","MAT2_MAP2"
"4373",15.3,1351,"1","2","MAT1_MAP2"
"4374",19.4,1477,"3","3","MAT3_MAP3"
"4375",19,1335,"3","2","MAT3_MAP2"
"4376",19.4,1403,"3","2","MAT3_MAP2"
"4377",15.3,1354,"1","2","MAT1_MAP2"
"4378",19.4,1420,"3","3","MAT3_MAP3"
"4379",19.2,1351,"3","2","MAT3_MAP2"
"4380",18,1176,"2","1","MAT2_MAP1"
"4381",19.7,1521,"3","3","MAT3_MAP3"
"4382",17.3,1274,"2","2","MAT2_MAP2"
"4383",17.3,1287,"2","2","MAT2_MAP2"
"4384",15.6,1349,"1","2","MAT1_MAP2"
"4385",19.9,1512,"3","3","MAT3_MAP3"
"4386",18,1195,"2","1","MAT2_MAP1"
"4387",18.3,1274,"3","2","MAT3_MAP2"
"4388",16,1324,"2","2","MAT2_MAP2"
"4389",15.9,1324,"2","2","MAT2_MAP2"
"4390",19.3,1355,"3","2","MAT3_MAP2"
"4391",16,1317,"2","2","MAT2_MAP2"
"4392",15.2,1363,"1","2","MAT1_MAP2"
"4393",19.2,1343,"3","2","MAT3_MAP2"
"4394",19.2,1455,"3","3","MAT3_MAP3"
"4395",18.3,1265,"3","2","MAT3_MAP2"
"4396",19.1,1333,"3","2","MAT3_MAP2"
"4397",19.4,1370,"3","2","MAT3_MAP2"
"4398",17.3,1282,"2","2","MAT2_MAP2"
"4399",15.8,1332,"1","2","MAT1_MAP2"
"4400",17.3,1279,"2","2","MAT2_MAP2"
"4401",18,1209,"2","1","MAT2_MAP1"
"4402",18.4,1255,"3","2","MAT3_MAP2"
"4403",18.8,1321,"3","2","MAT3_MAP2"
"4404",16.3,1340,"2","2","MAT2_MAP2"
"4405",15.1,1372,"1","2","MAT1_MAP2"
"4406",19.4,1353,"3","2","MAT3_MAP2"
"4407",15.2,1361,"1","2","MAT1_MAP2"
"4408",15.9,1330,"2","2","MAT2_MAP2"
"4409",17.9,1206,"2","1","MAT2_MAP1"
"4410",16.2,1326,"2","2","MAT2_MAP2"
"4411",19.4,1367,"3","2","MAT3_MAP2"
"4412",16.4,1328,"2","2","MAT2_MAP2"
"4413",19.9,1513,"3","3","MAT3_MAP3"
"4414",16.5,1332,"2","2","MAT2_MAP2"
"4415",17.3,1273,"2","2","MAT2_MAP2"
"4416",19.7,1502,"3","3","MAT3_MAP3"
"4417",16.2,1325,"2","2","MAT2_MAP2"
"4418",18.2,1280,"3","2","MAT3_MAP2"
"4419",19.3,1478,"3","3","MAT3_MAP3"
"4420",19.7,1506,"3","3","MAT3_MAP3"
"4421",17.9,1202,"2","1","MAT2_MAP1"
"4422",19,1330,"3","2","MAT3_MAP2"
"4423",17.9,1211,"2","1","MAT2_MAP1"
"4424",19.8,1516,"3","3","MAT3_MAP3"
"4425",18.9,1319,"3","2","MAT3_MAP2"
"4426",19.3,1464,"3","3","MAT3_MAP3"
"4427",17.9,1199,"2","1","MAT2_MAP1"
"4428",18.8,1314,"3","2","MAT3_MAP2"
"4429",19.4,1366,"3","2","MAT3_MAP2"
"4430",17.7,1223,"2","1","MAT2_MAP1"
"4431",19.3,1340,"3","2","MAT3_MAP2"
"4432",16.9,1311,"2","2","MAT2_MAP2"
"4433",17.8,1248,"2","1","MAT2_MAP1"
"4434",17.7,1233,"2","1","MAT2_MAP1"
"4435",18,1233,"2","1","MAT2_MAP1"
"4436",17.8,1227,"2","1","MAT2_MAP1"
"4437",18.5,1290,"3","2","MAT3_MAP2"
"4438",15.6,1343,"1","2","MAT1_MAP2"
"4439",19.4,1362,"3","2","MAT3_MAP2"
"4440",18.9,1310,"3","2","MAT3_MAP2"
"4441",18.8,1304,"3","2","MAT3_MAP2"
"4442",15.9,1320,"2","2","MAT2_MAP2"
"4443",16.3,1315,"2","2","MAT2_MAP2"
"4444",17.8,1215,"2","1","MAT2_MAP1"
"4445",20,1495,"3","3","MAT3_MAP3"
"4446",19.2,1475,"3","3","MAT3_MAP3"
"4447",16.5,1319,"2","2","MAT2_MAP2"
"4448",18.1,1263,"3","2","MAT3_MAP2"
"4449",17.8,1236,"2","1","MAT2_MAP1"
"4450",16.4,1313,"2","2","MAT2_MAP2"
"4451",18,1261,"2","2","MAT2_MAP2"
"4452",18.9,1312,"3","2","MAT3_MAP2"
"4453",17.2,1285,"2","2","MAT2_MAP2"
"4454",19.5,1478,"3","3","MAT3_MAP3"
"4455",19.2,1427,"3","3","MAT3_MAP3"
"4456",17.9,1229,"2","1","MAT2_MAP1"
"4457",19.4,1385,"3","2","MAT3_MAP2"
"4458",18.6,1296,"3","2","MAT3_MAP2"
"4459",18.5,1283,"3","2","MAT3_MAP2"
"4460",18,1252,"2","1","MAT2_MAP1"
"4461",17.7,1229,"2","1","MAT2_MAP1"
"4462",17.5,1244,"2","1","MAT2_MAP1"
"4463",19.5,1500,"3","3","MAT3_MAP3"
"4464",19.5,1374,"3","2","MAT3_MAP2"
"4465",16.3,1310,"2","2","MAT2_MAP2"
"4466",19.2,1335,"3","2","MAT3_MAP2"
"4467",16.2,1308,"2","2","MAT2_MAP2"
"4468",15.7,1327,"1","2","MAT1_MAP2"
"4469",16.5,1322,"2","2","MAT2_MAP2"
"4470",17.6,1240,"2","1","MAT2_MAP1"
"4471",18.1,1225,"3","1","MAT3_MAP1"
"4472",19.2,1435,"3","3","MAT3_MAP3"
"4473",16.4,1307,"2","2","MAT2_MAP2"
"4474",19,1308,"3","2","MAT3_MAP2"
"4475",17.8,1222,"2","1","MAT2_MAP1"
"4476",19.2,1334,"3","2","MAT3_MAP2"
"4477",19.9,1508,"3","3","MAT3_MAP3"
"4478",15,1372,"1","2","MAT1_MAP2"
"4479",19.2,1333,"3","2","MAT3_MAP2"
"4480",19.8,1512,"3","3","MAT3_MAP3"
"4481",18.1,1220,"3","1","MAT3_MAP1"
"4482",16,1297,"2","2","MAT2_MAP2"
"4483",19.8,1514,"3","3","MAT3_MAP3"
"4484",20,1501,"3","3","MAT3_MAP3"
"4485",17,1309,"2","2","MAT2_MAP2"
"4486",16,1300,"2","2","MAT2_MAP2"
"4487",17.6,1235,"2","1","MAT2_MAP1"
"4488",17.9,1235,"2","1","MAT2_MAP1"
"4489",17.9,1225,"2","1","MAT2_MAP1"
"4490",16.3,1314,"2","2","MAT2_MAP2"
"4491",16,1305,"2","2","MAT2_MAP2"
"4492",18.8,1299,"3","2","MAT3_MAP2"
"4493",18.3,1264,"3","2","MAT3_MAP2"
"4494",16.8,1300,"2","2","MAT2_MAP2"
"4495",19.1,1314,"3","2","MAT3_MAP2"
"4496",19.1,1313,"3","2","MAT3_MAP2"
"4497",17,1301,"2","2","MAT2_MAP2"
"4498",17.3,1272,"2","2","MAT2_MAP2"
"4499",18.2,1260,"3","2","MAT3_MAP2"
"4500",15.5,1330,"1","2","MAT1_MAP2"
"4501",19.4,1454,"3","3","MAT3_MAP3"
"4502",15.9,1305,"2","2","MAT2_MAP2"
"4503",17.7,1245,"2","1","MAT2_MAP1"
"4504",18.1,1256,"3","2","MAT3_MAP2"
"4505",17.7,1237,"2","1","MAT2_MAP1"
"4506",19.5,1504,"3","3","MAT3_MAP3"
"4507",19.4,1352,"3","2","MAT3_MAP2"
"4508",18.4,1266,"3","2","MAT3_MAP2"
"4509",16.5,1331,"2","2","MAT2_MAP2"
"4510",17.1,1281,"2","2","MAT2_MAP2"
"4511",19.2,1442,"3","3","MAT3_MAP3"
"4512",17.3,1269,"2","2","MAT2_MAP2"
"4513",18.6,1283,"3","2","MAT3_MAP2"
"4514",17.7,1235,"2","1","MAT2_MAP1"
"4515",17.7,1242,"2","1","MAT2_MAP1"
"4516",17.6,1232,"2","1","MAT2_MAP1"
"4517",19.8,1513,"3","3","MAT3_MAP3"
"4518",18.9,1293,"3","2","MAT3_MAP2"
"4519",16.3,1289,"2","2","MAT2_MAP2"
"4520",16.2,1290,"2","2","MAT2_MAP2"
"4521",18.8,1288,"3","2","MAT3_MAP2"
"4522",19,1298,"3","2","MAT3_MAP2"
"4523",19.3,1324,"3","2","MAT3_MAP2"
"4524",16.6,1301,"2","2","MAT2_MAP2"
"4525",19.4,1442,"3","3","MAT3_MAP3"
"4526",18.2,1234,"3","1","MAT3_MAP1"
"4527",15.2,1386,"1","2","MAT1_MAP2"
"4528",19.2,1421,"3","3","MAT3_MAP3"
"4529",16.8,1293,"2","2","MAT2_MAP2"
"4530",17.7,1234,"2","1","MAT2_MAP1"
"4531",19,1297,"3","2","MAT3_MAP2"
"4532",18.2,1238,"3","1","MAT3_MAP1"
"4533",19.1,1307,"3","2","MAT3_MAP2"
"4534",18.6,1274,"3","2","MAT3_MAP2"
"4535",19.4,1482,"3","3","MAT3_MAP3"
"4536",18.8,1289,"3","2","MAT3_MAP2"
"4537",14.8,1432,"1","3","MAT1_MAP3"
"4538",18.3,1247,"3","1","MAT3_MAP1"
"4539",16.2,1280,"2","2","MAT2_MAP2"
"4540",16.5,1291,"2","2","MAT2_MAP2"
"4541",17.8,1226,"2","1","MAT2_MAP1"
"4542",19,1304,"3","2","MAT3_MAP2"
"4543",16.5,1284,"2","2","MAT2_MAP2"
"4544",18.4,1263,"3","2","MAT3_MAP2"
"4545",15,1383,"1","2","MAT1_MAP2"
"4546",19.2,1317,"3","2","MAT3_MAP2"
"4547",16.4,1336,"2","2","MAT2_MAP2"
"4548",15.1,1388,"1","2","MAT1_MAP2"
"4549",19.1,1308,"3","2","MAT3_MAP2"
"4550",18.3,1235,"3","1","MAT3_MAP1"
"4551",16.7,1295,"2","2","MAT2_MAP2"
"4552",17,1288,"2","2","MAT2_MAP2"
"4553",18.6,1266,"3","2","MAT3_MAP2"
"4554",16.4,1300,"2","2","MAT2_MAP2"
"4555",19.1,1291,"3","2","MAT3_MAP2"
"4556",19.2,1418,"3","3","MAT3_MAP3"
"4557",19.4,1460,"3","3","MAT3_MAP3"
"4558",19.2,1314,"3","2","MAT3_MAP2"
"4559",16.9,1294,"2","2","MAT2_MAP2"
"4560",17.3,1258,"2","2","MAT2_MAP2"
"4561",16.4,1303,"2","2","MAT2_MAP2"
"4562",17.6,1233,"2","1","MAT2_MAP1"
"4563",18.9,1277,"3","2","MAT3_MAP2"
"4564",19,1286,"3","2","MAT3_MAP2"
"4565",17.2,1271,"2","2","MAT2_MAP2"
"4566",18.9,1279,"3","2","MAT3_MAP2"
"4567",19.1,1297,"3","2","MAT3_MAP2"
"4568",18.4,1236,"3","1","MAT3_MAP1"
"4569",19.4,1355,"3","2","MAT3_MAP2"
"4570",17.4,1249,"2","1","MAT2_MAP1"
"4571",14.8,1444,"1","3","MAT1_MAP3"
"4572",17.4,1251,"2","1","MAT2_MAP1"
"4573",19.2,1400,"3","2","MAT3_MAP2"
"4574",16.5,1295,"2","2","MAT2_MAP2"
"4575",16.3,1287,"2","2","MAT2_MAP2"
"4576",19.4,1435,"3","3","MAT3_MAP3"
"4577",16.4,1291,"2","2","MAT2_MAP2"
"4578",18,1212,"2","1","MAT2_MAP1"
"4579",14.7,1451,"1","3","MAT1_MAP3"
"4580",17.9,1212,"2","1","MAT2_MAP1"
"4581",18.5,1234,"3","1","MAT3_MAP1"
"4582",17.6,1223,"2","1","MAT2_MAP1"
"4583",18.4,1231,"3","1","MAT3_MAP1"
"4584",18.8,1265,"3","2","MAT3_MAP2"
"4585",19.3,1413,"3","2","MAT3_MAP2"
"4586",19.8,1506,"3","3","MAT3_MAP3"
"4587",19,1275,"3","2","MAT3_MAP2"
"4588",17.8,1212,"2","1","MAT2_MAP1"
"4589",19.7,1510,"3","3","MAT3_MAP3"
"4590",16.5,1292,"2","2","MAT2_MAP2"
"4591",17.2,1273,"2","2","MAT2_MAP2"
"4592",19.2,1375,"3","2","MAT3_MAP2"
"4593",16.3,1297,"2","2","MAT2_MAP2"
"4594",16.9,1280,"2","2","MAT2_MAP2"
"4595",16.6,1286,"2","2","MAT2_MAP2"
"4596",16.2,1291,"2","2","MAT2_MAP2"
"4597",18.7,1256,"3","2","MAT3_MAP2"
"4598",17.4,1246,"2","1","MAT2_MAP1"
"4599",19.3,1418,"3","3","MAT3_MAP3"
"4600",17.5,1228,"2","1","MAT2_MAP1"
"4601",19.3,1389,"3","2","MAT3_MAP2"
"4602",18.2,1221,"3","1","MAT3_MAP1"
"4603",19.3,1401,"3","2","MAT3_MAP2"
"4604",19.2,1303,"3","2","MAT3_MAP2"
"4605",14.9,1454,"1","3","MAT1_MAP3"
"4606",16.7,1286,"2","2","MAT2_MAP2"
"4607",14.9,1449,"1","3","MAT1_MAP3"
"4608",17.4,1241,"2","1","MAT2_MAP1"
"4609",19.8,1504,"3","3","MAT3_MAP3"
"4610",16.4,1280,"2","2","MAT2_MAP2"
"4611",19.7,1504,"3","3","MAT3_MAP3"
"4612",19.3,1391,"3","2","MAT3_MAP2"
"4613",16.4,1271,"2","2","MAT2_MAP2"
"4614",16.4,1290,"2","2","MAT2_MAP2"
"4615",18.9,1264,"3","2","MAT3_MAP2"
"4616",18.7,1234,"3","1","MAT3_MAP1"
"4617",18.4,1218,"3","1","MAT3_MAP1"
"4618",16.7,1275,"2","2","MAT2_MAP2"
"4619",14.7,1481,"1","3","MAT1_MAP3"
"4620",17.8,1201,"2","1","MAT2_MAP1"
"4621",14,1559,"1","3","MAT1_MAP3"
"4622",18.7,1242,"3","1","MAT3_MAP1"
"4623",17.8,1204,"2","1","MAT2_MAP1"
"4624",16.4,1269,"2","2","MAT2_MAP2"
"4625",18.4,1222,"3","1","MAT3_MAP1"
"4626",14.8,1470,"1","3","MAT1_MAP3"
"4627",16.5,1287,"2","2","MAT2_MAP2"
"4628",19.3,1405,"3","2","MAT3_MAP2"
"4629",14.8,1465,"1","3","MAT1_MAP3"
"4630",14.8,1450,"1","3","MAT1_MAP3"
"4631",16.1,1273,"2","2","MAT2_MAP2"
"4632",19.3,1321,"3","2","MAT3_MAP2"
"4633",16.6,1282,"2","2","MAT2_MAP2"
"4634",17.7,1201,"2","1","MAT2_MAP1"
"4635",17.7,1210,"2","1","MAT2_MAP1"
"4636",19.3,1359,"3","2","MAT3_MAP2"
"4637",17.7,1199,"2","1","MAT2_MAP1"
"4638",14.7,1479,"1","3","MAT1_MAP3"
"4639",16,1283,"2","2","MAT2_MAP2"
"4640",19.4,1394,"3","2","MAT3_MAP2"
"4641",14.9,1437,"1","3","MAT1_MAP3"
"4642",14.3,1547,"1","3","MAT1_MAP3"
"4643",19.4,1392,"3","2","MAT3_MAP2"
"4644",14.7,1484,"1","3","MAT1_MAP3"
"4645",16.4,1256,"2","2","MAT2_MAP2"
"4646",16.1,1275,"2","2","MAT2_MAP2"
"4647",18.5,1216,"3","1","MAT3_MAP1"
"4648",18.6,1214,"3","1","MAT3_MAP1"
"4649",16.1,1281,"2","2","MAT2_MAP2"
"4650",18,1186,"2","1","MAT2_MAP1"
"4651",14.7,1498,"1","3","MAT1_MAP3"
"4652",18.6,1215,"3","1","MAT3_MAP1"
"4653",14.8,1469,"1","3","MAT1_MAP3"
"4654",18.9,1233,"3","1","MAT3_MAP1"
"4655",18.1,1205,"3","1","MAT3_MAP1"
"4656",19.3,1365,"3","2","MAT3_MAP2"
"4657",15.8,1307,"1","2","MAT1_MAP2"
"4658",19.7,1485,"3","3","MAT3_MAP3"
"4659",15,1421,"1","3","MAT1_MAP3"
"4660",19.1,1269,"3","2","MAT3_MAP2"
"4661",16.8,1266,"2","2","MAT2_MAP2"
"4662",19.3,1356,"3","2","MAT3_MAP2"
"4663",14.9,1428,"1","3","MAT1_MAP3"
"4664",13.9,1591,"1","3","MAT1_MAP3"
"4665",16.5,1293,"2","2","MAT2_MAP2"
"4666",14.2,1560,"1","3","MAT1_MAP3"
"4667",19.7,1484,"3","3","MAT3_MAP3"
"4668",17.2,1245,"2","1","MAT2_MAP1"
"4669",19.1,1282,"3","2","MAT3_MAP2"
"4670",19.5,1465,"3","3","MAT3_MAP3"
"4671",18.8,1219,"3","1","MAT3_MAP1"
"4672",19.3,1435,"3","3","MAT3_MAP3"
"4673",16.7,1249,"2","1","MAT2_MAP1"
"4674",16.5,1252,"2","1","MAT2_MAP1"
"4675",17.8,1187,"2","1","MAT2_MAP1"
"4676",19.3,1377,"3","2","MAT3_MAP2"
"4677",17.7,1194,"2","1","MAT2_MAP1"
"4678",19.3,1388,"3","2","MAT3_MAP2"
"4679",15.3,1383,"1","2","MAT1_MAP2"
"4680",19.3,1366,"3","2","MAT3_MAP2"
"4681",17.9,1184,"2","1","MAT2_MAP1"
"4682",19.3,1376,"3","2","MAT3_MAP2"
"4683",17.9,1185,"2","1","MAT2_MAP1"
"4684",13.8,1599,"1","3","MAT1_MAP3"
"4685",14.7,1496,"1","3","MAT1_MAP3"
"4686",14.7,1504,"1","3","MAT1_MAP3"
"4687",14.8,1453,"1","3","MAT1_MAP3"
"4688",19.2,1336,"3","2","MAT3_MAP2"
"4689",19.1,1284,"3","2","MAT3_MAP2"
"4690",18.8,1218,"3","1","MAT3_MAP1"
"4691",15,1429,"1","3","MAT1_MAP3"
"4692",17.8,1186,"2","1","MAT2_MAP1"
"4693",18.5,1207,"3","1","MAT3_MAP1"
"4694",15.7,1318,"1","2","MAT1_MAP2"
"4695",16.6,1253,"2","2","MAT2_MAP2"
"4696",14.3,1562,"1","3","MAT1_MAP3"
"4697",14.6,1490,"1","3","MAT1_MAP3"
"4698",18.4,1195,"3","1","MAT3_MAP1"
"4699",17,1254,"2","2","MAT2_MAP2"
"4700",19.8,1476,"3","3","MAT3_MAP3"
"4701",19.1,1318,"3","2","MAT3_MAP2"
"4702",19.6,1469,"3","3","MAT3_MAP3"
"4703",14,1589,"1","3","MAT1_MAP3"
"4704",16.7,1266,"2","2","MAT2_MAP2"
"4705",16.7,1248,"2","1","MAT2_MAP1"
"4706",19.6,1465,"3","3","MAT3_MAP3"
"4707",14.7,1511,"1","3","MAT1_MAP3"
"4708",14.6,1519,"1","3","MAT1_MAP3"
"4709",17.2,1232,"2","1","MAT2_MAP1"
"4710",18.1,1170,"3","1","MAT3_MAP1"
"4711",17.9,1180,"2","1","MAT2_MAP1"
"4712",14.6,1525,"1","3","MAT1_MAP3"
"4713",18.7,1204,"3","1","MAT3_MAP1"
"4714",14.2,1575,"1","3","MAT1_MAP3"
"4715",18.9,1227,"3","1","MAT3_MAP1"
"4716",17.9,1174,"2","1","MAT2_MAP1"
"4717",19.3,1402,"3","2","MAT3_MAP2"
"4718",16.1,1274,"2","2","MAT2_MAP2"
"4719",19.4,1463,"3","3","MAT3_MAP3"
"4720",14.1,1592,"1","3","MAT1_MAP3"
"4721",18.5,1191,"3","1","MAT3_MAP1"
"4722",19.4,1351,"3","2","MAT3_MAP2"
"4723",18.5,1190,"3","1","MAT3_MAP1"
"4724",15,1415,"1","2","MAT1_MAP2"
"4725",18.1,1171,"3","1","MAT3_MAP1"
"4726",17.1,1242,"2","1","MAT2_MAP1"
"4727",19.1,1285,"3","2","MAT3_MAP2"
"4728",16.4,1247,"2","1","MAT2_MAP1"
"4729",16.4,1248,"2","1","MAT2_MAP1"
"4730",19.3,1332,"3","2","MAT3_MAP2"
"4731",18.9,1217,"3","1","MAT3_MAP1"
"4732",17,1246,"2","1","MAT2_MAP1"
"4733",15.7,1317,"1","2","MAT1_MAP2"
"4734",17.4,1215,"2","1","MAT2_MAP1"
"4735",18.3,1172,"3","1","MAT3_MAP1"
"4736",16.6,1257,"2","2","MAT2_MAP2"
"4737",19.3,1384,"3","2","MAT3_MAP2"
"4738",16.5,1250,"2","1","MAT2_MAP1"
"4739",18.4,1167,"3","1","MAT3_MAP1"
"4740",16.9,1239,"2","1","MAT2_MAP1"
"4741",18.4,1181,"3","1","MAT3_MAP1"
"4742",16.6,1261,"2","2","MAT2_MAP2"
"4743",13.9,1601,"1","3","MAT1_MAP3"
"4744",19.6,1464,"3","3","MAT3_MAP3"
"4745",15,1442,"1","3","MAT1_MAP3"
"4746",18.5,1166,"3","1","MAT3_MAP1"
"4747",19.3,1320,"3","2","MAT3_MAP2"
"4748",18.8,1214,"3","1","MAT3_MAP1"
"4749",16.4,1249,"2","1","MAT2_MAP1"
"4750",16.7,1251,"2","1","MAT2_MAP1"
"4751",19.6,1454,"3","3","MAT3_MAP3"
"4752",18.7,1191,"3","1","MAT3_MAP1"
"4753",14.5,1537,"1","3","MAT1_MAP3"
"4754",18.9,1229,"3","1","MAT3_MAP1"
"4755",14.4,1557,"1","3","MAT1_MAP3"
"4756",18.5,1186,"3","1","MAT3_MAP1"
"4757",18.5,1171,"3","1","MAT3_MAP1"
"4758",14.4,1567,"1","3","MAT1_MAP3"
"4759",13.3,1642,"1","3","MAT1_MAP3"
"4760",14.5,1545,"1","3","MAT1_MAP3"
"4761",14.9,1452,"1","3","MAT1_MAP3"
"4762",19.4,1382,"3","2","MAT3_MAP2"
"4763",17.9,1182,"2","1","MAT2_MAP1"
"4764",14.8,1496,"1","3","MAT1_MAP3"
"4765",18.6,1188,"3","1","MAT3_MAP1"
"4766",17.3,1215,"2","1","MAT2_MAP1"
"4767",19.9,1465,"3","3","MAT3_MAP3"
"4768",17.6,1197,"2","1","MAT2_MAP1"
"4769",17.2,1233,"2","1","MAT2_MAP1"
"4770",15.6,1332,"1","2","MAT1_MAP2"
"4771",17.7,1189,"2","1","MAT2_MAP1"
"4772",18.4,1166,"3","1","MAT3_MAP1"
"4773",18.2,1167,"3","1","MAT3_MAP1"
"4774",19.2,1437,"3","3","MAT3_MAP3"
"4775",15.6,1342,"1","2","MAT1_MAP2"
"4776",14.1,1597,"1","3","MAT1_MAP3"
"4777",19.4,1450,"3","3","MAT3_MAP3"
"4778",13.9,1614,"1","3","MAT1_MAP3"
"4779",16.7,1244,"2","1","MAT2_MAP1"
"4780",14.2,1583,"1","3","MAT1_MAP3"
"4781",15.9,1299,"2","2","MAT2_MAP2"
"4782",15.6,1329,"1","2","MAT1_MAP2"
"4783",15.1,1412,"1","2","MAT1_MAP2"
"4784",18.7,1193,"3","1","MAT3_MAP1"
"4785",17,1238,"2","1","MAT2_MAP1"
"4786",16.7,1232,"2","1","MAT2_MAP1"
"4787",18.8,1205,"3","1","MAT3_MAP1"
"4788",19,1281,"3","2","MAT3_MAP2"
"4789",19.3,1448,"3","3","MAT3_MAP3"
"4790",18.1,1172,"3","1","MAT3_MAP1"
"4791",18.8,1213,"3","1","MAT3_MAP1"
"4792",18.7,1231,"3","1","MAT3_MAP1"
"4793",19.3,1450,"3","3","MAT3_MAP3"
"4794",13.8,1618,"1","3","MAT1_MAP3"
"4795",14.1,1594,"1","3","MAT1_MAP3"
"4796",14.7,1499,"1","3","MAT1_MAP3"
"4797",19.4,1326,"3","2","MAT3_MAP2"
"4798",18.5,1170,"3","1","MAT3_MAP1"
"4799",16.5,1235,"2","1","MAT2_MAP1"
"4800",14,1607,"1","3","MAT1_MAP3"
"4801",19,1290,"3","2","MAT3_MAP2"
"4802",15.5,1351,"1","2","MAT1_MAP2"
"4803",17.9,1172,"2","1","MAT2_MAP1"
"4804",19.3,1317,"3","2","MAT3_MAP2"
"4805",18.1,1166,"3","1","MAT3_MAP1"
"4806",15.4,1370,"1","2","MAT1_MAP2"
"4807",15.8,1302,"1","2","MAT1_MAP2"
"4808",18.5,1174,"3","1","MAT3_MAP1"
"4809",15.5,1344,"1","2","MAT1_MAP2"
"4810",18.3,1170,"3","1","MAT3_MAP1"
"4811",14.1,1589,"1","3","MAT1_MAP3"
"4812",18.7,1199,"3","1","MAT3_MAP1"
"4813",16.7,1236,"2","1","MAT2_MAP1"
"4814",19.8,1451,"3","3","MAT3_MAP3"
"4815",19,1285,"3","2","MAT3_MAP2"
"4816",18.7,1203,"3","1","MAT3_MAP1"
"4817",15,1445,"1","3","MAT1_MAP3"
"4818",19.3,1403,"3","2","MAT3_MAP2"
"4819",16.4,1239,"2","1","MAT2_MAP1"
"4820",17.6,1194,"2","1","MAT2_MAP1"
"4821",18.8,1247,"3","1","MAT3_MAP1"
"4822",18.7,1188,"3","1","MAT3_MAP1"
"4823",18.8,1258,"3","2","MAT3_MAP2"
"4824",19.4,1418,"3","3","MAT3_MAP3"
"4825",17,1223,"2","1","MAT2_MAP1"
"4826",15,1437,"1","3","MAT1_MAP3"
"4827",15.2,1399,"1","2","MAT1_MAP2"
"4828",15.1,1420,"1","3","MAT1_MAP3"
"4829",17.7,1186,"2","1","MAT2_MAP1"
"4830",15.7,1331,"1","2","MAT1_MAP2"
"4831",17.7,1178,"2","1","MAT2_MAP1"
"4832",16.2,1261,"2","2","MAT2_MAP2"
"4833",13.8,1628,"1","3","MAT1_MAP3"
"4834",13.4,1659,"1","3","MAT1_MAP3"
"4835",17.2,1220,"2","1","MAT2_MAP1"
"4836",19.7,1437,"3","3","MAT3_MAP3"
"4837",16,1282,"2","2","MAT2_MAP2"
"4838",14.4,1544,"1","3","MAT1_MAP3"
"4839",18.6,1170,"3","1","MAT3_MAP1"
"4840",18,1165,"2","1","MAT2_MAP1"
"4841",18.9,1269,"3","2","MAT3_MAP2"
"4842",19.3,1329,"3","2","MAT3_MAP2"
"4843",18.6,1176,"3","1","MAT3_MAP1"
"4844",16.8,1222,"2","1","MAT2_MAP1"
"4845",18.6,1167,"3","1","MAT3_MAP1"
"4846",19.4,1371,"3","2","MAT3_MAP2"
"4847",19.4,1405,"3","2","MAT3_MAP2"
"4848",19.9,1455,"3","3","MAT3_MAP3"
"4849",14.9,1455,"1","3","MAT1_MAP3"
"4850",15.1,1426,"1","3","MAT1_MAP3"
"4851",13.6,1653,"1","3","MAT1_MAP3"
"4852",20,1454,"3","3","MAT3_MAP3"
"4853",17.8,1168,"2","1","MAT2_MAP1"
"4854",17.1,1229,"2","1","MAT2_MAP1"
"4855",19.1,1273,"3","2","MAT3_MAP2"
"4856",19.8,1440,"3","3","MAT3_MAP3"
"4857",19.5,1404,"3","2","MAT3_MAP2"
"4858",13.5,1657,"1","3","MAT1_MAP3"
"4859",18.8,1239,"3","1","MAT3_MAP1"
"4860",18.6,1183,"3","1","MAT3_MAP1"
"4861",15.6,1361,"1","2","MAT1_MAP2"
"4862",18,1158,"2","1","MAT2_MAP1"
"4863",18.1,1168,"3","1","MAT3_MAP1"
"4864",18,1153,"2","1","MAT2_MAP1"
"4865",19.9,1451,"3","3","MAT3_MAP3"
"4866",18.9,1262,"3","2","MAT3_MAP2"
"4867",17,1229,"2","1","MAT2_MAP1"
"4868",14.5,1533,"1","3","MAT1_MAP3"
"4869",19.4,1336,"3","2","MAT3_MAP2"
"4870",17.6,1184,"2","1","MAT2_MAP1"
"4871",13.7,1654,"1","3","MAT1_MAP3"
"4872",13.8,1646,"1","3","MAT1_MAP3"
"4873",19.4,1365,"3","2","MAT3_MAP2"
"4874",18.8,1237,"3","1","MAT3_MAP1"
"4875",18.9,1257,"3","2","MAT3_MAP2"
"4876",18.1,1152,"3","1","MAT3_MAP1"
"4877",18.4,1164,"3","1","MAT3_MAP1"
"4878",14.3,1570,"1","3","MAT1_MAP3"
"4879",19.2,1292,"3","2","MAT3_MAP2"
"4880",19.4,1346,"3","2","MAT3_MAP2"
"4881",18.4,1198,"3","1","MAT3_MAP1"
"4882",13.8,1652,"1","3","MAT1_MAP3"
"4883",19.7,1430,"3","3","MAT3_MAP3"
"4884",17.9,1158,"2","1","MAT2_MAP1"
"4885",15.5,1372,"1","2","MAT1_MAP2"
"4886",15.6,1347,"1","2","MAT1_MAP2"
"4887",19.3,1306,"3","2","MAT3_MAP2"
"4888",16.9,1230,"2","1","MAT2_MAP1"
"4889",15.3,1410,"1","2","MAT1_MAP2"
"4890",18.4,1188,"3","1","MAT3_MAP1"
"4891",19.5,1381,"3","2","MAT3_MAP2"
"4892",18.3,1162,"3","1","MAT3_MAP1"
"4893",19.2,1281,"3","2","MAT3_MAP2"
"4894",18.5,1183,"3","1","MAT3_MAP1"
"4895",18.4,1170,"3","1","MAT3_MAP1"
"4896",14.2,1597,"1","3","MAT1_MAP3"
"4897",16.8,1229,"2","1","MAT2_MAP1"
"4898",16.6,1239,"2","1","MAT2_MAP1"
"4899",20,1450,"3","3","MAT3_MAP3"
"4900",17.4,1207,"2","1","MAT2_MAP1"
"4901",19.6,1419,"3","3","MAT3_MAP3"
"4902",19.9,1443,"3","3","MAT3_MAP3"
"4903",18.3,1153,"3","1","MAT3_MAP1"
"4904",13.4,1686,"1","3","MAT1_MAP3"
"4905",18.2,1147,"3","1","MAT3_MAP1"
"4906",13.9,1641,"1","3","MAT1_MAP3"
"4907",19.3,1279,"3","2","MAT3_MAP2"
"4908",17,1231,"2","1","MAT2_MAP1"
"4909",17.1,1217,"2","1","MAT2_MAP1"
"4910",17.6,1187,"2","1","MAT2_MAP1"
"4911",19.8,1430,"3","3","MAT3_MAP3"
"4912",18.4,1175,"3","1","MAT3_MAP1"
"4913",15.5,1362,"1","2","MAT1_MAP2"
"4914",17.9,1153,"2","1","MAT2_MAP1"
"4915",19.1,1257,"3","2","MAT3_MAP2"
"4916",19.8,1436,"3","3","MAT3_MAP3"
"4917",15.7,1348,"1","2","MAT1_MAP2"
"4918",19.3,1328,"3","2","MAT3_MAP2"
"4919",18.8,1230,"3","1","MAT3_MAP1"
"4920",18.6,1205,"3","1","MAT3_MAP1"
"4921",18.5,1197,"3","1","MAT3_MAP1"
"4922",14,1642,"1","3","MAT1_MAP3"
"4923",15.8,1310,"1","2","MAT1_MAP2"
"4924",16.4,1243,"2","1","MAT2_MAP1"
"4925",18.2,1150,"3","1","MAT3_MAP1"
"4926",14.2,1587,"1","3","MAT1_MAP3"
"4927",18.3,1164,"3","1","MAT3_MAP1"
"4928",16.2,1268,"2","2","MAT2_MAP2"
"4929",15.4,1391,"1","2","MAT1_MAP2"
"4930",18.8,1212,"3","1","MAT3_MAP1"
"4931",17.5,1200,"2","1","MAT2_MAP1"
"4932",20,1445,"3","3","MAT3_MAP3"
"4933",19.6,1403,"3","2","MAT3_MAP2"
"4934",17.3,1212,"2","1","MAT2_MAP1"
"4935",13.8,1658,"1","3","MAT1_MAP3"
"4936",19.3,1308,"3","2","MAT3_MAP2"
"4937",19,1237,"3","1","MAT3_MAP1"
"4938",17,1216,"2","1","MAT2_MAP1"
"4939",19.5,1389,"3","2","MAT3_MAP2"
"4940",14.3,1566,"1","3","MAT1_MAP3"
"4941",19,1240,"3","1","MAT3_MAP1"
"4942",20,1448,"3","3","MAT3_MAP3"
"4943",19.7,1416,"3","2","MAT3_MAP2"
"4944",14.7,1502,"1","3","MAT1_MAP3"
"4945",15,1461,"1","3","MAT1_MAP3"
"4946",18.3,1156,"3","1","MAT3_MAP1"
"4947",18.2,1155,"3","1","MAT3_MAP1"
"4948",14.2,1605,"1","3","MAT1_MAP3"
"4949",19,1227,"3","1","MAT3_MAP1"
"4950",17.2,1217,"2","1","MAT2_MAP1"
"4951",19.6,1396,"3","2","MAT3_MAP2"
"4952",16.4,1240,"2","1","MAT2_MAP1"
"4953",14.5,1516,"1","3","MAT1_MAP3"
"4954",18.5,1182,"3","1","MAT3_MAP1"
"4955",19.5,1370,"3","2","MAT3_MAP2"
"4956",17.1,1216,"2","1","MAT2_MAP1"
"4957",17.2,1212,"2","1","MAT2_MAP1"
"4958",18,1145,"2","1","MAT2_MAP1"
"4959",14.3,1571,"1","3","MAT1_MAP3"
"4960",15.6,1359,"1","2","MAT1_MAP2"
"4961",19,1239,"3","1","MAT3_MAP1"
"4962",14.5,1543,"1","3","MAT1_MAP3"
"4963",18.4,1178,"3","1","MAT3_MAP1"
"4964",18.2,1144,"3","1","MAT3_MAP1"
"4965",17.1,1209,"2","1","MAT2_MAP1"
"4966",18.4,1163,"3","1","MAT3_MAP1"
"4967",15.4,1401,"1","2","MAT1_MAP2"
"4968",13.9,1644,"1","3","MAT1_MAP3"
"4969",15.9,1296,"2","2","MAT2_MAP2"
"4970",20,1443,"3","3","MAT3_MAP3"
"4971",13.4,1693,"1","3","MAT1_MAP3"
"4972",18.4,1162,"3","1","MAT3_MAP1"
"4973",14,1631,"1","3","MAT1_MAP3"
"4974",20.1,1426,"3","3","MAT3_MAP3"
"4975",18.3,1159,"3","1","MAT3_MAP1"
"4976",19.5,1342,"3","2","MAT3_MAP2"
"4977",15.1,1446,"1","3","MAT1_MAP3"
"4978",19.5,1349,"3","2","MAT3_MAP2"
"4979",15.6,1362,"1","2","MAT1_MAP2"
"4980",18.7,1211,"3","1","MAT3_MAP1"
"4981",20,1439,"3","3","MAT3_MAP3"
"4982",18,1140,"2","1","MAT2_MAP1"
"4983",14.2,1584,"1","3","MAT1_MAP3"
"4984",17.3,1208,"2","1","MAT2_MAP1"
"4985",18.2,1160,"3","1","MAT3_MAP1"
"4986",18.7,1202,"3","1","MAT3_MAP1"
"4987",17.7,1180,"2","1","MAT2_MAP1"
"4988",18.5,1175,"3","1","MAT3_MAP1"
"4989",19.4,1301,"3","2","MAT3_MAP2"
"4990",18.4,1176,"3","1","MAT3_MAP1"
"4991",18.2,1133,"3","1","MAT3_MAP1"
"4992",19,1230,"3","1","MAT3_MAP1"
"4993",18.2,1129,"3","1","MAT3_MAP1"
"4994",16.6,1230,"2","1","MAT2_MAP1"
"4995",15.9,1317,"2","2","MAT2_MAP2"
"4996",16.3,1256,"2","2","MAT2_MAP2"
"4997",19.5,1366,"3","2","MAT3_MAP2"
"4998",18.2,1146,"3","1","MAT3_MAP1"
"4999",19.4,1330,"3","2","MAT3_MAP2"
"5000",19.3,1256,"3","2","MAT3_MAP2"
"5001",19.6,1383,"3","2","MAT3_MAP2"
"5002",14.1,1615,"1","3","MAT1_MAP3"
"5003",18,1142,"2","1","MAT2_MAP1"
"5004",19.4,1335,"3","2","MAT3_MAP2"
"5005",19.3,1251,"3","1","MAT3_MAP1"
"5006",17.4,1204,"2","1","MAT2_MAP1"
"5007",14.1,1605,"1","3","MAT1_MAP3"
"5008",16.8,1213,"2","1","MAT2_MAP1"
"5009",19.5,1354,"3","2","MAT3_MAP2"
"5010",20,1434,"3","3","MAT3_MAP3"
"5011",18.5,1184,"3","1","MAT3_MAP1"
"5012",19.2,1259,"3","2","MAT3_MAP2"
"5013",16.2,1266,"2","2","MAT2_MAP2"
"5014",17.2,1199,"2","1","MAT2_MAP1"
"5015",17,1213,"2","1","MAT2_MAP1"
"5016",18.3,1143,"3","1","MAT3_MAP1"
"5017",19.3,1333,"3","2","MAT3_MAP2"
"5018",18.3,1133,"3","1","MAT3_MAP1"
"5019",17.6,1181,"2","1","MAT2_MAP1"
"5020",17.9,1154,"2","1","MAT2_MAP1"
"5021",17.3,1196,"2","1","MAT2_MAP1"
"5022",19.8,1416,"3","2","MAT3_MAP2"
"5023",18.6,1191,"3","1","MAT3_MAP1"
"5024",17.6,1188,"2","1","MAT2_MAP1"
"5025",20.1,1416,"3","2","MAT3_MAP2"
"5026",18.4,1179,"3","1","MAT3_MAP1"
"5027",19,1221,"3","1","MAT3_MAP1"
"5028",15.9,1297,"2","2","MAT2_MAP2"
"5029",19,1222,"3","1","MAT3_MAP1"
"5030",18.5,1181,"3","1","MAT3_MAP1"
"5031",16.6,1231,"2","1","MAT2_MAP1"
"5032",18.5,1157,"3","1","MAT3_MAP1"
"5033",18.3,1139,"3","1","MAT3_MAP1"
"5034",19.3,1295,"3","2","MAT3_MAP2"
"5035",16.7,1219,"2","1","MAT2_MAP1"
"5036",18.2,1143,"3","1","MAT3_MAP1"
"5037",15.2,1455,"1","3","MAT1_MAP3"
"5038",19.4,1329,"3","2","MAT3_MAP2"
"5039",19.4,1289,"3","2","MAT3_MAP2"
"5040",19.4,1300,"3","2","MAT3_MAP2"
"5041",13.9,1648,"1","3","MAT1_MAP3"
"5042",18,1151,"2","1","MAT2_MAP1"
"5043",18.5,1178,"3","1","MAT3_MAP1"
"5044",20,1423,"3","3","MAT3_MAP3"
"5045",19.7,1388,"3","2","MAT3_MAP2"
"5046",17.7,1182,"2","1","MAT2_MAP1"
"5047",19.7,1398,"3","2","MAT3_MAP2"
"5048",15.8,1347,"1","2","MAT1_MAP2"
"5049",17.3,1197,"2","1","MAT2_MAP1"
"5050",18.5,1168,"3","1","MAT3_MAP1"
"5051",17.4,1199,"2","1","MAT2_MAP1"
"5052",20,1418,"3","3","MAT3_MAP3"
"5053",16,1291,"2","2","MAT2_MAP2"
"5054",19.5,1327,"3","2","MAT3_MAP2"
"5055",18.4,1148,"3","1","MAT3_MAP1"
"5056",16.6,1222,"2","1","MAT2_MAP1"
"5057",17.2,1197,"2","1","MAT2_MAP1"
"5058",16.4,1236,"2","1","MAT2_MAP1"
"5059",19.9,1412,"3","2","MAT3_MAP2"
"5060",18.4,1183,"3","1","MAT3_MAP1"
"5061",18.8,1209,"3","1","MAT3_MAP1"
"5062",14.1,1600,"1","3","MAT1_MAP3"
"5063",19.1,1225,"3","1","MAT3_MAP1"
"5064",15.4,1400,"1","2","MAT1_MAP2"
"5065",17.2,1193,"2","1","MAT2_MAP1"
"5066",13.4,1730,"1","3","MAT1_MAP3"
"5067",18.9,1215,"3","1","MAT3_MAP1"
"5068",14.8,1502,"1","3","MAT1_MAP3"
"5069",19.2,1229,"3","1","MAT3_MAP1"
"5070",16.4,1233,"2","1","MAT2_MAP1"
"5071",19,1219,"3","1","MAT3_MAP1"
"5072",18.8,1207,"3","1","MAT3_MAP1"
"5073",17.7,1176,"2","1","MAT2_MAP1"
"5074",15.2,1445,"1","3","MAT1_MAP3"
"5075",17.1,1196,"2","1","MAT2_MAP1"
"5076",19.2,1236,"3","1","MAT3_MAP1"
"5077",17.3,1204,"2","1","MAT2_MAP1"
"5078",15.5,1401,"1","2","MAT1_MAP2"
"5079",16.7,1206,"2","1","MAT2_MAP1"
"5080",19.3,1263,"3","2","MAT3_MAP2"
"5081",16.8,1210,"2","1","MAT2_MAP1"
"5082",18.5,1152,"3","1","MAT3_MAP1"
"5083",17.4,1188,"2","1","MAT2_MAP1"
"5084",15.6,1390,"1","2","MAT1_MAP2"
"5085",17.8,1176,"2","1","MAT2_MAP1"
"5086",19.6,1361,"3","2","MAT3_MAP2"
"5087",17.3,1184,"2","1","MAT2_MAP1"
"5088",18,1162,"2","1","MAT2_MAP1"
"5089",16.4,1238,"2","1","MAT2_MAP1"
"5090",20,1405,"3","2","MAT3_MAP2"
"5091",18,1166,"2","1","MAT2_MAP1"
"5092",16.3,1251,"2","1","MAT2_MAP1"
"5093",17.8,1175,"2","1","MAT2_MAP1"
"5094",14.8,1520,"1","3","MAT1_MAP3"
"5095",18.6,1189,"3","1","MAT3_MAP1"
"5096",18.5,1177,"3","1","MAT3_MAP1"
"5097",15.8,1336,"1","2","MAT1_MAP2"
"5098",15.8,1322,"1","2","MAT1_MAP2"
"5099",17.8,1173,"2","1","MAT2_MAP1"
"5100",19.9,1409,"3","2","MAT3_MAP2"
"5101",17.7,1181,"2","1","MAT2_MAP1"
"5102",14.4,1578,"1","3","MAT1_MAP3"
"5103",20.1,1388,"3","2","MAT3_MAP2"
"5104",19.6,1337,"3","2","MAT3_MAP2"
"5105",19.3,1288,"3","2","MAT3_MAP2"
"5106",16.1,1280,"2","2","MAT2_MAP2"
"5107",17.9,1167,"2","1","MAT2_MAP1"
"5108",15.8,1323,"1","2","MAT1_MAP2"
"5109",19.9,1403,"3","2","MAT3_MAP2"
"5110",16.9,1209,"2","1","MAT2_MAP1"
"5111",19.6,1352,"3","2","MAT3_MAP2"
"5112",19.5,1258,"3","2","MAT3_MAP2"
"5113",16.7,1207,"2","1","MAT2_MAP1"
"5114",16.9,1201,"2","1","MAT2_MAP1"
"5115",19.1,1214,"3","1","MAT3_MAP1"
"5116",19.2,1222,"3","1","MAT3_MAP1"
"5117",19.5,1308,"3","2","MAT3_MAP2"
"5118",17,1195,"2","1","MAT2_MAP1"
"5119",19.5,1261,"3","2","MAT3_MAP2"
"5120",15.7,1367,"1","2","MAT1_MAP2"
"5121",15.1,1495,"1","3","MAT1_MAP3"
"5122",19.3,1237,"3","1","MAT3_MAP1"
"5123",17.7,1187,"2","1","MAT2_MAP1"
"5124",16.3,1247,"2","1","MAT2_MAP1"
"5125",15.6,1367,"1","2","MAT1_MAP2"
"5126",20.1,1336,"3","2","MAT3_MAP2"
"5127",19.6,1321,"3","2","MAT3_MAP2"
"5128",15.3,1445,"1","3","MAT1_MAP3"
"5129",17.8,1178,"2","1","MAT2_MAP1"
"5130",19.8,1377,"3","2","MAT3_MAP2"
"5131",18.5,1172,"3","1","MAT3_MAP1"
"5132",18.1,1167,"3","1","MAT3_MAP1"
"5133",20,1375,"3","2","MAT3_MAP2"
"5134",15.8,1303,"1","2","MAT1_MAP2"
"5135",14.7,1546,"1","3","MAT1_MAP3"
"5136",16.6,1218,"2","1","MAT2_MAP1"
"5137",18,1171,"2","1","MAT2_MAP1"
"5138",19.9,1390,"3","2","MAT3_MAP2"
"5139",16.5,1228,"2","1","MAT2_MAP1"
"5140",19.6,1314,"3","2","MAT3_MAP2"
"5141",19.7,1348,"3","2","MAT3_MAP2"
"5142",17.8,1177,"2","1","MAT2_MAP1"
"5143",15.6,1368,"1","2","MAT1_MAP2"
"5144",19.7,1354,"3","2","MAT3_MAP2"
"5145",19.1,1218,"3","1","MAT3_MAP1"
"5146",19.4,1219,"3","1","MAT3_MAP1"
"5147",15.8,1315,"1","2","MAT1_MAP2"
"5148",18.5,1162,"3","1","MAT3_MAP1"
"5149",15.3,1453,"1","3","MAT1_MAP3"
"5150",16.7,1204,"2","1","MAT2_MAP1"
"5151",17.3,1194,"2","1","MAT2_MAP1"
"5152",17.9,1168,"2","1","MAT2_MAP1"
"5153",20.3,1045,"3","1","MAT3_MAP1"
"5154",15.6,1375,"1","2","MAT1_MAP2"
"5155",16.4,1232,"2","1","MAT2_MAP1"
"5156",19.4,1236,"3","1","MAT3_MAP1"
"5157",19.3,1253,"3","2","MAT3_MAP2"
"5158",19.4,1267,"3","2","MAT3_MAP2"
"5159",15.7,1340,"1","2","MAT1_MAP2"
"5160",19.2,1217,"3","1","MAT3_MAP1"
"5161",16.3,1244,"2","1","MAT2_MAP1"
"5162",18.6,1166,"3","1","MAT3_MAP1"
"5163",18,1169,"2","1","MAT2_MAP1"
"5164",16.2,1256,"2","2","MAT2_MAP2"
"5165",19.5,1231,"3","1","MAT3_MAP1"
"5166",19.5,1229,"3","1","MAT3_MAP1"
"5167",15.8,1306,"1","2","MAT1_MAP2"
"5168",15.8,1337,"1","2","MAT1_MAP2"
"5169",19.7,1325,"3","2","MAT3_MAP2"
"5170",17.5,1186,"2","1","MAT2_MAP1"
"5171",15.9,1304,"2","2","MAT2_MAP2"
"5172",15.7,1356,"1","2","MAT1_MAP2"
"5173",18.2,1173,"3","1","MAT3_MAP1"
"5174",18.6,1162,"3","1","MAT3_MAP1"
"5175",18.5,1185,"3","1","MAT3_MAP1"
"5176",19.2,1218,"3","1","MAT3_MAP1"
"5177",16,1278,"2","2","MAT2_MAP2"
"5178",19.5,1223,"3","1","MAT3_MAP1"
"5179",19.1,1219,"3","1","MAT3_MAP1"
"5180",19.9,1349,"3","2","MAT3_MAP2"
"5181",19.9,1332,"3","2","MAT3_MAP2"
"5182",19.9,1372,"3","2","MAT3_MAP2"
"5183",16.2,1252,"2","1","MAT2_MAP1"
"5184",18,1172,"2","1","MAT2_MAP1"
"5185",19.9,1375,"3","2","MAT3_MAP2"
"5186",19.3,1220,"3","1","MAT3_MAP1"
"5187",18.1,1164,"3","1","MAT3_MAP1"
"5188",15.3,1421,"1","3","MAT1_MAP3"
"5189",20.2,953,"3","1","MAT3_MAP1"
"5190",15.7,1338,"1","2","MAT1_MAP2"
"5191",15.5,1396,"1","2","MAT1_MAP2"
"5192",19.9,1304,"3","2","MAT3_MAP2"
"5193",19.9,1359,"3","2","MAT3_MAP2"
"5194",16.1,1262,"2","2","MAT2_MAP2"
"5195",16.8,1196,"2","1","MAT2_MAP1"
"5196",19.9,1373,"3","2","MAT3_MAP2"
"5197",18.6,1187,"3","1","MAT3_MAP1"
"5198",20,1236,"3","1","MAT3_MAP1"
"5199",20,1138,"3","1","MAT3_MAP1"
"5200",19.1,1221,"3","1","MAT3_MAP1"
"5201",15.5,1405,"1","2","MAT1_MAP2"
"5202",17.9,1173,"2","1","MAT2_MAP1"
"5203",20.1,958,"3","1","MAT3_MAP1"
"5204",17.7,1170,"2","1","MAT2_MAP1"
"5205",17.9,1165,"2","1","MAT2_MAP1"
"5206",17.8,1181,"2","1","MAT2_MAP1"
"5207",19.5,1292,"3","2","MAT3_MAP2"
"5208",19.4,1241,"3","1","MAT3_MAP1"
"5209",19.5,1293,"3","2","MAT3_MAP2"
"5210",19.4,1270,"3","2","MAT3_MAP2"
"5211",15.6,1396,"1","2","MAT1_MAP2"
"5212",19.4,1221,"3","1","MAT3_MAP1"
"5213",19.9,1315,"3","2","MAT3_MAP2"
"5214",18,1163,"2","1","MAT2_MAP1"
"5215",19.9,1290,"3","2","MAT3_MAP2"
"5216",15.6,1353,"1","2","MAT1_MAP2"
"5217",19.8,1355,"3","2","MAT3_MAP2"
"5218",19.3,1223,"3","1","MAT3_MAP1"
"5219",19.2,1223,"3","1","MAT3_MAP1"
"5220",19.9,1330,"3","2","MAT3_MAP2"
"5221",19.9,1363,"3","2","MAT3_MAP2"
"5222",19.4,1226,"3","1","MAT3_MAP1"
"5223",18.2,1164,"3","1","MAT3_MAP1"
"5224",17.3,1179,"2","1","MAT2_MAP1"
"5225",19.7,1342,"3","2","MAT3_MAP2"
"5226",18.7,1205,"3","1","MAT3_MAP1"
"5227",17.8,1180,"2","1","MAT2_MAP1"
"5228",18.3,1165,"3","1","MAT3_MAP1"
"5229",17.8,1179,"2","1","MAT2_MAP1"
"5230",19,1223,"3","1","MAT3_MAP1"
"5231",20,1229,"3","1","MAT3_MAP1"
"5232",18.3,1168,"3","1","MAT3_MAP1"
"5233",19.9,1361,"3","2","MAT3_MAP2"
"5234",15.6,1374,"1","2","MAT1_MAP2"
"5235",17.8,1164,"2","1","MAT2_MAP1"
"5236",15.7,1332,"1","2","MAT1_MAP2"
"5237",19.8,1353,"3","2","MAT3_MAP2"
"5238",20,1283,"3","2","MAT3_MAP2"
"5239",20.1,785,"3","1","MAT3_MAP1"
"5240",18.6,1168,"3","1","MAT3_MAP1"
"5241",17.1,1184,"2","1","MAT2_MAP1"
"5242",19.5,1302,"3","2","MAT3_MAP2"
"5243",20,878,"3","1","MAT3_MAP1"
"5244",14.9,1527,"1","3","MAT1_MAP3"
"5245",20.1,765,"3","1","MAT3_MAP1"
"5246",20.3,900,"3","1","MAT3_MAP1"
"5247",19.9,1358,"3","2","MAT3_MAP2"
"5248",17.6,1182,"2","1","MAT2_MAP1"
"5249",20.4,941,"3","1","MAT3_MAP1"
"5250",16.3,1230,"2","1","MAT2_MAP1"
"5251",19.4,1252,"3","1","MAT3_MAP1"
"5252",19.4,1265,"3","2","MAT3_MAP2"
"5253",19.5,1287,"3","2","MAT3_MAP2"
"5254",18.6,1195,"3","1","MAT3_MAP1"
"5255",17.7,1163,"2","1","MAT2_MAP1"
"5256",16.7,1203,"2","1","MAT2_MAP1"
"5257",20,1160,"3","1","MAT3_MAP1"
"5258",19.5,1296,"3","2","MAT3_MAP2"
"5259",16.9,1203,"2","1","MAT2_MAP1"
"5260",17,1194,"2","1","MAT2_MAP1"
"5261",19.5,1299,"3","2","MAT3_MAP2"
"5262",18.1,1173,"3","1","MAT3_MAP1"
"5263",16,1259,"2","2","MAT2_MAP2"
"5264",17.2,1185,"2","1","MAT2_MAP1"
"5265",16.3,1237,"2","1","MAT2_MAP1"
"5266",18.7,1165,"3","1","MAT3_MAP1"
"5267",16.1,1242,"2","1","MAT2_MAP1"
"5268",19.4,1237,"3","1","MAT3_MAP1"
"5269",20.3,907,"3","1","MAT3_MAP1"
"5270",19.1,1228,"3","1","MAT3_MAP1"
"5271",19.7,1341,"3","2","MAT3_MAP2"
"5272",19.6,1331,"3","2","MAT3_MAP2"
"5273",18.3,1166,"3","1","MAT3_MAP1"
"5274",19.9,1341,"3","2","MAT3_MAP2"
"5275",17.7,1157,"2","1","MAT2_MAP1"
"5276",18.3,1160,"3","1","MAT3_MAP1"
"5277",16.3,1232,"2","1","MAT2_MAP1"
"5278",16,1256,"2","2","MAT2_MAP2"
"5279",16.2,1233,"2","1","MAT2_MAP1"
"5280",17.1,1187,"2","1","MAT2_MAP1"
"5281",16.1,1251,"2","1","MAT2_MAP1"
"5282",20,1294,"3","2","MAT3_MAP2"
"5283",20,1337,"3","2","MAT3_MAP2"
"5284",16.2,1236,"2","1","MAT2_MAP1"
"5285",18.4,1177,"3","1","MAT3_MAP1"
"5286",19.2,1233,"3","1","MAT3_MAP1"
"5287",16.1,1243,"2","1","MAT2_MAP1"
"5288",17.9,1161,"2","1","MAT2_MAP1"
"5289",16.2,1230,"2","1","MAT2_MAP1"
"5290",19.8,1349,"3","2","MAT3_MAP2"
"5291",19,1229,"3","1","MAT3_MAP1"
"5292",17,1182,"2","1","MAT2_MAP1"
"5293",18.9,1228,"3","1","MAT3_MAP1"
"5294",20.4,987,"3","1","MAT3_MAP1"
"5295",19.8,1348,"3","2","MAT3_MAP2"
"5296",19.3,1257,"3","2","MAT3_MAP2"
"5297",20,1079,"3","1","MAT3_MAP1"
"5298",16.4,1222,"2","1","MAT2_MAP1"
"5299",20.5,1015,"3","1","MAT3_MAP1"
"5300",18.7,1170,"3","1","MAT3_MAP1"
"5301",17.7,1156,"2","1","MAT2_MAP1"
"5302",19.4,1288,"3","2","MAT3_MAP2"
"5303",18.5,1212,"3","1","MAT3_MAP1"
"5304",17.8,1159,"2","1","MAT2_MAP1"
"5305",20.1,617,"3","1","MAT3_MAP1"
"5306",19.7,1340,"3","2","MAT3_MAP2"
"5307",19.3,1259,"3","2","MAT3_MAP2"
"5308",14.8,1578,"1","3","MAT1_MAP3"
"5309",18.6,1177,"3","1","MAT3_MAP1"
"5310",19.2,1246,"3","1","MAT3_MAP1"
"5311",16.4,1220,"2","1","MAT2_MAP1"
"5312",14.9,1558,"1","3","MAT1_MAP3"
"5313",17.7,1161,"2","1","MAT2_MAP1"
"5314",15.3,1440,"1","3","MAT1_MAP3"
"5315",19.4,1287,"3","2","MAT3_MAP2"
"5316",16.4,1228,"2","1","MAT2_MAP1"
"5317",16.1,1236,"2","1","MAT2_MAP1"
"5318",20.5,1021,"3","1","MAT3_MAP1"
"5319",17.6,1168,"2","1","MAT2_MAP1"
"5320",18.3,1171,"3","1","MAT3_MAP1"
"5321",17.7,1155,"2","1","MAT2_MAP1"
"5322",16.3,1214,"2","1","MAT2_MAP1"
"5323",16.2,1229,"2","1","MAT2_MAP1"
"5324",19.3,1255,"3","2","MAT3_MAP2"
"5325",19.5,1313,"3","2","MAT3_MAP2"
"5326",19.8,1351,"3","2","MAT3_MAP2"
"5327",19.4,1274,"3","2","MAT3_MAP2"
"5328",16.6,1213,"2","1","MAT2_MAP1"
"5329",19.4,1260,"3","2","MAT3_MAP2"
"5330",20.5,1094,"3","1","MAT3_MAP1"
"5331",17.1,1189,"2","1","MAT2_MAP1"
"5332",14.8,1590,"1","3","MAT1_MAP3"
"5333",16.3,1220,"2","1","MAT2_MAP1"
"5334",15.2,1500,"1","3","MAT1_MAP3"
"5335",20.6,1125,"3","1","MAT3_MAP1"
"5336",16.5,1223,"2","1","MAT2_MAP1"
"5337",19.4,1294,"3","2","MAT3_MAP2"
"5338",15.7,1337,"1","2","MAT1_MAP2"
"5339",19.4,1302,"3","2","MAT3_MAP2"
"5340",16.5,1216,"2","1","MAT2_MAP1"
"5341",20.1,1004,"3","1","MAT3_MAP1"
"5342",15.5,1415,"1","2","MAT1_MAP2"
"5343",19.2,1260,"3","2","MAT3_MAP2"
"5344",20.7,1171,"3","1","MAT3_MAP1"
"5345",20.2,829,"3","1","MAT3_MAP1"
"5346",17.8,1157,"2","1","MAT2_MAP1"
"5347",16.5,1224,"2","1","MAT2_MAP1"
"5348",16.3,1215,"2","1","MAT2_MAP1"
"5349",18.1,1153,"3","1","MAT3_MAP1"
"5350",17.3,1171,"2","1","MAT2_MAP1"
"5351",18.1,1151,"3","1","MAT3_MAP1"
"5352",16.5,1217,"2","1","MAT2_MAP1"
"5353",16.7,1200,"2","1","MAT2_MAP1"
"5354",16.3,1226,"2","1","MAT2_MAP1"
"5355",20.1,1189,"3","1","MAT3_MAP1"
"5356",20.3,874,"3","1","MAT3_MAP1"
"5357",15.4,1442,"1","3","MAT1_MAP3"
"5358",15.2,1498,"1","3","MAT1_MAP3"
"5359",16.4,1219,"2","1","MAT2_MAP1"
"5360",16,1235,"2","1","MAT2_MAP1"
"5361",20.1,1258,"3","2","MAT3_MAP2"
"5362",16.3,1223,"2","1","MAT2_MAP1"
"5363",20.7,1186,"3","1","MAT3_MAP1"
"5364",16.3,1211,"2","1","MAT2_MAP1"
"5365",20.5,1051,"3","1","MAT3_MAP1"
"5366",20.6,1177,"3","1","MAT3_MAP1"
"5367",15.9,1298,"2","2","MAT2_MAP2"
"5368",20.2,1066,"3","1","MAT3_MAP1"
"5369",20.2,1219,"3","1","MAT3_MAP1"
"5370",20.4,991,"3","1","MAT3_MAP1"
"5371",19.2,1287,"3","2","MAT3_MAP2"
"5372",18.9,1246,"3","1","MAT3_MAP1"
"5373",16.6,1209,"2","1","MAT2_MAP1"
"5374",15.7,1320,"1","2","MAT1_MAP2"
"5375",17.5,1165,"2","1","MAT2_MAP1"
"5376",18.3,1154,"3","1","MAT3_MAP1"
"5377",20.5,1167,"3","1","MAT3_MAP1"
"5378",15.1,1536,"1","3","MAT1_MAP3"
"5379",17.7,1164,"2","1","MAT2_MAP1"
"5380",16.6,1201,"2","1","MAT2_MAP1"
"5381",16.6,1214,"2","1","MAT2_MAP1"
"5382",19,1267,"3","2","MAT3_MAP2"
"5383",19,1265,"3","2","MAT3_MAP2"
"5384",20,1291,"3","2","MAT3_MAP2"
"5385",20.3,968,"3","1","MAT3_MAP1"
"5386",18.9,1250,"3","1","MAT3_MAP1"
"5387",20.2,1053,"3","1","MAT3_MAP1"
"5388",17.4,1166,"2","1","MAT2_MAP1"
"5389",18.4,1157,"3","1","MAT3_MAP1"
"5390",15.5,1439,"1","3","MAT1_MAP3"
"5391",19.5,1347,"3","2","MAT3_MAP2"
"5392",16.2,1216,"2","1","MAT2_MAP1"
"5393",15.8,1295,"1","2","MAT1_MAP2"
"5394",18,1155,"2","1","MAT2_MAP1"
"5395",17.9,1152,"2","1","MAT2_MAP1"
"5396",16.9,1191,"2","1","MAT2_MAP1"
"5397",18.4,1145,"3","1","MAT3_MAP1"
"5398",20.2,1238,"3","1","MAT3_MAP1"
"5399",16.9,1193,"2","1","MAT2_MAP1"
"5400",19,1261,"3","2","MAT3_MAP2"
"5401",18.3,1146,"3","1","MAT3_MAP1"
"5402",18.9,1249,"3","1","MAT3_MAP1"
"5403",19.5,1331,"3","2","MAT3_MAP2"
"5404",19.4,1322,"3","2","MAT3_MAP2"
"5405",15.9,1269,"2","2","MAT2_MAP2"
"5406",15.9,1257,"2","2","MAT2_MAP2"
"5407",20.7,1260,"3","2","MAT3_MAP2"
"5408",17.7,1162,"2","1","MAT2_MAP1"
"5409",19.6,1349,"3","2","MAT3_MAP2"
"5410",17.3,1170,"2","1","MAT2_MAP1"
"5411",15.2,1515,"1","3","MAT1_MAP3"
"5412",19,1289,"3","2","MAT3_MAP2"
"5413",17.8,1160,"2","1","MAT2_MAP1"
"5414",17,1186,"2","1","MAT2_MAP1"
"5415",15.3,1494,"1","3","MAT1_MAP3"
"5416",20,1327,"3","2","MAT3_MAP2"
"5417",15.7,1375,"1","2","MAT1_MAP2"
"5418",16.3,1207,"2","1","MAT2_MAP1"
"5419",18.7,1235,"3","1","MAT3_MAP1"
"5420",16.6,1206,"2","1","MAT2_MAP1"
"5421",18.1,1143,"3","1","MAT3_MAP1"
"5422",16,1231,"2","1","MAT2_MAP1"
"5423",19.9,1344,"3","2","MAT3_MAP2"
"5424",17.2,1178,"2","1","MAT2_MAP1"
"5425",17.8,1158,"2","1","MAT2_MAP1"
"5426",18.1,1144,"3","1","MAT3_MAP1"
"5427",16.3,1219,"2","1","MAT2_MAP1"
"5428",19.9,1342,"3","2","MAT3_MAP2"
"5429",18.3,1141,"3","1","MAT3_MAP1"
"5430",20.6,1314,"3","2","MAT3_MAP2"
"5431",17.1,1186,"2","1","MAT2_MAP1"
"5432",16.8,1198,"2","1","MAT2_MAP1"
"5433",18.4,1155,"3","1","MAT3_MAP1"
"5434",18.8,1253,"3","2","MAT3_MAP2"
"5435",18.5,1167,"3","1","MAT3_MAP1"
"5436",18.9,1265,"3","2","MAT3_MAP2"
"5437",18.7,1247,"3","1","MAT3_MAP1"
"5438",20.1,1264,"3","2","MAT3_MAP2"
"5439",18.4,1153,"3","1","MAT3_MAP1"
"5440",16.6,1200,"2","1","MAT2_MAP1"
"5441",18.5,1156,"3","1","MAT3_MAP1"
"5442",20.6,1365,"3","2","MAT3_MAP2"
"5443",19,1284,"3","2","MAT3_MAP2"
"5444",18.6,1220,"3","1","MAT3_MAP1"
"5445",15,1539,"1","3","MAT1_MAP3"
"5446",17.4,1174,"2","1","MAT2_MAP1"
"5447",15.2,1508,"1","3","MAT1_MAP3"
"5448",15,1535,"1","3","MAT1_MAP3"
"5449",15.9,1275,"2","2","MAT2_MAP2"
"5450",16.4,1190,"2","1","MAT2_MAP1"
"5451",16.2,1207,"2","1","MAT2_MAP1"
"5452",19.1,1300,"3","2","MAT3_MAP2"
"5453",18.9,1261,"3","2","MAT3_MAP2"
"5454",20.4,1217,"3","1","MAT3_MAP1"
"5455",16.6,1211,"2","1","MAT2_MAP1"
"5456",19.4,1323,"3","2","MAT3_MAP2"
"5457",15.2,1503,"1","3","MAT1_MAP3"
"5458",18.2,1135,"3","1","MAT3_MAP1"
"5459",15.1,1517,"1","3","MAT1_MAP3"
"5460",20.1,1291,"3","2","MAT3_MAP2"
"5461",20.3,1155,"3","1","MAT3_MAP1"
"5462",18.5,1209,"3","1","MAT3_MAP1"
"5463",19.6,1348,"3","2","MAT3_MAP2"
"5464",19.9,1334,"3","2","MAT3_MAP2"
"5465",18.8,1251,"3","1","MAT3_MAP1"
"5466",16.1,1222,"2","1","MAT2_MAP1"
"5467",17.7,1165,"2","1","MAT2_MAP1"
"5468",16.1,1221,"2","1","MAT2_MAP1"
"5469",20.2,1248,"3","1","MAT3_MAP1"
"5470",18.8,1249,"3","1","MAT3_MAP1"
"5471",18.7,1241,"3","1","MAT3_MAP1"
"5472",20.7,1360,"3","2","MAT3_MAP2"
"5473",18.6,1230,"3","1","MAT3_MAP1"
"5474",19.5,1336,"3","2","MAT3_MAP2"
"5475",18.4,1140,"3","1","MAT3_MAP1"
"5476",18.5,1144,"3","1","MAT3_MAP1"
"5477",18.4,1125,"3","1","MAT3_MAP1"
"5478",17.3,1175,"2","1","MAT2_MAP1"
"5479",16,1243,"2","1","MAT2_MAP1"
"5480",19.5,1333,"3","2","MAT3_MAP2"
"5481",20.9,1347,"3","2","MAT3_MAP2"
"5482",16.5,1200,"2","1","MAT2_MAP1"
"5483",16.6,1217,"2","1","MAT2_MAP1"
"5484",19.4,1333,"3","2","MAT3_MAP2"
"5485",18.4,1151,"3","1","MAT3_MAP1"
"5486",16.5,1222,"2","1","MAT2_MAP1"
"5487",19,1303,"3","2","MAT3_MAP2"
"5488",14.8,1550,"1","3","MAT1_MAP3"
"5489",18.4,1129,"3","1","MAT3_MAP1"
"5490",15.7,1316,"1","2","MAT1_MAP2"
"5491",18.4,1135,"3","1","MAT3_MAP1"
"5492",19.4,1328,"3","2","MAT3_MAP2"
"5493",18.6,1227,"3","1","MAT3_MAP1"
"5494",19.5,1337,"3","2","MAT3_MAP2"
"5495",18.2,1134,"3","1","MAT3_MAP1"
"5496",17.4,1173,"2","1","MAT2_MAP1"
"5497",15.9,1250,"2","1","MAT2_MAP1"
"5498",16.8,1206,"2","1","MAT2_MAP1"
"5499",20.6,1392,"3","2","MAT3_MAP2"
"5500",20.3,1266,"3","2","MAT3_MAP2"
"5501",20.3,1255,"3","2","MAT3_MAP2"
"5502",18.4,1159,"3","1","MAT3_MAP1"
"5503",20.7,1382,"3","2","MAT3_MAP2"
"5504",15.2,1489,"1","3","MAT1_MAP3"
"5505",19.5,1332,"3","2","MAT3_MAP2"
"5506",18.4,1138,"3","1","MAT3_MAP1"
"5507",16.5,1184,"2","1","MAT2_MAP1"
"5508",20.1,1307,"3","2","MAT3_MAP2"
"5509",18.5,1154,"3","1","MAT3_MAP1"
"5510",18.5,1204,"3","1","MAT3_MAP1"
"5511",19.8,1346,"3","2","MAT3_MAP2"
"5512",15.9,1246,"2","1","MAT2_MAP1"
"5513",18.6,1225,"3","1","MAT3_MAP1"
"5514",20.8,1377,"3","2","MAT3_MAP2"
"5515",20.2,1286,"3","2","MAT3_MAP2"
"5516",16.2,1209,"2","1","MAT2_MAP1"
"5517",15.8,1296,"1","2","MAT1_MAP2"
"5518",19,1257,"3","2","MAT3_MAP2"
"5519",19.9,1340,"3","2","MAT3_MAP2"
"5520",18.4,1127,"3","1","MAT3_MAP1"
"5521",16,1224,"2","1","MAT2_MAP1"
"5522",18.5,1118,"3","1","MAT3_MAP1"
"5523",19.6,1350,"3","2","MAT3_MAP2"
"5524",18.6,1218,"3","1","MAT3_MAP1"
"5525",20.2,1297,"3","2","MAT3_MAP2"
"5526",18.5,1188,"3","1","MAT3_MAP1"
"5527",18.7,1226,"3","1","MAT3_MAP1"
"5528",19.5,1345,"3","2","MAT3_MAP2"
"5529",16.1,1216,"2","1","MAT2_MAP1"
"5530",16.4,1196,"2","1","MAT2_MAP1"
"5531",20.8,1370,"3","2","MAT3_MAP2"
"5532",18.2,1138,"3","1","MAT3_MAP1"
"5533",17.4,1172,"2","1","MAT2_MAP1"
"5534",15.4,1454,"1","3","MAT1_MAP3"
"5535",16.4,1207,"2","1","MAT2_MAP1"
"5536",16.9,1194,"2","1","MAT2_MAP1"
"5537",14.8,1559,"1","3","MAT1_MAP3"
"5538",16.6,1199,"2","1","MAT2_MAP1"
"5539",16,1220,"2","1","MAT2_MAP1"
"5540",17.1,1177,"2","1","MAT2_MAP1"
"5541",19.5,1341,"3","2","MAT3_MAP2"
"5542",16.5,1199,"2","1","MAT2_MAP1"
"5543",14.8,1554,"1","3","MAT1_MAP3"
"5544",19.2,1297,"3","2","MAT3_MAP2"
"5545",21.8,1351,"3","2","MAT3_MAP2"
"5546",19.9,1348,"3","2","MAT3_MAP2"
"5547",18.9,1231,"3","1","MAT3_MAP1"
"5548",21.6,1361,"3","2","MAT3_MAP2"
"5549",17.7,1158,"2","1","MAT2_MAP1"
"5550",20.8,1388,"3","2","MAT3_MAP2"
"5551",18.6,1122,"3","1","MAT3_MAP1"
"5552",20.4,1316,"3","2","MAT3_MAP2"
"5553",15.9,1248,"2","1","MAT2_MAP1"
"5554",15.7,1341,"1","2","MAT1_MAP2"
"5555",16.2,1204,"2","1","MAT2_MAP1"
"5556",15.9,1231,"2","1","MAT2_MAP1"
"5557",18.6,1139,"3","1","MAT3_MAP1"
"5558",18.6,1130,"3","1","MAT3_MAP1"
"5559",22.2,1277,"3","2","MAT3_MAP2"
"5560",21.4,1364,"3","2","MAT3_MAP2"
"5561",17,1189,"2","1","MAT2_MAP1"
"5562",20.1,1330,"3","2","MAT3_MAP2"
"5563",15.6,1373,"1","2","MAT1_MAP2"
"5564",17.2,1169,"2","1","MAT2_MAP1"
"5565",16.5,1206,"2","1","MAT2_MAP1"
"5566",22,1339,"3","2","MAT3_MAP2"
"5567",21.5,1364,"3","2","MAT3_MAP2"
"5568",19,1243,"3","1","MAT3_MAP1"
"5569",16,1240,"2","1","MAT2_MAP1"
"5570",21,1366,"3","2","MAT3_MAP2"
"5571",18.7,1210,"3","1","MAT3_MAP1"
"5572",19.2,1290,"3","2","MAT3_MAP2"
"5573",19.4,1319,"3","2","MAT3_MAP2"
"5574",21.4,1362,"3","2","MAT3_MAP2"
"5575",18.6,1144,"3","1","MAT3_MAP1"
"5576",16.5,1197,"2","1","MAT2_MAP1"
"5577",21.3,1361,"3","2","MAT3_MAP2"
"5578",17.3,1164,"2","1","MAT2_MAP1"
"5579",16.3,1195,"2","1","MAT2_MAP1"
"5580",17.8,1156,"2","1","MAT2_MAP1"
"5581",16.5,1183,"2","1","MAT2_MAP1"
"5582",16.1,1212,"2","1","MAT2_MAP1"
"5583",17.8,1161,"2","1","MAT2_MAP1"
"5584",21.8,1365,"3","2","MAT3_MAP2"
"5585",15.8,1252,"1","1","MAT1_MAP1"
"5586",20.2,1330,"3","2","MAT3_MAP2"
"5587",19.7,1352,"3","2","MAT3_MAP2"
"5588",16.8,1199,"2","1","MAT2_MAP1"
"5589",20.3,1326,"3","2","MAT3_MAP2"
"5590",18.7,1151,"3","1","MAT3_MAP1"
"5591",20.8,1387,"3","2","MAT3_MAP2"
"5592",15.7,1292,"1","2","MAT1_MAP2"
"5593",15.9,1224,"2","1","MAT2_MAP1"
"5594",16.4,1206,"2","1","MAT2_MAP1"
"5595",19.1,1272,"3","2","MAT3_MAP2"
"5596",15.6,1366,"1","2","MAT1_MAP2"
"5597",20.4,1324,"3","2","MAT3_MAP2"
"5598",22.5,1163,"3","1","MAT3_MAP1"
"5599",19.4,1315,"3","2","MAT3_MAP2"
"5600",19.4,1311,"3","2","MAT3_MAP2"
"5601",19.4,1316,"3","2","MAT3_MAP2"
"5602",19.4,1321,"3","2","MAT3_MAP2"
"5603",22,1347,"3","2","MAT3_MAP2"
"5604",20.8,1382,"3","2","MAT3_MAP2"
"5605",17.5,1162,"2","1","MAT2_MAP1"
"5606",20.2,1332,"3","2","MAT3_MAP2"
"5607",20.4,1325,"3","2","MAT3_MAP2"
"5608",21.3,1375,"3","2","MAT3_MAP2"
"5609",15.7,1342,"1","2","MAT1_MAP2"
"5610",20.4,1334,"3","2","MAT3_MAP2"
"5611",16.3,1187,"2","1","MAT2_MAP1"
"5612",20.6,1370,"3","2","MAT3_MAP2"
"5613",15.2,1464,"1","3","MAT1_MAP3"
"5614",16.8,1195,"2","1","MAT2_MAP1"
"5615",18.7,1206,"3","1","MAT3_MAP1"
"5616",16.9,1192,"2","1","MAT2_MAP1"
"5617",15.7,1344,"1","2","MAT1_MAP2"
"5618",21.5,1377,"3","2","MAT3_MAP2"
"5619",18.5,1192,"3","1","MAT3_MAP1"
"5620",19.3,1290,"3","2","MAT3_MAP2"
"5621",19.6,1351,"3","2","MAT3_MAP2"
"5622",18.2,1149,"3","1","MAT3_MAP1"
"5623",18.4,1154,"3","1","MAT3_MAP1"
"5624",16.6,1202,"2","1","MAT2_MAP1"
"5625",18.9,1222,"3","1","MAT3_MAP1"
"5626",17.7,1160,"2","1","MAT2_MAP1"
"5627",19.8,1354,"3","2","MAT3_MAP2"
"5628",19.9,1356,"3","2","MAT3_MAP2"
"5629",18,1154,"2","1","MAT2_MAP1"
"5630",18.8,1217,"3","1","MAT3_MAP1"
"5631",19.6,1338,"3","2","MAT3_MAP2"
"5632",20.1,1335,"3","2","MAT3_MAP2"
"5633",16.3,1191,"2","1","MAT2_MAP1"
"5634",19.6,1334,"3","2","MAT3_MAP2"
"5635",15.7,1254,"1","2","MAT1_MAP2"
"5636",19.6,1333,"3","2","MAT3_MAP2"
"5637",19.7,1350,"3","2","MAT3_MAP2"
"5638",16.2,1186,"2","1","MAT2_MAP1"
"5639",17.9,1159,"2","1","MAT2_MAP1"
"5640",16.1,1197,"2","1","MAT2_MAP1"
"5641",18.6,1193,"3","1","MAT3_MAP1"
"5642",21.4,1389,"3","2","MAT3_MAP2"
"5643",16.6,1188,"2","1","MAT2_MAP1"
"5644",20.9,1376,"3","2","MAT3_MAP2"
"5645",19.5,1326,"3","2","MAT3_MAP2"
"5646",18.6,1154,"3","1","MAT3_MAP1"
"5647",15.7,1285,"1","2","MAT1_MAP2"
"5648",16.6,1204,"2","1","MAT2_MAP1"
"5649",16.8,1194,"2","1","MAT2_MAP1"
"5650",20.4,1341,"3","2","MAT3_MAP2"
"5651",18.8,1161,"3","1","MAT3_MAP1"
"5652",20.5,1352,"3","2","MAT3_MAP2"
"5653",20.8,1379,"3","2","MAT3_MAP2"
"5654",19.4,1305,"3","2","MAT3_MAP2"
"5655",16.3,1189,"2","1","MAT2_MAP1"
"5656",15.1,1457,"1","3","MAT1_MAP3"
"5657",18.5,1150,"3","1","MAT3_MAP1"
"5658",16.1,1205,"2","1","MAT2_MAP1"
"5659",14.9,1469,"1","3","MAT1_MAP3"
"5660",19.8,1356,"3","2","MAT3_MAP2"
"5661",19,1234,"3","1","MAT3_MAP1"
"5662",22.6,1286,"3","2","MAT3_MAP2"
"5663",17.5,1164,"2","1","MAT2_MAP1"
"5664",17.7,1154,"2","1","MAT2_MAP1"
"5665",19.9,1355,"3","2","MAT3_MAP2"
"5666",18.5,1159,"3","1","MAT3_MAP1"
"5667",16,1208,"2","1","MAT2_MAP1"
"5668",15.8,1250,"1","1","MAT1_MAP1"
"5669",22,1362,"3","2","MAT3_MAP2"
"5670",19.2,1245,"3","1","MAT3_MAP1"
"5671",21.4,1382,"3","2","MAT3_MAP2"
"5672",16.6,1196,"2","1","MAT2_MAP1"
"5673",18.5,1149,"3","1","MAT3_MAP1"
"5674",20.9,1365,"3","2","MAT3_MAP2"
"5675",16.5,1198,"2","1","MAT2_MAP1"
"5676",17.6,1159,"2","1","MAT2_MAP1"
"5677",18.6,1153,"3","1","MAT3_MAP1"
"5678",16.8,1191,"2","1","MAT2_MAP1"
"5679",15.7,1276,"1","2","MAT1_MAP2"
"5680",19,1232,"3","1","MAT3_MAP1"
"5681",15.7,1273,"1","2","MAT1_MAP2"
"5682",15.1,1444,"1","3","MAT1_MAP3"
"5683",17.9,1170,"2","1","MAT2_MAP1"
"5684",16.5,1207,"2","1","MAT2_MAP1"
"5685",16.1,1201,"2","1","MAT2_MAP1"
"5686",15.9,1221,"2","1","MAT2_MAP1"
"5687",17.2,1174,"2","1","MAT2_MAP1"
"5688",21.6,1380,"3","2","MAT3_MAP2"
"5689",18.8,1169,"3","1","MAT3_MAP1"
"5690",22.3,1265,"3","2","MAT3_MAP2"
"5691",19.2,1249,"3","1","MAT3_MAP1"
"5692",19.1,1244,"3","1","MAT3_MAP1"
"5693",15.3,1409,"1","2","MAT1_MAP2"
"5694",17,1174,"2","1","MAT2_MAP1"
"5695",20.2,1329,"3","2","MAT3_MAP2"
"5696",20.6,1355,"3","2","MAT3_MAP2"
"5697",18.6,1157,"3","1","MAT3_MAP1"
"5698",15.8,1237,"1","1","MAT1_MAP1"
"5699",15.8,1229,"1","1","MAT1_MAP1"
"5700",18.7,1192,"3","1","MAT3_MAP1"
"5701",22.2,1307,"3","2","MAT3_MAP2"
"5702",19.8,1359,"3","2","MAT3_MAP2"
"5703",15.2,1424,"1","3","MAT1_MAP3"
"5704",18.8,1193,"3","1","MAT3_MAP1"
"5705",16.3,1181,"2","1","MAT2_MAP1"
"5706",18.8,1166,"3","1","MAT3_MAP1"
"5707",16.1,1191,"2","1","MAT2_MAP1"
"5708",21.5,1391,"3","2","MAT3_MAP2"
"5709",22.6,1315,"3","2","MAT3_MAP2"
"5710",18.6,1172,"3","1","MAT3_MAP1"
"5711",19.7,1362,"3","2","MAT3_MAP2"
"5712",16,1207,"2","1","MAT2_MAP1"
"5713",17.4,1169,"2","1","MAT2_MAP1"
"5714",21.9,1385,"3","2","MAT3_MAP2"
"5715",19.6,1325,"3","2","MAT3_MAP2"
"5716",17.7,1159,"2","1","MAT2_MAP1"
"5717",16.5,1208,"2","1","MAT2_MAP1"
"5718",22.2,1297,"3","2","MAT3_MAP2"
"5719",15.6,1311,"1","2","MAT1_MAP2"
"5720",18.9,1234,"3","1","MAT3_MAP1"
"5721",19,1241,"3","1","MAT3_MAP1"
"5722",16.3,1182,"2","1","MAT2_MAP1"
"5723",16.6,1203,"2","1","MAT2_MAP1"
"5724",17.2,1171,"2","1","MAT2_MAP1"
"5725",19.5,1316,"3","2","MAT3_MAP2"
"5726",15.8,1227,"1","1","MAT1_MAP1"
"5727",18.9,1175,"3","1","MAT3_MAP1"
"5728",21.1,1345,"3","2","MAT3_MAP2"
"5729",16.2,1182,"2","1","MAT2_MAP1"
"5730",19.3,1276,"3","2","MAT3_MAP2"
"5731",18.8,1171,"3","1","MAT3_MAP1"
"5732",19.2,1255,"3","2","MAT3_MAP2"
"5733",16.4,1195,"2","1","MAT2_MAP1"
"5734",22.2,1262,"3","2","MAT3_MAP2"
"5735",21.8,1387,"3","2","MAT3_MAP2"
"5736",19.3,1268,"3","2","MAT3_MAP2"
"5737",20.4,1354,"3","2","MAT3_MAP2"
"5738",16,1209,"2","1","MAT2_MAP1"
"5739",19.5,1323,"3","2","MAT3_MAP2"
"5740",20.5,1361,"3","2","MAT3_MAP2"
"5741",20.8,1352,"3","2","MAT3_MAP2"
"5742",19.2,1264,"3","2","MAT3_MAP2"
"5743",19.4,1284,"3","2","MAT3_MAP2"
"5744",16,1211,"2","1","MAT2_MAP1"
"5745",15.8,1223,"1","1","MAT1_MAP1"
"5746",22.5,1352,"3","2","MAT3_MAP2"
"5747",17.4,1167,"2","1","MAT2_MAP1"
"5748",22.2,1328,"3","2","MAT3_MAP2"
"5749",15.9,1218,"2","1","MAT2_MAP1"
"5750",16.6,1198,"2","1","MAT2_MAP1"
"5751",17.2,1163,"2","1","MAT2_MAP1"
"5752",18.3,1178,"3","1","MAT3_MAP1"
"5753",17.2,1167,"2","1","MAT2_MAP1"
"5754",18.7,1169,"3","1","MAT3_MAP1"
"5755",19,1242,"3","1","MAT3_MAP1"
"5756",19.8,1362,"3","2","MAT3_MAP2"
"5757",22.2,1372,"3","2","MAT3_MAP2"
"5758",17.7,1168,"2","1","MAT2_MAP1"
"5759",15.8,1245,"1","1","MAT1_MAP1"
"5760",20.3,1308,"3","2","MAT3_MAP2"
"5761",19,1236,"3","1","MAT3_MAP1"
"5762",19.8,1364,"3","2","MAT3_MAP2"
"5763",21.4,1332,"3","2","MAT3_MAP2"
"5764",18.9,1188,"3","1","MAT3_MAP1"
"5765",15.7,1253,"1","2","MAT1_MAP2"
"5766",20.1,1329,"3","2","MAT3_MAP2"
"5767",19.3,1272,"3","2","MAT3_MAP2"
"5768",19.6,1328,"3","2","MAT3_MAP2"
"5769",15.9,1210,"2","1","MAT2_MAP1"
"5770",19.9,1354,"3","2","MAT3_MAP2"
"5771",19.4,1272,"3","2","MAT3_MAP2"
"5772",22.3,1251,"3","1","MAT3_MAP1"
"5773",17.4,1170,"2","1","MAT2_MAP1"
"5774",19.8,1343,"3","2","MAT3_MAP2"
"5775",16,1203,"2","1","MAT2_MAP1"
"5776",18.9,1193,"3","1","MAT3_MAP1"
"5777",19.7,1347,"3","2","MAT3_MAP2"
"5778",19.1,1247,"3","1","MAT3_MAP1"
"5779",15.8,1236,"1","1","MAT1_MAP1"
"5780",14.7,1398,"1","2","MAT1_MAP2"
"5781",19.5,1315,"3","2","MAT3_MAP2"
"5782",15.7,1256,"1","2","MAT1_MAP2"
"5783",16.4,1198,"2","1","MAT2_MAP1"
"5784",18.8,1178,"3","1","MAT3_MAP1"
"5785",16.8,1186,"2","1","MAT2_MAP1"
"5786",15.7,1249,"1","1","MAT1_MAP1"
"5787",20.4,1307,"3","2","MAT3_MAP2"
"5788",18.9,1176,"3","1","MAT3_MAP1"
"5789",19,1245,"3","1","MAT3_MAP1"
"5790",16.2,1193,"2","1","MAT2_MAP1"
"5791",18,1178,"2","1","MAT2_MAP1"
"5792",15.8,1217,"1","1","MAT1_MAP1"
"5793",15.2,1413,"1","2","MAT1_MAP2"
"5794",15.9,1213,"2","1","MAT2_MAP1"
"5795",14.4,1330,"1","2","MAT1_MAP2"
"5796",15.8,1225,"1","1","MAT1_MAP1"
"5797",20.5,1322,"3","2","MAT3_MAP2"
"5798",22.2,1340,"3","2","MAT3_MAP2"
"5799",22.2,1293,"3","2","MAT3_MAP2"
"5800",19.4,1307,"3","2","MAT3_MAP2"
"5801",17.4,1164,"2","1","MAT2_MAP1"
"5802",19.5,1312,"3","2","MAT3_MAP2"
"5803",17.4,1161,"2","1","MAT2_MAP1"
"5804",19.1,1265,"3","2","MAT3_MAP2"
"5805",21.8,1337,"3","2","MAT3_MAP2"
"5806",18.9,1180,"3","1","MAT3_MAP1"
"5807",22.4,1336,"3","2","MAT3_MAP2"
"5808",18.6,1192,"3","1","MAT3_MAP1"
"5809",21.1,1319,"3","2","MAT3_MAP2"
"5810",14.8,1375,"1","2","MAT1_MAP2"
"5811",22.2,1273,"3","2","MAT3_MAP2"
"5812",18.6,1185,"3","1","MAT3_MAP1"
"5813",18.9,1207,"3","1","MAT3_MAP1"
"5814",15.7,1268,"1","2","MAT1_MAP2"
"5815",20.2,1317,"3","2","MAT3_MAP2"
"5816",20.8,1336,"3","2","MAT3_MAP2"
"5817",22.3,1261,"3","2","MAT3_MAP2"
"5818",16,1195,"2","1","MAT2_MAP1"
"5819",22.4,1339,"3","2","MAT3_MAP2"
"5820",18.4,1191,"3","1","MAT3_MAP1"
"5821",16,1199,"2","1","MAT2_MAP1"
"5822",14.6,1345,"1","2","MAT1_MAP2"
"5823",16,1198,"2","1","MAT2_MAP1"
"5824",15.6,1283,"1","2","MAT1_MAP2"
"5825",15.9,1206,"2","1","MAT2_MAP1"
"5826",19.3,1282,"3","2","MAT3_MAP2"
"5827",21.6,1318,"3","2","MAT3_MAP2"
"5828",18.8,1190,"3","1","MAT3_MAP1"
"5829",14.8,1359,"1","2","MAT1_MAP2"
"5830",19.2,1273,"3","2","MAT3_MAP2"
"5831",21.9,1344,"3","2","MAT3_MAP2"
"5832",19.7,1331,"3","2","MAT3_MAP2"
"5833",22.3,1260,"3","2","MAT3_MAP2"
"5834",17.3,1158,"2","1","MAT2_MAP1"
"5835",18.7,1195,"3","1","MAT3_MAP1"
"5836",17,1171,"2","1","MAT2_MAP1"
"5837",20.9,1327,"3","2","MAT3_MAP2"
"5838",17.1,1163,"2","1","MAT2_MAP1"
"5839",15.9,1209,"2","1","MAT2_MAP1"
"5840",15.7,1260,"1","2","MAT1_MAP2"
"5841",17.3,1160,"2","1","MAT2_MAP1"
"5842",22.4,1338,"3","2","MAT3_MAP2"
"5843",22.5,1329,"3","2","MAT3_MAP2"
"5844",18.4,1192,"3","1","MAT3_MAP1"
"5845",15.8,1231,"1","1","MAT1_MAP1"
"5846",15.7,1241,"1","1","MAT1_MAP1"
"5847",18.9,1221,"3","1","MAT3_MAP1"
"5848",18.3,1188,"3","1","MAT3_MAP1"
"5849",21.9,1329,"3","2","MAT3_MAP2"
"5850",16.9,1173,"2","1","MAT2_MAP1"
"5851",15.5,1306,"1","2","MAT1_MAP2"
"5852",22.3,1334,"3","2","MAT3_MAP2"
"5853",18.7,1196,"3","1","MAT3_MAP1"
"5854",16.6,1189,"2","1","MAT2_MAP1"
"5855",15.7,1265,"1","2","MAT1_MAP2"
"5856",15,1348,"1","2","MAT1_MAP2"
"5857",17.1,1150,"2","1","MAT2_MAP1"
"5858",15.3,1359,"1","2","MAT1_MAP2"
"5859",20.7,1321,"3","2","MAT3_MAP2"
"5860",19,1204,"3","1","MAT3_MAP1"
"5861",19.2,1262,"3","2","MAT3_MAP2"
"5862",16,1196,"2","1","MAT2_MAP1"
"5863",22.1,1318,"3","2","MAT3_MAP2"
"5864",16.8,1179,"2","1","MAT2_MAP1"
"5865",18.8,1194,"3","1","MAT3_MAP1"
"5866",19.3,1277,"3","2","MAT3_MAP2"
"5867",19,1248,"3","1","MAT3_MAP1"
"5868",22.6,1299,"3","2","MAT3_MAP2"
"5869",16.3,1202,"2","1","MAT2_MAP1"
"5870",21.3,1280,"3","2","MAT3_MAP2"
"5871",19,1205,"3","1","MAT3_MAP1"
"5872",20.8,1323,"3","2","MAT3_MAP2"
"5873",20.2,1319,"3","2","MAT3_MAP2"
"5874",21.9,1315,"3","2","MAT3_MAP2"
"5875",16.5,1204,"2","1","MAT2_MAP1"
"5876",19.6,1312,"3","2","MAT3_MAP2"
"5877",14.8,1338,"1","2","MAT1_MAP2"
"5878",15.7,1229,"1","1","MAT1_MAP1"
"5879",16.9,1171,"2","1","MAT2_MAP1"
"5880",15.7,1231,"1","1","MAT1_MAP1"
"5881",16.1,1202,"2","1","MAT2_MAP1"
"5882",17.2,1151,"2","1","MAT2_MAP1"
"5883",16.7,1187,"2","1","MAT2_MAP1"
"5884",17.5,1160,"2","1","MAT2_MAP1"
"5885",18.9,1236,"3","1","MAT3_MAP1"
"5886",19.6,1307,"3","2","MAT3_MAP2"
"5887",15.8,1219,"1","1","MAT1_MAP1"
"5888",18.8,1199,"3","1","MAT3_MAP1"
"5889",20.9,1313,"3","2","MAT3_MAP2"
"5890",19,1246,"3","1","MAT3_MAP1"
"5891",22.4,1321,"3","2","MAT3_MAP2"
"5892",15.7,1255,"1","2","MAT1_MAP2"
"5893",19.2,1277,"3","2","MAT3_MAP2"
"5894",18.9,1212,"3","1","MAT3_MAP1"
"5895",21.7,1290,"3","2","MAT3_MAP2"
"5896",19.1,1261,"3","2","MAT3_MAP2"
"5897",18.4,1203,"3","1","MAT3_MAP1"
"5898",16.5,1190,"2","1","MAT2_MAP1"
"5899",19.3,1297,"3","2","MAT3_MAP2"
"5900",18.9,1211,"3","1","MAT3_MAP1"
"5901",18.7,1200,"3","1","MAT3_MAP1"
"5902",21.8,1306,"3","2","MAT3_MAP2"
"5903",22,1303,"3","2","MAT3_MAP2"
"5904",15.6,1251,"1","1","MAT1_MAP1"
"5905",21.9,1302,"3","2","MAT3_MAP2"
"5906",18.9,1200,"3","1","MAT3_MAP1"
"5907",18.3,1199,"3","1","MAT3_MAP1"
"5908",15.6,1234,"1","1","MAT1_MAP1"
"5909",18.4,1200,"3","1","MAT3_MAP1"
"5910",23,1285,"3","2","MAT3_MAP2"
"5911",20,1336,"3","2","MAT3_MAP2"
"5912",20,1333,"3","2","MAT3_MAP2"
"5913",21.9,1307,"3","2","MAT3_MAP2"
"5914",21.8,1294,"3","2","MAT3_MAP2"
"5915",17.1,1161,"2","1","MAT2_MAP1"
"5916",16.2,1195,"2","1","MAT2_MAP1"
"5917",15.8,1214,"1","1","MAT1_MAP1"
"5918",16,1202,"2","1","MAT2_MAP1"
"5919",17.6,1166,"2","1","MAT2_MAP1"
"5920",20.3,1310,"3","2","MAT3_MAP2"
"5921",17.4,1163,"2","1","MAT2_MAP1"
"5922",22.3,1314,"3","2","MAT3_MAP2"
"5923",22.4,1312,"3","2","MAT3_MAP2"
"5924",16.2,1191,"2","1","MAT2_MAP1"
"5925",17.3,1137,"2","1","MAT2_MAP1"
"5926",19.2,1285,"3","2","MAT3_MAP2"
"5927",17.3,1161,"2","1","MAT2_MAP1"
"5928",22.4,1316,"3","2","MAT3_MAP2"
"5929",14.8,1334,"1","2","MAT1_MAP2"
"5930",22.3,1273,"3","2","MAT3_MAP2"
"5931",22.1,1283,"3","2","MAT3_MAP2"
"5932",18.8,1201,"3","1","MAT3_MAP1"
"5933",20.2,1321,"3","2","MAT3_MAP2"
"5934",14.8,1346,"1","2","MAT1_MAP2"
"5935",20.4,1312,"3","2","MAT3_MAP2"
"5936",15.9,1207,"2","1","MAT2_MAP1"
"5937",17.4,1162,"2","1","MAT2_MAP1"
"5938",14.9,1347,"1","2","MAT1_MAP2"
"5939",18.5,1205,"3","1","MAT3_MAP1"
"5940",22.2,1316,"3","2","MAT3_MAP2"
"5941",20.3,1311,"3","2","MAT3_MAP2"
"5942",18,1167,"2","1","MAT2_MAP1"
"5943",19.6,1306,"3","2","MAT3_MAP2"
"5944",16.6,1210,"2","1","MAT2_MAP1"
"5945",13.8,1307,"1","2","MAT1_MAP2"
"5946",15.6,1238,"1","1","MAT1_MAP1"
"5947",17.3,1143,"2","1","MAT2_MAP1"
"5948",22.1,1279,"3","2","MAT3_MAP2"
"5949",22.5,1296,"3","2","MAT3_MAP2"
"5950",17.3,1139,"2","1","MAT2_MAP1"
"5951",19.3,1302,"3","2","MAT3_MAP2"
"5952",18.6,1199,"3","1","MAT3_MAP1"
"5953",19,1254,"3","2","MAT3_MAP2"
"5954",21.9,1291,"3","2","MAT3_MAP2"
"5955",17.7,1166,"2","1","MAT2_MAP1"
"5956",18.6,1200,"3","1","MAT3_MAP1"
"5957",18.9,1204,"3","1","MAT3_MAP1"
"5958",15.3,1318,"1","2","MAT1_MAP2"
"5959",13.8,1309,"1","2","MAT1_MAP2"
"5960",15.7,1227,"1","1","MAT1_MAP1"
"5961",14.7,1353,"1","2","MAT1_MAP2"
"5962",19.8,1313,"3","2","MAT3_MAP2"
"5963",19.6,1305,"3","2","MAT3_MAP2"
"5964",15.5,1244,"1","1","MAT1_MAP1"
"5965",15.5,1255,"1","2","MAT1_MAP2"
"5966",18.9,1216,"3","1","MAT3_MAP1"
"5967",19.2,1232,"3","1","MAT3_MAP1"
"5968",20.9,1297,"3","2","MAT3_MAP2"
"5969",20.3,1320,"3","2","MAT3_MAP2"
"5970",18.7,1209,"3","1","MAT3_MAP1"
"5971",15.3,1309,"1","2","MAT1_MAP2"
"5972",22,1283,"3","2","MAT3_MAP2"
"5973",17.3,1147,"2","1","MAT2_MAP1"
"5974",20.3,1312,"3","2","MAT3_MAP2"
"5975",22.3,1312,"3","2","MAT3_MAP2"
"5976",20,1313,"3","2","MAT3_MAP2"
"5977",22.4,1306,"3","2","MAT3_MAP2"
"5978",19.1,1263,"3","2","MAT3_MAP2"
"5979",17.3,1148,"2","1","MAT2_MAP1"
"5980",20.4,1308,"3","2","MAT3_MAP2"
"5981",20.3,1313,"3","2","MAT3_MAP2"
"5982",18.3,1197,"3","1","MAT3_MAP1"
"5983",17.6,1172,"2","1","MAT2_MAP1"
"5984",18.1,1176,"3","1","MAT3_MAP1"
"5985",20.5,1313,"3","2","MAT3_MAP2"
"5986",13.9,1324,"1","2","MAT1_MAP2"
"5987",19.3,1312,"3","2","MAT3_MAP2"
"5988",18.9,1208,"3","1","MAT3_MAP1"
"5989",19.7,1307,"3","2","MAT3_MAP2"
"5990",19.2,1244,"3","1","MAT3_MAP1"
"5991",17.3,1159,"2","1","MAT2_MAP1"
"5992",14.9,1301,"1","2","MAT1_MAP2"
"5993",18.9,1218,"3","1","MAT3_MAP1"
"5994",22.3,1294,"3","2","MAT3_MAP2"
"5995",20.4,1309,"3","2","MAT3_MAP2"
"5996",15.4,1261,"1","2","MAT1_MAP2"
"5997",17.4,1147,"2","1","MAT2_MAP1"
"5998",19.1,1231,"3","1","MAT3_MAP1"
"5999",18.4,1202,"3","1","MAT3_MAP1"
"6000",20.9,1303,"3","2","MAT3_MAP2"
"6001",21.4,1234,"3","1","MAT3_MAP1"
"6002",18,1183,"2","1","MAT2_MAP1"
"6003",17.7,1183,"2","1","MAT2_MAP1"
"6004",15.6,1237,"1","1","MAT1_MAP1"
"6005",16.7,1211,"2","1","MAT2_MAP1"
"6006",22,1279,"3","2","MAT3_MAP2"
"6007",20.4,1299,"3","2","MAT3_MAP2"
"6008",17.6,1177,"2","1","MAT2_MAP1"
"6009",15.1,1315,"1","2","MAT1_MAP2"
"6010",15.7,1228,"1","1","MAT1_MAP1"
"6011",15.8,1215,"1","1","MAT1_MAP1"
"6012",16.4,1209,"2","1","MAT2_MAP1"
"6013",17.5,1168,"2","1","MAT2_MAP1"
"6014",18.3,1183,"3","1","MAT3_MAP1"
"6015",17.5,1170,"2","1","MAT2_MAP1"
"6016",22.4,1282,"3","2","MAT3_MAP2"
"6017",22,1275,"3","2","MAT3_MAP2"
"6018",16.3,1218,"2","1","MAT2_MAP1"
"6019",21.8,1275,"3","2","MAT3_MAP2"
"6020",15.1,1318,"1","2","MAT1_MAP2"
"6021",19.1,1250,"3","1","MAT3_MAP1"
"6022",15.5,1259,"1","2","MAT1_MAP2"
"6023",21.8,1270,"3","2","MAT3_MAP2"
"6024",22.1,1268,"3","2","MAT3_MAP2"
"6025",22,1280,"3","2","MAT3_MAP2"
"6026",18.2,1181,"3","1","MAT3_MAP1"
"6027",19,1226,"3","1","MAT3_MAP1"
"6028",20.4,1306,"3","2","MAT3_MAP2"
"6029",19.2,1243,"3","1","MAT3_MAP1"
"6030",13.8,1276,"1","2","MAT1_MAP2"
"6031",15,1321,"1","2","MAT1_MAP2"
"6032",17.4,1157,"2","1","MAT2_MAP1"
"6033",17.5,1151,"2","1","MAT2_MAP1"
"6034",19.9,1309,"3","2","MAT3_MAP2"
"6035",19.2,1295,"3","2","MAT3_MAP2"
"6036",22.3,1287,"3","2","MAT3_MAP2"
"6037",19.2,1288,"3","2","MAT3_MAP2"
"6038",22.3,1277,"3","2","MAT3_MAP2"
"6039",14.8,1317,"1","2","MAT1_MAP2"
"6040",22.4,1294,"3","2","MAT3_MAP2"
"6041",14.1,1303,"1","2","MAT1_MAP2"
"6042",15.3,1271,"1","2","MAT1_MAP2"
"6043",16.4,1229,"2","1","MAT2_MAP1"
"6044",14.2,1288,"1","2","MAT1_MAP2"
"6045",18.4,1194,"3","1","MAT3_MAP1"
"6046",16.9,1199,"2","1","MAT2_MAP1"
"6047",18.9,1219,"3","1","MAT3_MAP1"
"6048",16.5,1226,"2","1","MAT2_MAP1"
"6049",18.4,1187,"3","1","MAT3_MAP1"
"6050",15.8,1222,"1","1","MAT1_MAP1"
"6051",20.7,1304,"3","2","MAT3_MAP2"
"6052",20,1314,"3","2","MAT3_MAP2"
"6053",15.4,1256,"1","2","MAT1_MAP2"
"6054",15.5,1262,"1","2","MAT1_MAP2"
"6055",18.9,1209,"3","1","MAT3_MAP1"
"6056",18.7,1208,"3","1","MAT3_MAP1"
"6057",15.1,1304,"1","2","MAT1_MAP2"
"6058",19.2,1266,"3","2","MAT3_MAP2"
"6059",19.7,1306,"3","2","MAT3_MAP2"
"6060",17.8,1192,"2","1","MAT2_MAP1"
"6061",18.4,1193,"3","1","MAT3_MAP1"
"6062",19.7,1303,"3","2","MAT3_MAP2"
"6063",22.4,1261,"3","2","MAT3_MAP2"
"6064",19.3,1298,"3","2","MAT3_MAP2"
"6065",16.3,1209,"2","1","MAT2_MAP1"
"6066",22.5,1274,"3","2","MAT3_MAP2"
"6067",15.4,1274,"1","2","MAT1_MAP2"
"6068",19.2,1252,"3","1","MAT3_MAP1"
"6069",18,1199,"2","1","MAT2_MAP1"
"6070",19.2,1261,"3","2","MAT3_MAP2"
"6071",19.2,1253,"3","2","MAT3_MAP2"
"6072",22.3,1284,"3","2","MAT3_MAP2"
"6073",14.1,1283,"1","2","MAT1_MAP2"
"6074",19.8,1304,"3","2","MAT3_MAP2"
"6075",16.8,1219,"2","1","MAT2_MAP1"
"6076",21.6,1240,"3","1","MAT3_MAP1"
"6077",15.5,1247,"1","1","MAT1_MAP1"
"6078",18.5,1203,"3","1","MAT3_MAP1"
"6079",15.6,1242,"1","1","MAT1_MAP1"
"6080",19.9,1302,"3","2","MAT3_MAP2"
"6081",20.9,1301,"3","2","MAT3_MAP2"
"6082",19.2,1270,"3","2","MAT3_MAP2"
"6083",19.4,1303,"3","2","MAT3_MAP2"
"6084",22.1,1249,"3","1","MAT3_MAP1"
"6085",15.9,1214,"2","1","MAT2_MAP1"
"6086",18.6,1209,"3","1","MAT3_MAP1"
"6087",17.6,1162,"2","1","MAT2_MAP1"
"6088",15.2,1283,"1","2","MAT1_MAP2"
"6089",19.3,1294,"3","2","MAT3_MAP2"
"6090",19.2,1263,"3","2","MAT3_MAP2"
"6091",14.8,1307,"1","2","MAT1_MAP2"
"6092",18,1184,"2","1","MAT2_MAP1"
"6093",15.4,1264,"1","2","MAT1_MAP2"
"6094",19.6,1303,"3","2","MAT3_MAP2"
"6095",14.2,1245,"1","1","MAT1_MAP1"
"6096",20.6,1310,"3","2","MAT3_MAP2"
"6097",15.5,1241,"1","1","MAT1_MAP1"
"6098",18.3,1203,"3","1","MAT3_MAP1"
"6099",22.2,1228,"3","1","MAT3_MAP1"
"6100",18.2,1200,"3","1","MAT3_MAP1"
"6101",22.4,1268,"3","2","MAT3_MAP2"
"6102",17.1,1206,"2","1","MAT2_MAP1"
"6103",19.7,1300,"3","2","MAT3_MAP2"
"6104",16.6,1236,"2","1","MAT2_MAP1"
"6105",19.9,1301,"3","2","MAT3_MAP2"
"6106",15.1,1295,"1","2","MAT1_MAP2"
"6107",17.6,1176,"2","1","MAT2_MAP1"
"6108",19.1,1216,"3","1","MAT3_MAP1"
"6109",14.6,1308,"1","2","MAT1_MAP2"
"6110",19.1,1215,"3","1","MAT3_MAP1"
"6111",22.4,1255,"3","2","MAT3_MAP2"
"6112",15.5,1243,"1","1","MAT1_MAP1"
"6113",15.5,1249,"1","1","MAT1_MAP1"
"6114",20.9,1308,"3","2","MAT3_MAP2"
"6115",19.5,1300,"3","2","MAT3_MAP2"
"6116",16.4,1199,"2","1","MAT2_MAP1"
"6117",20,1296,"3","2","MAT3_MAP2"
"6118",16.2,1206,"2","1","MAT2_MAP1"
"6119",15.2,1278,"1","2","MAT1_MAP2"
"6120",18.5,1206,"3","1","MAT3_MAP1"
"6121",17.6,1171,"2","1","MAT2_MAP1"
"6122",15.2,1275,"1","2","MAT1_MAP2"
"6123",19.2,1274,"3","2","MAT3_MAP2"
"6124",16.9,1216,"2","1","MAT2_MAP1"
"6125",19,1217,"3","1","MAT3_MAP1"
"6126",17.6,1174,"2","1","MAT2_MAP1"
"6127",17.9,1179,"2","1","MAT2_MAP1"
"6128",15,1286,"1","2","MAT1_MAP2"
"6129",14.8,1280,"1","2","MAT1_MAP2"
"6130",16,1210,"2","1","MAT2_MAP1"
"6131",18.8,1208,"3","1","MAT3_MAP1"
"6132",14.8,1294,"1","2","MAT1_MAP2"
"6133",13.7,1263,"1","2","MAT1_MAP2"
"6134",17.4,1183,"2","1","MAT2_MAP1"
"6135",19.9,1295,"3","2","MAT3_MAP2"
"6136",19.7,1301,"3","2","MAT3_MAP2"
"6137",22.4,1265,"3","2","MAT3_MAP2"
"6138",19.8,1299,"3","2","MAT3_MAP2"
"6139",21.6,1234,"3","1","MAT3_MAP1"
"6140",16.8,1237,"2","1","MAT2_MAP1"
"6141",19.6,1299,"3","2","MAT3_MAP2"
"6142",22.3,1228,"3","1","MAT3_MAP1"
"6143",19.1,1229,"3","1","MAT3_MAP1"
"6144",17.7,1175,"2","1","MAT2_MAP1"
"6145",14.8,1283,"1","2","MAT1_MAP2"
"6146",15.6,1233,"1","1","MAT1_MAP1"
"6147",22.6,1289,"3","2","MAT3_MAP2"
"6148",16.6,1233,"2","1","MAT2_MAP1"
"6149",18.2,1203,"3","1","MAT3_MAP1"
"6150",18.2,1199,"3","1","MAT3_MAP1"
"6151",15.4,1245,"1","1","MAT1_MAP1"
"6152",14.5,1286,"1","2","MAT1_MAP2"
"6153",19.3,1285,"3","2","MAT3_MAP2"
"6154",18.7,1214,"3","1","MAT3_MAP1"
"6155",16.3,1204,"2","1","MAT2_MAP1"
"6156",20.1,1284,"3","2","MAT3_MAP2"
"6157",14,1262,"1","2","MAT1_MAP2"
"6158",16.5,1234,"2","1","MAT2_MAP1"
"6159",19.6,1297,"3","2","MAT3_MAP2"
"6160",18.9,1214,"3","1","MAT3_MAP1"
"6161",17,1217,"2","1","MAT2_MAP1"
"6162",18.3,1209,"3","1","MAT3_MAP1"
"6163",22.1,1227,"3","1","MAT3_MAP1"
"6164",14.7,1280,"1","2","MAT1_MAP2"
"6165",14.8,1269,"1","2","MAT1_MAP2"
"6166",16.5,1240,"2","1","MAT2_MAP1"
"6167",15.3,1251,"1","1","MAT1_MAP1"
"6168",15.2,1261,"1","2","MAT1_MAP2"
"6169",20.8,1317,"3","2","MAT3_MAP2"
"6170",17.8,1191,"2","1","MAT2_MAP1"
"6171",19.8,1294,"3","2","MAT3_MAP2"
"6172",15.4,1243,"1","1","MAT1_MAP1"
"6173",15.2,1267,"1","2","MAT1_MAP2"
"6174",22.6,1281,"3","2","MAT3_MAP2"
"6175",15.3,1255,"1","2","MAT1_MAP2"
"6176",18.1,1191,"3","1","MAT3_MAP1"
"6177",16.2,1202,"2","1","MAT2_MAP1"
"6178",17.6,1189,"2","1","MAT2_MAP1"
"6179",22,1237,"3","1","MAT3_MAP1"
"6180",18.2,1210,"3","1","MAT3_MAP1"
"6181",17.9,1178,"2","1","MAT2_MAP1"
"6182",14,1313,"1","2","MAT1_MAP2"
"6183",22.3,1216,"3","1","MAT3_MAP1"
"6184",15.1,1259,"1","2","MAT1_MAP2"
"6185",22.2,1217,"3","1","MAT3_MAP1"
"6186",16.9,1222,"2","1","MAT2_MAP1"
"6187",15.3,1256,"1","2","MAT1_MAP2"
"6188",21.4,1267,"3","2","MAT3_MAP2"
"6189",15.2,1257,"1","2","MAT1_MAP2"
"6190",19.2,1284,"3","2","MAT3_MAP2"
"6191",14.6,1271,"1","2","MAT1_MAP2"
"6192",13.8,1256,"1","2","MAT1_MAP2"
"6193",15.4,1242,"1","1","MAT1_MAP1"
"6194",18.6,1212,"3","1","MAT3_MAP1"
"6195",16.1,1213,"2","1","MAT2_MAP1"
"6196",16.1,1210,"2","1","MAT2_MAP1"
"6197",18.3,1214,"3","1","MAT3_MAP1"
"6198",22.3,1231,"3","1","MAT3_MAP1"
"6199",15,1264,"1","2","MAT1_MAP2"
"6200",19.3,1293,"3","2","MAT3_MAP2"
"6201",16.9,1221,"2","1","MAT2_MAP1"
"6202",14.5,1275,"1","2","MAT1_MAP2"
"6203",21.8,1252,"3","1","MAT3_MAP1"
"6204",23,1327,"3","2","MAT3_MAP2"
"6205",18.8,1220,"3","1","MAT3_MAP1"
"6206",15.8,1216,"1","1","MAT1_MAP1"
"6207",15.2,1251,"1","1","MAT1_MAP1"
"6208",15,1251,"1","1","MAT1_MAP1"
"6209",18.8,1221,"3","1","MAT3_MAP1"
"6210",16.7,1235,"2","1","MAT2_MAP1"
"6211",17.9,1186,"2","1","MAT2_MAP1"
"6212",22.3,1210,"3","1","MAT3_MAP1"
"6213",15.6,1220,"1","1","MAT1_MAP1"
"6214",19.1,1234,"3","1","MAT3_MAP1"
"6215",20.7,1259,"3","2","MAT3_MAP2"
"6216",18.3,1212,"3","1","MAT3_MAP1"
"6217",19.1,1232,"3","1","MAT3_MAP1"
"6218",20.8,1324,"3","2","MAT3_MAP2"
"6219",14.9,1265,"1","2","MAT1_MAP2"
"6220",15,1267,"1","2","MAT1_MAP2"
"6221",14.2,1259,"1","2","MAT1_MAP2"
"6222",20.5,1233,"3","1","MAT3_MAP1"
"6223",19.2,1258,"3","2","MAT3_MAP2"
"6224",18,1190,"2","1","MAT2_MAP1"
"6225",20.7,1264,"3","2","MAT3_MAP2"
"6226",22.6,1277,"3","2","MAT3_MAP2"
"6227",22.3,1204,"3","1","MAT3_MAP1"
"6228",20.8,1307,"3","2","MAT3_MAP2"
"6229",20.7,1302,"3","2","MAT3_MAP2"
"6230",22.5,1272,"3","2","MAT3_MAP2"
"6231",22.2,1208,"3","1","MAT3_MAP1"
"6232",15.5,1222,"1","1","MAT1_MAP1"
"6233",19.2,1280,"3","2","MAT3_MAP2"
"6234",18.3,1194,"3","1","MAT3_MAP1"
"6235",19.1,1235,"3","1","MAT3_MAP1"
"6236",21.3,1300,"3","2","MAT3_MAP2"
"6237",17.6,1190,"2","1","MAT2_MAP1"
"6238",15,1252,"1","1","MAT1_MAP1"
"6239",21,1318,"3","2","MAT3_MAP2"
"6240",18.4,1210,"3","1","MAT3_MAP1"
"6241",18.1,1197,"3","1","MAT3_MAP1"
"6242",14.8,1262,"1","2","MAT1_MAP2"
"6243",21.2,1321,"3","2","MAT3_MAP2"
"6244",18.1,1188,"3","1","MAT3_MAP1"
"6245",22.4,1204,"3","1","MAT3_MAP1"
"6246",19.1,1233,"3","1","MAT3_MAP1"
"6247",22.4,1243,"3","1","MAT3_MAP1"
"6248",15.8,1210,"1","1","MAT1_MAP1"
"6249",18.5,1218,"3","1","MAT3_MAP1"
"6250",15.5,1217,"1","1","MAT1_MAP1"
"6251",21,1323,"3","2","MAT3_MAP2"
"6252",14.4,1266,"1","2","MAT1_MAP2"
"6253",22.9,1322,"3","2","MAT3_MAP2"
"6254",21.7,1255,"3","2","MAT3_MAP2"
"6255",20.7,1255,"3","2","MAT3_MAP2"
"6256",20.7,1267,"3","2","MAT3_MAP2"
"6257",19.1,1252,"3","1","MAT3_MAP1"
"6258",22.3,1200,"3","1","MAT3_MAP1"
"6259",22.4,1237,"3","1","MAT3_MAP1"
"6260",15.4,1227,"1","1","MAT1_MAP1"
"6261",18.6,1222,"3","1","MAT3_MAP1"
"6262",18.8,1222,"3","1","MAT3_MAP1"
"6263",14.1,1249,"1","1","MAT1_MAP1"
"6264",15.1,1252,"1","1","MAT1_MAP1"
"6265",22.4,1216,"3","1","MAT3_MAP1"
"6266",19.9,1281,"3","2","MAT3_MAP2"
"6267",19.2,1251,"3","1","MAT3_MAP1"
"6268",15,1253,"1","2","MAT1_MAP2"
"6269",18.3,1201,"3","1","MAT3_MAP1"
"6270",20.8,1290,"3","2","MAT3_MAP2"
"6271",18.3,1202,"3","1","MAT3_MAP1"
"6272",21,1325,"3","2","MAT3_MAP2"
"6273",18.3,1206,"3","1","MAT3_MAP1"
"6274",14.3,1267,"1","2","MAT1_MAP2"
"6275",21.6,1274,"3","2","MAT3_MAP2"
"6276",16.6,1235,"2","1","MAT2_MAP1"
"6277",15.1,1245,"1","1","MAT1_MAP1"
"6278",22.5,1237,"3","1","MAT3_MAP1"
"6279",21.3,1317,"3","2","MAT3_MAP2"
"6280",16.6,1192,"2","1","MAT2_MAP1"
"6281",16.6,1234,"2","1","MAT2_MAP1"
"6282",17.3,1211,"2","1","MAT2_MAP1"
"6283",14.8,1247,"1","1","MAT1_MAP1"
"6284",16.2,1194,"2","1","MAT2_MAP1"
"6285",16,1197,"2","1","MAT2_MAP1"
"6286",17.1,1218,"2","1","MAT2_MAP1"
"6287",18.3,1208,"3","1","MAT3_MAP1"
"6288",14.3,1237,"1","1","MAT1_MAP1"
"6289",17.3,1209,"2","1","MAT2_MAP1"
"6290",15.9,1204,"2","1","MAT2_MAP1"
"6291",21.5,1291,"3","2","MAT3_MAP2"
"6292",15.4,1232,"1","1","MAT1_MAP1"
"6293",15,1256,"1","2","MAT1_MAP2"
"6294",22.7,1294,"3","2","MAT3_MAP2"
"6295",14.7,1238,"1","1","MAT1_MAP1"
"6296",15.7,1208,"1","1","MAT1_MAP1"
"6297",15,1233,"1","1","MAT1_MAP1"
"6298",20.9,1300,"3","2","MAT3_MAP2"
"6299",16.2,1187,"2","1","MAT2_MAP1"
"6300",18.4,1215,"3","1","MAT3_MAP1"
"6301",15.3,1230,"1","1","MAT1_MAP1"
"6302",22.8,1305,"3","2","MAT3_MAP2"
"6303",14.6,1236,"1","1","MAT1_MAP1"
"6304",17.1,1224,"2","1","MAT2_MAP1"
"6305",21.8,1253,"3","2","MAT3_MAP2"
"6306",14.3,1235,"1","1","MAT1_MAP1"
"6307",19.1,1246,"3","1","MAT3_MAP1"
"6308",17.7,1206,"2","1","MAT2_MAP1"
"6309",14.6,1228,"1","1","MAT1_MAP1"
"6310",19.1,1295,"3","2","MAT3_MAP2"
"6311",13.3,1259,"1","2","MAT1_MAP2"
"6312",20.7,1265,"3","2","MAT3_MAP2"
"6313",19.2,1289,"3","2","MAT3_MAP2"
"6314",13.7,1262,"1","2","MAT1_MAP2"
"6315",22.6,1257,"3","2","MAT3_MAP2"
"6316",13.4,1242,"1","1","MAT1_MAP1"
"6317",15,1215,"1","1","MAT1_MAP1"
"6318",16.6,1197,"2","1","MAT2_MAP1"
"6319",17.7,1222,"2","1","MAT2_MAP1"
"6320",15,1222,"1","1","MAT1_MAP1"
"6321",16.5,1195,"2","1","MAT2_MAP1"
"6322",15.7,1211,"1","1","MAT1_MAP1"
"6323",22.4,1247,"3","1","MAT3_MAP1"
"6324",14.2,1236,"1","1","MAT1_MAP1"
"6325",15,1231,"1","1","MAT1_MAP1"
"6326",15.2,1232,"1","1","MAT1_MAP1"
"6327",22.3,1244,"3","1","MAT3_MAP1"
"6328",14.9,1233,"1","1","MAT1_MAP1"
"6329",20.9,1299,"3","2","MAT3_MAP2"
"6330",20.8,1287,"3","2","MAT3_MAP2"
"6331",16.3,1190,"2","1","MAT2_MAP1"
"6332",23,1329,"3","2","MAT3_MAP2"
"6333",14.9,1235,"1","1","MAT1_MAP1"
"6334",17.7,1211,"2","1","MAT2_MAP1"
"6335",19.1,1281,"3","2","MAT3_MAP2"
"6336",16.1,1193,"2","1","MAT2_MAP1"
"6337",17.2,1216,"2","1","MAT2_MAP1"
"6338",22.7,1266,"3","2","MAT3_MAP2"
"6339",15.8,1203,"1","1","MAT1_MAP1"
"6340",15,1246,"1","1","MAT1_MAP1"
"6341",21.1,1327,"3","2","MAT3_MAP2"
"6342",15.4,1218,"1","1","MAT1_MAP1"
"6343",16.4,1178,"2","1","MAT2_MAP1"
"6344",19.1,1266,"3","2","MAT3_MAP2"
"6345",14.7,1212,"1","1","MAT1_MAP1"
"6346",18.9,1241,"3","1","MAT3_MAP1"
"6347",15.3,1233,"1","1","MAT1_MAP1"
"6348",14.7,1215,"1","1","MAT1_MAP1"
"6349",18.7,1238,"3","1","MAT3_MAP1"
"6350",19.1,1242,"3","1","MAT3_MAP1"
"6351",15.3,1224,"1","1","MAT1_MAP1"
"6352",17.9,1216,"2","1","MAT2_MAP1"
"6353",16.9,1236,"2","1","MAT2_MAP1"
"6354",14.8,1208,"1","1","MAT1_MAP1"
"6355",18.2,1219,"3","1","MAT3_MAP1"
"6356",15.1,1219,"1","1","MAT1_MAP1"
"6357",15.5,1225,"1","1","MAT1_MAP1"
"6358",22.6,1242,"3","1","MAT3_MAP1"
"6359",22.5,1234,"3","1","MAT3_MAP1"
"6360",16.8,1221,"2","1","MAT2_MAP1"
"6361",22.4,1220,"3","1","MAT3_MAP1"
"6362",21.1,1318,"3","2","MAT3_MAP2"
"6363",13.4,1262,"1","2","MAT1_MAP2"
"6364",18.6,1229,"3","1","MAT3_MAP1"
"6365",21.9,1250,"3","1","MAT3_MAP1"
"6366",15.1,1227,"1","1","MAT1_MAP1"
"6367",15.1,1231,"1","1","MAT1_MAP1"
"6368",22.4,1225,"3","1","MAT3_MAP1"
"6369",19.1,1253,"3","2","MAT3_MAP2"
"6370",18,1220,"2","1","MAT2_MAP1"
"6371",22.3,1214,"3","1","MAT3_MAP1"
"6372",17.2,1225,"2","1","MAT2_MAP1"
"6373",17.2,1218,"2","1","MAT2_MAP1"
"6374",14.7,1210,"1","1","MAT1_MAP1"
"6375",18.9,1243,"3","1","MAT3_MAP1"
"6376",16.2,1189,"2","1","MAT2_MAP1"
"6377",22.2,1224,"3","1","MAT3_MAP1"
"6378",18.6,1237,"3","1","MAT3_MAP1"
"6379",18.6,1244,"3","1","MAT3_MAP1"
"6380",17,1235,"2","1","MAT2_MAP1"
"6381",14.5,1215,"1","1","MAT1_MAP1"
"6382",16.5,1169,"2","1","MAT2_MAP1"
"6383",16.7,1199,"2","1","MAT2_MAP1"
"6384",22.6,1218,"3","1","MAT3_MAP1"
"6385",17.5,1201,"2","1","MAT2_MAP1"
"6386",15.2,1212,"1","1","MAT1_MAP1"
"6387",13.1,1241,"1","1","MAT1_MAP1"
"6388",13.2,1257,"1","2","MAT1_MAP2"
"6389",19.1,1293,"3","2","MAT3_MAP2"
"6390",22.6,1219,"3","1","MAT3_MAP1"
"6391",18.7,1246,"3","1","MAT3_MAP1"
"6392",18.6,1238,"3","1","MAT3_MAP1"
"6393",22.6,1213,"3","1","MAT3_MAP1"
"6394",18.8,1248,"3","1","MAT3_MAP1"
"6395",18.8,1241,"3","1","MAT3_MAP1"
"6396",16.6,1184,"2","1","MAT2_MAP1"
"6397",17.6,1211,"2","1","MAT2_MAP1"
"6398",22.8,1297,"3","2","MAT3_MAP2"
"6399",15.4,1210,"1","1","MAT1_MAP1"
"6400",16.7,1195,"2","1","MAT2_MAP1"
"6401",15.5,1221,"1","1","MAT1_MAP1"
"6402",15.1,1199,"1","1","MAT1_MAP1"
"6403",21.1,1294,"3","2","MAT3_MAP2"
"6404",19,1252,"3","1","MAT3_MAP1"
"6405",21.2,1333,"3","2","MAT3_MAP2"
"6406",14.3,1221,"1","1","MAT1_MAP1"
"6407",13.2,1243,"1","1","MAT1_MAP1"
"6408",18.1,1227,"3","1","MAT3_MAP1"
"6409",21.2,1296,"3","2","MAT3_MAP2"
"6410",14.9,1195,"1","1","MAT1_MAP1"
"6411",18.6,1242,"3","1","MAT3_MAP1"
"6412",18.2,1239,"3","1","MAT3_MAP1"
"6413",18.5,1243,"3","1","MAT3_MAP1"
"6414",15.5,1220,"1","1","MAT1_MAP1"
"6415",12.8,1244,"1","1","MAT1_MAP1"
"6416",15.4,1212,"1","1","MAT1_MAP1"
"6417",22.3,1226,"3","1","MAT3_MAP1"
"6418",18.4,1246,"3","1","MAT3_MAP1"
"6419",17.7,1217,"2","1","MAT2_MAP1"
"6420",18.8,1250,"3","1","MAT3_MAP1"
"6421",22.3,1227,"3","1","MAT3_MAP1"
"6422",13.7,1233,"1","1","MAT1_MAP1"
"6423",22.2,1234,"3","1","MAT3_MAP1"
"6424",13.5,1256,"1","2","MAT1_MAP2"
"6425",16.7,1186,"2","1","MAT2_MAP1"
"6426",14.8,1203,"1","1","MAT1_MAP1"
"6427",18.9,1247,"3","1","MAT3_MAP1"
"6428",15.2,1181,"1","1","MAT1_MAP1"
"6429",20.9,1278,"3","2","MAT3_MAP2"
"6430",18.4,1248,"3","1","MAT3_MAP1"
"6431",13.3,1241,"1","1","MAT1_MAP1"
"6432",18.6,1249,"3","1","MAT3_MAP1"
"6433",18.8,1246,"3","1","MAT3_MAP1"
"6434",18.6,1250,"3","1","MAT3_MAP1"
"6435",14.2,1221,"1","1","MAT1_MAP1"
"6436",18.5,1250,"3","1","MAT3_MAP1"
"6437",17,1205,"2","1","MAT2_MAP1"
"6438",21.2,1298,"3","2","MAT3_MAP2"
"6439",13.8,1243,"1","1","MAT1_MAP1"
"6440",21.6,1286,"3","2","MAT3_MAP2"
"6441",14.9,1190,"1","1","MAT1_MAP1"
"6442",15.4,1206,"1","1","MAT1_MAP1"
"6443",18,1219,"2","1","MAT2_MAP1"
"6444",16.8,1178,"2","1","MAT2_MAP1"
"6445",21.3,1305,"3","2","MAT3_MAP2"
"6446",16.4,1187,"2","1","MAT2_MAP1"
"6447",15.3,1189,"1","1","MAT1_MAP1"
"6448",15.1,1186,"1","1","MAT1_MAP1"
"6449",18.7,1255,"3","2","MAT3_MAP2"
"6450",21.1,1273,"3","2","MAT3_MAP2"
"6451",22.3,1235,"3","1","MAT3_MAP1"
"6452",18.9,1251,"3","1","MAT3_MAP1"
"6453",18.2,1249,"3","1","MAT3_MAP1"
"6454",22,1268,"3","2","MAT3_MAP2"
"6455",21.9,1284,"3","2","MAT3_MAP2"
"6456",21.3,1298,"3","2","MAT3_MAP2"
"6457",18.8,1252,"3","1","MAT3_MAP1"
"6458",17.8,1213,"2","1","MAT2_MAP1"
"6459",14.2,1220,"1","1","MAT1_MAP1"
"6460",16.8,1172,"2","1","MAT2_MAP1"
"6461",18.7,1253,"3","2","MAT3_MAP2"
"6462",15.5,1199,"1","1","MAT1_MAP1"
"6463",21.6,1288,"3","2","MAT3_MAP2"
"6464",16.2,1180,"2","1","MAT2_MAP1"
"6465",18.1,1232,"3","1","MAT3_MAP1"
"6466",15.5,1205,"1","1","MAT1_MAP1"
"6467",16.8,1184,"2","1","MAT2_MAP1"
"6468",18.3,1251,"3","1","MAT3_MAP1"
"6469",15.6,1205,"1","1","MAT1_MAP1"
"6470",15.5,1191,"1","1","MAT1_MAP1"
"6471",22.6,1185,"3","1","MAT3_MAP1"
"6472",14.5,1211,"1","1","MAT1_MAP1"
"6473",15.1,1172,"1","1","MAT1_MAP1"
"6474",17.8,1219,"2","1","MAT2_MAP1"
"6475",21.3,1281,"3","2","MAT3_MAP2"
"6476",16.6,1172,"2","1","MAT2_MAP1"
"6477",22.1,1260,"3","2","MAT3_MAP2"
"6478",22.4,1222,"3","1","MAT3_MAP1"
"6479",14.2,1210,"1","1","MAT1_MAP1"
"6480",22.2,1244,"3","1","MAT3_MAP1"
"6481",13.9,1226,"1","1","MAT1_MAP1"
"6482",16.4,1180,"2","1","MAT2_MAP1"
"6483",22.8,1306,"3","2","MAT3_MAP2"
"6484",18.2,1246,"3","1","MAT3_MAP1"
"6485",22.2,1257,"3","2","MAT3_MAP2"
"6486",13.7,1240,"1","1","MAT1_MAP1"
"6487",22,1293,"3","2","MAT3_MAP2"
"6488",14.9,1179,"1","1","MAT1_MAP1"
"6489",17.9,1217,"2","1","MAT2_MAP1"
"6490",12.8,1200,"1","1","MAT1_MAP1"
"6491",15.7,1196,"1","1","MAT1_MAP1"
"6492",17.6,1199,"2","1","MAT2_MAP1"
"6493",22.3,1238,"3","1","MAT3_MAP1"
"6494",16.8,1187,"2","1","MAT2_MAP1"
"6495",18.7,1264,"3","2","MAT3_MAP2"
"6496",23,1335,"3","2","MAT3_MAP2"
"6497",16.3,1165,"2","1","MAT2_MAP1"
"6498",15.7,1191,"1","1","MAT1_MAP1"
"6499",22.9,1244,"3","1","MAT3_MAP1"
"6500",22.1,1255,"3","2","MAT3_MAP2"
"6501",18.5,1267,"3","2","MAT3_MAP2"
"6502",15.2,1160,"1","1","MAT1_MAP1"
"6503",13.1,1214,"1","1","MAT1_MAP1"
"6504",14,1217,"1","1","MAT1_MAP1"
"6505",21.4,1276,"3","2","MAT3_MAP2"
"6506",15.3,1156,"1","1","MAT1_MAP1"
"6507",21.5,1290,"3","2","MAT3_MAP2"
"6508",15.7,1198,"1","1","MAT1_MAP1"
"6509",14.5,1187,"1","1","MAT1_MAP1"
"6510",17.8,1206,"2","1","MAT2_MAP1"
"6511",21.9,1321,"3","2","MAT3_MAP2"
"6512",22.6,1170,"3","1","MAT3_MAP1"
"6513",18.7,1262,"3","2","MAT3_MAP2"
"6514",22.2,1239,"3","1","MAT3_MAP1"
"6515",17.9,1218,"2","1","MAT2_MAP1"
"6516",17.9,1230,"2","1","MAT2_MAP1"
"6517",13.8,1225,"1","1","MAT1_MAP1"
"6518",14.9,1170,"1","1","MAT1_MAP1"
"6519",18.8,1263,"3","2","MAT3_MAP2"
"6520",16.4,1192,"2","1","MAT2_MAP1"
"6521",23,1342,"3","2","MAT3_MAP2"
"6522",18.3,1268,"3","2","MAT3_MAP2"
"6523",15.6,1162,"1","1","MAT1_MAP1"
"6524",21.6,1301,"3","2","MAT3_MAP2"
"6525",22.3,1239,"3","1","MAT3_MAP1"
"6526",18.4,1274,"3","2","MAT3_MAP2"
"6527",17.5,1179,"2","1","MAT2_MAP1"
"6528",17.8,1209,"2","1","MAT2_MAP1"
"6529",15.9,1184,"2","1","MAT2_MAP1"
"6530",17.6,1203,"2","1","MAT2_MAP1"
"6531",18.3,1271,"3","2","MAT3_MAP2"
"6532",22.4,1238,"3","1","MAT3_MAP1"
"6533",13.6,1229,"1","1","MAT1_MAP1"
"6534",12.5,1204,"1","1","MAT1_MAP1"
"6535",17.9,1222,"2","1","MAT2_MAP1"
"6536",22.3,1243,"3","1","MAT3_MAP1"
"6537",13.7,1201,"1","1","MAT1_MAP1"
"6538",13.6,1209,"1","1","MAT1_MAP1"
"6539",15.5,1161,"1","1","MAT1_MAP1"
"6540",18.8,1270,"3","2","MAT3_MAP2"
"6541",17.9,1213,"2","1","MAT2_MAP1"
"6542",16.1,1163,"2","1","MAT2_MAP1"
"6543",18.5,1276,"3","2","MAT3_MAP2"
"6544",14.2,1188,"1","1","MAT1_MAP1"
"6545",15.6,1196,"1","1","MAT1_MAP1"
"6546",18.2,1273,"3","2","MAT3_MAP2"
"6547",14.5,1175,"1","1","MAT1_MAP1"
"6548",13.7,1215,"1","1","MAT1_MAP1"
"6549",18.7,1269,"3","2","MAT3_MAP2"
"6550",15.6,1173,"1","1","MAT1_MAP1"
"6551",13.1,1209,"1","1","MAT1_MAP1"
"6552",15.5,1152,"1","1","MAT1_MAP1"
"6553",18.4,1276,"3","2","MAT3_MAP2"
"6554",18.5,1279,"3","2","MAT3_MAP2"
"6555",13.8,1213,"1","1","MAT1_MAP1"
"6556",16.4,1164,"2","1","MAT2_MAP1"
"6557",14.6,1166,"1","1","MAT1_MAP1"
"6558",17.6,1169,"2","1","MAT2_MAP1"
"6559",14.6,1164,"1","1","MAT1_MAP1"
"6560",13.6,1200,"1","1","MAT1_MAP1"
"6561",16.1,1172,"2","1","MAT2_MAP1"
"6562",16.4,1140,"2","1","MAT2_MAP1"
"6563",13.9,1207,"1","1","MAT1_MAP1"
"6564",13.1,1205,"1","1","MAT1_MAP1"
"6565",18.2,1276,"3","2","MAT3_MAP2"
"6566",15.7,1166,"1","1","MAT1_MAP1"
"6567",22.2,1251,"3","1","MAT3_MAP1"
"6568",18.1,1259,"3","2","MAT3_MAP2"
"6569",15.8,1170,"1","1","MAT1_MAP1"
"6570",14.4,1167,"1","1","MAT1_MAP1"
"6571",15.3,1149,"1","1","MAT1_MAP1"
"6572",22.2,1247,"3","1","MAT3_MAP1"
"6573",16.1,1167,"2","1","MAT2_MAP1"
"6574",14.4,1174,"1","1","MAT1_MAP1"
"6575",17.6,1201,"2","1","MAT2_MAP1"
"6576",16.2,1154,"2","1","MAT2_MAP1"
"6577",12.6,1178,"1","1","MAT1_MAP1"
"6578",12.8,1161,"1","1","MAT1_MAP1"
"6579",13.3,1206,"1","1","MAT1_MAP1"
"6580",13.8,1206,"1","1","MAT1_MAP1"
"6581",16.4,1137,"2","1","MAT2_MAP1"
"6582",15.6,1178,"1","1","MAT1_MAP1"
"6583",21.7,1342,"3","2","MAT3_MAP2"
"6584",18.1,1278,"3","2","MAT3_MAP2"
"6585",15.7,1181,"1","1","MAT1_MAP1"
"6586",21.7,1380,"3","2","MAT3_MAP2"
"6587",15.6,1169,"1","1","MAT1_MAP1"
"6588",15.6,1168,"1","1","MAT1_MAP1"
"6589",13.4,1222,"1","1","MAT1_MAP1"
"6590",22.4,1244,"3","1","MAT3_MAP1"
"6591",16.3,1152,"2","1","MAT2_MAP1"
"6592",15.7,1185,"1","1","MAT1_MAP1"
"6593",13.5,1208,"1","1","MAT1_MAP1"
"6594",22.4,1249,"3","1","MAT3_MAP1"
"6595",17.7,1202,"2","1","MAT2_MAP1"
"6596",15,1148,"1","1","MAT1_MAP1"
"6597",17.9,1221,"2","1","MAT2_MAP1"
"6598",21.6,1320,"3","2","MAT3_MAP2"
"6599",17.5,1169,"2","1","MAT2_MAP1"
"6600",14.5,1164,"1","1","MAT1_MAP1"
"6601",12.9,1188,"1","1","MAT1_MAP1"
"6602",14.5,1159,"1","1","MAT1_MAP1"
"6603",18.2,1278,"3","2","MAT3_MAP2"
"6604",13.5,1197,"1","1","MAT1_MAP1"
"6605",21.7,1371,"3","2","MAT3_MAP2"
"6606",14.4,1166,"1","1","MAT1_MAP1"
"6607",16.8,1161,"2","1","MAT2_MAP1"
"6608",17.6,1200,"2","1","MAT2_MAP1"
"6609",17.5,1193,"2","1","MAT2_MAP1"
"6610",13.8,1199,"1","1","MAT1_MAP1"
"6611",18,1274,"2","2","MAT2_MAP2"
"6612",15.6,1170,"1","1","MAT1_MAP1"
"6613",16.5,1147,"2","1","MAT2_MAP1"
"6614",18,1268,"2","2","MAT2_MAP2"
"6615",15.1,1142,"1","1","MAT1_MAP1"
"6616",14.1,1185,"1","1","MAT1_MAP1"
"6617",15.1,1143,"1","1","MAT1_MAP1"
"6618",12.8,1156,"1","1","MAT1_MAP1"
"6619",14.4,1165,"1","1","MAT1_MAP1"
"6620",13.2,1191,"1","1","MAT1_MAP1"
"6621",15.5,1167,"1","1","MAT1_MAP1"
"6622",13.5,1211,"1","1","MAT1_MAP1"
"6623",17.6,1167,"2","1","MAT2_MAP1"
"6624",18.2,1281,"3","2","MAT3_MAP2"
"6625",18.5,1275,"3","2","MAT3_MAP2"
"6626",14,1194,"1","1","MAT1_MAP1"
"6627",15.8,1173,"1","1","MAT1_MAP1"
"6628",22.5,1230,"3","1","MAT3_MAP1"
"6629",12.9,1164,"1","1","MAT1_MAP1"
"6630",15.8,1176,"1","1","MAT1_MAP1"
"6631",13.6,1189,"1","1","MAT1_MAP1"
"6632",17.5,1183,"2","1","MAT2_MAP1"
"6633",13.6,1197,"1","1","MAT1_MAP1"
"6634",15.7,1180,"1","1","MAT1_MAP1"
"6635",14.2,1176,"1","1","MAT1_MAP1"
"6636",12.9,1150,"1","1","MAT1_MAP1"
"6637",17.8,1197,"2","1","MAT2_MAP1"
"6638",17.6,1164,"2","1","MAT2_MAP1"
"6639",15,1140,"1","1","MAT1_MAP1"
"6640",15.7,1176,"1","1","MAT1_MAP1"
"6641",17.6,1160,"2","1","MAT2_MAP1"
"6642",15.6,1166,"1","1","MAT1_MAP1"
"6643",17.9,1219,"2","1","MAT2_MAP1"
"6644",15,1145,"1","1","MAT1_MAP1"
"6645",16.1,1148,"2","1","MAT2_MAP1"
"6646",18.1,1281,"3","2","MAT3_MAP2"
"6647",15.7,1183,"1","1","MAT1_MAP1"
"6648",14.6,1149,"1","1","MAT1_MAP1"
"6649",17.9,1234,"2","1","MAT2_MAP1"
"6650",14.4,1162,"1","1","MAT1_MAP1"
"6651",17.8,1199,"2","1","MAT2_MAP1"
"6652",15.6,1183,"1","1","MAT1_MAP1"
"6653",16.2,1121,"2","1","MAT2_MAP1"
"6654",16.3,1131,"2","1","MAT2_MAP1"
"6655",18.5,1273,"3","2","MAT3_MAP2"
"6656",14.6,1148,"1","1","MAT1_MAP1"
"6657",16.7,1146,"2","1","MAT2_MAP1"
"6658",12.6,1155,"1","1","MAT1_MAP1"
"6659",16.6,1141,"2","1","MAT2_MAP1"
"6660",18.4,1279,"3","2","MAT3_MAP2"
"6661",15.3,1140,"1","1","MAT1_MAP1"
"6662",15.4,1166,"1","1","MAT1_MAP1"
"6663",21.7,1338,"3","2","MAT3_MAP2"
"6664",15.6,1179,"1","1","MAT1_MAP1"
"6665",13.3,1189,"1","1","MAT1_MAP1"
"6666",16.4,1106,"2","1","MAT2_MAP1"
"6667",13.6,1184,"1","1","MAT1_MAP1"
"6668",13.8,1190,"1","1","MAT1_MAP1"
"6669",13.2,1177,"1","1","MAT1_MAP1"
"6670",14.6,1145,"1","1","MAT1_MAP1"
"6671",13.7,1191,"1","1","MAT1_MAP1"
"6672",14.2,1171,"1","1","MAT1_MAP1"
"6673",14.1,1180,"1","1","MAT1_MAP1"
"6674",18,1248,"2","1","MAT2_MAP1"
"6675",18.1,1282,"3","2","MAT3_MAP2"
"6676",16.9,1144,"2","1","MAT2_MAP1"
"6677",17.1,1169,"2","1","MAT2_MAP1"
"6678",12.6,1158,"1","1","MAT1_MAP1"
"6679",17.6,1158,"2","1","MAT2_MAP1"
"6680",17.3,1178,"2","1","MAT2_MAP1"
"6681",13.3,1186,"1","1","MAT1_MAP1"
"6682",15.5,1189,"1","1","MAT1_MAP1"
"6683",14.2,1174,"1","1","MAT1_MAP1"
"6684",14.2,1173,"1","1","MAT1_MAP1"
"6685",17.7,1172,"2","1","MAT2_MAP1"
"6686",15.5,1164,"1","1","MAT1_MAP1"
"6687",16.8,1127,"2","1","MAT2_MAP1"
"6688",15.6,1190,"1","1","MAT1_MAP1"
"6689",14.6,1144,"1","1","MAT1_MAP1"
"6690",13.3,1170,"1","1","MAT1_MAP1"
"6691",13.7,1184,"1","1","MAT1_MAP1"
"6692",18.1,1287,"3","2","MAT3_MAP2"
"6693",15.4,1183,"1","1","MAT1_MAP1"
"6694",13.7,1186,"1","1","MAT1_MAP1"
"6695",13.1,1202,"1","1","MAT1_MAP1"
"6696",15.4,1165,"1","1","MAT1_MAP1"
"6697",21.7,1285,"3","2","MAT3_MAP2"
"6698",15.3,1135,"1","1","MAT1_MAP1"
"6699",17.1,1137,"2","1","MAT2_MAP1"
"6700",17.6,1155,"2","1","MAT2_MAP1"
"6701",18.1,1283,"3","2","MAT3_MAP2"
"6702",18.1,1277,"3","2","MAT3_MAP2"
"6703",12.6,1174,"1","1","MAT1_MAP1"
"6704",17.6,1157,"2","1","MAT2_MAP1"
"6705",17.4,1152,"2","1","MAT2_MAP1"
"6706",17.2,1137,"2","1","MAT2_MAP1"
"6707",14.5,1153,"1","1","MAT1_MAP1"
"6708",15.6,1186,"1","1","MAT1_MAP1"
"6709",13.6,1188,"1","1","MAT1_MAP1"
"6710",14.4,1161,"1","1","MAT1_MAP1"
"6711",15.3,1138,"1","1","MAT1_MAP1"
"6712",18.3,1279,"3","2","MAT3_MAP2"
"6713",15.4,1160,"1","1","MAT1_MAP1"
"6714",12.3,1193,"1","1","MAT1_MAP1"
"6715",15.5,1149,"1","1","MAT1_MAP1"
"6716",15.4,1177,"1","1","MAT1_MAP1"
"6717",21.8,1226,"3","1","MAT3_MAP1"
"6718",13.2,1200,"1","1","MAT1_MAP1"
"6719",14,1175,"1","1","MAT1_MAP1"
"6720",14.3,1161,"1","1","MAT1_MAP1"
"6721",16.1,1146,"2","1","MAT2_MAP1"
"6722",17.5,1153,"2","1","MAT2_MAP1"
"6723",14.2,1164,"1","1","MAT1_MAP1"
"6724",14.9,1135,"1","1","MAT1_MAP1"
"6725",22.5,1268,"3","2","MAT3_MAP2"
"6726",18,1272,"2","2","MAT2_MAP2"
"6727",17.9,1239,"2","1","MAT2_MAP1"
"6728",15.9,1166,"2","1","MAT2_MAP1"
"6729",15.7,1179,"1","1","MAT1_MAP1"
"6730",15,1147,"1","1","MAT1_MAP1"
"6731",18.6,1275,"3","2","MAT3_MAP2"
"6732",15.5,1181,"1","1","MAT1_MAP1"
"6733",18.3,1278,"3","2","MAT3_MAP2"
"6734",14.5,1154,"1","1","MAT1_MAP1"
"6735",13.8,1188,"1","1","MAT1_MAP1"
"6736",13.7,1187,"1","1","MAT1_MAP1"
"6737",15.3,1145,"1","1","MAT1_MAP1"
"6738",13.4,1201,"1","1","MAT1_MAP1"
"6739",15.9,1162,"2","1","MAT2_MAP1"
"6740",17.1,1145,"2","1","MAT2_MAP1"
"6741",17.7,1198,"2","1","MAT2_MAP1"
"6742",14.7,1136,"1","1","MAT1_MAP1"
"6743",15.4,1173,"1","1","MAT1_MAP1"
"6744",13.4,1199,"1","1","MAT1_MAP1"
"6745",12.8,1226,"1","1","MAT1_MAP1"
"6746",15.9,1167,"2","1","MAT2_MAP1"
"6747",12.4,1239,"1","1","MAT1_MAP1"
"6748",15.7,1175,"1","1","MAT1_MAP1"
"6749",14.5,1152,"1","1","MAT1_MAP1"
"6750",14.5,1146,"1","1","MAT1_MAP1"
"6751",12.7,1226,"1","1","MAT1_MAP1"
"6752",14.3,1159,"1","1","MAT1_MAP1"
"6753",15.5,1188,"1","1","MAT1_MAP1"
"6754",22.6,1287,"3","2","MAT3_MAP2"
"6755",15.6,1181,"1","1","MAT1_MAP1"
"6756",15.1,1149,"1","1","MAT1_MAP1"
"6757",16.4,1141,"2","1","MAT2_MAP1"
"6758",12.6,1242,"1","1","MAT1_MAP1"
"6759",14.5,1148,"1","1","MAT1_MAP1"
"6760",13.8,1187,"1","1","MAT1_MAP1"
"6761",15.5,1156,"1","1","MAT1_MAP1"
"6762",14.4,1153,"1","1","MAT1_MAP1"
"6763",15.5,1146,"1","1","MAT1_MAP1"
"6764",17.7,1209,"2","1","MAT2_MAP1"
"6765",14.4,1154,"1","1","MAT1_MAP1"
"6766",14.6,1143,"1","1","MAT1_MAP1"
"6767",15.5,1173,"1","1","MAT1_MAP1"
"6768",15.2,1156,"1","1","MAT1_MAP1"
"6769",15.9,1168,"2","1","MAT2_MAP1"
"6770",13.5,1207,"1","1","MAT1_MAP1"
"6771",14.9,1140,"1","1","MAT1_MAP1"
"6772",17.3,1169,"2","1","MAT2_MAP1"
"6773",14.5,1149,"1","1","MAT1_MAP1"
"6774",14.1,1165,"1","1","MAT1_MAP1"
"6775",12.6,1248,"1","1","MAT1_MAP1"
"6776",18.1,1280,"3","2","MAT3_MAP2"
"6777",15.4,1143,"1","1","MAT1_MAP1"
"6778",22.9,1345,"3","2","MAT3_MAP2"
"6779",15.5,1186,"1","1","MAT1_MAP1"
"6780",16,1164,"2","1","MAT2_MAP1"
"6781",14.8,1126,"1","1","MAT1_MAP1"
"6782",16.6,1164,"2","1","MAT2_MAP1"
"6783",16,1161,"2","1","MAT2_MAP1"
"6784",15.8,1177,"1","1","MAT1_MAP1"
"6785",14.7,1135,"1","1","MAT1_MAP1"
"6786",14.9,1147,"1","1","MAT1_MAP1"
"6787",14.7,1151,"1","1","MAT1_MAP1"
"6788",14.9,1134,"1","1","MAT1_MAP1"
"6789",16.4,1153,"2","1","MAT2_MAP1"
"6790",18.3,1276,"3","2","MAT3_MAP2"
"6791",17.1,1151,"2","1","MAT2_MAP1"
"6792",15.6,1193,"1","1","MAT1_MAP1"
"6793",14.3,1155,"1","1","MAT1_MAP1"
"6794",18,1273,"2","2","MAT2_MAP2"
"6795",17.7,1188,"2","1","MAT2_MAP1"
"6796",14.9,1130,"1","1","MAT1_MAP1"
"6797",15.2,1154,"1","1","MAT1_MAP1"
"6798",17.9,1243,"2","1","MAT2_MAP1"
"6799",16.5,1142,"2","1","MAT2_MAP1"
"6800",18.3,1277,"3","2","MAT3_MAP2"
"6801",14.9,1125,"1","1","MAT1_MAP1"
"6802",14.6,1141,"1","1","MAT1_MAP1"
"6803",15.6,1161,"1","1","MAT1_MAP1"
"6804",15.5,1195,"1","1","MAT1_MAP1"
"6805",13.3,1220,"1","1","MAT1_MAP1"
"6806",23,1386,"3","2","MAT3_MAP2"
"6807",14.7,1138,"1","1","MAT1_MAP1"
"6808",15.3,1166,"1","1","MAT1_MAP1"
"6809",16,1162,"2","1","MAT2_MAP1"
"6810",16.6,1157,"2","1","MAT2_MAP1"
"6811",13.5,1213,"1","1","MAT1_MAP1"
"6812",13.1,1235,"1","1","MAT1_MAP1"
"6813",16.4,1145,"2","1","MAT2_MAP1"
"6814",14.1,1167,"1","1","MAT1_MAP1"
"6815",17.9,1249,"2","1","MAT2_MAP1"
"6816",17.7,1218,"2","1","MAT2_MAP1"
"6817",15,1128,"1","1","MAT1_MAP1"
"6818",13.8,1191,"1","1","MAT1_MAP1"
"6819",14.7,1139,"1","1","MAT1_MAP1"
"6820",17.8,1244,"2","1","MAT2_MAP1"
"6821",17.1,1156,"2","1","MAT2_MAP1"
"6822",17.9,1248,"2","1","MAT2_MAP1"
"6823",15,1153,"1","1","MAT1_MAP1"
"6824",13,1246,"1","1","MAT1_MAP1"
"6825",17.8,1238,"2","1","MAT2_MAP1"
"6826",14.9,1146,"1","1","MAT1_MAP1"
"6827",17.1,1162,"2","1","MAT2_MAP1"
"6828",15.2,1172,"1","1","MAT1_MAP1"
"6829",13.3,1224,"1","1","MAT1_MAP1"
"6830",15,1129,"1","1","MAT1_MAP1"
"6831",15.5,1168,"1","1","MAT1_MAP1"
"6832",16.4,1149,"2","1","MAT2_MAP1"
"6833",13.5,1210,"1","1","MAT1_MAP1"
"6834",14.8,1130,"1","1","MAT1_MAP1"
"6835",14.3,1157,"1","1","MAT1_MAP1"
"6836",17.8,1239,"2","1","MAT2_MAP1"
"6837",13.8,1193,"1","1","MAT1_MAP1"
"6838",13.1,1242,"1","1","MAT1_MAP1"
"6839",17.7,1238,"2","1","MAT2_MAP1"
"6840",13.5,1205,"1","1","MAT1_MAP1"
"6841",16.6,1150,"2","1","MAT2_MAP1"
"6842",17.3,1173,"2","1","MAT2_MAP1"
"6843",16.5,1159,"2","1","MAT2_MAP1"
"6844",15.1,1162,"1","1","MAT1_MAP1"
"6845",16.3,1154,"2","1","MAT2_MAP1"
"6846",16,1169,"2","1","MAT2_MAP1"
"6847",15.7,1177,"1","1","MAT1_MAP1"
"6848",16.5,1156,"2","1","MAT2_MAP1"
"6849",17.3,1185,"2","1","MAT2_MAP1"
"6850",15.7,1192,"1","1","MAT1_MAP1"
"6851",13.7,1196,"1","1","MAT1_MAP1"
"6852",12.2,1233,"1","1","MAT1_MAP1"
"6853",15.8,1184,"1","1","MAT1_MAP1"
"6854",15.4,1164,"1","1","MAT1_MAP1"
"6855",18.2,1277,"3","2","MAT3_MAP2"
"6856",17,1159,"2","1","MAT2_MAP1"
"6857",15.1,1170,"1","1","MAT1_MAP1"
"6858",13,1249,"1","1","MAT1_MAP1"
"6859",18,1259,"2","2","MAT2_MAP2"
"6860",17.2,1173,"2","1","MAT2_MAP1"
"6861",18.1,1275,"3","2","MAT3_MAP2"
"6862",14.1,1169,"1","1","MAT1_MAP1"
"6863",16.5,1151,"2","1","MAT2_MAP1"
"6864",18.1,1273,"3","2","MAT3_MAP2"
"6865",15.6,1167,"1","1","MAT1_MAP1"
"6866",15.5,1165,"1","1","MAT1_MAP1"
"6867",15.7,1178,"1","1","MAT1_MAP1"
"6868",13.3,1227,"1","1","MAT1_MAP1"
"6869",14.9,1129,"1","1","MAT1_MAP1"
"6870",16.9,1159,"2","1","MAT2_MAP1"
"6871",14.8,1135,"1","1","MAT1_MAP1"
"6872",13,1256,"1","2","MAT1_MAP2"
"6873",12.4,1208,"1","1","MAT1_MAP1"
"6874",15.9,1178,"2","1","MAT2_MAP1"
"6875",18.3,1273,"3","2","MAT3_MAP2"
"6876",15.6,1175,"1","1","MAT1_MAP1"
"6877",17.3,1181,"2","1","MAT2_MAP1"
"6878",12.7,1195,"1","1","MAT1_MAP1"
"6879",18.4,1264,"3","2","MAT3_MAP2"
"6880",17.1,1170,"2","1","MAT2_MAP1"
"6881",12.9,1252,"1","1","MAT1_MAP1"
"6882",15.2,1151,"1","1","MAT1_MAP1"
"6883",13.6,1201,"1","1","MAT1_MAP1"
"6884",13.3,1225,"1","1","MAT1_MAP1"
"6885",16,1186,"2","1","MAT2_MAP1"
"6886",17.9,1257,"2","2","MAT2_MAP2"
"6887",16.7,1152,"2","1","MAT2_MAP1"
"6888",17.1,1172,"2","1","MAT2_MAP1"
"6889",15,1141,"1","1","MAT1_MAP1"
"6890",15,1137,"1","1","MAT1_MAP1"
"6891",18.2,1275,"3","2","MAT3_MAP2"
"6892",14.3,1150,"1","1","MAT1_MAP1"
"6893",15.4,1172,"1","1","MAT1_MAP1"
"6894",12.7,1200,"1","1","MAT1_MAP1"
"6895",12.6,1223,"1","1","MAT1_MAP1"
"6896",16,1182,"2","1","MAT2_MAP1"
"6897",13.8,1186,"1","1","MAT1_MAP1"
"6898",13.9,1179,"1","1","MAT1_MAP1"
"6899",13.3,1223,"1","1","MAT1_MAP1"
"6900",15.8,1187,"1","1","MAT1_MAP1"
"6901",16,1177,"2","1","MAT2_MAP1"
"6902",14.9,1150,"1","1","MAT1_MAP1"
"6903",14.5,1142,"1","1","MAT1_MAP1"
"6904",12.7,1231,"1","1","MAT1_MAP1"
"6905",18,1277,"2","2","MAT2_MAP2"
"6906",17,1166,"2","1","MAT2_MAP1"
"6907",17,1163,"2","1","MAT2_MAP1"
"6908",16.5,1163,"2","1","MAT2_MAP1"
"6909",14.3,1148,"1","1","MAT1_MAP1"
"6910",23.3,1453,"3","3","MAT3_MAP3"
"6911",15.7,1173,"1","1","MAT1_MAP1"
"6912",16.1,1176,"2","1","MAT2_MAP1"
"6913",17.1,1174,"2","1","MAT2_MAP1"
"6914",17.6,1251,"2","1","MAT2_MAP1"
"6915",13.4,1211,"1","1","MAT1_MAP1"
"6916",17.2,1177,"2","1","MAT2_MAP1"
"6917",15.8,1180,"1","1","MAT1_MAP1"
"6918",14.3,1147,"1","1","MAT1_MAP1"
"6919",15.8,1175,"1","1","MAT1_MAP1"
"6920",13.1,1227,"1","1","MAT1_MAP1"
"6921",14.4,1140,"1","1","MAT1_MAP1"
"6922",13.9,1174,"1","1","MAT1_MAP1"
"6923",16.9,1156,"2","1","MAT2_MAP1"
"6924",18.5,1255,"3","2","MAT3_MAP2"
"6925",15.5,1179,"1","1","MAT1_MAP1"
"6926",17.3,1195,"2","1","MAT2_MAP1"
"6927",14,1166,"1","1","MAT1_MAP1"
"6928",15.1,1148,"1","1","MAT1_MAP1"
"6929",17.2,1179,"2","1","MAT2_MAP1"
"6930",15,1146,"1","1","MAT1_MAP1"
"6931",13,1192,"1","1","MAT1_MAP1"
"6932",12.9,1179,"1","1","MAT1_MAP1"
"6933",16.1,1182,"2","1","MAT2_MAP1"
"6934",17.5,1217,"2","1","MAT2_MAP1"
"6935",13.2,1219,"1","1","MAT1_MAP1"
"6936",13,1226,"1","1","MAT1_MAP1"
"6937",13.4,1209,"1","1","MAT1_MAP1"
"6938",14.4,1138,"1","1","MAT1_MAP1"
"6939",15,1151,"1","1","MAT1_MAP1"
"6940",17,1173,"2","1","MAT2_MAP1"
"6941",16.2,1177,"2","1","MAT2_MAP1"
"6942",13.6,1191,"1","1","MAT1_MAP1"
"6943",14.9,1136,"1","1","MAT1_MAP1"
"6944",17.1,1179,"2","1","MAT2_MAP1"
"6945",15.1,1160,"1","1","MAT1_MAP1"
"6946",17.3,1216,"2","1","MAT2_MAP1"
"6947",16.6,1163,"2","1","MAT2_MAP1"
"6948",15.9,1193,"2","1","MAT2_MAP1"
"6949",17,1172,"2","1","MAT2_MAP1"
"6950",15.4,1181,"1","1","MAT1_MAP1"
"6951",14.2,1147,"1","1","MAT1_MAP1"
"6952",15.9,1175,"2","1","MAT2_MAP1"
"6953",14.4,1142,"1","1","MAT1_MAP1"
"6954",17.8,1270,"2","2","MAT2_MAP2"
"6955",15.2,1184,"1","1","MAT1_MAP1"
"6956",16,1185,"2","1","MAT2_MAP1"
"6957",13,1181,"1","1","MAT1_MAP1"
"6958",17.5,1240,"2","1","MAT2_MAP1"
"6959",12.6,1124,"1","1","MAT1_MAP1"
"6960",15.2,1135,"1","1","MAT1_MAP1"
"6961",15.3,1171,"1","1","MAT1_MAP1"
"6962",14.5,1136,"1","1","MAT1_MAP1"
"6963",18.1,1265,"3","2","MAT3_MAP2"
"6964",15,1143,"1","1","MAT1_MAP1"
"6965",13.5,1198,"1","1","MAT1_MAP1"
"6966",16.4,1177,"2","1","MAT2_MAP1"
"6967",14.4,1135,"1","1","MAT1_MAP1"
"6968",13.1,1204,"1","1","MAT1_MAP1"
"6969",14.1,1151,"1","1","MAT1_MAP1"
"6970",13.6,1185,"1","1","MAT1_MAP1"
"6971",16,1193,"2","1","MAT2_MAP1"
"6972",13,1200,"1","1","MAT1_MAP1"
"6973",15.2,1147,"1","1","MAT1_MAP1"
"6974",18.4,1245,"3","1","MAT3_MAP1"
"6975",18.1,1262,"3","2","MAT3_MAP2"
"6976",17.1,1190,"2","1","MAT2_MAP1"
"6977",17.1,1182,"2","1","MAT2_MAP1"
"6978",15.1,1175,"1","1","MAT1_MAP1"
"6979",15.3,1152,"1","1","MAT1_MAP1"
"6980",12.8,1162,"1","1","MAT1_MAP1"
"6981",13,1124,"1","1","MAT1_MAP1"
"6982",14.7,1128,"1","1","MAT1_MAP1"
"6983",12.9,1135,"1","1","MAT1_MAP1"
"6984",16.3,1177,"2","1","MAT2_MAP1"
"6985",16.5,1166,"2","1","MAT2_MAP1"
"6986",13.4,1197,"1","1","MAT1_MAP1"
"6987",12.7,1156,"1","1","MAT1_MAP1"
"6988",13.1,1184,"1","1","MAT1_MAP1"
"6989",14.3,1140,"1","1","MAT1_MAP1"
"6990",14.3,1136,"1","1","MAT1_MAP1"
"6991",14.3,1139,"1","1","MAT1_MAP1"
"6992",17.8,1264,"2","2","MAT2_MAP2"
"6993",13.1,1196,"1","1","MAT1_MAP1"
"6994",12.9,1093,"1","1","MAT1_MAP1"
"6995",15.4,1188,"1","1","MAT1_MAP1"
"6996",17.4,1229,"2","1","MAT2_MAP1"
"6997",17.5,1232,"2","1","MAT2_MAP1"
"6998",14.5,1127,"1","1","MAT1_MAP1"
"6999",16.7,1167,"2","1","MAT2_MAP1"
"7000",13.4,1177,"1","1","MAT1_MAP1"
"7001",16.7,1165,"2","1","MAT2_MAP1"
"7002",14.1,1148,"1","1","MAT1_MAP1"
"7003",17.5,1237,"2","1","MAT2_MAP1"
"7004",13,1160,"1","1","MAT1_MAP1"
"7005",13.6,1173,"1","1","MAT1_MAP1"
"7006",17.2,1210,"2","1","MAT2_MAP1"
"7007",17.1,1185,"2","1","MAT2_MAP1"
"7008",15.3,1179,"1","1","MAT1_MAP1"
"7009",13.5,1176,"1","1","MAT1_MAP1"
"7010",13.4,1188,"1","1","MAT1_MAP1"
"7011",15.3,1129,"1","1","MAT1_MAP1"
"7012",13.8,1163,"1","1","MAT1_MAP1"
"7013",15.2,1185,"1","1","MAT1_MAP1"
"7014",12.8,1122,"1","1","MAT1_MAP1"
"7015",12.9,1101,"1","1","MAT1_MAP1"
"7016",13.3,1188,"1","1","MAT1_MAP1"
"7017",14.1,1147,"1","1","MAT1_MAP1"
"7018",16.8,1163,"2","1","MAT2_MAP1"
"7019",15.5,1132,"1","1","MAT1_MAP1"
"7020",16,1191,"2","1","MAT2_MAP1"
"7021",14.7,1120,"1","1","MAT1_MAP1"
"7022",15.3,1137,"1","1","MAT1_MAP1"
"7023",16.1,1184,"2","1","MAT2_MAP1"
"7024",15.6,1184,"1","1","MAT1_MAP1"
"7025",16.4,1179,"2","1","MAT2_MAP1"
"7026",16.4,1176,"2","1","MAT2_MAP1"
"7027",17.5,1250,"2","1","MAT2_MAP1"
"7028",13.9,1155,"1","1","MAT1_MAP1"
"7029",13,1166,"1","1","MAT1_MAP1"
"7030",15.2,1175,"1","1","MAT1_MAP1"
"7031",15.5,1163,"1","1","MAT1_MAP1"
"7032",14.2,1145,"1","1","MAT1_MAP1"
"7033",13.1,1125,"1","1","MAT1_MAP1"
"7034",13,1081,"1","1","MAT1_MAP1"
"7035",13.6,1175,"1","1","MAT1_MAP1"
"7036",15.2,1134,"1","1","MAT1_MAP1"
"7037",17.1,1188,"2","1","MAT2_MAP1"
"7038",16.9,1162,"2","1","MAT2_MAP1"
"7039",17.6,1261,"2","2","MAT2_MAP2"
"7040",14.4,1129,"1","1","MAT1_MAP1"
"7041",17.3,1231,"2","1","MAT2_MAP1"
"7042",15.1,1137,"1","1","MAT1_MAP1"
"7043",17.3,1238,"2","1","MAT2_MAP1"
"7044",15.3,1159,"1","1","MAT1_MAP1"
"7045",17,1164,"2","1","MAT2_MAP1"
"7046",17.2,1213,"2","1","MAT2_MAP1"
"7047",15.8,1197,"1","1","MAT1_MAP1"
"7048",17.5,1241,"2","1","MAT2_MAP1"
"7049",13.6,1177,"1","1","MAT1_MAP1"
"7050",14.1,1141,"1","1","MAT1_MAP1"
"7051",16.8,1164,"2","1","MAT2_MAP1"
"7052",13.3,1176,"1","1","MAT1_MAP1"
"7053",16.9,1163,"2","1","MAT2_MAP1"
"7054",16.5,1177,"2","1","MAT2_MAP1"
"7055",14.9,1122,"1","1","MAT1_MAP1"
"7056",15.1,1180,"1","1","MAT1_MAP1"
"7057",13.9,1153,"1","1","MAT1_MAP1"
"7058",17.1,1183,"2","1","MAT2_MAP1"
"7059",13.3,1163,"1","1","MAT1_MAP1"
"7060",15.9,1201,"2","1","MAT2_MAP1"
"7061",13.2,1185,"1","1","MAT1_MAP1"
"7062",16,1171,"2","1","MAT2_MAP1"
"7063",15.4,1179,"1","1","MAT1_MAP1"
"7064",15.3,1153,"1","1","MAT1_MAP1"
"7065",14.3,1133,"1","1","MAT1_MAP1"
"7066",13.5,1152,"1","1","MAT1_MAP1"
"7067",15.3,1143,"1","1","MAT1_MAP1"
"7068",17,1169,"2","1","MAT2_MAP1"
"7069",17.5,1247,"2","1","MAT2_MAP1"
"7070",14.5,1122,"1","1","MAT1_MAP1"
"7071",13.3,1118,"1","1","MAT1_MAP1"
"7072",15.1,1182,"1","1","MAT1_MAP1"
"7073",17,1162,"2","1","MAT2_MAP1"
"7074",16.5,1173,"2","1","MAT2_MAP1"
"7075",17.4,1244,"2","1","MAT2_MAP1"
"7076",17,1165,"2","1","MAT2_MAP1"
"7077",17.1,1193,"2","1","MAT2_MAP1"
"7078",13.1,1098,"1","1","MAT1_MAP1"
"7079",14.2,1136,"1","1","MAT1_MAP1"
"7080",17.3,1226,"2","1","MAT2_MAP1"
"7081",13.2,1081,"1","1","MAT1_MAP1"
"7082",13.1,1134,"1","1","MAT1_MAP1"
"7083",18.5,1251,"3","1","MAT3_MAP1"
"7084",12.9,1155,"1","1","MAT1_MAP1"
"7085",13.2,1075,"1","1","MAT1_MAP1"
"7086",13.4,1167,"1","1","MAT1_MAP1"
"7087",14.4,1126,"1","1","MAT1_MAP1"
"7088",16.7,1168,"2","1","MAT2_MAP1"
"7089",13.5,1154,"1","1","MAT1_MAP1"
"7090",15.2,1152,"1","1","MAT1_MAP1"
"7091",17.1,1195,"2","1","MAT2_MAP1"
"7092",15.6,1188,"1","1","MAT1_MAP1"
"7093",13.2,1142,"1","1","MAT1_MAP1"
"7094",18.3,1260,"3","2","MAT3_MAP2"
"7095",14.2,1139,"1","1","MAT1_MAP1"
"7096",15,1131,"1","1","MAT1_MAP1"
"7097",13.8,1147,"1","1","MAT1_MAP1"
"7098",15,1173,"1","1","MAT1_MAP1"
"7099",17.9,1273,"2","2","MAT2_MAP2"
"7100",16.5,1171,"2","1","MAT2_MAP1"
"7101",13.3,1095,"1","1","MAT1_MAP1"
"7102",13.2,1133,"1","1","MAT1_MAP1"
"7103",16.7,1166,"2","1","MAT2_MAP1"
"7104",15.2,1171,"1","1","MAT1_MAP1"
"7105",18.2,1266,"3","2","MAT3_MAP2"
"7106",13.2,1055,"1","1","MAT1_MAP1"
"7107",13.2,1156,"1","1","MAT1_MAP1"
"7108",15,1167,"1","1","MAT1_MAP1"
"7109",17.9,1272,"2","2","MAT2_MAP2"
"7110",13.2,1090,"1","1","MAT1_MAP1"
"7111",16.6,1171,"2","1","MAT2_MAP1"
"7112",18.3,1262,"3","2","MAT3_MAP2"
"7113",15.4,1193,"1","1","MAT1_MAP1"
"7114",13,1164,"1","1","MAT1_MAP1"
"7115",15,1139,"1","1","MAT1_MAP1"
"7116",16.3,1186,"2","1","MAT2_MAP1"
"7117",14.2,1135,"1","1","MAT1_MAP1"
"7118",14.2,1130,"1","1","MAT1_MAP1"
"7119",17.7,1265,"2","2","MAT2_MAP2"
"7120",13.2,1113,"1","1","MAT1_MAP1"
"7121",18.2,1269,"3","2","MAT3_MAP2"
"7122",17.3,1244,"2","1","MAT2_MAP1"
"7123",13.4,1089,"1","1","MAT1_MAP1"
"7124",17.6,1263,"2","2","MAT2_MAP2"
"7125",14.2,1129,"1","1","MAT1_MAP1"
"7126",15.2,1178,"1","1","MAT1_MAP1"
"7127",15.3,1173,"1","1","MAT1_MAP1"
"7128",16.3,1185,"2","1","MAT2_MAP1"
"7129",13.8,1138,"1","1","MAT1_MAP1"
"7130",13.4,1143,"1","1","MAT1_MAP1"
"7131",15.1,1189,"1","1","MAT1_MAP1"
"7132",14.8,1141,"1","1","MAT1_MAP1"
"7133",15,1168,"1","1","MAT1_MAP1"
"7134",12.8,1174,"1","1","MAT1_MAP1"
"7135",14,1137,"1","1","MAT1_MAP1"
"7136",14.6,1142,"1","1","MAT1_MAP1"
"7137",13.8,1136,"1","1","MAT1_MAP1"
"7138",18.2,1272,"3","2","MAT3_MAP2"
"7139",15,1165,"1","1","MAT1_MAP1"
"7140",18.3,1270,"3","2","MAT3_MAP2"
"7141",13.5,1146,"1","1","MAT1_MAP1"
"7142",13.2,1052,"1","1","MAT1_MAP1"
"7143",17.2,1205,"2","1","MAT2_MAP1"
"7144",13.3,1086,"1","1","MAT1_MAP1"
"7145",13.4,1142,"1","1","MAT1_MAP1"
"7146",17.3,1241,"2","1","MAT2_MAP1"
"7147",15.3,1176,"1","1","MAT1_MAP1"
"7148",17.2,1172,"2","1","MAT2_MAP1"
"7149",15.1,1155,"1","1","MAT1_MAP1"
"7150",13.2,1112,"1","1","MAT1_MAP1"
"7151",17.3,1235,"2","1","MAT2_MAP1"
"7152",14.8,1155,"1","1","MAT1_MAP1"
"7153",14.8,1145,"1","1","MAT1_MAP1"
"7154",14,1130,"1","1","MAT1_MAP1"
"7155",18.4,1269,"3","2","MAT3_MAP2"
"7156",13.4,1123,"1","1","MAT1_MAP1"
"7157",13.3,1061,"1","1","MAT1_MAP1"
"7158",14.4,1133,"1","1","MAT1_MAP1"
"7159",15.3,1185,"1","1","MAT1_MAP1"
"7160",14.1,1139,"1","1","MAT1_MAP1"
"7161",15.3,1183,"1","1","MAT1_MAP1"
"7162",17.5,1257,"2","2","MAT2_MAP2"
"7163",12.9,1159,"1","1","MAT1_MAP1"
"7164",13.9,1130,"1","1","MAT1_MAP1"
"7165",17.9,1280,"2","2","MAT2_MAP2"
"7166",17.3,1233,"2","1","MAT2_MAP1"
"7167",17.7,1270,"2","2","MAT2_MAP2"
"7168",13.3,1055,"1","1","MAT1_MAP1"
"7169",13.4,1148,"1","1","MAT1_MAP1"
"7170",13.4,1086,"1","1","MAT1_MAP1"
"7171",13.5,1145,"1","1","MAT1_MAP1"
"7172",17.2,1214,"2","1","MAT2_MAP1"
"7173",17.2,1161,"2","1","MAT2_MAP1"
"7174",17.1,1157,"2","1","MAT2_MAP1"
"7175",14.5,1123,"1","1","MAT1_MAP1"
"7176",18.3,1280,"3","2","MAT3_MAP2"
"7177",14.9,1152,"1","1","MAT1_MAP1"
"7178",14.2,1128,"1","1","MAT1_MAP1"
"7179",14.5,1130,"1","1","MAT1_MAP1"
"7180",13.3,1087,"1","1","MAT1_MAP1"
"7181",17.6,1271,"2","2","MAT2_MAP2"
"7182",14.2,1134,"1","1","MAT1_MAP1"
"7183",15.1,1164,"1","1","MAT1_MAP1"
"7184",14.6,1130,"1","1","MAT1_MAP1"
"7185",17.8,1274,"2","2","MAT2_MAP2"
"7186",13,1152,"1","1","MAT1_MAP1"
"7187",13.3,1111,"1","1","MAT1_MAP1"
"7188",17.5,1259,"2","2","MAT2_MAP2"
"7189",13.9,1125,"1","1","MAT1_MAP1"
"7190",17,1161,"2","1","MAT2_MAP1"
"7191",14.4,1130,"1","1","MAT1_MAP1"
"7192",13.6,1140,"1","1","MAT1_MAP1"
"7193",14.2,1133,"1","1","MAT1_MAP1"
"7194",17,1157,"2","1","MAT2_MAP1"
"7195",14.1,1122,"1","1","MAT1_MAP1"
"7196",13.5,1136,"1","1","MAT1_MAP1"
"7197",13.4,1147,"1","1","MAT1_MAP1"
"7198",14.7,1145,"1","1","MAT1_MAP1"
"7199",15.1,1169,"1","1","MAT1_MAP1"
"7200",17.2,1206,"2","1","MAT2_MAP1"
"7201",16.2,1190,"2","1","MAT2_MAP1"
"7202",13.4,1054,"1","1","MAT1_MAP1"
"7203",13.3,1070,"1","1","MAT1_MAP1"
"7204",16.8,1162,"2","1","MAT2_MAP1"
"7205",13.5,1126,"1","1","MAT1_MAP1"
"7206",18,1289,"2","2","MAT2_MAP2"
"7207",17.6,1266,"2","2","MAT2_MAP2"
"7208",17.2,1196,"2","1","MAT2_MAP1"
"7209",17.8,1279,"2","2","MAT2_MAP2"
"7210",17.2,1165,"2","1","MAT2_MAP1"
"7211",17.2,1211,"2","1","MAT2_MAP1"
"7212",13.4,1064,"1","1","MAT1_MAP1"
"7213",14.5,1129,"1","1","MAT1_MAP1"
"7214",13.3,1071,"1","1","MAT1_MAP1"
"7215",17.6,1270,"2","2","MAT2_MAP2"
"7216",17.9,1291,"2","2","MAT2_MAP2"
"7217",13.4,1077,"1","1","MAT1_MAP1"
"7218",14.7,1147,"1","1","MAT1_MAP1"
"7219",16.6,1169,"2","1","MAT2_MAP1"
"7220",15.3,1169,"1","1","MAT1_MAP1"
"7221",14.8,1160,"1","1","MAT1_MAP1"
"7222",15.2,1158,"1","1","MAT1_MAP1"
"7223",13.3,1125,"1","1","MAT1_MAP1"
"7224",14.9,1162,"1","1","MAT1_MAP1"
"7225",17.8,1285,"2","2","MAT2_MAP2"
"7226",12.8,1068,"1","1","MAT1_MAP1"
"7227",14.2,1120,"1","1","MAT1_MAP1"
"7228",14.3,1118,"1","1","MAT1_MAP1"
"7229",17.3,1249,"2","1","MAT2_MAP1"
"7230",13.7,1129,"1","1","MAT1_MAP1"
"7231",13.3,1117,"1","1","MAT1_MAP1"
"7232",17.5,1268,"2","2","MAT2_MAP2"
"7233",14.3,1123,"1","1","MAT1_MAP1"
"7234",14.7,1168,"1","1","MAT1_MAP1"
"7235",16.8,1167,"2","1","MAT2_MAP1"
"7236",14.4,1136,"1","1","MAT1_MAP1"
"7237",17.9,1292,"2","2","MAT2_MAP2"
"7238",17.1,1180,"2","1","MAT2_MAP1"
"7239",15.8,1201,"1","1","MAT1_MAP1"
"7240",14.3,1124,"1","1","MAT1_MAP1"
"7241",16.9,1172,"2","1","MAT2_MAP1"
"7242",15.4,1200,"1","1","MAT1_MAP1"
"7243",15.6,1198,"1","1","MAT1_MAP1"
"7244",13.2,1059,"1","1","MAT1_MAP1"
"7245",13.3,1090,"1","1","MAT1_MAP1"
"7246",14.5,1134,"1","1","MAT1_MAP1"
"7247",17.1,1199,"2","1","MAT2_MAP1"
"7248",17.5,1271,"2","2","MAT2_MAP2"
"7249",13.2,1076,"1","1","MAT1_MAP1"
"7250",15.5,1198,"1","1","MAT1_MAP1"
"7251",14.1,1118,"1","1","MAT1_MAP1"
"7252",17.7,1288,"2","2","MAT2_MAP2"
"7253",13.5,1127,"1","1","MAT1_MAP1"
"7254",17.5,1262,"2","2","MAT2_MAP2"
"7255",17.9,1296,"2","2","MAT2_MAP2"
"7256",16.8,1171,"2","1","MAT2_MAP1"
"7257",14.6,1165,"1","1","MAT1_MAP1"
"7258",13.5,1129,"1","1","MAT1_MAP1"
"7259",14.7,1166,"1","1","MAT1_MAP1"
"7260",15.2,1173,"1","1","MAT1_MAP1"
"7261",17.4,1250,"2","1","MAT2_MAP1"
"7262",13.3,1073,"1","1","MAT1_MAP1"
"7263",13.1,1077,"1","1","MAT1_MAP1"
"7264",13.3,1069,"1","1","MAT1_MAP1"
"7265",14.3,1106,"1","1","MAT1_MAP1"
"7266",14,1115,"1","1","MAT1_MAP1"
"7267",13.3,1121,"1","1","MAT1_MAP1"
"7268",13.7,1120,"1","1","MAT1_MAP1"
"7269",17.9,1301,"2","2","MAT2_MAP2"
"7270",17.1,1201,"2","1","MAT2_MAP1"
"7271",13.5,1117,"1","1","MAT1_MAP1"
"7272",14.2,1116,"1","1","MAT1_MAP1"
"7273",17.2,1221,"2","1","MAT2_MAP1"
"7274",13.3,1079,"1","1","MAT1_MAP1"
"7275",14.3,1119,"1","1","MAT1_MAP1"
"7276",13.3,1100,"1","1","MAT1_MAP1"
"7277",14.3,1125,"1","1","MAT1_MAP1"
"7278",13.5,1072,"1","1","MAT1_MAP1"
"7279",13.3,1072,"1","1","MAT1_MAP1"
"7280",17.1,1208,"2","1","MAT2_MAP1"
"7281",13.7,1122,"1","1","MAT1_MAP1"
"7282",13.3,1059,"1","1","MAT1_MAP1"
"7283",17.6,1286,"2","2","MAT2_MAP2"
"7284",17,1200,"2","1","MAT2_MAP1"
"7285",17.3,1247,"2","1","MAT2_MAP1"
"7286",13.8,1120,"1","1","MAT1_MAP1"
"7287",14.5,1184,"1","1","MAT1_MAP1"
"7288",17.4,1264,"2","2","MAT2_MAP2"
"7289",13.4,1083,"1","1","MAT1_MAP1"
"7290",13.5,1121,"1","1","MAT1_MAP1"
"7291",13.3,1110,"1","1","MAT1_MAP1"
"7292",16.8,1180,"2","1","MAT2_MAP1"
"7293",13.4,1085,"1","1","MAT1_MAP1"
"7294",17.5,1266,"2","2","MAT2_MAP2"
"7295",17.3,1236,"2","1","MAT2_MAP1"
"7296",17.3,1240,"2","1","MAT2_MAP1"
"7297",16.6,1175,"2","1","MAT2_MAP1"
"7298",16.6,1176,"2","1","MAT2_MAP1"
"7299",14.3,1116,"1","1","MAT1_MAP1"
"7300",13.4,1060,"1","1","MAT1_MAP1"
"7301",16.5,1175,"2","1","MAT2_MAP1"
"7302",14.4,1117,"1","1","MAT1_MAP1"
"7303",13.3,1085,"1","1","MAT1_MAP1"
"7304",14.4,1104,"1","1","MAT1_MAP1"
"7305",13.5,1083,"1","1","MAT1_MAP1"
"7306",16.7,1179,"2","1","MAT2_MAP1"
"7307",17.1,1226,"2","1","MAT2_MAP1"
"7308",15.7,1193,"1","1","MAT1_MAP1"
"7309",14.8,1132,"1","1","MAT1_MAP1"
"7310",14.5,1163,"1","1","MAT1_MAP1"
"7311",13.1,1108,"1","1","MAT1_MAP1"
"7312",13.4,1079,"1","1","MAT1_MAP1"
"7313",17.5,1278,"2","2","MAT2_MAP2"
"7314",16.6,1179,"2","1","MAT2_MAP1"
"7315",17.6,1285,"2","2","MAT2_MAP2"
"7316",14.7,1169,"1","1","MAT1_MAP1"
"7317",13.5,1067,"1","1","MAT1_MAP1"
"7318",14.6,1154,"1","1","MAT1_MAP1"
"7319",17.5,1277,"2","2","MAT2_MAP2"
"7320",15.7,1195,"1","1","MAT1_MAP1"
"7321",15.6,1199,"1","1","MAT1_MAP1"
"7322",16,1187,"2","1","MAT2_MAP1"
"7323",14.6,1170,"1","1","MAT1_MAP1"
"7324",13.6,1117,"1","1","MAT1_MAP1"
"7325",15,1172,"1","1","MAT1_MAP1"
"7326",13.5,1119,"1","1","MAT1_MAP1"
"7327",14.6,1132,"1","1","MAT1_MAP1"
"7328",14.4,1111,"1","1","MAT1_MAP1"
"7329",14.3,1107,"1","1","MAT1_MAP1"
"7330",13.1,1115,"1","1","MAT1_MAP1"
"7331",16.5,1178,"2","1","MAT2_MAP1"
"7332",13.2,1053,"1","1","MAT1_MAP1"
"7333",14.4,1105,"1","1","MAT1_MAP1"
"7334",13.6,1061,"1","1","MAT1_MAP1"
"7335",16.9,1217,"2","1","MAT2_MAP1"
"7336",15.4,1187,"1","1","MAT1_MAP1"
"7337",13.9,1113,"1","1","MAT1_MAP1"
"7338",17.3,1255,"2","2","MAT2_MAP2"
"7339",16.4,1184,"2","1","MAT2_MAP1"
"7340",14.9,1171,"1","1","MAT1_MAP1"
"7341",13.4,1078,"1","1","MAT1_MAP1"
"7342",17.3,1253,"2","2","MAT2_MAP2"
"7343",15.3,1162,"1","1","MAT1_MAP1"
"7344",14.2,1119,"1","1","MAT1_MAP1"
"7345",13.3,1092,"1","1","MAT1_MAP1"
"7346",14.7,1131,"1","1","MAT1_MAP1"
"7347",17.5,1293,"2","2","MAT2_MAP2"
"7348",13.7,1116,"1","1","MAT1_MAP1"
"7349",16.6,1186,"2","1","MAT2_MAP1"
"7350",16.7,1192,"2","1","MAT2_MAP1"
"7351",14.7,1142,"1","1","MAT1_MAP1"
"7352",14.8,1150,"1","1","MAT1_MAP1"
"7353",14.5,1109,"1","1","MAT1_MAP1"
"7354",15.5,1174,"1","1","MAT1_MAP1"
"7355",13.1,1074,"1","1","MAT1_MAP1"
"7356",13.5,1070,"1","1","MAT1_MAP1"
"7357",15.6,1180,"1","1","MAT1_MAP1"
"7358",17.4,1273,"2","2","MAT2_MAP2"
"7359",13.5,1085,"1","1","MAT1_MAP1"
"7360",17.4,1274,"2","2","MAT2_MAP2"
"7361",17.8,1333,"2","2","MAT2_MAP2"
"7362",16.5,1182,"2","1","MAT2_MAP1"
"7363",14.7,1162,"1","1","MAT1_MAP1"
"7364",13.2,1062,"1","1","MAT1_MAP1"
"7365",12.8,1063,"1","1","MAT1_MAP1"
"7366",13.6,1094,"1","1","MAT1_MAP1"
"7367",13.4,1098,"1","1","MAT1_MAP1"
"7368",13.4,1082,"1","1","MAT1_MAP1"
"7369",13.8,1117,"1","1","MAT1_MAP1"
"7370",13.2,1064,"1","1","MAT1_MAP1"
"7371",13,1117,"1","1","MAT1_MAP1"
"7372",13.5,1074,"1","1","MAT1_MAP1"
"7373",14.3,1142,"1","1","MAT1_MAP1"
"7374",14.2,1105,"1","1","MAT1_MAP1"
"7375",14.1,1103,"1","1","MAT1_MAP1"
"7376",17,1243,"2","1","MAT2_MAP1"
"7377",13,1076,"1","1","MAT1_MAP1"
"7378",15.4,1174,"1","1","MAT1_MAP1"
"7379",13.6,1104,"1","1","MAT1_MAP1"
"7380",16.2,1188,"2","1","MAT2_MAP1"
"7381",14.5,1137,"1","1","MAT1_MAP1"
"7382",14.7,1158,"1","1","MAT1_MAP1"
"7383",13.1,1076,"1","1","MAT1_MAP1"
"7384",14.5,1145,"1","1","MAT1_MAP1"
"7385",16.3,1184,"2","1","MAT2_MAP1"
"7386",14.8,1158,"1","1","MAT1_MAP1"
"7387",17.3,1271,"2","2","MAT2_MAP2"
"7388",15.3,1168,"1","1","MAT1_MAP1"
"7389",14.8,1167,"1","1","MAT1_MAP1"
"7390",17,1250,"2","1","MAT2_MAP1"
"7391",16,1183,"2","1","MAT2_MAP1"
"7392",13.8,1100,"1","1","MAT1_MAP1"
"7393",14.4,1127,"1","1","MAT1_MAP1"
"7394",13.6,1072,"1","1","MAT1_MAP1"
"7395",14.3,1113,"1","1","MAT1_MAP1"
"7396",13.4,1076,"1","1","MAT1_MAP1"
"7397",16,1184,"2","1","MAT2_MAP1"
"7398",16.1,1189,"2","1","MAT2_MAP1"
"7399",16.9,1243,"2","1","MAT2_MAP1"
"7400",17.3,1278,"2","2","MAT2_MAP2"
"7401",14.3,1144,"1","1","MAT1_MAP1"
"7402",16.8,1234,"2","1","MAT2_MAP1"
"7403",17.4,1291,"2","2","MAT2_MAP2"
"7404",13.2,1073,"1","1","MAT1_MAP1"
"7405",14.4,1143,"1","1","MAT1_MAP1"
"7406",14.1,1098,"1","1","MAT1_MAP1"
"7407",14.4,1094,"1","1","MAT1_MAP1"
"7408",12.9,1059,"1","1","MAT1_MAP1"
"7409",16.9,1251,"2","1","MAT2_MAP1"
"7410",14.4,1150,"1","1","MAT1_MAP1"
"7411",17.2,1255,"2","2","MAT2_MAP2"
"7412",17.3,1261,"2","2","MAT2_MAP2"
"7413",13.9,1106,"1","1","MAT1_MAP1"
"7414",14.3,1115,"1","1","MAT1_MAP1"
"7415",13.7,1104,"1","1","MAT1_MAP1"
"7416",15.5,1154,"1","1","MAT1_MAP1"
"7417",16.1,1187,"2","1","MAT2_MAP1"
"7418",12.9,1060,"1","1","MAT1_MAP1"
"7419",17.6,1323,"2","2","MAT2_MAP2"
"7420",14.3,1151,"1","1","MAT1_MAP1"
"7421",12.7,1089,"1","1","MAT1_MAP1"
"7422",13.5,1097,"1","1","MAT1_MAP1"
"7423",15.9,1190,"2","1","MAT2_MAP1"
"7424",17.5,1303,"2","2","MAT2_MAP2"
"7425",14.6,1163,"1","1","MAT1_MAP1"
"7426",16.1,1188,"2","1","MAT2_MAP1"
"7427",17.4,1288,"2","2","MAT2_MAP2"
"7428",17.4,1301,"2","2","MAT2_MAP2"
"7429",16.3,1197,"2","1","MAT2_MAP1"
"7430",13.5,1090,"1","1","MAT1_MAP1"
"7431",16.9,1262,"2","2","MAT2_MAP2"
"7432",13.1,1083,"1","1","MAT1_MAP1"
"7433",13.6,1095,"1","1","MAT1_MAP1"
"7434",13.8,1091,"1","1","MAT1_MAP1"
"7435",16.6,1220,"2","1","MAT2_MAP1"
"7436",16.8,1243,"2","1","MAT2_MAP1"
"7437",14.4,1152,"1","1","MAT1_MAP1"
"7438",13,1082,"1","1","MAT1_MAP1"
"7439",14.1,1113,"1","1","MAT1_MAP1"
"7440",13.5,1079,"1","1","MAT1_MAP1"
"7441",17.5,1306,"2","2","MAT2_MAP2"
"7442",16.2,1192,"2","1","MAT2_MAP1"
"7443",15.3,1174,"1","1","MAT1_MAP1"
"7444",14.1,1096,"1","1","MAT1_MAP1"
"7445",16.8,1249,"2","1","MAT2_MAP1"
"7446",13.1,1084,"1","1","MAT1_MAP1"
"7447",13.1,1072,"1","1","MAT1_MAP1"
"7448",14.2,1098,"1","1","MAT1_MAP1"
"7449",13.5,1078,"1","1","MAT1_MAP1"
"7450",13.2,1086,"1","1","MAT1_MAP1"
"7451",13.2,1084,"1","1","MAT1_MAP1"
"7452",16.2,1198,"2","1","MAT2_MAP1"
"7453",14.3,1146,"1","1","MAT1_MAP1"
"7454",16.3,1208,"2","1","MAT2_MAP1"
"7455",17.5,1304,"2","2","MAT2_MAP2"
"7456",14.5,1166,"1","1","MAT1_MAP1"
"7457",16.9,1264,"2","2","MAT2_MAP2"
"7458",15,1159,"1","1","MAT1_MAP1"
"7459",16.1,1195,"2","1","MAT2_MAP1"
"7460",14.1,1095,"1","1","MAT1_MAP1"
"7461",13.8,1092,"1","1","MAT1_MAP1"
"7462",17.5,1308,"2","2","MAT2_MAP2"
"7463",13.1,1088,"1","1","MAT1_MAP1"
"7464",16.1,1190,"2","1","MAT2_MAP1"
"7465",13,1087,"1","1","MAT1_MAP1"
"7466",14.7,1163,"1","1","MAT1_MAP1"
"7467",16.8,1255,"2","2","MAT2_MAP2"
"7468",16.5,1229,"2","1","MAT2_MAP1"
"7469",16.8,1263,"2","2","MAT2_MAP2"
"7470",13.1,1092,"1","1","MAT1_MAP1"
"7471",13.8,1097,"1","1","MAT1_MAP1"
"7472",13.2,1087,"1","1","MAT1_MAP1"
"7473",15.4,1175,"1","1","MAT1_MAP1"
"7474",16.6,1241,"2","1","MAT2_MAP1"
"7475",13.7,1092,"1","1","MAT1_MAP1"
"7476",16.2,1199,"2","1","MAT2_MAP1"
"7477",13.7,1096,"1","1","MAT1_MAP1"
"7478",13.3,1082,"1","1","MAT1_MAP1"
"7479",14.2,1124,"1","1","MAT1_MAP1"
"7480",14.9,1161,"1","1","MAT1_MAP1"
"7481",14.1,1108,"1","1","MAT1_MAP1"
"7482",17.5,1309,"2","2","MAT2_MAP2"
"7483",13.6,1069,"1","1","MAT1_MAP1"
"7484",13.2,1089,"1","1","MAT1_MAP1"
"7485",13.2,1088,"1","1","MAT1_MAP1"
"7486",14.1,1092,"1","1","MAT1_MAP1"
"7487",14,1108,"1","1","MAT1_MAP1"
"7488",12.9,1095,"1","1","MAT1_MAP1"
"7489",13.4,1094,"1","1","MAT1_MAP1"
"7490",13.7,1094,"1","1","MAT1_MAP1"
"7491",16.3,1212,"2","1","MAT2_MAP1"
"7492",17.1,1264,"2","2","MAT2_MAP2"
"7493",13.1,1094,"1","1","MAT1_MAP1"
"7494",15.3,1148,"1","1","MAT1_MAP1"
"7495",14.1,1129,"1","1","MAT1_MAP1"
"7496",15.3,1184,"1","1","MAT1_MAP1"
"7497",13.8,1081,"1","1","MAT1_MAP1"
"7498",15.3,1150,"1","1","MAT1_MAP1"
"7499",13.5,1087,"1","1","MAT1_MAP1"
"7500",13,1101,"1","1","MAT1_MAP1"
"7501",13.2,1096,"1","1","MAT1_MAP1"
"7502",16.1,1194,"2","1","MAT2_MAP1"
"7503",16.8,1246,"2","1","MAT2_MAP1"
"7504",13.1,1102,"1","1","MAT1_MAP1"
"7505",16.1,1196,"2","1","MAT2_MAP1"
"7506",16.9,1250,"2","1","MAT2_MAP1"
"7507",13.1,1104,"1","1","MAT1_MAP1"
"7508",13.4,1088,"1","1","MAT1_MAP1"
"7509",15.8,1179,"1","1","MAT1_MAP1"
"7510",14.1,1132,"1","1","MAT1_MAP1"
"7511",15.4,1176,"1","1","MAT1_MAP1"
"7512",14.3,1131,"1","1","MAT1_MAP1"
"7513",13.6,1093,"1","1","MAT1_MAP1"
"7514",14,1097,"1","1","MAT1_MAP1"
"7515",13.9,1095,"1","1","MAT1_MAP1"
"7516",13.2,1101,"1","1","MAT1_MAP1"
"7517",13.8,1090,"1","1","MAT1_MAP1"
"7518",13.9,1089,"1","1","MAT1_MAP1"
"7519",13,1109,"1","1","MAT1_MAP1"
"7520",17.3,1295,"2","2","MAT2_MAP2"
"7521",14.2,1086,"1","1","MAT1_MAP1"
"7522",16.3,1213,"2","1","MAT2_MAP1"
"7523",13.2,1092,"1","1","MAT1_MAP1"
"7524",13.7,1099,"1","1","MAT1_MAP1"
"7525",13.2,1103,"1","1","MAT1_MAP1"
"7526",14.1,1125,"1","1","MAT1_MAP1"
"7527",13,1113,"1","1","MAT1_MAP1"
"7528",13.2,1097,"1","1","MAT1_MAP1"
"7529",13.6,1099,"1","1","MAT1_MAP1"
"7530",14.2,1125,"1","1","MAT1_MAP1"
"7531",17.2,1290,"2","2","MAT2_MAP2"
"7532",14.2,1109,"1","1","MAT1_MAP1"
"7533",13.2,1094,"1","1","MAT1_MAP1"
"7534",17,1271,"2","2","MAT2_MAP2"
"7535",16.9,1260,"2","2","MAT2_MAP2"
"7536",16.1,1199,"2","1","MAT2_MAP1"
"7537",16.5,1236,"2","1","MAT2_MAP1"
"7538",15.6,1160,"1","1","MAT1_MAP1"
"7539",15.3,1155,"1","1","MAT1_MAP1"
"7540",16.7,1254,"2","2","MAT2_MAP2"
"7541",13.8,1093,"1","1","MAT1_MAP1"
"7542",16.5,1241,"2","1","MAT2_MAP1"
"7543",13.4,1096,"1","1","MAT1_MAP1"
"7544",12.9,1107,"1","1","MAT1_MAP1"
"7545",14.2,1090,"1","1","MAT1_MAP1"
"7546",13.1,1106,"1","1","MAT1_MAP1"
"7547",14.1,1101,"1","1","MAT1_MAP1"
"7548",13.2,1100,"1","1","MAT1_MAP1"
"7549",13.1,1119,"1","1","MAT1_MAP1"
"7550",13.4,1100,"1","1","MAT1_MAP1"
"7551",14,1085,"1","1","MAT1_MAP1"
"7552",13.3,1096,"1","1","MAT1_MAP1"
"7553",14.8,1144,"1","1","MAT1_MAP1"
"7554",16.3,1227,"2","1","MAT2_MAP1"
"7555",13.3,1097,"1","1","MAT1_MAP1"
"7556",13.1,1117,"1","1","MAT1_MAP1"
"7557",15.8,1185,"1","1","MAT1_MAP1"
"7558",13.3,1099,"1","1","MAT1_MAP1"
"7559",13.5,1093,"1","1","MAT1_MAP1"
"7560",14.1,1128,"1","1","MAT1_MAP1"
"7561",16.1,1208,"2","1","MAT2_MAP1"
"7562",13,1108,"1","1","MAT1_MAP1"
"7563",13.9,1090,"1","1","MAT1_MAP1"
"7564",16.1,1200,"2","1","MAT2_MAP1"
"7565",13.2,1099,"1","1","MAT1_MAP1"
"7566",13.7,1097,"1","1","MAT1_MAP1"
"7567",13.1,1123,"1","1","MAT1_MAP1"
"7568",14.3,1130,"1","1","MAT1_MAP1"
"7569",13.5,1092,"1","1","MAT1_MAP1"
"7570",13.7,1088,"1","1","MAT1_MAP1"
"7571",13,1110,"1","1","MAT1_MAP1"
"7572",14.1,1079,"1","1","MAT1_MAP1"
"7573",13.3,1115,"1","1","MAT1_MAP1"
"7574",13.1,1103,"1","1","MAT1_MAP1"
"7575",15.1,1130,"1","1","MAT1_MAP1"
"7576",16.3,1236,"2","1","MAT2_MAP1"
"7577",15.9,1194,"2","1","MAT2_MAP1"
"7578",16.8,1269,"2","2","MAT2_MAP2"
"7579",15.3,1165,"1","1","MAT1_MAP1"
"7580",13.7,1091,"1","1","MAT1_MAP1"
"7581",12.9,1131,"1","1","MAT1_MAP1"
"7582",17.1,1293,"2","2","MAT2_MAP2"
"7583",14.9,1139,"1","1","MAT1_MAP1"
"7584",15.5,1166,"1","1","MAT1_MAP1"
"7585",13,1122,"1","1","MAT1_MAP1"
"7586",17,1285,"2","2","MAT2_MAP2"
"7587",14.1,1084,"1","1","MAT1_MAP1"
"7588",13.4,1092,"1","1","MAT1_MAP1"
"7589",14.1,1093,"1","1","MAT1_MAP1"
"7590",13.9,1086,"1","1","MAT1_MAP1"
"7591",16.8,1276,"2","2","MAT2_MAP2"
"7592",13.2,1118,"1","1","MAT1_MAP1"
"7593",17.1,1302,"2","2","MAT2_MAP2"
"7594",14.9,1143,"1","1","MAT1_MAP1"
"7595",15.3,1125,"1","1","MAT1_MAP1"
"7596",16.8,1275,"2","2","MAT2_MAP2"
"7597",13.2,1105,"1","1","MAT1_MAP1"
"7598",16.6,1260,"2","2","MAT2_MAP2"
"7599",12.9,1125,"1","1","MAT1_MAP1"
"7600",16.9,1283,"2","2","MAT2_MAP2"
"7601",16.4,1245,"2","1","MAT2_MAP1"
"7602",14.5,1131,"1","1","MAT1_MAP1"
"7603",17,1297,"2","2","MAT2_MAP2"
"7604",14.7,1132,"1","1","MAT1_MAP1"
"7605",16.2,1224,"2","1","MAT2_MAP1"
"7606",13.1,1135,"1","1","MAT1_MAP1"
"7607",15.5,1185,"1","1","MAT1_MAP1"
"7608",17.1,1306,"2","2","MAT2_MAP2"
"7609",16.2,1215,"2","1","MAT2_MAP1"
"7610",13.7,1089,"1","1","MAT1_MAP1"
"7611",14,1084,"1","1","MAT1_MAP1"
"7612",13.2,1106,"1","1","MAT1_MAP1"
"7613",16.6,1266,"2","2","MAT2_MAP2"
"7614",16.7,1271,"2","2","MAT2_MAP2"
"7615",14.3,1096,"1","1","MAT1_MAP1"
"7616",13.2,1107,"1","1","MAT1_MAP1"
"7617",13.1,1112,"1","1","MAT1_MAP1"
"7618",13.2,1123,"1","1","MAT1_MAP1"
"7619",13.3,1109,"1","1","MAT1_MAP1"
"7620",15.6,1163,"1","1","MAT1_MAP1"
"7621",16.9,1291,"2","2","MAT2_MAP2"
"7622",14.7,1134,"1","1","MAT1_MAP1"
"7623",14.2,1085,"1","1","MAT1_MAP1"
"7624",13.5,1109,"1","1","MAT1_MAP1"
"7625",13.6,1096,"1","1","MAT1_MAP1"
"7626",16.2,1222,"2","1","MAT2_MAP1"
"7627",15.5,1200,"1","1","MAT1_MAP1"
"7628",13.3,1127,"1","1","MAT1_MAP1"
"7629",13.1,1109,"1","1","MAT1_MAP1"
"7630",14.2,1088,"1","1","MAT1_MAP1"
"7631",16,1217,"2","1","MAT2_MAP1"
"7632",16.7,1281,"2","2","MAT2_MAP2"
"7633",13.3,1104,"1","1","MAT1_MAP1"
"7634",13.9,1087,"1","1","MAT1_MAP1"
"7635",16.9,1309,"2","2","MAT2_MAP2"
"7636",16.1,1224,"2","1","MAT2_MAP1"
"7637",13.3,1128,"1","1","MAT1_MAP1"
"7638",16.6,1281,"2","2","MAT2_MAP2"
"7639",14.2,1123,"1","1","MAT1_MAP1"
"7640",14.4,1128,"1","1","MAT1_MAP1"
"7641",15.5,1176,"1","1","MAT1_MAP1"
"7642",13.4,1108,"1","1","MAT1_MAP1"
"7643",13.5,1096,"1","1","MAT1_MAP1"
"7644",13.3,1098,"1","1","MAT1_MAP1"
"7645",15.1,1135,"1","1","MAT1_MAP1"
"7646",16.8,1299,"2","2","MAT2_MAP2"
"7647",13.4,1097,"1","1","MAT1_MAP1"
"7648",15.7,1174,"1","1","MAT1_MAP1"
"7649",14.2,1113,"1","1","MAT1_MAP1"
"7650",15.7,1188,"1","1","MAT1_MAP1"
"7651",15.3,1144,"1","1","MAT1_MAP1"
"7652",16.1,1232,"2","1","MAT2_MAP1"
"7653",13.5,1103,"1","1","MAT1_MAP1"
"7654",16.5,1279,"2","2","MAT2_MAP2"
"7655",16.8,1302,"2","2","MAT2_MAP2"
"7656",14.8,1152,"1","1","MAT1_MAP1"
"7657",13.4,1093,"1","1","MAT1_MAP1"
"7658",13.1,1105,"1","1","MAT1_MAP1"
"7659",13.3,1094,"1","1","MAT1_MAP1"
"7660",16.6,1280,"2","2","MAT2_MAP2"
"7661",13.4,1110,"1","1","MAT1_MAP1"
"7662",14.7,1126,"1","1","MAT1_MAP1"
"7663",16.8,1301,"2","2","MAT2_MAP2"
"7664",15.7,1182,"1","1","MAT1_MAP1"
"7665",14.7,1146,"1","1","MAT1_MAP1"
"7666",13.6,1101,"1","1","MAT1_MAP1"
"7667",16.3,1242,"2","1","MAT2_MAP1"
"7668",15.7,1209,"1","1","MAT1_MAP1"
"7669",13.3,1113,"1","1","MAT1_MAP1"
"7670",15.9,1233,"2","1","MAT2_MAP1"
"7671",14,1089,"1","1","MAT1_MAP1"
"7672",13.3,1089,"1","1","MAT1_MAP1"
"7673",13.3,1105,"1","1","MAT1_MAP1"
"7674",16.7,1299,"2","2","MAT2_MAP2"
"7675",16.7,1304,"2","2","MAT2_MAP2"
"7676",14.8,1133,"1","1","MAT1_MAP1"
"7677",16.2,1250,"2","1","MAT2_MAP1"
"7678",16.1,1246,"2","1","MAT2_MAP1"
"7679",13.8,1098,"1","1","MAT1_MAP1"
"7680",13.4,1084,"1","1","MAT1_MAP1"
"7681",13.4,1091,"1","1","MAT1_MAP1"
"7682",14.1,1102,"1","1","MAT1_MAP1"
"7683",14.2,1103,"1","1","MAT1_MAP1"
"7684",13.2,1098,"1","1","MAT1_MAP1"
"7685",15.7,1186,"1","1","MAT1_MAP1"
"7686",14.3,1137,"1","1","MAT1_MAP1"
"7687",15.7,1189,"1","1","MAT1_MAP1"
"7688",13.4,1102,"1","1","MAT1_MAP1"
"7689",14,1088,"1","1","MAT1_MAP1"
"7690",13.5,1089,"1","1","MAT1_MAP1"
"7691",16.5,1271,"2","2","MAT2_MAP2"
"7692",13.4,1105,"1","1","MAT1_MAP1"
"7693",15.8,1230,"1","1","MAT1_MAP1"
"7694",13.3,1116,"1","1","MAT1_MAP1"
"7695",14,1091,"1","1","MAT1_MAP1"
"7696",14.2,1121,"1","1","MAT1_MAP1"
"7697",16.1,1247,"2","1","MAT2_MAP1"
"7698",17.1,1342,"2","2","MAT2_MAP2"
"7699",16.5,1277,"2","2","MAT2_MAP2"
"7700",15.6,1171,"1","1","MAT1_MAP1"
"7701",14.6,1138,"1","1","MAT1_MAP1"
"7702",13.4,1106,"1","1","MAT1_MAP1"
"7703",13.4,1095,"1","1","MAT1_MAP1"
"7704",15.3,1158,"1","1","MAT1_MAP1"
"7705",13.5,1084,"1","1","MAT1_MAP1"
"7706",13.3,1080,"1","1","MAT1_MAP1"
"7707",13.3,1083,"1","1","MAT1_MAP1"
"7708",13.6,1097,"1","1","MAT1_MAP1"
"7709",14.9,1159,"1","1","MAT1_MAP1"
"7710",16.8,1318,"2","2","MAT2_MAP2"
"7711",16.9,1335,"2","2","MAT2_MAP2"
"7712",13.3,1074,"1","1","MAT1_MAP1"
"7713",13.3,1103,"1","1","MAT1_MAP1"
"7714",13.7,1098,"1","1","MAT1_MAP1"
"7715",16.6,1288,"2","2","MAT2_MAP2"
"7716",16.4,1262,"2","2","MAT2_MAP2"
"7717",15.9,1243,"2","1","MAT2_MAP1"
"7718",13.4,1099,"1","1","MAT1_MAP1"
"7719",16.2,1267,"2","2","MAT2_MAP2"
"7720",15.2,1168,"1","1","MAT1_MAP1"
"7721",17,1352,"2","2","MAT2_MAP2"
"7722",13.2,1093,"1","1","MAT1_MAP1"
"7723",14.4,1137,"1","1","MAT1_MAP1"
"7724",16.4,1286,"2","2","MAT2_MAP2"
"7725",16.9,1325,"2","2","MAT2_MAP2"
"7726",13.6,1107,"1","1","MAT1_MAP1"
"7727",14.7,1144,"1","1","MAT1_MAP1"
"7728",13.2,1104,"1","1","MAT1_MAP1"
"7729",15.5,1178,"1","1","MAT1_MAP1"
"7730",13.9,1093,"1","1","MAT1_MAP1"
"7731",13.4,1113,"1","1","MAT1_MAP1"
"7732",17.2,1365,"2","2","MAT2_MAP2"
"7733",13.3,1075,"1","1","MAT1_MAP1"
"7734",16.8,1307,"2","2","MAT2_MAP2"
"7735",13.4,1063,"1","1","MAT1_MAP1"
"7736",16,1214,"2","1","MAT2_MAP1"
"7737",13.5,1080,"1","1","MAT1_MAP1"
"7738",14.1,1100,"1","1","MAT1_MAP1"
"7739",13.6,1108,"1","1","MAT1_MAP1"
"7740",13.1,1099,"1","1","MAT1_MAP1"
"7741",16.9,1330,"2","2","MAT2_MAP2"
"7742",13.4,1117,"1","1","MAT1_MAP1"
"7743",13.4,1067,"1","1","MAT1_MAP1"
"7744",15.2,1157,"1","1","MAT1_MAP1"
"7745",14,1098,"1","1","MAT1_MAP1"
"7746",14.1,1099,"1","1","MAT1_MAP1"
"7747",16.4,1295,"2","2","MAT2_MAP2"
"7748",13.4,1062,"1","1","MAT1_MAP1"
"7749",13.3,1101,"1","1","MAT1_MAP1"
"7750",13.5,1108,"1","1","MAT1_MAP1"
"7751",13.4,1058,"1","1","MAT1_MAP1"
"7752",16,1253,"2","2","MAT2_MAP2"
"7753",13.4,1065,"1","1","MAT1_MAP1"
"7754",13.1,1095,"1","1","MAT1_MAP1"
"7755",13.3,1077,"1","1","MAT1_MAP1"
"7756",14,1107,"1","1","MAT1_MAP1"
"7757",15.3,1161,"1","1","MAT1_MAP1"
"7758",16,1219,"2","1","MAT2_MAP1"
"7759",16,1232,"2","1","MAT2_MAP1"
"7760",13.7,1102,"1","1","MAT1_MAP1"
"7761",14.9,1153,"1","1","MAT1_MAP1"
"7762",16.2,1277,"2","2","MAT2_MAP2"
"7763",14.1,1104,"1","1","MAT1_MAP1"
"7764",17.1,1380,"2","2","MAT2_MAP2"
"7765",15.8,1213,"1","1","MAT1_MAP1"
"7766",13.5,1098,"1","1","MAT1_MAP1"
"7767",16.5,1303,"2","2","MAT2_MAP2"
"7768",17,1350,"2","2","MAT2_MAP2"
"7769",16.9,1346,"2","2","MAT2_MAP2"
"7770",13.3,1065,"1","1","MAT1_MAP1"
"7771",13.9,1103,"1","1","MAT1_MAP1"
"7772",13.5,1112,"1","1","MAT1_MAP1"
"7773",17.1,1369,"2","2","MAT2_MAP2"
"7774",13.5,1076,"1","1","MAT1_MAP1"
"7775",14.7,1150,"1","1","MAT1_MAP1"
"7776",16.2,1272,"2","2","MAT2_MAP2"
"7777",13.8,1115,"1","1","MAT1_MAP1"
"7778",14.5,1128,"1","1","MAT1_MAP1"
"7779",16.4,1298,"2","2","MAT2_MAP2"
"7780",16.8,1328,"2","2","MAT2_MAP2"
"7781",14.2,1127,"1","1","MAT1_MAP1"
"7782",17,1337,"2","2","MAT2_MAP2"
"7783",13,1094,"1","1","MAT1_MAP1"
"7784",13.5,1066,"1","1","MAT1_MAP1"
"7785",14.3,1110,"1","1","MAT1_MAP1"
"7786",14.2,1111,"1","1","MAT1_MAP1"
"7787",16.6,1312,"2","2","MAT2_MAP2"
"7788",16.3,1303,"2","2","MAT2_MAP2"
"7789",15.9,1223,"2","1","MAT2_MAP1"
"7790",13.5,1059,"1","1","MAT1_MAP1"
"7791",16.4,1308,"2","2","MAT2_MAP2"
"7792",13.5,1105,"1","1","MAT1_MAP1"
"7793",13.1,1090,"1","1","MAT1_MAP1"
"7794",16.5,1314,"2","2","MAT2_MAP2"
"7795",17.2,1401,"2","2","MAT2_MAP2"
"7796",12.9,1090,"1","1","MAT1_MAP1"
"7797",13.5,1091,"1","1","MAT1_MAP1"
"7798",13.4,1087,"1","1","MAT1_MAP1"
"7799",13.2,1082,"1","1","MAT1_MAP1"
"7800",13.4,1074,"1","1","MAT1_MAP1"
"7801",15.4,1162,"1","1","MAT1_MAP1"
"7802",14.8,1143,"1","1","MAT1_MAP1"
"7803",12.9,1091,"1","1","MAT1_MAP1"
"7804",13.5,1061,"1","1","MAT1_MAP1"
"7805",13.1,1085,"1","1","MAT1_MAP1"
"7806",13.4,1071,"1","1","MAT1_MAP1"
"7807",13.6,1091,"1","1","MAT1_MAP1"
"7808",17.1,1354,"2","2","MAT2_MAP2"
"7809",13.8,1112,"1","1","MAT1_MAP1"
"7810",13.6,1092,"1","1","MAT1_MAP1"
"7811",15.2,1155,"1","1","MAT1_MAP1"
"7812",13.9,1114,"1","1","MAT1_MAP1"
"7813",13.4,1072,"1","1","MAT1_MAP1"
"7814",16.8,1342,"2","2","MAT2_MAP2"
"7815",16.3,1301,"2","2","MAT2_MAP2"
"7816",14,1114,"1","1","MAT1_MAP1"
"7817",14.9,1151,"1","1","MAT1_MAP1"
"7818",16.6,1319,"2","2","MAT2_MAP2"
"7819",14.5,1125,"1","1","MAT1_MAP1"
"7820",15.1,1147,"1","1","MAT1_MAP1"
"7821",13.5,1077,"1","1","MAT1_MAP1"
"7822",16.2,1303,"2","2","MAT2_MAP2"
"7823",16.2,1254,"2","2","MAT2_MAP2"
"7824",16.7,1335,"2","2","MAT2_MAP2"
"7825",13.5,1064,"1","1","MAT1_MAP1"
"7826",13.6,1098,"1","1","MAT1_MAP1"
"7827",13.1,1087,"1","1","MAT1_MAP1"
"7828",16.1,1289,"2","2","MAT2_MAP2"
"7829",15.8,1209,"1","1","MAT1_MAP1"
"7830",13.2,1085,"1","1","MAT1_MAP1"
"7831",16.9,1354,"2","2","MAT2_MAP2"
"7832",17.2,1367,"2","2","MAT2_MAP2"
"7833",17.3,1378,"2","2","MAT2_MAP2"
"7834",16.4,1312,"2","2","MAT2_MAP2"
"7835",16,1248,"2","1","MAT2_MAP1"
"7836",14.3,1134,"1","1","MAT1_MAP1"
"7837",13.6,1085,"1","1","MAT1_MAP1"
"7838",16.9,1349,"2","2","MAT2_MAP2"
"7839",15.2,1150,"1","1","MAT1_MAP1"
"7840",13.8,1086,"1","1","MAT1_MAP1"
"7841",16.2,1259,"2","2","MAT2_MAP2"
"7842",12.9,1087,"1","1","MAT1_MAP1"
"7843",13.4,1075,"1","1","MAT1_MAP1"
"7844",16.2,1288,"2","2","MAT2_MAP2"
"7845",13.6,1110,"1","1","MAT1_MAP1"
"7846",13.1,1086,"1","1","MAT1_MAP1"
"7847",13.4,1080,"1","1","MAT1_MAP1"
"7848",17.2,1373,"2","2","MAT2_MAP2"
"7849",16.3,1295,"2","2","MAT2_MAP2"
"7850",13.8,1123,"1","1","MAT1_MAP1"
"7851",16.5,1317,"2","2","MAT2_MAP2"
"7852",17,1360,"2","2","MAT2_MAP2"
"7853",13,1077,"1","1","MAT1_MAP1"
"7854",13,1071,"1","1","MAT1_MAP1"
"7855",15.9,1244,"2","1","MAT2_MAP1"
"7856",13.6,1090,"1","1","MAT1_MAP1"
"7857",15.7,1203,"1","1","MAT1_MAP1"
"7858",12.8,1088,"1","1","MAT1_MAP1"
"7859",12.9,1068,"1","1","MAT1_MAP1"
"7860",13.8,1119,"1","1","MAT1_MAP1"
"7861",16.1,1295,"2","2","MAT2_MAP2"
"7862",13.7,1103,"1","1","MAT1_MAP1"
"7863",14.5,1139,"1","1","MAT1_MAP1"
"7864",16.4,1326,"2","2","MAT2_MAP2"
"7865",15.2,1143,"1","1","MAT1_MAP1"
"7866",13.3,1081,"1","1","MAT1_MAP1"
"7867",13.6,1078,"1","1","MAT1_MAP1"
"7868",13.4,1081,"1","1","MAT1_MAP1"
"7869",12.9,1066,"1","1","MAT1_MAP1"
"7870",15,1136,"1","1","MAT1_MAP1"
"7871",15.8,1224,"1","1","MAT1_MAP1"
"7872",16.2,1284,"2","2","MAT2_MAP2"
"7873",13.1,1063,"1","1","MAT1_MAP1"
"7874",13.8,1118,"1","1","MAT1_MAP1"
"7875",13.6,1086,"1","1","MAT1_MAP1"
"7876",16.4,1323,"2","2","MAT2_MAP2"
"7877",13.1,1060,"1","1","MAT1_MAP1"
"7878",13.7,1087,"1","1","MAT1_MAP1"
"7879",14,1117,"1","1","MAT1_MAP1"
"7880",12.8,1057,"1","1","MAT1_MAP1"
"7881",16.2,1313,"2","2","MAT2_MAP2"
"7882",16.6,1342,"2","2","MAT2_MAP2"
"7883",15.6,1204,"1","1","MAT1_MAP1"
"7884",14.8,1128,"1","1","MAT1_MAP1"
"7885",15.9,1270,"2","2","MAT2_MAP2"
"7886",13,1075,"1","1","MAT1_MAP1"
"7887",16.6,1344,"2","2","MAT2_MAP2"
"7888",15.2,1141,"1","1","MAT1_MAP1"
"7889",13,1065,"1","1","MAT1_MAP1"
"7890",12.8,1048,"1","1","MAT1_MAP1"
"7891",15.7,1234,"1","1","MAT1_MAP1"
"7892",13.5,1104,"1","1","MAT1_MAP1"
"7893",15.8,1270,"1","2","MAT1_MAP2"
"7894",13,1052,"1","1","MAT1_MAP1"
"7895",15.6,1208,"1","1","MAT1_MAP1"
"7896",16.4,1329,"2","2","MAT2_MAP2"
"7897",13.8,1101,"1","1","MAT1_MAP1"
"7898",14,1119,"1","1","MAT1_MAP1"
"7899",15.9,1279,"2","2","MAT2_MAP2"
"7900",13.1,1068,"1","1","MAT1_MAP1"
"7901",13.7,1082,"1","1","MAT1_MAP1"
"7902",13.1,1048,"1","1","MAT1_MAP1"
"7903",16.7,1352,"2","2","MAT2_MAP2"
"7904",15.1,1140,"1","1","MAT1_MAP1"
"7905",15.1,1145,"1","1","MAT1_MAP1"
"7906",13.8,1116,"1","1","MAT1_MAP1"
"7907",13.2,1068,"1","1","MAT1_MAP1"
"7908",16.6,1346,"2","2","MAT2_MAP2"
"7909",13.9,1117,"1","1","MAT1_MAP1"
"7910",13.2,1077,"1","1","MAT1_MAP1"
"7911",13.8,1085,"1","1","MAT1_MAP1"
"7912",12.8,1051,"1","1","MAT1_MAP1"
"7913",13.8,1105,"1","1","MAT1_MAP1"
"7914",13.6,1082,"1","1","MAT1_MAP1"
"7915",13.6,1080,"1","1","MAT1_MAP1"
"7916",12.9,1057,"1","1","MAT1_MAP1"
"7917",15.8,1249,"1","1","MAT1_MAP1"
"7918",16.3,1322,"2","2","MAT2_MAP2"
"7919",15.9,1258,"2","2","MAT2_MAP2"
"7920",16.2,1319,"2","2","MAT2_MAP2"
"7921",12.8,1034,"1","1","MAT1_MAP1"
"7922",13.8,1110,"1","1","MAT1_MAP1"
"7923",13.9,1112,"1","1","MAT1_MAP1"
"7924",13.6,1088,"1","1","MAT1_MAP1"
"7925",14,1122,"1","1","MAT1_MAP1"
"7926",14,1123,"1","1","MAT1_MAP1"
"7927",16.3,1324,"2","2","MAT2_MAP2"
"7928",12.8,1039,"1","1","MAT1_MAP1"
"7929",14.1,1126,"1","1","MAT1_MAP1"
"7930",13.1,1079,"1","1","MAT1_MAP1"
"7931",17,1372,"2","2","MAT2_MAP2"
"7932",13.2,1074,"1","1","MAT1_MAP1"
"7933",13.1,1053,"1","1","MAT1_MAP1"
"7934",14.2,1122,"1","1","MAT1_MAP1"
"7935",12.9,1041,"1","1","MAT1_MAP1"
"7936",13,1057,"1","1","MAT1_MAP1"
"7937",16.7,1360,"2","2","MAT2_MAP2"
"7938",15.9,1260,"2","2","MAT2_MAP2"
"7939",16.8,1361,"2","2","MAT2_MAP2"
"7940",15.3,1164,"1","1","MAT1_MAP1"
"7941",14,1112,"1","1","MAT1_MAP1"
"7942",13,1029,"1","1","MAT1_MAP1"
"7943",12.9,1028,"1","1","MAT1_MAP1"
"7944",14,1100,"1","1","MAT1_MAP1"
"7945",13.1,1045,"1","1","MAT1_MAP1"
"7946",13.6,1084,"1","1","MAT1_MAP1"
"7947",14.8,1139,"1","1","MAT1_MAP1"
"7948",14.6,1128,"1","1","MAT1_MAP1"
"7949",16.5,1351,"2","2","MAT2_MAP2"
"7950",13.1,1039,"1","1","MAT1_MAP1"
"7951",14.5,1124,"1","1","MAT1_MAP1"
"7952",12.9,1003,"1","1","MAT1_MAP1"
"7953",13,1037,"1","1","MAT1_MAP1"
"7954",15,1163,"1","1","MAT1_MAP1"
"7955",12.8,1020,"1","1","MAT1_MAP1"
"7956",13.2,1048,"1","1","MAT1_MAP1"
"7957",13.6,1074,"1","1","MAT1_MAP1"
"7958",14.2,1126,"1","1","MAT1_MAP1"
"7959",12.8,1018,"1","1","MAT1_MAP1"
"7960",14.2,1112,"1","1","MAT1_MAP1"
"7961",13,1024,"1","1","MAT1_MAP1"
"7962",14.6,1131,"1","1","MAT1_MAP1"
"7963",13.2,1031,"1","1","MAT1_MAP1"
"7964",17,1374,"2","2","MAT2_MAP2"
"7965",12.9,1022,"1","1","MAT1_MAP1"
"7966",12.8,1003,"1","1","MAT1_MAP1"
"7967",17.1,1383,"2","2","MAT2_MAP2"
"7968",15.8,1256,"1","2","MAT1_MAP2"
"7969",14.3,1129,"1","1","MAT1_MAP1"
"7970",13.5,1028,"1","1","MAT1_MAP1"
"7971",12.8,1019,"1","1","MAT1_MAP1"
"7972",14.2,1131,"1","1","MAT1_MAP1"
"7973",14.3,1097,"1","1","MAT1_MAP1"
"7974",13.3,1028,"1","1","MAT1_MAP1"
"7975",12.7,1006,"1","1","MAT1_MAP1"
"7976",13.6,1066,"1","1","MAT1_MAP1"
"7977",14.6,1134,"1","1","MAT1_MAP1"
"7978",13,986,"1","1","MAT1_MAP1"
"7979",13.7,1073,"1","1","MAT1_MAP1"
"7980",13.3,1064,"1","1","MAT1_MAP1"
"7981",13.4,1049,"1","1","MAT1_MAP1"
"7982",13.2,1033,"1","1","MAT1_MAP1"
"7983",16.1,1304,"2","2","MAT2_MAP2"
"7984",14.7,1140,"1","1","MAT1_MAP1"
"7985",15.5,1210,"1","1","MAT1_MAP1"
"7986",13.4,1041,"1","1","MAT1_MAP1"
"7987",12.8,1006,"1","1","MAT1_MAP1"
"7988",13.2,1000,"1","1","MAT1_MAP1"
"7989",13.6,1083,"1","1","MAT1_MAP1"
"7990",13.3,1001,"1","1","MAT1_MAP1"
"7991",14,1096,"1","1","MAT1_MAP1"
"7992",14.3,1111,"1","1","MAT1_MAP1"
"7993",13.4,1020,"1","1","MAT1_MAP1"
"7994",12.5,1020,"1","1","MAT1_MAP1"
"7995",13.2,1021,"1","1","MAT1_MAP1"
"7996",12.6,1018,"1","1","MAT1_MAP1"
"7997",15.1,1177,"1","1","MAT1_MAP1"
"7998",14,1075,"1","1","MAT1_MAP1"
"7999",12.9,996,"1","1","MAT1_MAP1"
"8000",14,1099,"1","1","MAT1_MAP1"
"8001",13.8,1071,"1","1","MAT1_MAP1"
"8002",15.8,1251,"1","1","MAT1_MAP1"
"8003",14.9,1158,"1","1","MAT1_MAP1"
"8004",13.4,1047,"1","1","MAT1_MAP1"
"8005",13.5,994,"1","1","MAT1_MAP1"
"8006",17,1385,"2","2","MAT2_MAP2"
"8007",17,1383,"2","2","MAT2_MAP2"
"8008",16.7,1371,"2","2","MAT2_MAP2"
"8009",15.8,1243,"1","1","MAT1_MAP1"
"8010",12.8,1009,"1","1","MAT1_MAP1"
"8011",16,1279,"2","2","MAT2_MAP2"
"8012",14.4,1147,"1","1","MAT1_MAP1"
"8013",15.2,1190,"1","1","MAT1_MAP1"
"8014",13.6,1038,"1","1","MAT1_MAP1"
"8015",14.4,1145,"1","1","MAT1_MAP1"
"8016",13.5,1038,"1","1","MAT1_MAP1"
"8017",13.6,1073,"1","1","MAT1_MAP1"
"8018",13.5,1058,"1","1","MAT1_MAP1"
"8019",13.7,1041,"1","1","MAT1_MAP1"
"8020",14.6,1157,"1","1","MAT1_MAP1"
"8021",12.7,1022,"1","1","MAT1_MAP1"
"8022",17,1384,"2","2","MAT2_MAP2"
"8023",16,1265,"2","2","MAT2_MAP2"
"8024",14.2,1107,"1","1","MAT1_MAP1"
"8025",14.7,1157,"1","1","MAT1_MAP1"
"8026",15.9,1251,"2","1","MAT2_MAP1"
"8027",14,1101,"1","1","MAT1_MAP1"
"8028",15.3,1201,"1","1","MAT1_MAP1"
"8029",16.2,1296,"2","2","MAT2_MAP2"
"8030",14.3,1128,"1","1","MAT1_MAP1"
"8031",15,1188,"1","1","MAT1_MAP1"
"8032",13.6,1039,"1","1","MAT1_MAP1"
"8033",14.6,1161,"1","1","MAT1_MAP1"
"8034",14.1,1107,"1","1","MAT1_MAP1"
"8035",14.6,1160,"1","1","MAT1_MAP1"
"8036",13.7,1078,"1","1","MAT1_MAP1"
"8037",16.9,1377,"2","2","MAT2_MAP2"
"8038",14,1072,"1","1","MAT1_MAP1"
"8039",14.1,1091,"1","1","MAT1_MAP1"
"8040",14.9,1180,"1","1","MAT1_MAP1"
"8041",14.9,1183,"1","1","MAT1_MAP1"
"8042",14.1,1106,"1","1","MAT1_MAP1"
"8043",15.9,1253,"2","2","MAT2_MAP2"
"8044",15.2,1202,"1","1","MAT1_MAP1"
"8045",13.6,1037,"1","1","MAT1_MAP1"
"8046",13.7,1052,"1","1","MAT1_MAP1"
"8047",14.6,1168,"1","1","MAT1_MAP1"
"8048",16.4,1311,"2","2","MAT2_MAP2"
"8049",14.8,1176,"1","1","MAT1_MAP1"
"8050",15.5,1231,"1","1","MAT1_MAP1"
"8051",15,1189,"1","1","MAT1_MAP1"
"8052",15.2,1207,"1","1","MAT1_MAP1"
"8053",13.8,1063,"1","1","MAT1_MAP1"
"8054",13.5,1036,"1","1","MAT1_MAP1"
"8055",13.8,1070,"1","1","MAT1_MAP1"
"8056",15.5,1232,"1","1","MAT1_MAP1"
"8057",15.1,1204,"1","1","MAT1_MAP1"
"8058",13.8,1079,"1","1","MAT1_MAP1"
"8059",14.4,1118,"1","1","MAT1_MAP1"
"8060",14.4,1157,"1","1","MAT1_MAP1"
"8061",14.3,1099,"1","1","MAT1_MAP1"
"8062",16,1271,"2","2","MAT2_MAP2"
"8063",15,1197,"1","1","MAT1_MAP1"
"8064",13.9,1088,"1","1","MAT1_MAP1"
"8065",16.7,1354,"2","2","MAT2_MAP2"
"8066",14.3,1112,"1","1","MAT1_MAP1"
"8067",14.3,1120,"1","1","MAT1_MAP1"
"8068",14,1104,"1","1","MAT1_MAP1"
"8069",15.1,1206,"1","1","MAT1_MAP1"
"8070",14,1103,"1","1","MAT1_MAP1"
"8071",16.5,1327,"2","2","MAT2_MAP2"
"8072",14.8,1184,"1","1","MAT1_MAP1"
"8073",13.8,1076,"1","1","MAT1_MAP1"
"8074",14,1052,"1","1","MAT1_MAP1"
"8075",14.7,1177,"1","1","MAT1_MAP1"
"8076",15.5,1224,"1","1","MAT1_MAP1"
"8077",14.9,1191,"1","1","MAT1_MAP1"
"8078",14.2,1108,"1","1","MAT1_MAP1"
"8079",13.9,1031,"1","1","MAT1_MAP1"
"8080",17,1390,"2","2","MAT2_MAP2"
"8081",13.9,1077,"1","1","MAT1_MAP1"
"8082",14.1,1109,"1","1","MAT1_MAP1"
"8083",13.9,1073,"1","1","MAT1_MAP1"
"8084",14,1047,"1","1","MAT1_MAP1"
"8085",15.1,1207,"1","1","MAT1_MAP1"
"8086",15.3,1216,"1","1","MAT1_MAP1"
"8087",15.3,1220,"1","1","MAT1_MAP1"
"8088",14.1,1039,"1","1","MAT1_MAP1"
"8089",14.9,1187,"1","1","MAT1_MAP1"
"8090",15,1204,"1","1","MAT1_MAP1"
"8091",15.6,1232,"1","1","MAT1_MAP1"
"8092",14.8,1186,"1","1","MAT1_MAP1"
"8093",15.2,1211,"1","1","MAT1_MAP1"
"8094",14.6,1162,"1","1","MAT1_MAP1"
"8095",14.6,1179,"1","1","MAT1_MAP1"
"8096",16.9,1375,"2","2","MAT2_MAP2"
"8097",14.6,1175,"1","1","MAT1_MAP1"
"8098",14.9,1192,"1","1","MAT1_MAP1"
"8099",15.1,1211,"1","1","MAT1_MAP1"
"8100",14,1082,"1","1","MAT1_MAP1"
"8101",17.1,1381,"2","2","MAT2_MAP2"
"8102",14.9,1193,"1","1","MAT1_MAP1"
"8103",14.2,1118,"1","1","MAT1_MAP1"
"8104",17,1377,"2","2","MAT2_MAP2"
"8105",16.1,1285,"2","2","MAT2_MAP2"
"8106",15.5,1234,"1","1","MAT1_MAP1"
"8107",14.6,1169,"1","1","MAT1_MAP1"
"8108",14,1102,"1","1","MAT1_MAP1"
"8109",16.6,1341,"2","2","MAT2_MAP2"
"8110",14.5,1144,"1","1","MAT1_MAP1"
"8111",15.8,1258,"1","2","MAT1_MAP2"
"8112",16.6,1345,"2","2","MAT2_MAP2"
"8113",14.3,1101,"1","1","MAT1_MAP1"
"8114",14.9,1198,"1","1","MAT1_MAP1"
"8115",16.4,1325,"2","2","MAT2_MAP2"
"8116",15.7,1251,"1","1","MAT1_MAP1"
"8117",14,1073,"1","1","MAT1_MAP1"
"8118",15.1,1213,"1","1","MAT1_MAP1"
"8119",14.7,1174,"1","1","MAT1_MAP1"
"8120",15.1,1210,"1","1","MAT1_MAP1"
"8121",14.5,1150,"1","1","MAT1_MAP1"
"8122",14.7,1193,"1","1","MAT1_MAP1"
"8123",14.3,1132,"1","1","MAT1_MAP1"
"8124",13.9,1074,"1","1","MAT1_MAP1"
"8125",14.9,1199,"1","1","MAT1_MAP1"
"8126",16.7,1349,"2","2","MAT2_MAP2"
"8127",15,1209,"1","1","MAT1_MAP1"
"8128",15.9,1284,"2","2","MAT2_MAP2"
"8129",15.7,1252,"1","1","MAT1_MAP1"
"8130",15,1214,"1","1","MAT1_MAP1"
"8131",14.1,1082,"1","1","MAT1_MAP1"
"8132",14.7,1164,"1","1","MAT1_MAP1"
"8133",14.8,1197,"1","1","MAT1_MAP1"
"8134",16.8,1367,"2","2","MAT2_MAP2"
"8135",14.1,1081,"1","1","MAT1_MAP1"
"8136",14.8,1188,"1","1","MAT1_MAP1"
"8137",14.9,1213,"1","1","MAT1_MAP1"
"8138",14.9,1211,"1","1","MAT1_MAP1"
"8139",14.6,1117,"1","1","MAT1_MAP1"
"8140",15.5,1238,"1","1","MAT1_MAP1"
"8141",15.2,1219,"1","1","MAT1_MAP1"
"8142",14.7,1148,"1","1","MAT1_MAP1"
"8143",14.2,1096,"1","1","MAT1_MAP1"
"8144",14.1,1073,"1","1","MAT1_MAP1"
"8145",16.8,1365,"2","2","MAT2_MAP2"
"8146",14.8,1194,"1","1","MAT1_MAP1"
"8147",14.3,1122,"1","1","MAT1_MAP1"
"8148",16.5,1336,"2","2","MAT2_MAP2"
"8149",14.5,1133,"1","1","MAT1_MAP1"
"8150",14.1,1083,"1","1","MAT1_MAP1"
"8151",14.2,1075,"1","1","MAT1_MAP1"
"8152",15.9,1281,"2","2","MAT2_MAP2"
"8153",14,1076,"1","1","MAT1_MAP1"
"8154",14.9,1194,"1","1","MAT1_MAP1"
"8155",14.9,1204,"1","1","MAT1_MAP1"
"8156",14,1068,"1","1","MAT1_MAP1"
"8157",15.9,1283,"2","2","MAT2_MAP2"
"8158",14.1,1074,"1","1","MAT1_MAP1"
"8159",14.3,1104,"1","1","MAT1_MAP1"
"8160",14,1074,"1","1","MAT1_MAP1"
"8161",14.3,1105,"1","1","MAT1_MAP1"
"8162",14.4,1125,"1","1","MAT1_MAP1"
"8163",14.8,1103,"1","1","MAT1_MAP1"
"8164",14.1,1068,"1","1","MAT1_MAP1"
"8165",14.9,1164,"1","1","MAT1_MAP1"
"8166",14.2,1080,"1","1","MAT1_MAP1"
"8167",16.1,1288,"2","2","MAT2_MAP2"
"8168",15,1196,"1","1","MAT1_MAP1"
"8169",14.4,1115,"1","1","MAT1_MAP1"
"8170",17,1412,"2","2","MAT2_MAP2"
"8171",14.2,1068,"1","1","MAT1_MAP1"
"8172",14.3,1084,"1","1","MAT1_MAP1"
"8173",14.4,1084,"1","1","MAT1_MAP1"
"8174",15.1,1217,"1","1","MAT1_MAP1"
"8175",15,1195,"1","1","MAT1_MAP1"
"8176",15.4,1228,"1","1","MAT1_MAP1"
"8177",15.2,1220,"1","1","MAT1_MAP1"
"8178",16.3,1306,"2","2","MAT2_MAP2"
"8179",14.3,1079,"1","1","MAT1_MAP1"
"8180",15.1,1181,"1","1","MAT1_MAP1"
"8181",14.6,1115,"1","1","MAT1_MAP1"
"8182",15.7,1246,"1","1","MAT1_MAP1"
"8183",14.7,1116,"1","1","MAT1_MAP1"
"8184",14.4,1106,"1","1","MAT1_MAP1"
"8185",15.9,1272,"2","2","MAT2_MAP2"
"8186",14.4,1082,"1","1","MAT1_MAP1"
"8187",15.1,1159,"1","1","MAT1_MAP1"
"8188",14.2,1065,"1","1","MAT1_MAP1"
"8189",15.3,1221,"1","1","MAT1_MAP1"
"8190",14.4,1079,"1","1","MAT1_MAP1"
"8191",15.1,1187,"1","1","MAT1_MAP1"
"8192",16.4,1327,"2","2","MAT2_MAP2"
"8193",14.3,1078,"1","1","MAT1_MAP1"
"8194",17,1422,"2","3","MAT2_MAP3"
"8195",16.2,1305,"2","2","MAT2_MAP2"
"8196",15.4,1222,"1","1","MAT1_MAP1"
"8197",14.5,1092,"1","1","MAT1_MAP1"
"8198",14.2,1057,"1","1","MAT1_MAP1"
"8199",14.2,1058,"1","1","MAT1_MAP1"
"8200",15.3,1182,"1","1","MAT1_MAP1"
"8201",16,1281,"2","2","MAT2_MAP2"
"8202",14.2,1060,"1","1","MAT1_MAP1"
"8203",16.5,1341,"2","2","MAT2_MAP2"
"8204",14.3,1049,"1","1","MAT1_MAP1"
"8205",14.3,1043,"1","1","MAT1_MAP1"
"8206",15.4,1214,"1","1","MAT1_MAP1"
"8207",16.3,1307,"2","2","MAT2_MAP2"
"8208",16.5,1323,"2","2","MAT2_MAP2"
"8209",15.4,1207,"1","1","MAT1_MAP1"
"8210",15.3,1204,"1","1","MAT1_MAP1"
"8211",16.4,1315,"2","2","MAT2_MAP2"
"8212",15.4,1204,"1","1","MAT1_MAP1"
"8213",16.1,1279,"2","2","MAT2_MAP2"
"8214",16.4,1324,"2","2","MAT2_MAP2"
"8215",15.6,1219,"1","1","MAT1_MAP1"
"8216",15.4,1186,"1","1","MAT1_MAP1"
"8217",16.2,1285,"2","2","MAT2_MAP2"
"8218",15.5,1206,"1","1","MAT1_MAP1"
"8219",15.7,1225,"1","1","MAT1_MAP1"
"8220",15.4,1155,"1","1","MAT1_MAP1"
"8221",16.4,1309,"2","2","MAT2_MAP2"
"8222",16.2,1289,"2","2","MAT2_MAP2"
"8223",15.6,1209,"1","1","MAT1_MAP1"
"8224",15.7,1222,"1","1","MAT1_MAP1"
"8225",15.7,1207,"1","1","MAT1_MAP1"
"8226",16.2,1292,"2","2","MAT2_MAP2"
"8227",16.2,1283,"2","2","MAT2_MAP2"
"8228",16.3,1304,"2","2","MAT2_MAP2"
"8229",16.4,1319,"2","2","MAT2_MAP2"
"8230",16.4,1314,"2","2","MAT2_MAP2"
"8231",14.6,1044,"1","1","MAT1_MAP1"
"8232",14.4,1045,"1","1","MAT1_MAP1"
"8233",14.3,1032,"1","1","MAT1_MAP1"
"8234",13.7,1031,"1","1","MAT1_MAP1"
"8235",16.6,1017,"2","1","MAT2_MAP1"
"8236",16.3,1023,"2","1","MAT2_MAP1"
"8237",15.9,1030,"2","1","MAT2_MAP1"
"8238",16.2,1037,"2","1","MAT2_MAP1"
"8239",16.2,1039,"2","1","MAT2_MAP1"
"8240",16,1049,"2","1","MAT2_MAP1"
"8241",16.5,1058,"2","1","MAT2_MAP1"
"8242",16.1,1046,"2","1","MAT2_MAP1"
"8243",15.8,1066,"1","1","MAT1_MAP1"
"8244",16.8,1089,"2","1","MAT2_MAP1"
"8245",16.1,1069,"2","1","MAT2_MAP1"
"8246",15.9,1082,"2","1","MAT2_MAP1"
"8247",16.5,1072,"2","1","MAT2_MAP1"
"8248",16.1,1054,"2","1","MAT2_MAP1"
"8249",15.9,1084,"2","1","MAT2_MAP1"
"8250",16.4,1091,"2","1","MAT2_MAP1"
"8251",16,1128,"2","1","MAT2_MAP1"
"8252",16,1129,"2","1","MAT2_MAP1"
"8253",16.3,1114,"2","1","MAT2_MAP1"
"8254",16.3,1123,"2","1","MAT2_MAP1"
"8255",16.2,1087,"2","1","MAT2_MAP1"
"8256",16,1158,"2","1","MAT2_MAP1"
"8257",16.4,1100,"2","1","MAT2_MAP1"
"8258",15.9,1169,"2","1","MAT2_MAP1"
"8259",16.3,1117,"2","1","MAT2_MAP1"
"8260",19.8,1111,"3","1","MAT3_MAP1"
"8261",16.1,1170,"2","1","MAT2_MAP1"
"8262",16.4,1081,"2","1","MAT2_MAP1"
"8263",19.7,1125,"3","1","MAT3_MAP1"
"8264",19.8,1120,"3","1","MAT3_MAP1"
"8265",19.6,1126,"3","1","MAT3_MAP1"
"8266",16,1204,"2","1","MAT2_MAP1"
"8267",19.5,1124,"3","1","MAT3_MAP1"
"8268",19.5,1119,"3","1","MAT3_MAP1"
"8269",16.4,1171,"2","1","MAT2_MAP1"
"8270",16.5,1162,"2","1","MAT2_MAP1"
"8271",19.5,1113,"3","1","MAT3_MAP1"
"8272",19.6,1148,"3","1","MAT3_MAP1"
"8273",19.8,1143,"3","1","MAT3_MAP1"
"8274",19.6,1135,"3","1","MAT3_MAP1"
"8275",18.4,1052,"3","1","MAT3_MAP1"
"8276",16.3,1205,"2","1","MAT2_MAP1"
"8277",18.9,1064,"3","1","MAT3_MAP1"
"8278",19.8,1154,"3","1","MAT3_MAP1"
"8279",19,1068,"3","1","MAT3_MAP1"
"8280",19,1073,"3","1","MAT3_MAP1"
"8281",16.2,1205,"2","1","MAT2_MAP1"
"8282",19.4,1105,"3","1","MAT3_MAP1"
"8283",19.5,1130,"3","1","MAT3_MAP1"
"8284",18.9,1067,"3","1","MAT3_MAP1"
"8285",18.9,1057,"3","1","MAT3_MAP1"
"8286",18.8,1083,"3","1","MAT3_MAP1"
"8287",18.2,1055,"3","1","MAT3_MAP1"
"8288",19.3,1088,"3","1","MAT3_MAP1"
"8289",18.6,1067,"3","1","MAT3_MAP1"
"8290",19.3,1090,"3","1","MAT3_MAP1"
"8291",19.9,1162,"3","1","MAT3_MAP1"
"8292",19.4,1125,"3","1","MAT3_MAP1"
"8293",18.8,1074,"3","1","MAT3_MAP1"
"8294",18.7,1077,"3","1","MAT3_MAP1"
"8295",16.2,1203,"2","1","MAT2_MAP1"
"8296",18.8,1075,"3","1","MAT3_MAP1"
"8297",18.8,1078,"3","1","MAT3_MAP1"
"8298",19.8,1166,"3","1","MAT3_MAP1"
"8299",18.6,1092,"3","1","MAT3_MAP1"
"8300",19.4,1103,"3","1","MAT3_MAP1"
"8301",17.9,1063,"2","1","MAT2_MAP1"
"8302",19.8,1177,"3","1","MAT3_MAP1"
"8303",16.8,1185,"2","1","MAT2_MAP1"
"8304",19.5,1184,"3","1","MAT3_MAP1"
"8305",16.4,1210,"2","1","MAT2_MAP1"
"8306",19.3,1162,"3","1","MAT3_MAP1"
"8307",20,1178,"3","1","MAT3_MAP1"
"8308",18.2,1064,"3","1","MAT3_MAP1"
"8309",18.3,1061,"3","1","MAT3_MAP1"
"8310",16.1,1214,"2","1","MAT2_MAP1"
"8311",18.9,1079,"3","1","MAT3_MAP1"
"8312",18.7,1083,"3","1","MAT3_MAP1"
"8313",15.8,1232,"1","1","MAT1_MAP1"
"8314",18.8,1081,"3","1","MAT3_MAP1"
"8315",16.9,1188,"2","1","MAT2_MAP1"
"8316",19.5,1193,"3","1","MAT3_MAP1"
"8317",15.5,1270,"1","2","MAT1_MAP2"
"8318",18.7,1079,"3","1","MAT3_MAP1"
"8319",19.1,1096,"3","1","MAT3_MAP1"
"8320",16.2,1217,"2","1","MAT2_MAP1"
"8321",18.7,1081,"3","1","MAT3_MAP1"
"8322",18.7,1080,"3","1","MAT3_MAP1"
"8323",18.7,1085,"3","1","MAT3_MAP1"
"8324",20,1201,"3","1","MAT3_MAP1"
"8325",19,1109,"3","1","MAT3_MAP1"
"8326",19.4,1201,"3","1","MAT3_MAP1"
"8327",19.5,1204,"3","1","MAT3_MAP1"
"8328",16.4,1223,"2","1","MAT2_MAP1"
"8329",16.1,1178,"2","1","MAT2_MAP1"
"8330",19.9,1203,"3","1","MAT3_MAP1"
"8331",19,1075,"3","1","MAT3_MAP1"
"8332",18.4,1079,"3","1","MAT3_MAP1"
"8333",19.2,1208,"3","1","MAT3_MAP1"
"8334",19.7,1212,"3","1","MAT3_MAP1"
"8335",20,1213,"3","1","MAT3_MAP1"
"8336",17,1190,"2","1","MAT2_MAP1"
"8337",16.1,1126,"2","1","MAT2_MAP1"
"8338",16.3,1192,"2","1","MAT2_MAP1"
"8339",18.9,1088,"3","1","MAT3_MAP1"
"8340",19.2,1123,"3","1","MAT3_MAP1"
"8341",16.5,1225,"2","1","MAT2_MAP1"
"8342",17.8,1075,"2","1","MAT2_MAP1"
"8343",18.6,1085,"3","1","MAT3_MAP1"
"8344",15.8,1204,"1","1","MAT1_MAP1"
"8345",17.5,1095,"2","1","MAT2_MAP1"
"8346",18,1071,"2","1","MAT2_MAP1"
"8347",18.9,1100,"3","1","MAT3_MAP1"
"8348",20,1222,"3","1","MAT3_MAP1"
"8349",18.8,1088,"3","1","MAT3_MAP1"
"8350",19.4,1224,"3","1","MAT3_MAP1"
"8351",18.6,1094,"3","1","MAT3_MAP1"
"8352",19.3,1221,"3","1","MAT3_MAP1"
"8353",18.7,1091,"3","1","MAT3_MAP1"
"8354",15.9,1245,"2","1","MAT2_MAP1"
"8355",18.7,1098,"3","1","MAT3_MAP1"
"8356",18.8,1093,"3","1","MAT3_MAP1"
"8357",18.6,1104,"3","1","MAT3_MAP1"
"8358",18.7,1099,"3","1","MAT3_MAP1"
"8359",16.3,1257,"2","2","MAT2_MAP2"
"8360",18.7,1095,"3","1","MAT3_MAP1"
"8361",19.8,1238,"3","1","MAT3_MAP1"
"8362",18.7,1097,"3","1","MAT3_MAP1"
"8363",17.4,1104,"2","1","MAT2_MAP1"
"8364",15.9,1200,"2","1","MAT2_MAP1"
"8365",17.7,1087,"2","1","MAT2_MAP1"
"8366",15.7,1258,"1","2","MAT1_MAP2"
"8367",18.1,1094,"3","1","MAT3_MAP1"
"8368",18.1,1088,"3","1","MAT3_MAP1"
"8369",18.2,1103,"3","1","MAT3_MAP1"
"8370",18.8,1097,"3","1","MAT3_MAP1"
"8371",19,1179,"3","1","MAT3_MAP1"
"8372",18.7,1101,"3","1","MAT3_MAP1"
"8373",19,1199,"3","1","MAT3_MAP1"
"8374",19.7,1252,"3","1","MAT3_MAP1"
"8375",19.4,1253,"3","2","MAT3_MAP2"
"8376",19.5,1251,"3","1","MAT3_MAP1"
"8377",16.5,1231,"2","1","MAT2_MAP1"
"8378",19,1154,"3","1","MAT3_MAP1"
"8379",16.9,1212,"2","1","MAT2_MAP1"
"8380",17.9,1082,"2","1","MAT2_MAP1"
"8381",18.7,1100,"3","1","MAT3_MAP1"
"8382",15.4,1238,"1","1","MAT1_MAP1"
"8383",16.7,1237,"2","1","MAT2_MAP1"
"8384",17,1206,"2","1","MAT2_MAP1"
"8385",17.8,1094,"2","1","MAT2_MAP1"
"8386",17.4,1109,"2","1","MAT2_MAP1"
"8387",18.5,1113,"3","1","MAT3_MAP1"
"8388",19.6,1269,"3","2","MAT3_MAP2"
"8389",18.7,1110,"3","1","MAT3_MAP1"
"8390",17.9,1093,"2","1","MAT2_MAP1"
"8391",17.9,1099,"2","1","MAT2_MAP1"
"8392",16.9,1234,"2","1","MAT2_MAP1"
"8393",17.5,1112,"2","1","MAT2_MAP1"
"8394",17.6,1109,"2","1","MAT2_MAP1"
"8395",17.6,1112,"2","1","MAT2_MAP1"
"8396",19.5,1275,"3","2","MAT3_MAP2"
"8397",18.9,1125,"3","1","MAT3_MAP1"
"8398",18.9,1260,"3","2","MAT3_MAP2"
"8399",18.3,1115,"3","1","MAT3_MAP1"
"8400",18.1,1122,"3","1","MAT3_MAP1"
"8401",17.7,1114,"2","1","MAT2_MAP1"
"8402",19.1,1287,"3","2","MAT3_MAP2"
"8403",18.9,1117,"3","1","MAT3_MAP1"
"8404",18.9,1203,"3","1","MAT3_MAP1"
"8405",18.7,1122,"3","1","MAT3_MAP1"
"8406",18.7,1119,"3","1","MAT3_MAP1"
"8407",16.2,1248,"2","1","MAT2_MAP1"
"8408",18,1132,"2","1","MAT2_MAP1"
"8409",17.6,1129,"2","1","MAT2_MAP1"
"8410",17,1208,"2","1","MAT2_MAP1"
"8411",18.9,1151,"3","1","MAT3_MAP1"
"8412",18.9,1171,"3","1","MAT3_MAP1"
"8413",18.6,1127,"3","1","MAT3_MAP1"
"8414",18,1144,"2","1","MAT2_MAP1"
"8415",17.8,1128,"2","1","MAT2_MAP1"
"8416",19.2,1304,"3","2","MAT3_MAP2"
"8417",18.9,1139,"3","1","MAT3_MAP1"
"8418",17.7,1135,"2","1","MAT2_MAP1"
"8419",17.8,1142,"2","1","MAT2_MAP1"
"8420",16.6,1278,"2","2","MAT2_MAP2"
"8421",18.1,1135,"3","1","MAT3_MAP1"
"8422",19,1125,"3","1","MAT3_MAP1"
"8423",19,1127,"3","1","MAT3_MAP1"
"8424",19.6,1323,"3","2","MAT3_MAP2"
"8425",17.8,1147,"2","1","MAT2_MAP1"
"8426",15.5,1284,"1","2","MAT1_MAP2"
"8427",15.2,1333,"1","2","MAT1_MAP2"
"8428",15.7,1308,"1","2","MAT1_MAP2"
"8429",18.8,1227,"3","1","MAT3_MAP1"
"8430",18.6,1141,"3","1","MAT3_MAP1"
"8431",15.8,1325,"1","2","MAT1_MAP2"
"8432",18.7,1272,"3","2","MAT3_MAP2"
"8433",19.9,1339,"3","2","MAT3_MAP2"
"8434",17.9,1160,"2","1","MAT2_MAP1"
"8435",17.7,1173,"2","1","MAT2_MAP1"
"8436",18.7,1147,"3","1","MAT3_MAP1"
"8437",18.7,1258,"3","2","MAT3_MAP2"
"8438",18.9,1302,"3","2","MAT3_MAP2"
"8439",18.1,1161,"3","1","MAT3_MAP1"
"8440",16.1,1313,"2","2","MAT2_MAP2"
"8441",19,1190,"3","1","MAT3_MAP1"
"8442",19,1161,"3","1","MAT3_MAP1"
"8443",19.4,1341,"3","2","MAT3_MAP2"
"8444",18.3,1158,"3","1","MAT3_MAP1"
"8445",15.5,1286,"1","2","MAT1_MAP2"
"8446",16.7,1252,"2","1","MAT2_MAP1"
"8447",16.3,1148,"2","1","MAT2_MAP1"
"8448",15.9,1198,"2","1","MAT2_MAP1"
"8449",18.9,1316,"3","2","MAT3_MAP2"
"8450",19.1,1328,"3","2","MAT3_MAP2"
"8451",18.2,1161,"3","1","MAT3_MAP1"
"8452",18.8,1287,"3","2","MAT3_MAP2"
"8453",16.4,1282,"2","2","MAT2_MAP2"
"8454",18.1,1175,"3","1","MAT3_MAP1"
"8455",18.6,1165,"3","1","MAT3_MAP1"
"8456",18.8,1242,"3","1","MAT3_MAP1"
"8457",18.9,1328,"3","2","MAT3_MAP2"
"8458",19.5,1359,"3","2","MAT3_MAP2"
"8459",18.2,1171,"3","1","MAT3_MAP1"
"8460",18.9,1178,"3","1","MAT3_MAP1"
"8461",17.8,1188,"2","1","MAT2_MAP1"
"8462",18,1193,"2","1","MAT2_MAP1"
"8463",15.3,1229,"1","1","MAT1_MAP1"
"8464",18,1189,"2","1","MAT2_MAP1"
"8465",17.8,1194,"2","1","MAT2_MAP1"
"8466",18.7,1186,"3","1","MAT3_MAP1"
"8467",19.5,1364,"3","2","MAT3_MAP2"
"8468",18.4,1186,"3","1","MAT3_MAP1"
"8469",17.9,1189,"2","1","MAT2_MAP1"
"8470",18.6,1178,"3","1","MAT3_MAP1"
"8471",14.8,1318,"1","2","MAT1_MAP2"
"8472",19.1,1347,"3","2","MAT3_MAP2"
"8473",16.2,1099,"2","1","MAT2_MAP1"
"8474",15.2,1308,"1","2","MAT1_MAP2"
"8475",15.9,1122,"2","1","MAT2_MAP1"
"8476",15.3,1186,"1","1","MAT1_MAP1"
"8477",18.6,1197,"3","1","MAT3_MAP1"
"8478",17.1,1245,"2","1","MAT2_MAP1"
"8479",18.2,1197,"3","1","MAT3_MAP1"
"8480",19.1,1348,"3","2","MAT3_MAP2"
"8481",18.1,1201,"3","1","MAT3_MAP1"
"8482",16.7,1279,"2","2","MAT2_MAP2"
"8483",16.7,1277,"2","2","MAT2_MAP2"
"8484",19.6,1379,"3","2","MAT3_MAP2"
"8485",18.6,1308,"3","2","MAT3_MAP2"
"8486",18.7,1283,"3","2","MAT3_MAP2"
"8487",18.7,1215,"3","1","MAT3_MAP1"
"8488",17.1,1238,"2","1","MAT2_MAP1"
"8489",15.3,1362,"1","2","MAT1_MAP2"
"8490",19.7,1382,"3","2","MAT3_MAP2"
"8491",19.5,1382,"3","2","MAT3_MAP2"
"8492",16,1030,"2","1","MAT2_MAP1"
"8493",15.3,1222,"1","1","MAT1_MAP1"
"8494",18.2,1187,"3","1","MAT3_MAP1"
"8495",18.4,1211,"3","1","MAT3_MAP1"
"8496",17.2,1236,"2","1","MAT2_MAP1"
"8497",18.7,1273,"3","2","MAT3_MAP2"
"8498",19.2,1378,"3","2","MAT3_MAP2"
"8499",15.6,1081,"1","1","MAT1_MAP1"
"8500",17.4,1212,"2","1","MAT2_MAP1"
"8501",17.9,1215,"2","1","MAT2_MAP1"
"8502",17.8,1203,"2","1","MAT2_MAP1"
"8503",19.7,1390,"3","2","MAT3_MAP2"
"8504",19,1365,"3","2","MAT3_MAP2"
"8505",17.7,1207,"2","1","MAT2_MAP1"
"8506",17.3,1217,"2","1","MAT2_MAP1"
"8507",15.7,983,"1","1","MAT1_MAP1"
"8508",16.9,1274,"2","2","MAT2_MAP2"
"8509",15.1,1301,"1","2","MAT1_MAP2"
"8510",15.1,1111,"1","1","MAT1_MAP1"
"8511",19.1,1370,"3","2","MAT3_MAP2"
"8512",17.6,1208,"2","1","MAT2_MAP1"
"8513",18.8,1344,"3","2","MAT3_MAP2"
"8514",15,1320,"1","2","MAT1_MAP2"
"8515",15.6,929,"1","1","MAT1_MAP1"
"8516",18,1235,"2","1","MAT2_MAP1"
"8517",15.2,1340,"1","2","MAT1_MAP2"
"8518",15.7,1162,"1","1","MAT1_MAP1"
"8519",19.6,1405,"3","2","MAT3_MAP2"
"8520",17.9,1205,"2","1","MAT2_MAP1"
"8521",17.9,1220,"2","1","MAT2_MAP1"
"8522",18.8,1328,"3","2","MAT3_MAP2"
"8523",18.8,1317,"3","2","MAT3_MAP2"
"8524",17.9,1228,"2","1","MAT2_MAP1"
"8525",15.3,1408,"1","2","MAT1_MAP2"
"8526",15.4,1405,"1","2","MAT1_MAP2"
"8527",15.4,1140,"1","1","MAT1_MAP1"
"8528",15.1,1404,"1","2","MAT1_MAP2"
"8529",14.9,1404,"1","2","MAT1_MAP2"
"8530",16.2,1345,"2","2","MAT2_MAP2"
"8531",18.1,1247,"3","1","MAT3_MAP1"
"8532",17.3,1214,"2","1","MAT2_MAP1"
"8533",15.9,742,"2","1","MAT2_MAP1"
"8534",15.8,1378,"1","2","MAT1_MAP2"
"8535",19,1364,"3","2","MAT3_MAP2"
"8536",18.8,1302,"3","2","MAT3_MAP2"
"8537",15.8,1389,"1","2","MAT1_MAP2"
"8538",17.9,1252,"2","1","MAT2_MAP1"
"8539",18.9,1311,"3","2","MAT3_MAP2"
"8540",15.4,1237,"1","1","MAT1_MAP1"
"8541",14.3,1360,"1","2","MAT1_MAP2"
"8542",15.8,1382,"1","2","MAT1_MAP2"
"8543",19.2,1391,"3","2","MAT3_MAP2"
"8544",18.2,1226,"3","1","MAT3_MAP1"
"8545",15.6,1135,"1","1","MAT1_MAP1"
"8546",18.1,1230,"3","1","MAT3_MAP1"
"8547",15.4,1159,"1","1","MAT1_MAP1"
"8548",18,1254,"2","2","MAT2_MAP2"
"8549",17.9,1247,"2","1","MAT2_MAP1"
"8550",17.9,1209,"2","1","MAT2_MAP1"
"8551",15.1,1437,"1","3","MAT1_MAP3"
"8552",18.9,1354,"3","2","MAT3_MAP2"
"8553",16.9,1296,"2","2","MAT2_MAP2"
"8554",15.4,1103,"1","1","MAT1_MAP1"
"8555",15.5,1142,"1","1","MAT1_MAP1"
"8556",18,1215,"2","1","MAT2_MAP1"
"8557",17.5,1188,"2","1","MAT2_MAP1"
"8558",17.7,1203,"2","1","MAT2_MAP1"
"8559",17.8,1211,"2","1","MAT2_MAP1"
"8560",18.6,1338,"3","2","MAT3_MAP2"
"8561",18.5,1318,"3","2","MAT3_MAP2"
"8562",18.5,1337,"3","2","MAT3_MAP2"
"8563",15.4,1093,"1","1","MAT1_MAP1"
"8564",18,1241,"2","1","MAT2_MAP1"
"8565",14.8,1372,"1","2","MAT1_MAP2"
"8566",14.4,1389,"1","2","MAT1_MAP2"
"8567",15,1482,"1","3","MAT1_MAP3"
"8568",14.9,1463,"1","3","MAT1_MAP3"
"8569",17.4,1236,"2","1","MAT2_MAP1"
"8570",15.6,1044,"1","1","MAT1_MAP1"
"8571",19.5,1436,"3","3","MAT3_MAP3"
"8572",15.5,1131,"1","1","MAT1_MAP1"
"8573",18.3,1335,"3","2","MAT3_MAP2"
"8574",18.3,1342,"3","2","MAT3_MAP2"
"8575",19.4,1432,"3","3","MAT3_MAP3"
"8576",15.2,1142,"1","1","MAT1_MAP1"
"8577",19.1,1408,"3","2","MAT3_MAP2"
"8578",19.5,1445,"3","3","MAT3_MAP3"
"8579",19.5,1442,"3","3","MAT3_MAP3"
"8580",15.2,1099,"1","1","MAT1_MAP1"
"8581",14.8,1191,"1","1","MAT1_MAP1"
"8582",14.9,1496,"1","3","MAT1_MAP3"
"8583",16,1384,"2","2","MAT2_MAP2"
"8584",19.4,1440,"3","3","MAT3_MAP3"
"8585",19,1395,"3","2","MAT3_MAP2"
"8586",15.2,1139,"1","1","MAT1_MAP1"
"8587",18.2,1316,"3","2","MAT3_MAP2"
"8588",17.8,1272,"2","2","MAT2_MAP2"
"8589",15.4,1058,"1","1","MAT1_MAP1"
"8590",18.1,1235,"3","1","MAT3_MAP1"
"8591",19.5,1451,"3","3","MAT3_MAP3"
"8592",14.8,1358,"1","2","MAT1_MAP2"
"8593",15.4,1074,"1","1","MAT1_MAP1"
"8594",15.7,1057,"1","1","MAT1_MAP1"
"8595",15,1319,"1","2","MAT1_MAP2"
"8596",15.9,1388,"2","2","MAT2_MAP2"
"8597",18,1291,"2","2","MAT2_MAP2"
"8598",18.3,1221,"3","1","MAT3_MAP1"
"8599",18,1250,"2","1","MAT2_MAP1"
"8600",18.5,1384,"3","2","MAT3_MAP2"
"8601",17.1,1272,"2","2","MAT2_MAP2"
"8602",15.2,1183,"1","1","MAT1_MAP1"
"8603",14.9,1472,"1","3","MAT1_MAP3"
"8604",15.3,1477,"1","3","MAT1_MAP3"
"8605",15.8,1410,"1","2","MAT1_MAP2"
"8606",15.7,1094,"1","1","MAT1_MAP1"
"8607",19.3,1456,"3","3","MAT3_MAP3"
"8608",18.6,1384,"3","2","MAT3_MAP2"
"8609",19.2,1436,"3","3","MAT3_MAP3"
"8610",18.1,1239,"3","1","MAT3_MAP1"
"8611",17.9,1256,"2","2","MAT2_MAP2"
"8612",18.5,1377,"3","2","MAT3_MAP2"
"8613",17.8,1267,"2","2","MAT2_MAP2"
"8614",17.1,1277,"2","2","MAT2_MAP2"
"8615",15.2,1146,"1","1","MAT1_MAP1"
"8616",14.8,1503,"1","3","MAT1_MAP3"
"8617",15.7,1110,"1","1","MAT1_MAP1"
"8618",15.8,1112,"1","1","MAT1_MAP1"
"8619",15.2,1228,"1","1","MAT1_MAP1"
"8620",14.9,1202,"1","1","MAT1_MAP1"
"8621",15.7,1431,"1","3","MAT1_MAP3"
"8622",19.3,1460,"3","3","MAT3_MAP3"
"8623",15.7,1429,"1","3","MAT1_MAP3"
"8624",18.6,1396,"3","2","MAT3_MAP2"
"8625",15.1,1307,"1","2","MAT1_MAP2"
"8626",16.2,1376,"2","2","MAT2_MAP2"
"8627",15.7,1132,"1","1","MAT1_MAP1"
"8628",15.4,1211,"1","1","MAT1_MAP1"
"8629",15.1,1472,"1","3","MAT1_MAP3"
"8630",16,1405,"2","2","MAT2_MAP2"
"8631",14.5,1269,"1","2","MAT1_MAP2"
"8632",17.6,1249,"2","1","MAT2_MAP1"
"8633",18.4,1377,"3","2","MAT3_MAP2"
"8634",15.1,1161,"1","1","MAT1_MAP1"
"8635",15.1,1453,"1","3","MAT1_MAP3"
"8636",14.6,1216,"1","1","MAT1_MAP1"
"8637",15.1,1421,"1","3","MAT1_MAP3"
"8638",18.5,1393,"3","2","MAT3_MAP2"
"8639",17.4,1258,"2","2","MAT2_MAP2"
"8640",17.7,1243,"2","1","MAT2_MAP1"
"8641",16.6,1334,"2","2","MAT2_MAP2"
"8642",15.6,1146,"1","1","MAT1_MAP1"
"8643",16.5,1353,"2","2","MAT2_MAP2"
"8644",17.9,1321,"2","2","MAT2_MAP2"
"8645",16.9,1307,"2","2","MAT2_MAP2"
"8646",15.7,1168,"1","1","MAT1_MAP1"
"8647",14.8,1213,"1","1","MAT1_MAP1"
"8648",15.7,1150,"1","1","MAT1_MAP1"
"8649",14.6,1375,"1","2","MAT1_MAP2"
"8650",14.9,1338,"1","2","MAT1_MAP2"
"8651",15.5,1151,"1","1","MAT1_MAP1"
"8652",15.3,1241,"1","1","MAT1_MAP1"
"8653",18.4,1382,"3","2","MAT3_MAP2"
"8654",17.7,1253,"2","2","MAT2_MAP2"
"8655",14.4,1250,"1","1","MAT1_MAP1"
"8656",14.7,1456,"1","3","MAT1_MAP3"
"8657",15.1,1243,"1","1","MAT1_MAP1"
"8658",15.5,1171,"1","1","MAT1_MAP1"
"8659",16,1411,"2","2","MAT2_MAP2"
"8660",15.6,1451,"1","3","MAT1_MAP3"
"8661",17.2,1278,"2","2","MAT2_MAP2"
"8662",15.8,1439,"1","3","MAT1_MAP3"
"8663",17.4,1266,"2","2","MAT2_MAP2"
"8664",14.7,1343,"1","2","MAT1_MAP2"
"8665",17,1302,"2","2","MAT2_MAP2"
"8666",17.2,1269,"2","2","MAT2_MAP2"
"8667",17.8,1337,"2","2","MAT2_MAP2"
"8668",18.5,1369,"3","2","MAT3_MAP2"
"8669",18.3,1354,"3","2","MAT3_MAP2"
"8670",16,1422,"2","3","MAT2_MAP3"
"8671",15.7,1437,"1","3","MAT1_MAP3"
"8672",15.6,1200,"1","1","MAT1_MAP1"
"8673",18.9,1453,"3","3","MAT3_MAP3"
"8674",15.4,1196,"1","1","MAT1_MAP1"
"8675",17.2,1265,"2","2","MAT2_MAP2"
"8676",15.6,1177,"1","1","MAT1_MAP1"
"8677",16.4,1380,"2","2","MAT2_MAP2"
"8678",15.2,1451,"1","3","MAT1_MAP3"
"8679",15.2,1434,"1","3","MAT1_MAP3"
"8680",15.1,1220,"1","1","MAT1_MAP1"
"8681",15.8,1442,"1","3","MAT1_MAP3"
"8682",16.8,1332,"2","2","MAT2_MAP2"
"8683",15.4,1432,"1","3","MAT1_MAP3"
"8684",18.7,1441,"3","3","MAT3_MAP3"
"8685",15.4,1205,"1","1","MAT1_MAP1"
"8686",14.9,1312,"1","2","MAT1_MAP2"
"8687",15.4,1253,"1","2","MAT1_MAP2"
"8688",18,1295,"2","2","MAT2_MAP2"
"8689",17.9,1288,"2","2","MAT2_MAP2"
"8690",16.8,1335,"2","2","MAT2_MAP2"
"8691",14.8,1376,"1","2","MAT1_MAP2"
"8692",16.8,1352,"2","2","MAT2_MAP2"
"8693",18.3,1380,"3","2","MAT3_MAP2"
"8694",18.4,1391,"3","2","MAT3_MAP2"
"8695",16.5,1374,"2","2","MAT2_MAP2"
"8696",19,1465,"3","3","MAT3_MAP3"
"8697",15,1310,"1","2","MAT1_MAP2"
"8698",19.4,1449,"3","3","MAT3_MAP3"
"8699",15,1239,"1","1","MAT1_MAP1"
"8700",17.7,1286,"2","2","MAT2_MAP2"
"8701",18.5,1402,"3","2","MAT3_MAP2"
"8702",18.5,1412,"3","2","MAT3_MAP2"
"8703",19.1,1464,"3","3","MAT3_MAP3"
"8704",16.8,1340,"2","2","MAT2_MAP2"
"8705",18.3,1389,"3","2","MAT3_MAP2"
"8706",14.8,1336,"1","2","MAT1_MAP2"
"8707",17.7,1294,"2","2","MAT2_MAP2"
"8708",18,1301,"2","2","MAT2_MAP2"
"8709",16.4,1376,"2","2","MAT2_MAP2"
"8710",15.9,1433,"2","3","MAT2_MAP3"
"8711",18.8,1456,"3","3","MAT3_MAP3"
"8712",19.1,1472,"3","3","MAT3_MAP3"
"8713",18.6,1429,"3","3","MAT3_MAP3"
"8714",15,1328,"1","2","MAT1_MAP2"
"8715",15.3,1315,"1","2","MAT1_MAP2"
"8716",18.4,1407,"3","2","MAT3_MAP2"
"8717",15.6,1216,"1","1","MAT1_MAP1"
"8718",17.7,1311,"2","2","MAT2_MAP2"
"8719",15.3,1266,"1","2","MAT1_MAP2"
"8720",15.3,1198,"1","1","MAT1_MAP1"
"8721",18.8,1465,"3","3","MAT3_MAP3"
"8722",18.9,1468,"3","3","MAT3_MAP3"
"8723",17.2,1308,"2","2","MAT2_MAP2"
"8724",17.3,1311,"2","2","MAT2_MAP2"
"8725",18.7,1457,"3","3","MAT3_MAP3"
"8726",18.5,1416,"3","2","MAT3_MAP2"
"8727",16.7,1334,"2","2","MAT2_MAP2"
"8728",18.5,1388,"3","2","MAT3_MAP2"
"8729",17.2,1307,"2","2","MAT2_MAP2"
"8730",15.4,1185,"1","1","MAT1_MAP1"
"8731",17.2,1325,"2","2","MAT2_MAP2"
"8732",18.7,1468,"3","3","MAT3_MAP3"
"8733",19,1496,"3","3","MAT3_MAP3"
"8734",17.1,1299,"2","2","MAT2_MAP2"
"8735",19.4,1491,"3","3","MAT3_MAP3"
"8736",17.3,1301,"2","2","MAT2_MAP2"
"8737",15.2,1216,"1","1","MAT1_MAP1"
"8738",18.7,1418,"3","3","MAT3_MAP3"
"8739",17.1,1294,"2","2","MAT2_MAP2"
"8740",16.5,1348,"2","2","MAT2_MAP2"
"8741",17.2,1301,"2","2","MAT2_MAP2"
"8742",16.8,1310,"2","2","MAT2_MAP2"
"8743",17.5,1370,"2","2","MAT2_MAP2"
"8744",16.8,1309,"2","2","MAT2_MAP2"
"8745",16.5,1363,"2","2","MAT2_MAP2"
"8746",16.4,1379,"2","2","MAT2_MAP2"
"8747",16.2,1404,"2","2","MAT2_MAP2"
"8748",18.1,1391,"3","2","MAT3_MAP2"
"8749",15.9,1404,"2","2","MAT2_MAP2"
"8750",17.5,1381,"2","2","MAT2_MAP2"
"8751",15.3,1211,"1","1","MAT1_MAP1"
"8752",17.3,1351,"2","2","MAT2_MAP2"
"8753",16,1418,"2","3","MAT2_MAP3"
"8754",17.3,1329,"2","2","MAT2_MAP2"
"8755",17.5,1367,"2","2","MAT2_MAP2"
"8756",18.9,1441,"3","3","MAT3_MAP3"
"8757",16,1360,"2","2","MAT2_MAP2"
"8758",16.2,1397,"2","2","MAT2_MAP2"
"8759",18.1,1427,"3","3","MAT3_MAP3"
"8760",17.4,1328,"2","2","MAT2_MAP2"
"8761",18.7,1404,"3","2","MAT3_MAP2"
"8762",17.9,1419,"2","3","MAT2_MAP3"
"8763",16.1,1306,"2","2","MAT2_MAP2"
"8764",17.8,1401,"2","2","MAT2_MAP2"
"8765",18.5,1427,"3","3","MAT3_MAP3"
"8766",19,1444,"3","3","MAT3_MAP3"
"8767",18.2,1440,"3","3","MAT3_MAP3"
"8768",16.3,1365,"2","2","MAT2_MAP2"
"8769",17.2,1306,"2","2","MAT2_MAP2"
"8770",17.5,1368,"2","2","MAT2_MAP2"
"8771",19.1,1420,"3","3","MAT3_MAP3"
"8772",18.9,1423,"3","3","MAT3_MAP3"
"8773",17.1,1287,"2","2","MAT2_MAP2"
"8774",16.4,1366,"2","2","MAT2_MAP2"
"8775",16.1,1349,"2","2","MAT2_MAP2"
"8776",16.2,1360,"2","2","MAT2_MAP2"
"8777",16.6,1323,"2","2","MAT2_MAP2"
"8778",15.5,1253,"1","2","MAT1_MAP2"
"8779",15.5,1240,"1","1","MAT1_MAP1"
"8780",16,1310,"2","2","MAT2_MAP2"
"8781",16,1303,"2","2","MAT2_MAP2"
"8782",17.4,1321,"2","2","MAT2_MAP2"
"8783",18.9,1473,"3","3","MAT3_MAP3"
"8784",19,1569,"3","3","MAT3_MAP3"
"8785",19.2,1567,"3","3","MAT3_MAP3"
"8786",18.9,1521,"3","3","MAT3_MAP3"
"8787",15.1,1269,"1","2","MAT1_MAP2"
"8788",18.4,1449,"3","3","MAT3_MAP3"
"8789",16.3,1312,"2","2","MAT2_MAP2"
"8790",16.5,1335,"2","2","MAT2_MAP2"
"8791",17,1315,"2","2","MAT2_MAP2"
"8792",15,1281,"1","2","MAT1_MAP2"
"8793",17.3,1331,"2","2","MAT2_MAP2"
"8794",16.4,1299,"2","2","MAT2_MAP2"
"8795",14.7,1285,"1","2","MAT1_MAP2"
"8796",19,1547,"3","3","MAT3_MAP3"
"8797",18.4,1461,"3","3","MAT3_MAP3"
"8798",18.8,1502,"3","3","MAT3_MAP3"
"8799",19.1,1561,"3","3","MAT3_MAP3"
"8800",19.1,1558,"3","3","MAT3_MAP3"
"8801",17.2,1327,"2","2","MAT2_MAP2"
"8802",16.1,1253,"2","2","MAT2_MAP2"
"8803",14.8,1300,"1","2","MAT1_MAP2"
"8804",15.2,1281,"1","2","MAT1_MAP2"
"8805",16,1252,"2","1","MAT2_MAP1"
"8806",17.8,1381,"2","2","MAT2_MAP2"
"8807",18.8,1533,"3","3","MAT3_MAP3"
"8808",18.5,1448,"3","3","MAT3_MAP3"
"8809",19.1,1551,"3","3","MAT3_MAP3"
"8810",18.8,1504,"3","3","MAT3_MAP3"
"8811",17.5,1333,"2","2","MAT2_MAP2"
"8812",14.9,1289,"1","2","MAT1_MAP2"
"8813",18.1,1461,"3","3","MAT3_MAP3"
"8814",15.1,1291,"1","2","MAT1_MAP2"
"8815",16.8,1325,"2","2","MAT2_MAP2"
"8816",14.5,1311,"1","2","MAT1_MAP2"
"8817",18.2,1466,"3","3","MAT3_MAP3"
"8818",14.8,1306,"1","2","MAT1_MAP2"
"8819",15.3,1297,"1","2","MAT1_MAP2"
"8820",16.6,1335,"2","2","MAT2_MAP2"
"8821",18.5,1452,"3","3","MAT3_MAP3"
"8822",18.9,1542,"3","3","MAT3_MAP3"
"8823",16.7,1308,"2","2","MAT2_MAP2"
"8824",14.9,1303,"1","2","MAT1_MAP2"
"8825",17.9,1334,"2","2","MAT2_MAP2"
"8826",15.1,1303,"1","2","MAT1_MAP2"
"8827",16.7,1350,"2","2","MAT2_MAP2"
"8828",17,1347,"2","2","MAT2_MAP2"
"8829",15.5,1290,"1","2","MAT1_MAP2"
"8830",15.4,1289,"1","2","MAT1_MAP2"
"8831",18.1,1404,"3","2","MAT3_MAP2"
"8832",17.9,1315,"2","2","MAT2_MAP2"
"8833",18,1380,"2","2","MAT2_MAP2"
"8834",17.5,1345,"2","2","MAT2_MAP2"
"8835",16.6,1273,"2","2","MAT2_MAP2"
"8836",16.6,1306,"2","2","MAT2_MAP2"
"8837",14.7,1316,"1","2","MAT1_MAP2"
"8838",18.7,1471,"3","3","MAT3_MAP3"
"8839",18.2,1467,"3","3","MAT3_MAP3"
"8840",16.6,1362,"2","2","MAT2_MAP2"
"8841",18.7,1469,"3","3","MAT3_MAP3"
"8842",18.2,1367,"3","2","MAT3_MAP2"
"8843",16.7,1366,"2","2","MAT2_MAP2"
"8844",18.3,1484,"3","3","MAT3_MAP3"
"8845",18.2,1340,"3","2","MAT3_MAP2"
"8846",14.7,1318,"1","2","MAT1_MAP2"
"8847",18.2,1347,"3","2","MAT3_MAP2"
"8848",17.9,1325,"2","2","MAT2_MAP2"
"8849",15.6,1304,"1","2","MAT1_MAP2"
"8850",16.7,1361,"2","2","MAT2_MAP2"
"8851",15.9,1285,"2","2","MAT2_MAP2"
"8852",18.4,1462,"3","3","MAT3_MAP3"
"8853",16.8,1396,"2","2","MAT2_MAP2"
"8854",15.3,1317,"1","2","MAT1_MAP2"
"8855",15.3,1273,"1","2","MAT1_MAP2"
"8856",15.5,1273,"1","2","MAT1_MAP2"
"8857",16.7,1376,"2","2","MAT2_MAP2"
"8858",18.4,1460,"3","3","MAT3_MAP3"
"8859",15.3,1314,"1","2","MAT1_MAP2"
"8860",15.1,1284,"1","2","MAT1_MAP2"
"8861",16.8,1381,"2","2","MAT2_MAP2"
"8862",18.3,1382,"3","2","MAT3_MAP2"
"8863",18.4,1450,"3","3","MAT3_MAP3"
"8864",18.1,1388,"3","2","MAT3_MAP2"
"8865",15,1265,"1","2","MAT1_MAP2"
"8866",16.9,1358,"2","2","MAT2_MAP2"
"8867",15.4,1294,"1","2","MAT1_MAP2"
"8868",15.4,1259,"1","2","MAT1_MAP2"
"8869",18.6,1535,"3","3","MAT3_MAP3"
"8870",18.7,1510,"3","3","MAT3_MAP3"
"8871",18.6,1574,"3","3","MAT3_MAP3"
"8872",18.7,1568,"3","3","MAT3_MAP3"
"8873",19,1553,"3","3","MAT3_MAP3"
"8874",18.3,1545,"3","3","MAT3_MAP3"
"8875",18.4,1491,"3","3","MAT3_MAP3"
"8876",18.4,1535,"3","3","MAT3_MAP3"
"8877",18.3,1490,"3","3","MAT3_MAP3"
"8878",18.7,1586,"3","3","MAT3_MAP3"
"8879",18.2,1519,"3","3","MAT3_MAP3"
"8880",18.1,1462,"3","3","MAT3_MAP3"
"8881",18.2,1590,"3","3","MAT3_MAP3"
"8882",18.2,1521,"3","3","MAT3_MAP3"
"8883",18,1423,"2","3","MAT2_MAP3"
"8884",18.2,1564,"3","3","MAT3_MAP3"
"8885",18.2,1583,"3","3","MAT3_MAP3"
"8886",18.7,1593,"3","3","MAT3_MAP3"
"8887",18.6,1595,"3","3","MAT3_MAP3"
"8888",19.2,1585,"3","3","MAT3_MAP3"
"8889",18.2,1555,"3","3","MAT3_MAP3"
"8890",18.9,1614,"3","3","MAT3_MAP3"
"8891",18.4,1607,"3","3","MAT3_MAP3"
"8892",19.4,1588,"3","3","MAT3_MAP3"
"8893",18.1,1414,"3","2","MAT3_MAP2"
"8894",18.1,1511,"3","3","MAT3_MAP3"
"8895",19.3,1622,"3","3","MAT3_MAP3"
"8896",18,1521,"2","3","MAT2_MAP3"
"8897",18,1414,"2","2","MAT2_MAP2"
"8898",19.5,1610,"3","3","MAT3_MAP3"
"8899",19.5,1620,"3","3","MAT3_MAP3"
"8900",18.6,1652,"3","3","MAT3_MAP3"
"8901",18.9,1711,"3","3","MAT3_MAP3"
"8902",15.9,1303,"2","2","MAT2_MAP2"
"8903",19.3,1661,"3","3","MAT3_MAP3"
"8904",19.2,1678,"3","3","MAT3_MAP3"
"8905",18,1539,"2","3","MAT2_MAP3"
"8906",18,1428,"2","3","MAT2_MAP3"
"8907",18,1461,"2","3","MAT2_MAP3"
"8908",19.6,1613,"3","3","MAT3_MAP3"
"8909",19.3,1659,"3","3","MAT3_MAP3"
"8910",19.4,1636,"3","3","MAT3_MAP3"
"8911",19.2,1664,"3","3","MAT3_MAP3"
"8912",19,1673,"3","3","MAT3_MAP3"
"8913",18,1518,"2","3","MAT2_MAP3"
"8914",19.6,1618,"3","3","MAT3_MAP3"
"8915",19.2,1662,"3","3","MAT3_MAP3"
"8916",17.9,1404,"2","2","MAT2_MAP2"
"8917",19.1,1655,"3","3","MAT3_MAP3"
"8918",18.6,1623,"3","3","MAT3_MAP3"
"8919",18.2,1576,"3","3","MAT3_MAP3"
"8920",19.3,1644,"3","3","MAT3_MAP3"
"8921",17.8,1407,"2","2","MAT2_MAP2"
"8922",17.9,1516,"2","3","MAT2_MAP3"
"8923",17.8,1358,"2","2","MAT2_MAP2"
"8924",19.3,1630,"3","3","MAT3_MAP3"
"8925",18.6,1589,"3","3","MAT3_MAP3"
"8926",18.2,1548,"3","3","MAT3_MAP3"
"8927",17.9,1444,"2","3","MAT2_MAP3"
"8928",18.9,1645,"3","3","MAT3_MAP3"
"8929",19.1,1633,"3","3","MAT3_MAP3"
"8930",18.5,1594,"3","3","MAT3_MAP3"
"8931",17.9,1477,"2","3","MAT2_MAP3"
"8932",18,1420,"2","3","MAT2_MAP3"
"8933",18,1532,"2","3","MAT2_MAP3"
"8934",19,1632,"3","3","MAT3_MAP3"
"8935",19.1,1623,"3","3","MAT3_MAP3"
"8936",17.9,1413,"2","2","MAT2_MAP2"
"8937",17.6,1395,"2","2","MAT2_MAP2"
"8938",18.2,1541,"3","3","MAT3_MAP3"
"8939",18.6,1560,"3","3","MAT3_MAP3"
"8940",18.2,1513,"3","3","MAT3_MAP3"
"8941",18.5,1557,"3","3","MAT3_MAP3"
"8942",18.8,1578,"3","3","MAT3_MAP3"
"8943",18.9,1618,"3","3","MAT3_MAP3"
"8944",14.7,1231,"1","1","MAT1_MAP1"
"8945",17.9,1466,"2","3","MAT2_MAP3"
"8946",17.9,1414,"2","2","MAT2_MAP2"
"8947",19.2,1576,"3","3","MAT3_MAP3"
"8948",18.2,1491,"3","3","MAT3_MAP3"
"8949",17.1,1404,"2","2","MAT2_MAP2"
"8950",17.2,1404,"2","2","MAT2_MAP2"
"8951",17.9,1330,"2","2","MAT2_MAP2"
"8952",18.9,1607,"3","3","MAT3_MAP3"
"8953",18.4,1513,"3","3","MAT3_MAP3"
"8954",18.2,1505,"3","3","MAT3_MAP3"
"8955",17,1418,"2","3","MAT2_MAP3"
"8956",18.8,1645,"3","3","MAT3_MAP3"
"8957",18.4,1529,"3","3","MAT3_MAP3"
"8958",18.7,1607,"3","3","MAT3_MAP3"
"8959",17.7,1446,"2","3","MAT2_MAP3"
"8960",18.1,1523,"3","3","MAT3_MAP3"
"8961",19,1592,"3","3","MAT3_MAP3"
"8962",16.5,1421,"2","3","MAT2_MAP3"
"8963",17.7,1416,"2","2","MAT2_MAP2"
"8964",18.3,1531,"3","3","MAT3_MAP3"
"8965",17.7,1473,"2","3","MAT2_MAP3"
"8966",18.7,1599,"3","3","MAT3_MAP3"
"8967",18.8,1611,"3","3","MAT3_MAP3"
"8968",17.6,1444,"2","3","MAT2_MAP3"
"8969",17.7,1454,"2","3","MAT2_MAP3"
"8970",17.6,1493,"2","3","MAT2_MAP3"
"8971",19.5,1526,"3","3","MAT3_MAP3"
"8972",18.8,1594,"3","3","MAT3_MAP3"
"8973",16.9,1436,"2","3","MAT2_MAP3"
"8974",17,1425,"2","3","MAT2_MAP3"
"8975",19.1,1578,"3","3","MAT3_MAP3"
"8976",15.9,1307,"2","2","MAT2_MAP2"
"8977",18,1540,"2","3","MAT2_MAP3"
"8978",17.5,1494,"2","3","MAT2_MAP3"
"8979",18.9,1578,"3","3","MAT3_MAP3"
"8980",17.6,1468,"2","3","MAT2_MAP3"
"8981",15.7,1339,"1","2","MAT1_MAP2"
"8982",16.4,1448,"2","3","MAT2_MAP3"
"8983",15.7,1352,"1","2","MAT1_MAP2"
"8984",19,1587,"3","3","MAT3_MAP3"
"8985",17.6,1483,"2","3","MAT2_MAP3"
"8986",17.4,1420,"2","3","MAT2_MAP3"
"8987",16,1412,"2","2","MAT2_MAP2"
"8988",18.3,1534,"3","3","MAT3_MAP3"
"8989",15.8,1339,"1","2","MAT1_MAP2"
"8990",16.5,1425,"2","3","MAT2_MAP3"
"8991",16.4,1435,"2","3","MAT2_MAP3"
"8992",17.8,1500,"2","3","MAT2_MAP3"
"8993",17.4,1431,"2","3","MAT2_MAP3"
"8994",18.7,1587,"3","3","MAT3_MAP3"
"8995",16.9,1448,"2","3","MAT2_MAP3"
"8996",17.7,1488,"2","3","MAT2_MAP3"
"8997",19,1584,"3","3","MAT3_MAP3"
"8998",17.1,1432,"2","3","MAT2_MAP3"
"8999",16.7,1453,"2","3","MAT2_MAP3"
"9000",16.4,1444,"2","3","MAT2_MAP3"
"9001",16.2,1430,"2","3","MAT2_MAP3"
"9002",16.4,1428,"2","3","MAT2_MAP3"
"9003",16.2,1442,"2","3","MAT2_MAP3"
"9004",15.7,1329,"1","2","MAT1_MAP2"
"9005",15.9,1421,"2","3","MAT2_MAP3"
"9006",16.3,1439,"2","3","MAT2_MAP3"
"9007",16.1,1427,"2","3","MAT2_MAP3"
"9008",17.3,1437,"2","3","MAT2_MAP3"
"9009",15.9,1401,"2","2","MAT2_MAP2"
"9010",18.4,1566,"3","3","MAT3_MAP3"
"9011",17.2,1448,"2","3","MAT2_MAP3"
"9012",18.9,1587,"3","3","MAT3_MAP3"
"9013",17.8,1508,"2","3","MAT2_MAP3"
"9014",17.2,1465,"2","3","MAT2_MAP3"
"9015",18.4,1569,"3","3","MAT3_MAP3"
"9016",16,1452,"2","3","MAT2_MAP3"
"9017",16.2,1427,"2","3","MAT2_MAP3"
"9018",15.6,1395,"1","2","MAT1_MAP2"
"9019",16.4,1437,"2","3","MAT2_MAP3"
"9020",19.6,1544,"3","3","MAT3_MAP3"
"9021",15.5,1419,"1","3","MAT1_MAP3"
"9022",15.5,1418,"1","3","MAT1_MAP3"
"9023",18.8,1589,"3","3","MAT3_MAP3"
"9024",17.7,1476,"2","3","MAT2_MAP3"
"9025",17.9,1484,"2","3","MAT2_MAP3"
"9026",15.9,1432,"2","3","MAT2_MAP3"
"9027",17.6,1474,"2","3","MAT2_MAP3"
"9028",18.4,1570,"3","3","MAT3_MAP3"
"9029",19.3,1608,"3","3","MAT3_MAP3"
"9030",18.8,1592,"3","3","MAT3_MAP3"
"9031",16.8,1446,"2","3","MAT2_MAP3"
"9032",16.7,1442,"2","3","MAT2_MAP3"
"9033",15.4,1397,"1","2","MAT1_MAP2"
"9034",17.4,1473,"2","3","MAT2_MAP3"
"9035",17.8,1474,"2","3","MAT2_MAP3"
"9036",18.7,1578,"3","3","MAT3_MAP3"
"9037",18.5,1529,"3","3","MAT3_MAP3"
"9038",16.1,1458,"2","3","MAT2_MAP3"
"9039",17.1,1450,"2","3","MAT2_MAP3"
"9040",15.9,1444,"2","3","MAT2_MAP3"
"9041",15.8,1438,"1","3","MAT1_MAP3"
"9042",17.7,1480,"2","3","MAT2_MAP3"
"9043",18.5,1522,"3","3","MAT3_MAP3"
"9044",18.8,1571,"3","3","MAT3_MAP3"
"9045",18.7,1591,"3","3","MAT3_MAP3"
"9046",16.6,1434,"2","3","MAT2_MAP3"
"9047",15.5,1341,"1","2","MAT1_MAP2"
"9048",16.6,1441,"2","3","MAT2_MAP3"
"9049",15.4,1334,"1","2","MAT1_MAP2"
"9050",18.4,1534,"3","3","MAT3_MAP3"
"9051",15.6,1435,"1","3","MAT1_MAP3"
"9052",18.1,1515,"3","3","MAT3_MAP3"
"9053",15.4,1412,"1","2","MAT1_MAP2"
"9054",18.3,1538,"3","3","MAT3_MAP3"
"9055",17.1,1484,"2","3","MAT2_MAP3"
"9056",15.8,1456,"1","3","MAT1_MAP3"
"9057",18.7,1584,"3","3","MAT3_MAP3"
"9058",17.2,1436,"2","3","MAT2_MAP3"
"9059",17.2,1442,"2","3","MAT2_MAP3"
"9060",16.9,1458,"2","3","MAT2_MAP3"
"9061",16,1445,"2","3","MAT2_MAP3"
"9062",16,1443,"2","3","MAT2_MAP3"
"9063",15.3,1398,"1","2","MAT1_MAP2"
"9064",18.3,1539,"3","3","MAT3_MAP3"
"9065",19.5,1628,"3","3","MAT3_MAP3"
"9066",16.6,1431,"2","3","MAT2_MAP3"
"9067",15.2,1368,"1","2","MAT1_MAP2"
"9068",17.6,1462,"2","3","MAT2_MAP3"
"9069",15.3,1399,"1","2","MAT1_MAP2"
"9070",18.7,1595,"3","3","MAT3_MAP3"
"9071",16.1,1439,"2","3","MAT2_MAP3"
"9072",19.1,1632,"3","3","MAT3_MAP3"
"9073",18.6,1591,"3","3","MAT3_MAP3"
"9074",18.8,1641,"3","3","MAT3_MAP3"
"9075",17.4,1468,"2","3","MAT2_MAP3"
"9076",18.3,1582,"3","3","MAT3_MAP3"
"9077",18.3,1548,"3","3","MAT3_MAP3"
"9078",19.3,1654,"3","3","MAT3_MAP3"
"9079",16.6,1433,"2","3","MAT2_MAP3"
"9080",16.7,1429,"2","3","MAT2_MAP3"
"9081",16.8,1454,"2","3","MAT2_MAP3"
"9082",16.3,1434,"2","3","MAT2_MAP3"
"9083",17.4,1474,"2","3","MAT2_MAP3"
"9084",17.9,1500,"2","3","MAT2_MAP3"
"9085",15.5,1435,"1","3","MAT1_MAP3"
"9086",16.7,1414,"2","2","MAT2_MAP2"
"9087",16.6,1432,"2","3","MAT2_MAP3"
"9088",18,1515,"2","3","MAT2_MAP3"
"9089",16.1,1441,"2","3","MAT2_MAP3"
"9090",18.4,1567,"3","3","MAT3_MAP3"
"9091",16.7,1411,"2","2","MAT2_MAP2"
"9092",17.7,1483,"2","3","MAT2_MAP3"
"9093",17.6,1447,"2","3","MAT2_MAP3"
"9094",16.3,1421,"2","3","MAT2_MAP3"
"9095",16,1435,"2","3","MAT2_MAP3"
"9096",18.4,1577,"3","3","MAT3_MAP3"
"9097",16.6,1415,"2","2","MAT2_MAP2"
"9098",17.7,1456,"2","3","MAT2_MAP3"
"9099",16.4,1419,"2","3","MAT2_MAP3"
"9100",15.3,1381,"1","2","MAT1_MAP2"
"9101",17.7,1447,"2","3","MAT2_MAP3"
"9102",17.3,1422,"2","3","MAT2_MAP3"
"9103",18.1,1544,"3","3","MAT3_MAP3"
"9104",18.9,1635,"3","3","MAT3_MAP3"
"9105",15.2,1327,"1","2","MAT1_MAP2"
"9106",17.7,1490,"2","3","MAT2_MAP3"
"9107",15.1,1352,"1","2","MAT1_MAP2"
"9108",15.1,1365,"1","2","MAT1_MAP2"
"9109",14.9,1366,"1","2","MAT1_MAP2"
"9110",16.7,1407,"2","2","MAT2_MAP2"
"9111",14.3,1341,"1","2","MAT1_MAP2"
"9112",17.2,1434,"2","3","MAT2_MAP3"
"9113",18.5,1607,"3","3","MAT3_MAP3"
"9114",17.4,1454,"2","3","MAT2_MAP3"
"9115",16.6,1396,"2","2","MAT2_MAP2"
"9116",15.8,1433,"1","3","MAT1_MAP3"
"9117",15.2,1405,"1","2","MAT1_MAP2"
"9118",19,1629,"3","3","MAT3_MAP3"
"9119",16.8,1420,"2","3","MAT2_MAP3"
"9120",16.4,1396,"2","2","MAT2_MAP2"
"9121",17.9,1537,"2","3","MAT2_MAP3"
"9122",15.1,1379,"1","2","MAT1_MAP2"
"9123",19.5,1624,"3","3","MAT3_MAP3"
"9124",17.4,1459,"2","3","MAT2_MAP3"
"9125",19.4,1646,"3","3","MAT3_MAP3"
"9126",16.5,1402,"2","2","MAT2_MAP2"
"9127",15.6,1405,"1","2","MAT1_MAP2"
"9128",16,1409,"2","2","MAT2_MAP2"
"9129",16.3,1408,"2","2","MAT2_MAP2"
"9130",18.7,1646,"3","3","MAT3_MAP3"
"9131",19.2,1634,"3","3","MAT3_MAP3"
"9132",19.2,1636,"3","3","MAT3_MAP3"
"9133",15,1396,"1","2","MAT1_MAP2"
"9134",15.1,1408,"1","2","MAT1_MAP2"
"9135",15.1,1392,"1","2","MAT1_MAP2"
"9136",16.9,1392,"2","2","MAT2_MAP2"
"9137",17.3,1468,"2","3","MAT2_MAP3"
"9138",14.8,1345,"1","2","MAT1_MAP2"
"9139",18.4,1637,"3","3","MAT3_MAP3"
"9140",16.2,1431,"2","3","MAT2_MAP3"
"9141",17.2,1408,"2","2","MAT2_MAP2"
"9142",19.2,1632,"3","3","MAT3_MAP3"
"9143",18.2,1558,"3","3","MAT3_MAP3"
"9144",17.5,1482,"2","3","MAT2_MAP3"
"9145",15,1381,"1","2","MAT1_MAP2"
"9146",15.4,1403,"1","2","MAT1_MAP2"
"9147",16.9,1400,"2","2","MAT2_MAP2"
"9148",19.3,1626,"3","3","MAT3_MAP3"
"9149",17.1,1382,"2","2","MAT2_MAP2"
"9150",18.6,1632,"3","3","MAT3_MAP3"
"9151",17.5,1455,"2","3","MAT2_MAP3"
"9152",15.8,1415,"1","2","MAT1_MAP2"
"9153",15.6,1423,"1","3","MAT1_MAP3"
"9154",15.6,1415,"1","2","MAT1_MAP2"
"9155",15,1379,"1","2","MAT1_MAP2"
"9156",14.7,1362,"1","2","MAT1_MAP2"
"9157",17.7,1537,"2","3","MAT2_MAP3"
"9158",17.9,1543,"2","3","MAT2_MAP3"
"9159",18.3,1600,"3","3","MAT3_MAP3"
"9160",17.2,1445,"2","3","MAT2_MAP3"
"9161",17.7,1524,"2","3","MAT2_MAP3"
"9162",14.7,1345,"1","2","MAT1_MAP2"
"9163",14.9,1355,"1","2","MAT1_MAP2"
"9164",17.1,1390,"2","2","MAT2_MAP2"
"9165",18.8,1622,"3","3","MAT3_MAP3"
"9166",17.9,1546,"2","3","MAT2_MAP3"
"9167",17.2,1450,"2","3","MAT2_MAP3"
"9168",15.1,1369,"1","2","MAT1_MAP2"
"9169",18.5,1599,"3","3","MAT3_MAP3"
"9170",15.6,1433,"1","3","MAT1_MAP3"
"9171",15.5,1426,"1","3","MAT1_MAP3"
"9172",16.7,1421,"2","3","MAT2_MAP3"
"9173",17.4,1458,"2","3","MAT2_MAP3"
"9174",18.2,1580,"3","3","MAT3_MAP3"
"9175",18.3,1594,"3","3","MAT3_MAP3"
"9176",15.3,1401,"1","2","MAT1_MAP2"
"9177",15.8,1458,"1","3","MAT1_MAP3"
"9178",19.2,1613,"3","3","MAT3_MAP3"
"9179",18.5,1606,"3","3","MAT3_MAP3"
"9180",14.7,1358,"1","2","MAT1_MAP2"
"9181",17.5,1431,"2","3","MAT2_MAP3"
"9182",15.5,1417,"1","2","MAT1_MAP2"
"9183",17.2,1420,"2","3","MAT2_MAP3"
"9184",15.3,1419,"1","3","MAT1_MAP3"
"9185",18.2,1570,"3","3","MAT3_MAP3"
"9186",18.1,1546,"3","3","MAT3_MAP3"
"9187",18.3,1584,"3","3","MAT3_MAP3"
"9188",14.7,1372,"1","2","MAT1_MAP2"
"9189",14.2,1378,"1","2","MAT1_MAP2"
"9190",16.7,1426,"2","3","MAT2_MAP3"
"9191",17.1,1399,"2","2","MAT2_MAP2"
"9192",17.7,1487,"2","3","MAT2_MAP3"
"9193",18,1544,"2","3","MAT2_MAP3"
"9194",18.4,1575,"3","3","MAT3_MAP3"
"9195",19.3,1595,"3","3","MAT3_MAP3"
"9196",14.3,1343,"1","2","MAT1_MAP2"
"9197",14.6,1383,"1","2","MAT1_MAP2"
"9198",18.2,1546,"3","3","MAT3_MAP3"
"9199",17.9,1491,"2","3","MAT2_MAP3"
"9200",15.6,1466,"1","3","MAT1_MAP3"
"9201",15.6,1484,"1","3","MAT1_MAP3"
"9202",16.5,1452,"2","3","MAT2_MAP3"
"9203",14.3,1366,"1","2","MAT1_MAP2"
"9204",16.6,1447,"2","3","MAT2_MAP3"
"9205",16.3,1469,"2","3","MAT2_MAP3"
"9206",17.2,1431,"2","3","MAT2_MAP3"
"9207",18.4,1556,"3","3","MAT3_MAP3"
"9208",15.1,1433,"1","3","MAT1_MAP3"
"9209",15.4,1436,"1","3","MAT1_MAP3"
"9210",15.6,1417,"1","2","MAT1_MAP2"
"9211",17.7,1441,"2","3","MAT2_MAP3"
"9212",16.9,1412,"2","2","MAT2_MAP2"
"9213",18,1480,"2","3","MAT2_MAP3"
"9214",18.2,1551,"3","3","MAT3_MAP3"
"9215",19.3,1604,"3","3","MAT3_MAP3"
"9216",14.8,1437,"1","3","MAT1_MAP3"
"9217",15.6,1501,"1","3","MAT1_MAP3"
"9218",15.2,1458,"1","3","MAT1_MAP3"
"9219",15.8,1503,"1","3","MAT1_MAP3"
"9220",16.8,1429,"2","3","MAT2_MAP3"
"9221",15.2,1428,"1","3","MAT1_MAP3"
"9222",18,1471,"2","3","MAT2_MAP3"
"9223",18,1537,"2","3","MAT2_MAP3"
"9224",19.2,1605,"3","3","MAT3_MAP3"
"9225",16,1498,"2","3","MAT2_MAP3"
"9226",17,1408,"2","2","MAT2_MAP2"
"9227",14.9,1451,"1","3","MAT1_MAP3"
"9228",14.9,1434,"1","3","MAT1_MAP3"
"9229",17.8,1567,"2","3","MAT2_MAP3"
"9230",19.3,1625,"3","3","MAT3_MAP3"
"9231",15.7,1504,"1","3","MAT1_MAP3"
"9232",14.9,1490,"1","3","MAT1_MAP3"
"9233",16.7,1443,"2","3","MAT2_MAP3"
"9234",18.7,1576,"3","3","MAT3_MAP3"
"9235",18.2,1579,"3","3","MAT3_MAP3"
"9236",19,1618,"3","3","MAT3_MAP3"
"9237",14.9,1474,"1","3","MAT1_MAP3"
"9238",15.1,1509,"1","3","MAT1_MAP3"
"9239",15.1,1520,"1","3","MAT1_MAP3"
"9240",17.4,1374,"2","2","MAT2_MAP2"
"9241",18.5,1566,"3","3","MAT3_MAP3"
"9242",18.2,1550,"3","3","MAT3_MAP3"
"9243",19.4,1619,"3","3","MAT3_MAP3"
"9244",18.9,1603,"3","3","MAT3_MAP3"
"9245",19.1,1649,"3","3","MAT3_MAP3"
"9246",19.1,1648,"3","3","MAT3_MAP3"
"9247",15.3,1497,"1","3","MAT1_MAP3"
"9248",17.7,1448,"2","3","MAT2_MAP3"
"9249",17.7,1444,"2","3","MAT2_MAP3"
"9250",19.2,1630,"3","3","MAT3_MAP3"
"9251",17.9,1462,"2","3","MAT2_MAP3"
"9252",16.5,1468,"2","3","MAT2_MAP3"
"9253",17.9,1441,"2","3","MAT2_MAP3"
"9254",17.7,1400,"2","2","MAT2_MAP2"
"9255",18.6,1577,"3","3","MAT3_MAP3"
"9256",17.3,1400,"2","2","MAT2_MAP2"
"9257",18,1422,"2","3","MAT2_MAP3"
"9258",19,1625,"3","3","MAT3_MAP3"
"9259",18.5,1620,"3","3","MAT3_MAP3"
"9260",18.4,1606,"3","3","MAT3_MAP3"
"9261",18,1472,"2","3","MAT2_MAP3"
"9262",16.6,1459,"2","3","MAT2_MAP3"
"9263",17.7,1429,"2","3","MAT2_MAP3"
"9264",18.2,1523,"3","3","MAT3_MAP3"
"9265",17.7,1383,"2","2","MAT2_MAP2"
"9266",18.2,1470,"3","3","MAT3_MAP3"
"9267",19.5,1575,"3","3","MAT3_MAP3"
"9268",17.6,1380,"2","2","MAT2_MAP2"
"9269",19.6,1545,"3","3","MAT3_MAP3"
"9270",19.1,1609,"3","3","MAT3_MAP3"
"9271",18,1435,"2","3","MAT2_MAP3"
"9272",18.1,1421,"3","3","MAT3_MAP3"
"9273",17.2,1417,"2","2","MAT2_MAP2"
"9274",19.5,1562,"3","3","MAT3_MAP3"
"9275",18.7,1626,"3","3","MAT3_MAP3"
"9276",19.3,1585,"3","3","MAT3_MAP3"
"9277",18.2,1575,"3","3","MAT3_MAP3"
"9278",17.9,1568,"2","3","MAT2_MAP3"
"9279",17.9,1460,"2","3","MAT2_MAP3"
"9280",17.9,1561,"2","3","MAT2_MAP3"
"9281",17.2,1423,"2","3","MAT2_MAP3"
"9282",19.5,1553,"3","3","MAT3_MAP3"
"9283",16.9,1450,"2","3","MAT2_MAP3"
"9284",17.7,1450,"2","3","MAT2_MAP3"
"9285",18.2,1574,"3","3","MAT3_MAP3"
"9286",19.3,1598,"3","3","MAT3_MAP3"
"9287",16.7,1469,"2","3","MAT2_MAP3"
"9288",18,1373,"2","2","MAT2_MAP2"
"9289",19.5,1568,"3","3","MAT3_MAP3"
"9290",16.9,1462,"2","3","MAT2_MAP3"
"9291",17.4,1409,"2","2","MAT2_MAP2"
"9292",17.4,1419,"2","3","MAT2_MAP3"
"9293",17.9,1461,"2","3","MAT2_MAP3"
"9294",17.8,1493,"2","3","MAT2_MAP3"
"9295",18.8,1617,"3","3","MAT3_MAP3"
"9296",18.1,1341,"3","2","MAT3_MAP2"
"9297",19.6,1548,"3","3","MAT3_MAP3"
"9298",17.3,1430,"2","3","MAT2_MAP3"
"9299",18.1,1326,"3","2","MAT3_MAP2"
"9300",18.2,1327,"3","2","MAT3_MAP2"
"9301",17.9,1563,"2","3","MAT2_MAP3"
"9302",18,1571,"2","3","MAT2_MAP3"
"9303",18.9,1579,"3","3","MAT3_MAP3"
"9304",19.4,1542,"3","3","MAT3_MAP3"
"9305",18.1,1558,"3","3","MAT3_MAP3"
"9306",18,1528,"2","3","MAT2_MAP3"
"9307",19.2,1543,"3","3","MAT3_MAP3"
"9308",18,1406,"2","2","MAT2_MAP2"
"9309",18.8,1567,"3","3","MAT3_MAP3"
"9310",18.8,1573,"3","3","MAT3_MAP3"
"9311",19.2,1541,"3","3","MAT3_MAP3"
"9312",18.1,1543,"3","3","MAT3_MAP3"
"9313",17.9,1533,"2","3","MAT2_MAP3"
"9314",18.8,1570,"3","3","MAT3_MAP3"
"9315",18,1482,"2","3","MAT2_MAP3"
"9316",18.9,1554,"3","3","MAT3_MAP3"
"9317",18.4,1568,"3","3","MAT3_MAP3"
"9318",17.8,1421,"2","3","MAT2_MAP3"
"9319",19,1543,"3","3","MAT3_MAP3"
"9320",18.8,1566,"3","3","MAT3_MAP3"
"9321",18.8,1554,"3","3","MAT3_MAP3"
"9322",18.9,1552,"3","3","MAT3_MAP3"
"9323",18,1512,"2","3","MAT2_MAP3"
"9324",16.7,1418,"2","3","MAT2_MAP3"
"9325",18.1,1534,"3","3","MAT3_MAP3"
"9326",18.4,1565,"3","3","MAT3_MAP3"
"9327",19,1546,"3","3","MAT3_MAP3"
"9328",17.9,1525,"2","3","MAT2_MAP3"
"9329",17.9,1400,"2","2","MAT2_MAP2"
"9330",19.3,1527,"3","3","MAT3_MAP3"
"9331",18,1344,"2","2","MAT2_MAP2"
"9332",19,1560,"3","3","MAT3_MAP3"
"9333",18.8,1563,"3","3","MAT3_MAP3"
"9334",17.9,1451,"2","3","MAT2_MAP3"
"9335",17.8,1403,"2","2","MAT2_MAP2"
"9336",17.9,1424,"2","3","MAT2_MAP3"
"9337",17.8,1472,"2","3","MAT2_MAP3"
"9338",18.1,1507,"3","3","MAT3_MAP3"
"9339",18.2,1510,"3","3","MAT3_MAP3"
"9340",16.2,1463,"2","3","MAT2_MAP3"
"9341",18,1329,"2","2","MAT2_MAP2"
"9342",19.3,1566,"3","3","MAT3_MAP3"
"9343",16.3,1446,"2","3","MAT2_MAP3"
"9344",18.9,1595,"3","3","MAT3_MAP3"
"9345",19.2,1578,"3","3","MAT3_MAP3"
"9346",17.9,1381,"2","2","MAT2_MAP2"
"9347",16,1484,"2","3","MAT2_MAP3"
"9348",15.8,1484,"1","3","MAT1_MAP3"
"9349",16,1465,"2","3","MAT2_MAP3"
"9350",17.8,1380,"2","2","MAT2_MAP2"
"9351",19.1,1597,"3","3","MAT3_MAP3"
"9352",18.6,1482,"3","3","MAT3_MAP3"
"9353",18.8,1544,"3","3","MAT3_MAP3"
"9354",16.7,1462,"2","3","MAT2_MAP3"
"9355",15.7,1493,"1","3","MAT1_MAP3"
"9356",16.1,1474,"2","3","MAT2_MAP3"
"9357",15.7,1482,"1","3","MAT1_MAP3"
"9358",16,1467,"2","3","MAT2_MAP3"
"9359",16.5,1472,"2","3","MAT2_MAP3"
"9360",18,1390,"2","2","MAT2_MAP2"
"9361",18.3,1434,"3","3","MAT3_MAP3"
"9362",18.4,1459,"3","3","MAT3_MAP3"
"9363",17.9,1372,"2","2","MAT2_MAP2"
"9364",19,1602,"3","3","MAT3_MAP3"
"9365",16,1464,"2","3","MAT2_MAP3"
"9366",18.4,1454,"3","3","MAT3_MAP3"
"9367",15.8,1451,"1","3","MAT1_MAP3"
"9368",16.3,1466,"2","3","MAT2_MAP3"
"9369",15.7,1454,"1","3","MAT1_MAP3"
"9370",18.9,1516,"3","3","MAT3_MAP3"
"9371",19.2,1569,"3","3","MAT3_MAP3"
"9372",16.3,1464,"2","3","MAT2_MAP3"
"9373",15.9,1478,"2","3","MAT2_MAP3"
"9374",15.9,1476,"2","3","MAT2_MAP3"
"9375",19,1476,"3","3","MAT3_MAP3"
"9376",19.3,1540,"3","3","MAT3_MAP3"
"9377",15.8,1475,"1","3","MAT1_MAP3"
"9378",17.5,1396,"2","2","MAT2_MAP2"
"9379",16.4,1469,"2","3","MAT2_MAP3"
"9380",14.6,1540,"1","3","MAT1_MAP3"
"9381",18.8,1383,"3","2","MAT3_MAP2"
"9382",18.4,1358,"3","2","MAT3_MAP2"
"9383",15.7,1418,"1","3","MAT1_MAP3"
"9384",16.6,1462,"2","3","MAT2_MAP3"
"9385",16,1479,"2","3","MAT2_MAP3"
"9386",18.9,1358,"3","2","MAT3_MAP2"
"9387",18.7,1355,"3","2","MAT3_MAP2"
"9388",15.7,1489,"1","3","MAT1_MAP3"
"9389",15.5,1480,"1","3","MAT1_MAP3"
"9390",17.6,1357,"2","2","MAT2_MAP2"
"9391",18.4,1363,"3","2","MAT3_MAP2"
"9392",19,1447,"3","3","MAT3_MAP3"
"9393",17.7,1346,"2","2","MAT2_MAP2"
"9394",15.2,1460,"1","3","MAT1_MAP3"
"9395",19.2,1499,"3","3","MAT3_MAP3"
"9396",17.6,1361,"2","2","MAT2_MAP2"
"9397",18,1332,"2","2","MAT2_MAP2"
"9398",15.5,1464,"1","3","MAT1_MAP3"
"9399",17.8,1340,"2","2","MAT2_MAP2"
"9400",17.5,1360,"2","2","MAT2_MAP2"
"9401",15.3,1468,"1","3","MAT1_MAP3"
"9402",18.4,1351,"3","2","MAT3_MAP2"
"9403",16.1,1450,"2","3","MAT2_MAP3"
"9404",19.1,1509,"3","3","MAT3_MAP3"
"9405",16.1,1451,"2","3","MAT2_MAP3"
"9406",18.9,1340,"3","2","MAT3_MAP2"
"9407",15.2,1449,"1","3","MAT1_MAP3"
"9408",18.8,1339,"3","2","MAT3_MAP2"
"9409",15.2,1444,"1","3","MAT1_MAP3"
"9410",16.8,1437,"2","3","MAT2_MAP3"
"9411",18.6,1353,"3","2","MAT3_MAP2"
"9412",19.1,1530,"3","3","MAT3_MAP3"
"9413",17.8,1320,"2","2","MAT2_MAP2"
"9414",15.7,1461,"1","3","MAT1_MAP3"
"9415",19.2,1561,"3","3","MAT3_MAP3"
"9416",15.9,1437,"2","3","MAT2_MAP3"
"9417",15.5,1453,"1","3","MAT1_MAP3"
"9418",15.1,1442,"1","3","MAT1_MAP3"
"9419",16.8,1430,"2","3","MAT2_MAP3"
"9420",17.5,1341,"2","2","MAT2_MAP2"
"9421",15.5,1466,"1","3","MAT1_MAP3"
"9422",18.4,1367,"3","2","MAT3_MAP2"
"9423",17.8,1345,"2","2","MAT2_MAP2"
"9424",15.7,1451,"1","3","MAT1_MAP3"
"9425",17.9,1323,"2","2","MAT2_MAP2"
"9426",15.2,1440,"1","3","MAT1_MAP3"
"9427",15.2,1442,"1","3","MAT1_MAP3"
"9428",17.2,1362,"2","2","MAT2_MAP2"
"9429",19.2,1545,"3","3","MAT3_MAP3"
"9430",17.5,1329,"2","2","MAT2_MAP2"
"9431",15.5,1460,"1","3","MAT1_MAP3"
"9432",15.3,1428,"1","3","MAT1_MAP3"
"9433",16.9,1391,"2","2","MAT2_MAP2"
"9434",15.2,1479,"1","3","MAT1_MAP3"
"9435",17.2,1361,"2","2","MAT2_MAP2"
"9436",17.5,1318,"2","2","MAT2_MAP2"
"9437",16.4,1395,"2","2","MAT2_MAP2"
"9438",18.3,1362,"3","2","MAT3_MAP2"
"9439",18.3,1319,"3","2","MAT3_MAP2"
"9440",15.7,1424,"1","3","MAT1_MAP3"
"9441",19.6,1578,"3","3","MAT3_MAP3"
"9442",19.2,1443,"3","3","MAT3_MAP3"
"9443",17.7,1275,"2","2","MAT2_MAP2"
"9444",18.9,1350,"3","2","MAT3_MAP2"
"9445",18.4,1335,"3","2","MAT3_MAP2"
"9446",17.3,1313,"2","2","MAT2_MAP2"
"9447",19.4,1508,"3","3","MAT3_MAP3"
"9448",16.8,1356,"2","2","MAT2_MAP2"
"9449",19.3,1449,"3","3","MAT3_MAP3"
"9450",16.7,1359,"2","2","MAT2_MAP2"
"9451",16.5,1368,"2","2","MAT2_MAP2"
"9452",18,1238,"2","1","MAT2_MAP1"
"9453",17.2,1314,"2","2","MAT2_MAP2"
"9454",16.4,1368,"2","2","MAT2_MAP2"
"9455",16.9,1344,"2","2","MAT2_MAP2"
"9456",18.7,1321,"3","2","MAT3_MAP2"
"9457",19.2,1371,"3","2","MAT3_MAP2"
"9458",19.3,1379,"3","2","MAT3_MAP2"
"9459",16.8,1349,"2","2","MAT2_MAP2"
"9460",19.2,1369,"3","2","MAT3_MAP2"
"9461",18.9,1353,"3","2","MAT3_MAP2"
"9462",18.1,1290,"3","2","MAT3_MAP2"
"9463",18.9,1357,"3","2","MAT3_MAP2"
"9464",18.8,1343,"3","2","MAT3_MAP2"
"9465",15.1,1394,"1","2","MAT1_MAP2"
"9466",16.6,1361,"2","2","MAT2_MAP2"
"9467",17,1321,"2","2","MAT2_MAP2"
"9468",15.8,1368,"1","2","MAT1_MAP2"
"9469",15.1,1409,"1","2","MAT1_MAP2"
"9470",19,1332,"3","2","MAT3_MAP2"
"9471",18.2,1251,"3","1","MAT3_MAP1"
"9472",17.6,1257,"2","2","MAT2_MAP2"
"9473",19.6,1525,"3","3","MAT3_MAP3"
"9474",20,1525,"3","3","MAT3_MAP3"
"9475",18.3,1289,"3","2","MAT3_MAP2"
"9476",18,1257,"2","2","MAT2_MAP2"
"9477",16.5,1346,"2","2","MAT2_MAP2"
"9478",19.2,1472,"3","3","MAT3_MAP3"
"9479",16.4,1340,"2","2","MAT2_MAP2"
"9480",16.1,1330,"2","2","MAT2_MAP2"
"9481",16,1331,"2","2","MAT2_MAP2"
"9482",17.9,1267,"2","2","MAT2_MAP2"
"9483",17.9,1261,"2","2","MAT2_MAP2"
"9484",18.6,1323,"3","2","MAT3_MAP2"
"9485",18.6,1297,"3","2","MAT3_MAP2"
"9486",19.6,1514,"3","3","MAT3_MAP3"
"9487",17.3,1286,"2","2","MAT2_MAP2"
"9488",17.4,1270,"2","2","MAT2_MAP2"
"9489",18.5,1322,"3","2","MAT3_MAP2"
"9490",16.3,1330,"2","2","MAT2_MAP2"
"9491",19.4,1383,"3","2","MAT3_MAP2"
"9492",17.9,1190,"2","1","MAT2_MAP1"
"9493",18.2,1243,"3","1","MAT3_MAP1"
"9494",17.9,1192,"2","1","MAT2_MAP1"
"9495",18,1188,"2","1","MAT2_MAP1"
"9496",19.2,1346,"3","2","MAT3_MAP2"
"9497",16.3,1341,"2","2","MAT2_MAP2"
"9498",16,1329,"2","2","MAT2_MAP2"
"9499",18.6,1309,"3","2","MAT3_MAP2"
"9500",16,1327,"2","2","MAT2_MAP2"
"9501",19.7,1508,"3","3","MAT3_MAP3"
"9502",19.1,1337,"3","2","MAT3_MAP2"
"9503",19.4,1381,"3","2","MAT3_MAP2"
"9504",19.3,1353,"3","2","MAT3_MAP2"
"9505",17.7,1216,"2","1","MAT2_MAP1"
"9506",16.4,1359,"2","2","MAT2_MAP2"
"9507",17.7,1244,"2","1","MAT2_MAP1"
"9508",17.9,1210,"2","1","MAT2_MAP1"
"9509",15.3,1342,"1","2","MAT1_MAP2"
"9510",18.6,1278,"3","2","MAT3_MAP2"
"9511",17.7,1226,"2","1","MAT2_MAP1"
"9512",17.6,1236,"2","1","MAT2_MAP1"
"9513",19.2,1414,"3","2","MAT3_MAP2"
"9514",18.8,1307,"3","2","MAT3_MAP2"
"9515",19.4,1488,"3","3","MAT3_MAP3"
"9516",19.7,1515,"3","3","MAT3_MAP3"
"9517",15.3,1355,"1","2","MAT1_MAP2"
"9518",18.4,1267,"3","2","MAT3_MAP2"
"9519",19.5,1490,"3","3","MAT3_MAP3"
"9520",18.3,1269,"3","2","MAT3_MAP2"
"9521",18.8,1301,"3","2","MAT3_MAP2"
"9522",19.1,1326,"3","2","MAT3_MAP2"
"9523",17.5,1246,"2","1","MAT2_MAP1"
"9524",19.1,1310,"3","2","MAT3_MAP2"
"9525",19.7,1516,"3","3","MAT3_MAP3"
"9526",19.3,1392,"3","2","MAT3_MAP2"
"9527",19.5,1475,"3","3","MAT3_MAP3"
"9528",19.5,1511,"3","3","MAT3_MAP3"
"9529",15.3,1366,"1","2","MAT1_MAP2"
"9530",16,1294,"2","2","MAT2_MAP2"
"9531",17.6,1238,"2","1","MAT2_MAP1"
"9532",16.5,1290,"2","2","MAT2_MAP2"
"9533",19.2,1398,"3","2","MAT3_MAP2"
"9534",16.1,1292,"2","2","MAT2_MAP2"
"9535",19.1,1320,"3","2","MAT3_MAP2"
"9536",19.8,1518,"3","3","MAT3_MAP3"
"9537",19.4,1358,"3","2","MAT3_MAP2"
"9538",19,1293,"3","2","MAT3_MAP2"
"9539",16.1,1296,"2","2","MAT2_MAP2"
"9540",17.6,1239,"2","1","MAT2_MAP1"
"9541",19.3,1387,"3","2","MAT3_MAP2"
"9542",19.6,1490,"3","3","MAT3_MAP3"
"9543",16.8,1297,"2","2","MAT2_MAP2"
"9544",17.4,1247,"2","1","MAT2_MAP1"
"9545",16.5,1300,"2","2","MAT2_MAP2"
"9546",18.4,1233,"3","1","MAT3_MAP1"
"9547",16.3,1275,"2","2","MAT2_MAP2"
"9548",15.1,1391,"1","2","MAT1_MAP2"
"9549",15.2,1383,"1","2","MAT1_MAP2"
"9550",16.3,1281,"2","2","MAT2_MAP2"
"9551",19,1288,"3","2","MAT3_MAP2"
"9552",19.5,1457,"3","3","MAT3_MAP3"
"9553",19.4,1348,"3","2","MAT3_MAP2"
"9554",19,1277,"3","2","MAT3_MAP2"
"9555",16.9,1284,"2","2","MAT2_MAP2"
"9556",19.3,1397,"3","2","MAT3_MAP2"
"9557",19.4,1424,"3","3","MAT3_MAP3"
"9558",19.2,1384,"3","2","MAT3_MAP2"
"9559",19.5,1446,"3","3","MAT3_MAP3"
"9560",14.7,1452,"1","3","MAT1_MAP3"
"9561",18.1,1209,"3","1","MAT3_MAP1"
"9562",16.3,1279,"2","2","MAT2_MAP2"
"9563",17.4,1227,"2","1","MAT2_MAP1"
"9564",17.9,1207,"2","1","MAT2_MAP1"
"9565",16.4,1273,"2","2","MAT2_MAP2"
"9566",17.6,1212,"2","1","MAT2_MAP1"
"9567",19.2,1345,"3","2","MAT3_MAP2"
"9568",19.8,1494,"3","3","MAT3_MAP3"
"9569",14.8,1447,"1","3","MAT1_MAP3"
"9570",14.4,1530,"1","3","MAT1_MAP3"
"9571",16.5,1266,"2","2","MAT2_MAP2"
"9572",13.7,1595,"1","3","MAT1_MAP3"
"9573",19.7,1487,"3","3","MAT3_MAP3"
"9574",18,1187,"2","1","MAT2_MAP1"
"9575",17.1,1254,"2","2","MAT2_MAP2"
"9576",16.3,1273,"2","2","MAT2_MAP2"
"9577",18.6,1219,"3","1","MAT3_MAP1"
"9578",19.2,1364,"3","2","MAT3_MAP2"
"9579",14.4,1542,"1","3","MAT1_MAP3"
"9580",16.9,1266,"2","2","MAT2_MAP2"
"9581",19,1249,"3","1","MAT3_MAP1"
"9582",14.4,1538,"1","3","MAT1_MAP3"
"9583",19.5,1467,"3","3","MAT3_MAP3"
"9584",19.3,1422,"3","3","MAT3_MAP3"
"9585",19.3,1417,"3","2","MAT3_MAP2"
"9586",14.1,1579,"1","3","MAT1_MAP3"
"9587",19.2,1389,"3","2","MAT3_MAP2"
"9588",14.3,1559,"1","3","MAT1_MAP3"
"9589",13.6,1616,"1","3","MAT1_MAP3"
"9590",16.5,1245,"2","1","MAT2_MAP1"
"9591",19.3,1373,"3","2","MAT3_MAP2"
"9592",14.8,1490,"1","3","MAT1_MAP3"
"9593",19.3,1380,"3","2","MAT3_MAP2"
"9594",19.6,1458,"3","3","MAT3_MAP3"
"9595",15.4,1364,"1","2","MAT1_MAP2"
"9596",14.7,1491,"1","3","MAT1_MAP3"
"9597",16.7,1245,"2","1","MAT2_MAP1"
"9598",17.2,1231,"2","1","MAT2_MAP1"
"9599",17.7,1191,"2","1","MAT2_MAP1"
"9600",15.8,1304,"1","2","MAT1_MAP2"
"9601",19.4,1332,"3","2","MAT3_MAP2"
"9602",19.3,1437,"3","3","MAT3_MAP3"
"9603",19.3,1442,"3","3","MAT3_MAP3"
"9604",19.2,1305,"3","2","MAT3_MAP2"
"9605",17.3,1221,"2","1","MAT2_MAP1"
"9606",15,1450,"1","3","MAT1_MAP3"
"9607",16.9,1242,"2","1","MAT2_MAP1"
"9608",13.7,1617,"1","3","MAT1_MAP3"
"9609",19.3,1335,"3","2","MAT3_MAP2"
"9610",17.5,1197,"2","1","MAT2_MAP1"
"9611",16.7,1229,"2","1","MAT2_MAP1"
"9612",19.3,1447,"3","3","MAT3_MAP3"
"9613",19,1287,"3","2","MAT3_MAP2"
"9614",18,1173,"2","1","MAT2_MAP1"
"9615",19.3,1344,"3","2","MAT3_MAP2"
"9616",18.9,1263,"3","2","MAT3_MAP2"
"9617",17.9,1175,"2","1","MAT2_MAP1"
"9618",16.9,1235,"2","1","MAT2_MAP1"
"9619",19.4,1448,"3","3","MAT3_MAP3"
"9620",19.9,1458,"3","3","MAT3_MAP3"
"9621",18.7,1243,"3","1","MAT3_MAP1"
"9622",14,1606,"1","3","MAT1_MAP3"
"9623",17.5,1198,"2","1","MAT2_MAP1"
"9624",13.9,1624,"1","3","MAT1_MAP3"
"9625",15.5,1357,"1","2","MAT1_MAP2"
"9626",17,1228,"2","1","MAT2_MAP1"
"9627",18.7,1232,"3","1","MAT3_MAP1"
"9628",17.9,1164,"2","1","MAT2_MAP1"
"9629",15.2,1412,"1","2","MAT1_MAP2"
"9630",18.5,1169,"3","1","MAT3_MAP1"
"9631",19.3,1390,"3","2","MAT3_MAP2"
"9632",18.6,1224,"3","1","MAT3_MAP1"
"9633",19.6,1431,"3","3","MAT3_MAP3"
"9634",16.6,1240,"2","1","MAT2_MAP1"
"9635",16.3,1252,"2","1","MAT2_MAP1"
"9636",13.5,1664,"1","3","MAT1_MAP3"
"9637",18.1,1159,"3","1","MAT3_MAP1"
"9638",19.5,1361,"3","2","MAT3_MAP2"
"9639",16.4,1246,"2","1","MAT2_MAP1"
"9640",19.2,1276,"3","2","MAT3_MAP2"
"9641",18,1147,"2","1","MAT2_MAP1"
"9642",19.3,1349,"3","2","MAT3_MAP2"
"9643",17.7,1179,"2","1","MAT2_MAP1"
"9644",15.9,1308,"2","2","MAT2_MAP2"
"9645",18,1149,"2","1","MAT2_MAP1"
"9646",18.4,1180,"3","1","MAT3_MAP1"
"9647",20,1447,"3","3","MAT3_MAP3"
"9648",15.8,1335,"1","2","MAT1_MAP2"
"9649",18.9,1232,"3","1","MAT3_MAP1"
"9650",13.7,1672,"1","3","MAT1_MAP3"
"9651",18.1,1140,"3","1","MAT3_MAP1"
"9652",14,1638,"1","3","MAT1_MAP3"
"9653",19.5,1373,"3","2","MAT3_MAP2"
"9654",16.2,1255,"2","2","MAT2_MAP2"
"9655",18.8,1223,"3","1","MAT3_MAP1"
"9656",17.4,1200,"2","1","MAT2_MAP1"
"9657",19.2,1269,"3","2","MAT3_MAP2"
"9658",18.5,1198,"3","1","MAT3_MAP1"
"9659",18.5,1196,"3","1","MAT3_MAP1"
"9660",19.3,1313,"3","2","MAT3_MAP2"
"9661",18.4,1169,"3","1","MAT3_MAP1"
"9662",18.4,1171,"3","1","MAT3_MAP1"
"9663",19.9,1438,"3","3","MAT3_MAP3"
"9664",19.3,1249,"3","1","MAT3_MAP1"
"9665",19.3,1281,"3","2","MAT3_MAP2"
"9666",14.2,1588,"1","3","MAT1_MAP3"
"9667",19,1228,"3","1","MAT3_MAP1"
"9668",17.7,1174,"2","1","MAT2_MAP1"
"9669",14.2,1571,"1","3","MAT1_MAP3"
"9670",18.3,1145,"3","1","MAT3_MAP1"
"9671",17.3,1202,"2","1","MAT2_MAP1"
"9672",17.9,1156,"2","1","MAT2_MAP1"
"9673",19,1216,"3","1","MAT3_MAP1"
"9674",14.1,1596,"1","3","MAT1_MAP3"
"9675",16.4,1244,"2","1","MAT2_MAP1"
"9676",19.9,1426,"3","3","MAT3_MAP3"
"9677",17.4,1187,"2","1","MAT2_MAP1"
"9678",19.6,1373,"3","2","MAT3_MAP2"
"9679",16.6,1225,"2","1","MAT2_MAP1"
"9680",19.9,1424,"3","3","MAT3_MAP3"
"9681",19.5,1303,"3","2","MAT3_MAP2"
"9682",17.5,1190,"2","1","MAT2_MAP1"
"9683",16.3,1250,"2","1","MAT2_MAP1"
"9684",18.6,1182,"3","1","MAT3_MAP1"
"9685",14,1635,"1","3","MAT1_MAP3"
"9686",15.9,1300,"2","2","MAT2_MAP2"
"9687",18.6,1181,"3","1","MAT3_MAP1"
"9688",16.7,1213,"2","1","MAT2_MAP1"
"9689",14.4,1589,"1","3","MAT1_MAP3"
"9690",19.7,1365,"3","2","MAT3_MAP2"
"9691",18.7,1197,"3","1","MAT3_MAP1"
"9692",17,1203,"2","1","MAT2_MAP1"
"9693",17.2,1194,"2","1","MAT2_MAP1"
"9694",17.4,1184,"2","1","MAT2_MAP1"
"9695",16.8,1205,"2","1","MAT2_MAP1"
"9696",18.6,1158,"3","1","MAT3_MAP1"
"9697",20.2,1145,"3","1","MAT3_MAP1"
"9698",16.6,1219,"2","1","MAT2_MAP1"
"9699",16.2,1253,"2","2","MAT2_MAP2"
"9700",16.5,1221,"2","1","MAT2_MAP1"
"9701",16.8,1200,"2","1","MAT2_MAP1"
"9702",17.2,1189,"2","1","MAT2_MAP1"
"9703",19.9,1383,"3","2","MAT3_MAP2"
"9704",20,1347,"3","2","MAT3_MAP2"
"9705",17.3,1182,"2","1","MAT2_MAP1"
"9706",17.8,1172,"2","1","MAT2_MAP1"
"9707",17.5,1173,"2","1","MAT2_MAP1"
"9708",19.4,1279,"3","2","MAT3_MAP2"
"9709",15,1514,"1","3","MAT1_MAP3"
"9710",15.5,1432,"1","3","MAT1_MAP3"
"9711",18,1168,"2","1","MAT2_MAP1"
"9712",19.9,1366,"3","2","MAT3_MAP2"
"9713",16.7,1202,"2","1","MAT2_MAP1"
"9714",19.8,1372,"3","2","MAT3_MAP2"
"9715",19.9,1336,"3","2","MAT3_MAP2"
"9716",16.2,1247,"2","1","MAT2_MAP1"
"9717",20,1214,"3","1","MAT3_MAP1"
"9718",16.9,1200,"2","1","MAT2_MAP1"
"9719",19.2,1221,"3","1","MAT3_MAP1"
"9720",19.4,1245,"3","1","MAT3_MAP1"
"9721",19.4,1239,"3","1","MAT3_MAP1"
"9722",15.2,1466,"1","3","MAT1_MAP3"
"9723",18.3,1167,"3","1","MAT3_MAP1"
"9724",20,1137,"3","1","MAT3_MAP1"
"9725",19.4,1251,"3","1","MAT3_MAP1"
"9726",18.9,1220,"3","1","MAT3_MAP1"
"9727",19.5,1273,"3","2","MAT3_MAP2"
"9728",15.3,1459,"1","3","MAT1_MAP3"
"9729",19.1,1230,"3","1","MAT3_MAP1"
"9730",16.3,1224,"2","1","MAT2_MAP1"
"9731",14.7,1579,"1","3","MAT1_MAP3"
"9732",18.5,1208,"3","1","MAT3_MAP1"
"9733",19.4,1266,"3","2","MAT3_MAP2"
"9734",16.4,1230,"2","1","MAT2_MAP1"
"9735",14.7,1578,"1","3","MAT1_MAP3"
"9736",15.3,1475,"1","3","MAT1_MAP3"
"9737",18.7,1174,"3","1","MAT3_MAP1"
"9738",19.2,1248,"3","1","MAT3_MAP1"
"9739",16.8,1197,"2","1","MAT2_MAP1"
"9740",19.4,1299,"3","2","MAT3_MAP2"
"9741",15,1557,"1","3","MAT1_MAP3"
"9742",14.8,1593,"1","3","MAT1_MAP3"
"9743",18.5,1165,"3","1","MAT3_MAP1"
"9744",16.1,1229,"2","1","MAT2_MAP1"
"9745",17.1,1178,"2","1","MAT2_MAP1"
"9746",15.7,1355,"1","2","MAT1_MAP2"
"9747",18.3,1155,"3","1","MAT3_MAP1"
"9748",17.6,1165,"2","1","MAT2_MAP1"
"9749",15.9,1267,"2","2","MAT2_MAP2"
"9750",19,1274,"3","2","MAT3_MAP2"
"9751",19,1270,"3","2","MAT3_MAP2"
"9752",20.6,1197,"3","1","MAT3_MAP1"
"9753",16.3,1221,"2","1","MAT2_MAP1"
"9754",17.2,1181,"2","1","MAT2_MAP1"
"9755",18.8,1240,"3","1","MAT3_MAP1"
"9756",18.1,1154,"3","1","MAT3_MAP1"
"9757",15.9,1315,"2","2","MAT2_MAP2"
"9758",18.8,1245,"3","1","MAT3_MAP1"
"9759",17,1192,"2","1","MAT2_MAP1"
"9760",16.4,1208,"2","1","MAT2_MAP1"
"9761",15.3,1490,"1","3","MAT1_MAP3"
"9762",15.9,1242,"2","1","MAT2_MAP1"
"9763",16.1,1228,"2","1","MAT2_MAP1"
"9764",20.7,1303,"3","2","MAT3_MAP2"
"9765",15.6,1388,"1","2","MAT1_MAP2"
"9766",15.1,1512,"1","3","MAT1_MAP3"
"9767",16.5,1196,"2","1","MAT2_MAP1"
"9768",16.3,1217,"2","1","MAT2_MAP1"
"9769",14.7,1587,"1","3","MAT1_MAP3"
"9770",20.7,1348,"3","2","MAT3_MAP2"
"9771",16.2,1212,"2","1","MAT2_MAP1"
"9772",16,1226,"2","1","MAT2_MAP1"
"9773",20.3,1213,"3","1","MAT3_MAP1"
"9774",17.5,1172,"2","1","MAT2_MAP1"
"9775",16.5,1189,"2","1","MAT2_MAP1"
"9776",20.5,1287,"3","2","MAT3_MAP2"
"9777",17.8,1162,"2","1","MAT2_MAP1"
"9778",16.3,1206,"2","1","MAT2_MAP1"
"9779",14.8,1560,"1","3","MAT1_MAP3"
"9780",17,1188,"2","1","MAT2_MAP1"
"9781",18.9,1254,"3","2","MAT3_MAP2"
"9782",20,1324,"3","2","MAT3_MAP2"
"9783",19.3,1316,"3","2","MAT3_MAP2"
"9784",20.9,1355,"3","2","MAT3_MAP2"
"9785",14.8,1546,"1","3","MAT1_MAP3"
"9786",16.3,1201,"2","1","MAT2_MAP1"
"9787",20.3,1259,"3","2","MAT3_MAP2"
"9788",16.4,1201,"2","1","MAT2_MAP1"
"9789",16.4,1202,"2","1","MAT2_MAP1"
"9790",21,1357,"3","2","MAT3_MAP2"
"9791",15.8,1308,"1","2","MAT1_MAP2"
"9792",15.9,1239,"2","1","MAT2_MAP1"
"9793",18.6,1119,"3","1","MAT3_MAP1"
"9794",20.3,1291,"3","2","MAT3_MAP2"
"9795",18,1150,"2","1","MAT2_MAP1"
"9796",20.1,1327,"3","2","MAT3_MAP2"
"9797",18.5,1125,"3","1","MAT3_MAP1"
"9798",20.1,1320,"3","2","MAT3_MAP2"
"9799",18.6,1118,"3","1","MAT3_MAP1"
"9800",16.6,1191,"2","1","MAT2_MAP1"
"9801",18.6,1150,"3","1","MAT3_MAP1"
"9802",21.2,1357,"3","2","MAT3_MAP2"
"9803",19,1255,"3","2","MAT3_MAP2"
"9804",20.4,1304,"3","2","MAT3_MAP2"
"9805",20.8,1389,"3","2","MAT3_MAP2"
"9806",20,1342,"3","2","MAT3_MAP2"
"9807",18.8,1225,"3","1","MAT3_MAP1"
"9808",20.6,1378,"3","2","MAT3_MAP2"
"9809",18.6,1151,"3","1","MAT3_MAP1"
"9810",21.2,1358,"3","2","MAT3_MAP2"
"9811",20.6,1367,"3","2","MAT3_MAP2"
"9812",21.4,1366,"3","2","MAT3_MAP2"
"9813",18.5,1151,"3","1","MAT3_MAP1"
"9814",20.7,1390,"3","2","MAT3_MAP2"
"9815",21.2,1365,"3","2","MAT3_MAP2"
"9816",21.5,1375,"3","2","MAT3_MAP2"
"9817",21,1374,"3","2","MAT3_MAP2"
"9818",16,1213,"2","1","MAT2_MAP1"
"9819",18.7,1213,"3","1","MAT3_MAP1"
"9820",15.7,1321,"1","2","MAT1_MAP2"
"9821",20.9,1378,"3","2","MAT3_MAP2"
"9822",16.5,1203,"2","1","MAT2_MAP1"
"9823",16.4,1188,"2","1","MAT2_MAP1"
"9824",18.5,1155,"3","1","MAT3_MAP1"
"9825",19.6,1343,"3","2","MAT3_MAP2"
"9826",20.1,1342,"3","2","MAT3_MAP2"
"9827",20.3,1331,"3","2","MAT3_MAP2"
"9828",21,1369,"3","2","MAT3_MAP2"
"9829",20.2,1333,"3","2","MAT3_MAP2"
"9830",18.2,1148,"3","1","MAT3_MAP1"
"9831",20.9,1374,"3","2","MAT3_MAP2"
"9832",21.1,1384,"3","2","MAT3_MAP2"
"9833",21.6,1382,"3","2","MAT3_MAP2"
"9834",21.1,1366,"3","2","MAT3_MAP2"
"9835",20.5,1357,"3","2","MAT3_MAP2"
"9836",16.4,1183,"2","1","MAT2_MAP1"
"9837",15.1,1447,"1","3","MAT1_MAP3"
"9838",20.6,1366,"3","2","MAT3_MAP2"
"9839",20.8,1374,"3","2","MAT3_MAP2"
"9840",21.3,1376,"3","2","MAT3_MAP2"
"9841",21,1362,"3","2","MAT3_MAP2"
"9842",18.1,1160,"3","1","MAT3_MAP1"
"9843",19.4,1304,"3","2","MAT3_MAP2"
"9844",21.7,1384,"3","2","MAT3_MAP2"
"9845",21.4,1371,"3","2","MAT3_MAP2"
"9846",19.7,1355,"3","2","MAT3_MAP2"
"9847",22.4,1372,"3","2","MAT3_MAP2"
"9848",20.4,1330,"3","2","MAT3_MAP2"
"9849",16,1205,"2","1","MAT2_MAP1"
"9850",15.4,1378,"1","2","MAT1_MAP2"
"9851",16.5,1187,"2","1","MAT2_MAP1"
"9852",20.9,1359,"3","2","MAT3_MAP2"
"9853",21.2,1362,"3","2","MAT3_MAP2"
"9854",20.3,1318,"3","2","MAT3_MAP2"
"9855",15.9,1255,"2","2","MAT2_MAP2"
"9856",21.7,1372,"3","2","MAT3_MAP2"
"9857",18.2,1166,"3","1","MAT3_MAP1"
"9858",19.3,1284,"3","2","MAT3_MAP2"
"9859",16.3,1194,"2","1","MAT2_MAP1"
"9860",21.4,1353,"3","2","MAT3_MAP2"
"9861",18.7,1176,"3","1","MAT3_MAP1"
"9862",18.7,1185,"3","1","MAT3_MAP1"
"9863",18.7,1181,"3","1","MAT3_MAP1"
"9864",19.9,1360,"3","2","MAT3_MAP2"
"9865",16.7,1193,"2","1","MAT2_MAP1"
"9866",21.4,1351,"3","2","MAT3_MAP2"
"9867",18.8,1168,"3","1","MAT3_MAP1"
"9868",21.6,1348,"3","2","MAT3_MAP2"
"9869",19.3,1273,"3","2","MAT3_MAP2"
"9870",18.7,1175,"3","1","MAT3_MAP1"
"9871",21,1339,"3","2","MAT3_MAP2"
"9872",18.2,1174,"3","1","MAT3_MAP1"
"9873",18.2,1177,"3","1","MAT3_MAP1"
"9874",19.3,1275,"3","2","MAT3_MAP2"
"9875",20,1344,"3","2","MAT3_MAP2"
"9876",21.1,1324,"3","2","MAT3_MAP2"
"9877",15,1454,"1","3","MAT1_MAP3"
"9878",16.7,1191,"2","1","MAT2_MAP1"
"9879",17,1178,"2","1","MAT2_MAP1"
"9880",22.3,1254,"3","2","MAT3_MAP2"
"9881",21.6,1327,"3","2","MAT3_MAP2"
"9882",20.9,1336,"3","2","MAT3_MAP2"
"9883",14.9,1418,"1","3","MAT1_MAP3"
"9884",20.8,1337,"3","2","MAT3_MAP2"
"9885",21.1,1316,"3","2","MAT3_MAP2"
"9886",15.1,1414,"1","2","MAT1_MAP2"
"9887",20.4,1314,"3","2","MAT3_MAP2"
"9888",20.2,1316,"3","2","MAT3_MAP2"
"9889",16.7,1180,"2","1","MAT2_MAP1"
"9890",19.4,1308,"3","2","MAT3_MAP2"
"9891",18.8,1197,"3","1","MAT3_MAP1"
"9892",17.1,1164,"2","1","MAT2_MAP1"
"9893",16.7,1184,"2","1","MAT2_MAP1"
"9894",14.8,1350,"1","2","MAT1_MAP2"
"9895",22.3,1318,"3","2","MAT3_MAP2"
"9896",14.4,1317,"1","2","MAT1_MAP2"
"9897",22.2,1284,"3","2","MAT3_MAP2"
"9898",19.9,1351,"3","2","MAT3_MAP2"
"9899",19,1250,"3","1","MAT3_MAP1"
"9900",14.5,1334,"1","2","MAT1_MAP2"
"9901",18.3,1189,"3","1","MAT3_MAP1"
"9902",18.5,1194,"3","1","MAT3_MAP1"
"9903",21,1304,"3","2","MAT3_MAP2"
"9904",18.9,1230,"3","1","MAT3_MAP1"
"9905",20,1346,"3","2","MAT3_MAP2"
"9906",19.3,1269,"3","2","MAT3_MAP2"
"9907",17.2,1159,"2","1","MAT2_MAP1"
"9908",19.5,1309,"3","2","MAT3_MAP2"
"9909",20,1331,"3","2","MAT3_MAP2"
"9910",15.9,1203,"2","1","MAT2_MAP1"
"9911",15,1359,"1","2","MAT1_MAP2"
"9912",19,1209,"3","1","MAT3_MAP1"
"9913",20,1343,"3","2","MAT3_MAP2"
"9914",14.6,1335,"1","2","MAT1_MAP2"
"9915",19,1207,"3","1","MAT3_MAP1"
"9916",20.9,1319,"3","2","MAT3_MAP2"
"9917",19.9,1321,"3","2","MAT3_MAP2"
"9918",18.8,1204,"3","1","MAT3_MAP1"
"9919",14.7,1321,"1","2","MAT1_MAP2"
"9920",15.4,1314,"1","2","MAT1_MAP2"
"9921",19.5,1310,"3","2","MAT3_MAP2"
"9922",19.1,1210,"3","1","MAT3_MAP1"
"9923",15.3,1331,"1","2","MAT1_MAP2"
"9924",15,1362,"1","2","MAT1_MAP2"
"9925",20.2,1318,"3","2","MAT3_MAP2"
"9926",22.3,1299,"3","2","MAT3_MAP2"
"9927",19.2,1279,"3","2","MAT3_MAP2"
"9928",21.4,1262,"3","2","MAT3_MAP2"
"9929",20.2,1326,"3","2","MAT3_MAP2"
"9930",19.1,1262,"3","2","MAT3_MAP2"
"9931",20.1,1322,"3","2","MAT3_MAP2"
"9932",16.2,1213,"2","1","MAT2_MAP1"
"9933",16.5,1193,"2","1","MAT2_MAP1"
"9934",19.3,1307,"3","2","MAT3_MAP2"
"9935",14,1280,"1","2","MAT1_MAP2"
"9936",20.3,1314,"3","2","MAT3_MAP2"
"9937",20,1329,"3","2","MAT3_MAP2"
"9938",20.4,1317,"3","2","MAT3_MAP2"
"9939",15.4,1306,"1","2","MAT1_MAP2"
"9940",14.5,1324,"1","2","MAT1_MAP2"
"9941",20.2,1327,"3","2","MAT3_MAP2"
"9942",22.2,1272,"3","2","MAT3_MAP2"
"9943",13.9,1295,"1","2","MAT1_MAP2"
"9944",20.9,1302,"3","2","MAT3_MAP2"
"9945",15.6,1244,"1","1","MAT1_MAP1"
"9946",19.8,1316,"3","2","MAT3_MAP2"
"9947",18.6,1206,"3","1","MAT3_MAP1"
"9948",20.2,1314,"3","2","MAT3_MAP2"
"9949",19.2,1291,"3","2","MAT3_MAP2"
"9950",17.2,1153,"2","1","MAT2_MAP1"
"9951",19.9,1324,"3","2","MAT3_MAP2"
"9952",16.5,1210,"2","1","MAT2_MAP1"
"9953",20.8,1308,"3","2","MAT3_MAP2"
"9954",17.3,1146,"2","1","MAT2_MAP1"
"9955",14.7,1307,"1","2","MAT1_MAP2"
"9956",14,1273,"1","2","MAT1_MAP2"
"9957",15.6,1254,"1","2","MAT1_MAP2"
"9958",13.8,1279,"1","2","MAT1_MAP2"
"9959",22.4,1285,"3","2","MAT3_MAP2"
"9960",19.8,1305,"3","2","MAT3_MAP2"
"9961",20.5,1296,"3","2","MAT3_MAP2"
"9962",15.6,1240,"1","1","MAT1_MAP1"
"9963",19.7,1302,"3","2","MAT3_MAP2"
"9964",13.9,1261,"1","2","MAT1_MAP2"
"9965",16.8,1212,"2","1","MAT2_MAP1"
"9966",18,1191,"2","1","MAT2_MAP1"
"9967",19.7,1305,"3","2","MAT3_MAP2"
"9968",14,1278,"1","2","MAT1_MAP2"
"9969",15,1313,"1","2","MAT1_MAP2"
"9970",19.9,1305,"3","2","MAT3_MAP2"
"9971",16.7,1217,"2","1","MAT2_MAP1"
"9972",22.3,1229,"3","1","MAT3_MAP1"
"9973",23.2,1346,"3","2","MAT3_MAP2"
"9974",15,1311,"1","2","MAT1_MAP2"
"9975",13.9,1264,"1","2","MAT1_MAP2"
"9976",20,1307,"3","2","MAT3_MAP2"
"9977",20.4,1295,"3","2","MAT3_MAP2"
"9978",16,1216,"2","1","MAT2_MAP1"
"9979",17.5,1177,"2","1","MAT2_MAP1"
"9980",20.6,1285,"3","2","MAT3_MAP2"
"9981",16.7,1225,"2","1","MAT2_MAP1"
"9982",14.6,1318,"1","2","MAT1_MAP2"
"9983",21.2,1235,"3","1","MAT3_MAP1"
"9984",16.7,1230,"2","1","MAT2_MAP1"
"9985",20,1301,"3","2","MAT3_MAP2"
"9986",19,1215,"3","1","MAT3_MAP1"
"9987",20.5,1290,"3","2","MAT3_MAP2"
"9988",19.1,1236,"3","1","MAT3_MAP1"
"9989",23.1,1344,"3","2","MAT3_MAP2"
"9990",14.4,1304,"1","2","MAT1_MAP2"
"9991",20.8,1309,"3","2","MAT3_MAP2"
"9992",20.7,1299,"3","2","MAT3_MAP2"
"9993",14.7,1302,"1","2","MAT1_MAP2"
"9994",13.9,1249,"1","1","MAT1_MAP1"
"9995",13.7,1266,"1","2","MAT1_MAP2"
"9996",15.7,1230,"1","1","MAT1_MAP1"
"9997",14.6,1300,"1","2","MAT1_MAP2"
"9998",16.5,1230,"2","1","MAT2_MAP1"
"9999",14.2,1249,"1","1","MAT1_MAP1"
"10000",17.4,1176,"2","1","MAT2_MAP1"
"10001",18.9,1213,"3","1","MAT3_MAP1"
"10002",15.1,1289,"1","2","MAT1_MAP2"
"10003",19.2,1237,"3","1","MAT3_MAP1"
"10004",18.9,1210,"3","1","MAT3_MAP1"
"10005",21,1303,"3","2","MAT3_MAP2"
"10006",15.4,1250,"1","1","MAT1_MAP1"
"10007",15.4,1252,"1","1","MAT1_MAP1"
"10008",18.2,1204,"3","1","MAT3_MAP1"
"10009",19.6,1302,"3","2","MAT3_MAP2"
"10010",20.2,1289,"3","2","MAT3_MAP2"
"10011",19.2,1231,"3","1","MAT3_MAP1"
"10012",22.4,1253,"3","2","MAT3_MAP2"
"10013",20.7,1317,"3","2","MAT3_MAP2"
"10014",19.8,1296,"3","2","MAT3_MAP2"
"10015",22.4,1246,"3","1","MAT3_MAP1"
"10016",17.4,1192,"2","1","MAT2_MAP1"
"10017",21.1,1300,"3","2","MAT3_MAP2"
"10018",20.3,1281,"3","2","MAT3_MAP2"
"10019",14.2,1244,"1","1","MAT1_MAP1"
"10020",16,1215,"2","1","MAT2_MAP1"
"10021",14.1,1264,"1","2","MAT1_MAP2"
"10022",19.2,1247,"3","1","MAT3_MAP1"
"10023",14.7,1273,"1","2","MAT1_MAP2"
"10024",18.5,1213,"3","1","MAT3_MAP1"
"10025",15.9,1228,"2","1","MAT2_MAP1"
"10026",20.3,1274,"3","2","MAT3_MAP2"
"10027",16.1,1209,"2","1","MAT2_MAP1"
"10028",16.5,1215,"2","1","MAT2_MAP1"
"10029",22.9,1318,"3","2","MAT3_MAP2"
"10030",22.4,1235,"3","1","MAT3_MAP1"
"10031",20.8,1310,"3","2","MAT3_MAP2"
"10032",21.1,1292,"3","2","MAT3_MAP2"
"10033",15.8,1221,"1","1","MAT1_MAP1"
"10034",17.6,1191,"2","1","MAT2_MAP1"
"10035",15.6,1229,"1","1","MAT1_MAP1"
"10036",17.3,1198,"2","1","MAT2_MAP1"
"10037",14,1258,"1","2","MAT1_MAP2"
"10038",16.1,1207,"2","1","MAT2_MAP1"
"10039",16.5,1237,"2","1","MAT2_MAP1"
"10040",21.2,1291,"3","2","MAT3_MAP2"
"10041",16.6,1237,"2","1","MAT2_MAP1"
"10042",17.1,1215,"2","1","MAT2_MAP1"
"10043",13.9,1285,"1","2","MAT1_MAP2"
"10044",17.1,1220,"2","1","MAT2_MAP1"
"10045",14.3,1275,"1","2","MAT1_MAP2"
"10046",19.8,1288,"3","2","MAT3_MAP2"
"10047",16.6,1224,"2","1","MAT2_MAP1"
"10048",15.2,1252,"1","1","MAT1_MAP1"
"10049",13.9,1250,"1","1","MAT1_MAP1"
"10050",16.4,1204,"2","1","MAT2_MAP1"
"10051",15,1255,"1","2","MAT1_MAP2"
"10052",16.4,1189,"2","1","MAT2_MAP1"
"10053",15.1,1256,"1","2","MAT1_MAP2"
"10054",15.2,1237,"1","1","MAT1_MAP1"
"10055",16.5,1201,"2","1","MAT2_MAP1"
"10056",20.7,1262,"3","2","MAT3_MAP2"
"10057",21,1320,"3","2","MAT3_MAP2"
"10058",16.9,1233,"2","1","MAT2_MAP1"
"10059",15.4,1224,"1","1","MAT1_MAP1"
"10060",22.4,1239,"3","1","MAT3_MAP1"
"10061",15.1,1242,"1","1","MAT1_MAP1"
"10062",18.2,1198,"3","1","MAT3_MAP1"
"10063",20.7,1279,"3","2","MAT3_MAP2"
"10064",21.7,1257,"3","2","MAT3_MAP2"
"10065",17.1,1214,"2","1","MAT2_MAP1"
"10066",19.2,1286,"3","2","MAT3_MAP2"
"10067",16.8,1231,"2","1","MAT2_MAP1"
"10068",14.6,1227,"1","1","MAT1_MAP1"
"10069",21,1326,"3","2","MAT3_MAP2"
"10070",22.3,1247,"3","1","MAT3_MAP1"
"10071",15.5,1214,"1","1","MAT1_MAP1"
"10072",20.7,1271,"3","2","MAT3_MAP2"
"10073",20.8,1286,"3","2","MAT3_MAP2"
"10074",14.6,1218,"1","1","MAT1_MAP1"
"10075",17.4,1208,"2","1","MAT2_MAP1"
"10076",18.9,1238,"3","1","MAT3_MAP1"
"10077",16.9,1226,"2","1","MAT2_MAP1"
"10078",21,1301,"3","2","MAT3_MAP2"
"10079",18.3,1219,"3","1","MAT3_MAP1"
"10080",17,1230,"2","1","MAT2_MAP1"
"10081",17,1226,"2","1","MAT2_MAP1"
"10082",21.6,1279,"3","2","MAT3_MAP2"
"10083",20.8,1268,"3","2","MAT3_MAP2"
"10084",15.5,1215,"1","1","MAT1_MAP1"
"10085",13.4,1253,"1","2","MAT1_MAP2"
"10086",20.9,1287,"3","2","MAT3_MAP2"
"10087",19,1244,"3","1","MAT3_MAP1"
"10088",15.5,1213,"1","1","MAT1_MAP1"
"10089",19.1,1249,"3","1","MAT3_MAP1"
"10090",15.1,1230,"1","1","MAT1_MAP1"
"10091",13.8,1251,"1","1","MAT1_MAP1"
"10092",20.8,1269,"3","2","MAT3_MAP2"
"10093",18.5,1230,"3","1","MAT3_MAP1"
"10094",18.9,1245,"3","1","MAT3_MAP1"
"10095",21.1,1356,"3","2","MAT3_MAP2"
"10096",15.5,1212,"1","1","MAT1_MAP1"
"10097",22.9,1326,"3","2","MAT3_MAP2"
"10098",22.8,1311,"3","2","MAT3_MAP2"
"10099",21.3,1360,"3","2","MAT3_MAP2"
"10100",15.9,1202,"2","1","MAT2_MAP1"
"10101",15.6,1210,"1","1","MAT1_MAP1"
"10102",15.8,1212,"1","1","MAT1_MAP1"
"10103",18.4,1239,"3","1","MAT3_MAP1"
"10104",15.8,1205,"1","1","MAT1_MAP1"
"10105",13.7,1252,"1","1","MAT1_MAP1"
"10106",22.4,1224,"3","1","MAT3_MAP1"
"10107",13.9,1241,"1","1","MAT1_MAP1"
"10108",18.2,1230,"3","1","MAT3_MAP1"
"10109",17.8,1208,"2","1","MAT2_MAP1"
"10110",21.3,1310,"3","2","MAT3_MAP2"
"10111",13.1,1247,"1","1","MAT1_MAP1"
"10112",21.9,1270,"3","2","MAT3_MAP2"
"10113",16.3,1178,"2","1","MAT2_MAP1"
"10114",15.8,1198,"1","1","MAT1_MAP1"
"10115",16,1190,"2","1","MAT2_MAP1"
"10116",15.4,1192,"1","1","MAT1_MAP1"
"10117",15.6,1197,"1","1","MAT1_MAP1"
"10118",15,1181,"1","1","MAT1_MAP1"
"10119",13.1,1207,"1","1","MAT1_MAP1"
"10120",14.5,1201,"1","1","MAT1_MAP1"
"10121",15.4,1182,"1","1","MAT1_MAP1"
"10122",14,1222,"1","1","MAT1_MAP1"
"10123",21.8,1281,"3","2","MAT3_MAP2"
"10124",21.7,1284,"3","2","MAT3_MAP2"
"10125",13.5,1223,"1","1","MAT1_MAP1"
"10126",17.8,1217,"2","1","MAT2_MAP1"
"10127",21.9,1311,"3","2","MAT3_MAP2"
"10128",22.1,1276,"3","2","MAT3_MAP2"
"10129",13.3,1210,"1","1","MAT1_MAP1"
"10130",15.8,1194,"1","1","MAT1_MAP1"
"10131",18.5,1263,"3","2","MAT3_MAP2"
"10132",16.5,1194,"2","1","MAT2_MAP1"
"10133",16.5,1185,"2","1","MAT2_MAP1"
"10134",17.3,1213,"2","1","MAT2_MAP1"
"10135",16.4,1168,"2","1","MAT2_MAP1"
"10136",14.5,1193,"1","1","MAT1_MAP1"
"10137",17.2,1215,"2","1","MAT2_MAP1"
"10138",15.7,1199,"1","1","MAT1_MAP1"
"10139",15.7,1197,"1","1","MAT1_MAP1"
"10140",15.8,1193,"1","1","MAT1_MAP1"
"10141",14.2,1206,"1","1","MAT1_MAP1"
"10142",16.3,1176,"2","1","MAT2_MAP1"
"10143",16.3,1179,"2","1","MAT2_MAP1"
"10144",15.8,1192,"1","1","MAT1_MAP1"
"10145",21.4,1277,"3","2","MAT3_MAP2"
"10146",16.4,1159,"2","1","MAT2_MAP1"
"10147",12.8,1201,"1","1","MAT1_MAP1"
"10148",16,1174,"2","1","MAT2_MAP1"
"10149",15.8,1186,"1","1","MAT1_MAP1"
"10150",16,1176,"2","1","MAT2_MAP1"
"10151",13.8,1220,"1","1","MAT1_MAP1"
"10152",21.5,1293,"3","2","MAT3_MAP2"
"10153",16.2,1162,"2","1","MAT2_MAP1"
"10154",16.2,1156,"2","1","MAT2_MAP1"
"10155",22,1311,"3","2","MAT3_MAP2"
"10156",16.3,1159,"2","1","MAT2_MAP1"
"10157",16.3,1174,"2","1","MAT2_MAP1"
"10158",16.2,1173,"2","1","MAT2_MAP1"
"10159",18.7,1274,"3","2","MAT3_MAP2"
"10160",15.8,1183,"1","1","MAT1_MAP1"
"10161",22.6,1191,"3","1","MAT3_MAP1"
"10162",15.9,1179,"2","1","MAT2_MAP1"
"10163",13,1186,"1","1","MAT1_MAP1"
"10164",13.6,1212,"1","1","MAT1_MAP1"
"10165",15.7,1190,"1","1","MAT1_MAP1"
"10166",15.9,1172,"2","1","MAT2_MAP1"
"10167",18.7,1271,"3","2","MAT3_MAP2"
"10168",15.1,1153,"1","1","MAT1_MAP1"
"10169",13.3,1191,"1","1","MAT1_MAP1"
"10170",12.9,1168,"1","1","MAT1_MAP1"
"10171",18,1249,"2","1","MAT2_MAP1"
"10172",14.1,1182,"1","1","MAT1_MAP1"
"10173",16.6,1145,"2","1","MAT2_MAP1"
"10174",15.6,1192,"1","1","MAT1_MAP1"
"10175",17,1180,"2","1","MAT2_MAP1"
"10176",14.7,1154,"1","1","MAT1_MAP1"
"10177",15.5,1182,"1","1","MAT1_MAP1"
"10178",16.6,1123,"2","1","MAT2_MAP1"
"10179",18.6,1273,"3","2","MAT3_MAP2"
"10180",14.4,1159,"1","1","MAT1_MAP1"
"10181",17.9,1232,"2","1","MAT2_MAP1"
"10182",14.6,1147,"1","1","MAT1_MAP1"
"10183",14.6,1151,"1","1","MAT1_MAP1"
"10184",12.8,1168,"1","1","MAT1_MAP1"
"10185",18,1282,"2","2","MAT2_MAP2"
"10186",14.1,1175,"1","1","MAT1_MAP1"
"10187",12.9,1173,"1","1","MAT1_MAP1"
"10188",17.9,1237,"2","1","MAT2_MAP1"
"10189",12.8,1175,"1","1","MAT1_MAP1"
"10190",17.9,1238,"2","1","MAT2_MAP1"
"10191",14,1178,"1","1","MAT1_MAP1"
"10192",22.4,1256,"3","2","MAT3_MAP2"
"10193",12.9,1191,"1","1","MAT1_MAP1"
"10194",14.2,1167,"1","1","MAT1_MAP1"
"10195",17.4,1154,"2","1","MAT2_MAP1"
"10196",17.2,1142,"2","1","MAT2_MAP1"
"10197",18.1,1276,"3","2","MAT3_MAP2"
"10198",17.2,1158,"2","1","MAT2_MAP1"
"10199",17.9,1223,"2","1","MAT2_MAP1"
"10200",16.9,1146,"2","1","MAT2_MAP1"
"10201",13.3,1209,"1","1","MAT1_MAP1"
"10202",12.6,1255,"1","2","MAT1_MAP2"
"10203",13.2,1225,"1","1","MAT1_MAP1"
"10204",14.1,1172,"1","1","MAT1_MAP1"
"10205",15.6,1187,"1","1","MAT1_MAP1"
"10206",13.6,1202,"1","1","MAT1_MAP1"
"10207",13.9,1180,"1","1","MAT1_MAP1"
"10208",14.9,1138,"1","1","MAT1_MAP1"
"10209",22.8,1321,"3","2","MAT3_MAP2"
"10210",16.1,1161,"2","1","MAT2_MAP1"
"10211",18,1278,"2","2","MAT2_MAP2"
"10212",16.2,1155,"2","1","MAT2_MAP1"
"10213",16.1,1159,"2","1","MAT2_MAP1"
"10214",18.3,1275,"3","2","MAT3_MAP2"
"10215",15,1154,"1","1","MAT1_MAP1"
"10216",14,1181,"1","1","MAT1_MAP1"
"10217",15.8,1181,"1","1","MAT1_MAP1"
"10218",13.7,1199,"1","1","MAT1_MAP1"
"10219",17,1158,"2","1","MAT2_MAP1"
"10220",22.9,1333,"3","2","MAT3_MAP2"
"10221",15.1,1139,"1","1","MAT1_MAP1"
"10222",23.2,1467,"3","3","MAT3_MAP3"
"10223",16,1175,"2","1","MAT2_MAP1"
"10224",12.3,1198,"1","1","MAT1_MAP1"
"10225",15.8,1160,"1","1","MAT1_MAP1"
"10226",16.7,1157,"2","1","MAT2_MAP1"
"10227",15.9,1176,"2","1","MAT2_MAP1"
"10228",16.3,1167,"2","1","MAT2_MAP1"
"10229",17.3,1193,"2","1","MAT2_MAP1"
"10230",14.4,1144,"1","1","MAT1_MAP1"
"10231",15.2,1179,"1","1","MAT1_MAP1"
"10232",16.2,1175,"2","1","MAT2_MAP1"
"10233",12.7,1251,"1","1","MAT1_MAP1"
"10234",12.8,1231,"1","1","MAT1_MAP1"
"10235",15.1,1156,"1","1","MAT1_MAP1"
"10236",13,1221,"1","1","MAT1_MAP1"
"10237",18.6,1252,"3","1","MAT3_MAP1"
"10238",13.4,1207,"1","1","MAT1_MAP1"
"10239",16.2,1185,"2","1","MAT2_MAP1"
"10240",13.4,1204,"1","1","MAT1_MAP1"
"10241",15.1,1179,"1","1","MAT1_MAP1"
"10242",14.2,1152,"1","1","MAT1_MAP1"
"10243",16.3,1183,"2","1","MAT2_MAP1"
"10244",15.3,1177,"1","1","MAT1_MAP1"
"10245",18.6,1245,"3","1","MAT3_MAP1"
"10246",16.4,1174,"2","1","MAT2_MAP1"
"10247",16.9,1167,"2","1","MAT2_MAP1"
"10248",18.7,1251,"3","1","MAT3_MAP1"
"10249",14.8,1153,"1","1","MAT1_MAP1"
"10250",12.9,1180,"1","1","MAT1_MAP1"
"10251",13.8,1172,"1","1","MAT1_MAP1"
"10252",16,1194,"2","1","MAT2_MAP1"
"10253",12.8,1113,"1","1","MAT1_MAP1"
"10254",15.5,1172,"1","1","MAT1_MAP1"
"10255",17.3,1223,"2","1","MAT2_MAP1"
"10256",16.6,1165,"2","1","MAT2_MAP1"
"10257",15.5,1187,"1","1","MAT1_MAP1"
"10258",17.7,1268,"2","2","MAT2_MAP2"
"10259",18.2,1256,"3","2","MAT3_MAP2"
"10260",12.9,1152,"1","1","MAT1_MAP1"
"10261",16.8,1166,"2","1","MAT2_MAP1"
"10262",15.9,1187,"2","1","MAT2_MAP1"
"10263",16.6,1170,"2","1","MAT2_MAP1"
"10264",17.3,1245,"2","1","MAT2_MAP1"
"10265",16.2,1179,"2","1","MAT2_MAP1"
"10266",16.2,1184,"2","1","MAT2_MAP1"
"10267",17.1,1167,"2","1","MAT2_MAP1"
"10268",15.8,1195,"1","1","MAT1_MAP1"
"10269",14.1,1136,"1","1","MAT1_MAP1"
"10270",17.8,1271,"2","2","MAT2_MAP2"
"10271",13,1174,"1","1","MAT1_MAP1"
"10272",16.9,1160,"2","1","MAT2_MAP1"
"10273",14.9,1137,"1","1","MAT1_MAP1"
"10274",14.8,1136,"1","1","MAT1_MAP1"
"10275",14,1126,"1","1","MAT1_MAP1"
"10276",15.9,1189,"2","1","MAT2_MAP1"
"10277",14.5,1126,"1","1","MAT1_MAP1"
"10278",17,1155,"2","1","MAT2_MAP1"
"10279",17.5,1258,"2","2","MAT2_MAP2"
"10280",13.2,1128,"1","1","MAT1_MAP1"
"10281",14.1,1124,"1","1","MAT1_MAP1"
"10282",18.2,1282,"3","2","MAT3_MAP2"
"10283",17.2,1176,"2","1","MAT2_MAP1"
"10284",13.2,1109,"1","1","MAT1_MAP1"
"10285",17.5,1264,"2","2","MAT2_MAP2"
"10286",16.6,1168,"2","1","MAT2_MAP1"
"10287",15.8,1188,"1","1","MAT1_MAP1"
"10288",17.4,1243,"2","1","MAT2_MAP1"
"10289",17.1,1166,"2","1","MAT2_MAP1"
"10290",15.5,1192,"1","1","MAT1_MAP1"
"10291",13.4,1129,"1","1","MAT1_MAP1"
"10292",17.2,1207,"2","1","MAT2_MAP1"
"10293",17.7,1271,"2","2","MAT2_MAP2"
"10294",17.2,1219,"2","1","MAT2_MAP1"
"10295",15.4,1180,"1","1","MAT1_MAP1"
"10296",14.8,1170,"1","1","MAT1_MAP1"
"10297",18.1,1301,"3","2","MAT3_MAP2"
"10298",17.7,1283,"2","2","MAT2_MAP2"
"10299",17.9,1310,"2","2","MAT2_MAP2"
"10300",17,1199,"2","1","MAT2_MAP1"
"10301",17.3,1234,"2","1","MAT2_MAP1"
"10302",16.4,1182,"2","1","MAT2_MAP1"
"10303",15.9,1196,"2","1","MAT2_MAP1"
"10304",14.6,1190,"1","1","MAT1_MAP1"
"10305",15.4,1189,"1","1","MAT1_MAP1"
"10306",13.4,1127,"1","1","MAT1_MAP1"
"10307",14.6,1186,"1","1","MAT1_MAP1"
"10308",14.7,1161,"1","1","MAT1_MAP1"
"10309",13.1,1113,"1","1","MAT1_MAP1"
"10310",18,1320,"2","2","MAT2_MAP2"
"10311",13.4,1109,"1","1","MAT1_MAP1"
"10312",15.9,1185,"2","1","MAT2_MAP1"
"10313",16.3,1188,"2","1","MAT2_MAP1"
"10314",13.5,1102,"1","1","MAT1_MAP1"
"10315",14.8,1173,"1","1","MAT1_MAP1"
"10316",15.4,1178,"1","1","MAT1_MAP1"
"10317",16.4,1181,"2","1","MAT2_MAP1"
"10318",13.5,1110,"1","1","MAT1_MAP1"
"10319",16.5,1179,"2","1","MAT2_MAP1"
"10320",17.7,1330,"2","2","MAT2_MAP2"
"10321",14.8,1172,"1","1","MAT1_MAP1"
"10322",17.6,1315,"2","2","MAT2_MAP2"
"10323",13,1063,"1","1","MAT1_MAP1"
"10324",15.1,1167,"1","1","MAT1_MAP1"
"10325",14.4,1109,"1","1","MAT1_MAP1"
"10326",17.3,1268,"2","2","MAT2_MAP2"
"10327",17.6,1313,"2","2","MAT2_MAP2"
"10328",14.4,1141,"1","1","MAT1_MAP1"
"10329",17.5,1305,"2","2","MAT2_MAP2"
"10330",17.8,1339,"2","2","MAT2_MAP2"
"10331",15.3,1181,"1","1","MAT1_MAP1"
"10332",14.5,1156,"1","1","MAT1_MAP1"
"10333",16.1,1180,"2","1","MAT2_MAP1"
"10334",13.5,1086,"1","1","MAT1_MAP1"
"10335",12.8,1069,"1","1","MAT1_MAP1"
"10336",16,1189,"2","1","MAT2_MAP1"
"10337",15.3,1157,"1","1","MAT1_MAP1"
"10338",14.3,1093,"1","1","MAT1_MAP1"
"10339",14.8,1174,"1","1","MAT1_MAP1"
"10340",17.4,1298,"2","2","MAT2_MAP2"
"10341",14.2,1114,"1","1","MAT1_MAP1"
"10342",17.2,1261,"2","2","MAT2_MAP2"
"10343",15.6,1174,"1","1","MAT1_MAP1"
"10344",17.4,1289,"2","2","MAT2_MAP2"
"10345",15.3,1172,"1","1","MAT1_MAP1"
"10346",16.4,1214,"2","1","MAT2_MAP1"
"10347",16.1,1183,"2","1","MAT2_MAP1"
"10348",16,1188,"2","1","MAT2_MAP1"
"10349",15.4,1151,"1","1","MAT1_MAP1"
"10350",14.1,1097,"1","1","MAT1_MAP1"
"10351",15.8,1190,"1","1","MAT1_MAP1"
"10352",15.4,1154,"1","1","MAT1_MAP1"
"10353",14.1,1119,"1","1","MAT1_MAP1"
"10354",16.6,1245,"2","1","MAT2_MAP1"
"10355",16.6,1244,"2","1","MAT2_MAP1"
"10356",17.4,1290,"2","2","MAT2_MAP2"
"10357",14,1131,"1","1","MAT1_MAP1"
"10358",15.5,1177,"1","1","MAT1_MAP1"
"10359",17.1,1273,"2","2","MAT2_MAP2"
"10360",13.2,1091,"1","1","MAT1_MAP1"
"10361",14.5,1138,"1","1","MAT1_MAP1"
"10362",14,1086,"1","1","MAT1_MAP1"
"10363",16.1,1203,"2","1","MAT2_MAP1"
"10364",16,1179,"2","1","MAT2_MAP1"
"10365",14.2,1117,"1","1","MAT1_MAP1"
"10366",14.6,1139,"1","1","MAT1_MAP1"
"10367",17.1,1285,"2","2","MAT2_MAP2"
"10368",14.6,1137,"1","1","MAT1_MAP1"
"10369",13.2,1102,"1","1","MAT1_MAP1"
"10370",16.6,1254,"2","2","MAT2_MAP2"
"10371",16.9,1269,"2","2","MAT2_MAP2"
"10372",15.9,1183,"2","1","MAT2_MAP1"
"10373",14.1,1089,"1","1","MAT1_MAP1"
"10374",14,1090,"1","1","MAT1_MAP1"
"10375",13.2,1108,"1","1","MAT1_MAP1"
"10376",16.4,1242,"2","1","MAT2_MAP1"
"10377",13.8,1083,"1","1","MAT1_MAP1"
"10378",13.3,1122,"1","1","MAT1_MAP1"
"10379",15.5,1183,"1","1","MAT1_MAP1"
"10380",16,1201,"2","1","MAT2_MAP1"
"10381",13.5,1099,"1","1","MAT1_MAP1"
"10382",14.4,1119,"1","1","MAT1_MAP1"
"10383",16.2,1235,"2","1","MAT2_MAP1"
"10384",16.5,1253,"2","2","MAT2_MAP2"
"10385",15.4,1147,"1","1","MAT1_MAP1"
"10386",16.6,1263,"2","2","MAT2_MAP2"
"10387",13.3,1119,"1","1","MAT1_MAP1"
"10388",13.3,1112,"1","1","MAT1_MAP1"
"10389",15.8,1208,"1","1","MAT1_MAP1"
"10390",14.8,1137,"1","1","MAT1_MAP1"
"10391",16.3,1249,"2","1","MAT2_MAP1"
"10392",14,1087,"1","1","MAT1_MAP1"
"10393",14.1,1085,"1","1","MAT1_MAP1"
"10394",13.3,1106,"1","1","MAT1_MAP1"
"10395",15.9,1230,"2","1","MAT2_MAP1"
"10396",16.2,1239,"2","1","MAT2_MAP1"
"10397",14.9,1157,"1","1","MAT1_MAP1"
"10398",16.3,1263,"2","2","MAT2_MAP2"
"10399",16.4,1264,"2","2","MAT2_MAP2"
"10400",15.9,1238,"2","1","MAT2_MAP1"
"10401",17,1354,"2","2","MAT2_MAP2"
"10402",13.5,1055,"1","1","MAT1_MAP1"
"10403",13.6,1103,"1","1","MAT1_MAP1"
"10404",13.3,1076,"1","1","MAT1_MAP1"
"10405",14.6,1140,"1","1","MAT1_MAP1"
"10406",13.3,1066,"1","1","MAT1_MAP1"
"10407",13.8,1102,"1","1","MAT1_MAP1"
"10408",17.1,1376,"2","2","MAT2_MAP2"
"10409",14.2,1110,"1","1","MAT1_MAP1"
"10410",17,1355,"2","2","MAT2_MAP2"
"10411",16.3,1298,"2","2","MAT2_MAP2"
"10412",16.7,1318,"2","2","MAT2_MAP2"
"10413",14.9,1148,"1","1","MAT1_MAP1"
"10414",14.8,1149,"1","1","MAT1_MAP1"
"10415",13.6,1100,"1","1","MAT1_MAP1"
"10416",15,1152,"1","1","MAT1_MAP1"
"10417",16.3,1292,"2","2","MAT2_MAP2"
"10418",14.6,1124,"1","1","MAT1_MAP1"
"10419",13.7,1107,"1","1","MAT1_MAP1"
"10420",15.3,1154,"1","1","MAT1_MAP1"
"10421",13.7,1109,"1","1","MAT1_MAP1"
"10422",13.6,1081,"1","1","MAT1_MAP1"
"10423",16.2,1293,"2","2","MAT2_MAP2"
"10424",13.4,1070,"1","1","MAT1_MAP1"
"10425",13.5,1082,"1","1","MAT1_MAP1"
"10426",16.2,1300,"2","2","MAT2_MAP2"
"10427",13.8,1108,"1","1","MAT1_MAP1"
"10428",15.9,1237,"2","1","MAT2_MAP1"
"10429",15.9,1240,"2","1","MAT2_MAP1"
"10430",13.8,1124,"1","1","MAT1_MAP1"
"10431",16.2,1297,"2","2","MAT2_MAP2"
"10432",16.6,1329,"2","2","MAT2_MAP2"
"10433",13.3,1084,"1","1","MAT1_MAP1"
"10434",13.8,1114,"1","1","MAT1_MAP1"
"10435",14.5,1140,"1","1","MAT1_MAP1"
"10436",17,1359,"2","2","MAT2_MAP2"
"10437",16.2,1281,"2","2","MAT2_MAP2"
"10438",17.2,1386,"2","2","MAT2_MAP2"
"10439",13.8,1121,"1","1","MAT1_MAP1"
"10440",15.5,1190,"1","1","MAT1_MAP1"
"10441",15,1138,"1","1","MAT1_MAP1"
"10442",15.5,1197,"1","1","MAT1_MAP1"
"10443",14.6,1129,"1","1","MAT1_MAP1"
"10444",15.1,1141,"1","1","MAT1_MAP1"
"10445",13.9,1115,"1","1","MAT1_MAP1"
"10446",13.9,1111,"1","1","MAT1_MAP1"
"10447",13.8,1122,"1","1","MAT1_MAP1"
"10448",17.1,1379,"2","2","MAT2_MAP2"
"10449",13.1,1058,"1","1","MAT1_MAP1"
"10450",12.8,1043,"1","1","MAT1_MAP1"
"10451",14.7,1125,"1","1","MAT1_MAP1"
"10452",14.9,1131,"1","1","MAT1_MAP1"
"10453",14.1,1123,"1","1","MAT1_MAP1"
"10454",14.3,1117,"1","1","MAT1_MAP1"
"10455",13.9,1119,"1","1","MAT1_MAP1"
"10456",14,1121,"1","1","MAT1_MAP1"
"10457",13.5,1073,"1","1","MAT1_MAP1"
"10458",13.9,1098,"1","1","MAT1_MAP1"
"10459",15.6,1226,"1","1","MAT1_MAP1"
"10460",13.9,1110,"1","1","MAT1_MAP1"
"10461",16.2,1318,"2","2","MAT2_MAP2"
"10462",16.2,1311,"2","2","MAT2_MAP2"
"10463",17.1,1385,"2","2","MAT2_MAP2"
"10464",16.9,1371,"2","2","MAT2_MAP2"
"10465",14,1105,"1","1","MAT1_MAP1"
"10466",12.8,1021,"1","1","MAT1_MAP1"
"10467",13.2,1072,"1","1","MAT1_MAP1"
"10468",14.1,1121,"1","1","MAT1_MAP1"
"10469",16.9,1367,"2","2","MAT2_MAP2"
"10470",14.8,1151,"1","1","MAT1_MAP1"
"10471",13.3,1039,"1","1","MAT1_MAP1"
"10472",13.6,1079,"1","1","MAT1_MAP1"
"10473",13.8,1084,"1","1","MAT1_MAP1"
"10474",15.4,1199,"1","1","MAT1_MAP1"
"10475",16.2,1299,"2","2","MAT2_MAP2"
"10476",15.5,1201,"1","1","MAT1_MAP1"
"10477",13.7,1070,"1","1","MAT1_MAP1"
"10478",13.4,1069,"1","1","MAT1_MAP1"
"10479",14.2,1091,"1","1","MAT1_MAP1"
"10480",13.4,1031,"1","1","MAT1_MAP1"
"10481",14.4,1112,"1","1","MAT1_MAP1"
"10482",14.9,1176,"1","1","MAT1_MAP1"
"10483",16.9,1380,"2","2","MAT2_MAP2"
"10484",14.2,1115,"1","1","MAT1_MAP1"
"10485",14.5,1157,"1","1","MAT1_MAP1"
"10486",13.7,1064,"1","1","MAT1_MAP1"
"10487",14,1080,"1","1","MAT1_MAP1"
"10488",13.9,1084,"1","1","MAT1_MAP1"
"10489",13.7,1075,"1","1","MAT1_MAP1"
"10490",14.3,1138,"1","1","MAT1_MAP1"
"10491",13.6,1048,"1","1","MAT1_MAP1"
"10492",14.5,1147,"1","1","MAT1_MAP1"
"10493",15.1,1200,"1","1","MAT1_MAP1"
"10494",15.5,1219,"1","1","MAT1_MAP1"
"10495",14.3,1121,"1","1","MAT1_MAP1"
"10496",14.8,1181,"1","1","MAT1_MAP1"
"10497",15.4,1215,"1","1","MAT1_MAP1"
"10498",16.7,1340,"2","2","MAT2_MAP2"
"10499",15.7,1237,"1","1","MAT1_MAP1"
"10500",14.4,1149,"1","1","MAT1_MAP1"
"10501",13.9,1099,"1","1","MAT1_MAP1"
"10502",13.9,1045,"1","1","MAT1_MAP1"
"10503",14.8,1178,"1","1","MAT1_MAP1"
"10504",14,1093,"1","1","MAT1_MAP1"
"10505",16.3,1313,"2","2","MAT2_MAP2"
"10506",15.3,1226,"1","1","MAT1_MAP1"
"10507",15.2,1222,"1","1","MAT1_MAP1"
"10508",16.7,1355,"2","2","MAT2_MAP2"
"10509",14.7,1172,"1","1","MAT1_MAP1"
"10510",14.4,1131,"1","1","MAT1_MAP1"
"10511",14.3,1098,"1","1","MAT1_MAP1"
"10512",14.7,1194,"1","1","MAT1_MAP1"
"10513",15.7,1257,"1","2","MAT1_MAP2"
"10514",14.4,1132,"1","1","MAT1_MAP1"
"10515",15.1,1208,"1","1","MAT1_MAP1"
"10516",14.7,1192,"1","1","MAT1_MAP1"
"10517",14.8,1200,"1","1","MAT1_MAP1"
"10518",15.2,1223,"1","1","MAT1_MAP1"
"10519",14.3,1114,"1","1","MAT1_MAP1"
"10520",14.2,1104,"1","1","MAT1_MAP1"
"10521",17,1394,"2","2","MAT2_MAP2"
"10522",14.3,1100,"1","1","MAT1_MAP1"
"10523",15.1,1222,"1","1","MAT1_MAP1"
"10524",14.3,1108,"1","1","MAT1_MAP1"
"10525",14.6,1116,"1","1","MAT1_MAP1"
"10526",15.1,1214,"1","1","MAT1_MAP1"
"10527",14.6,1114,"1","1","MAT1_MAP1"
"10528",15.6,1249,"1","1","MAT1_MAP1"
"10529",14.4,1121,"1","1","MAT1_MAP1"
"10530",15.2,1227,"1","1","MAT1_MAP1"
"10531",14.6,1118,"1","1","MAT1_MAP1"
"10532",16.2,1298,"2","2","MAT2_MAP2"
"10533",14.6,1104,"1","1","MAT1_MAP1"
"10534",15.3,1188,"1","1","MAT1_MAP1"
"10535",15.8,1238,"1","1","MAT1_MAP1"
"10536",16.4,1310,"2","2","MAT2_MAP2"
"10537",14.1,1020,"1","1","MAT1_MAP1"
"10538",13.8,1019,"1","1","MAT1_MAP1"
"10539",13.7,1026,"1","1","MAT1_MAP1"
"10540",13.6,1034,"1","1","MAT1_MAP1"
"10541",16.2,1102,"2","1","MAT2_MAP1"
"10542",16.5,1091,"2","1","MAT2_MAP1"
"10543",16,1120,"2","1","MAT2_MAP1"
"10544",16.1,1132,"2","1","MAT2_MAP1"
"10545",16.3,1122,"2","1","MAT2_MAP1"
"10546",16.2,1130,"2","1","MAT2_MAP1"
"10547",16.5,1105,"2","1","MAT2_MAP1"
"10548",19.6,1105,"3","1","MAT3_MAP1"
"10549",19.7,1101,"3","1","MAT3_MAP1"
"10550",19.6,1094,"3","1","MAT3_MAP1"
"10551",19.8,1098,"3","1","MAT3_MAP1"
"10552",16.1,1169,"2","1","MAT2_MAP1"
"10553",19.6,1119,"3","1","MAT3_MAP1"
"10554",19.8,1108,"3","1","MAT3_MAP1"
"10555",19.6,1116,"3","1","MAT3_MAP1"
"10556",19.6,1122,"3","1","MAT3_MAP1"
"10557",19.7,1115,"3","1","MAT3_MAP1"
"10558",19.6,1121,"3","1","MAT3_MAP1"
"10559",19.7,1114,"3","1","MAT3_MAP1"
"10560",19.5,1126,"3","1","MAT3_MAP1"
"10561",19.9,1120,"3","1","MAT3_MAP1"
"10562",19.5,1125,"3","1","MAT3_MAP1"
"10563",19.5,1106,"3","1","MAT3_MAP1"
"10564",19.8,1132,"3","1","MAT3_MAP1"
"10565",19.8,1130,"3","1","MAT3_MAP1"
"10566",19.6,1129,"3","1","MAT3_MAP1"
"10567",18.7,1068,"3","1","MAT3_MAP1"
"10568",19.6,1137,"3","1","MAT3_MAP1"
"10569",15.9,1217,"2","1","MAT2_MAP1"
"10570",18.9,1059,"3","1","MAT3_MAP1"
"10571",18.9,1056,"3","1","MAT3_MAP1"
"10572",16.5,1168,"2","1","MAT2_MAP1"
"10573",19.7,1139,"3","1","MAT3_MAP1"
"10574",19.6,1139,"3","1","MAT3_MAP1"
"10575",19.5,1102,"3","1","MAT3_MAP1"
"10576",19.9,1141,"3","1","MAT3_MAP1"
"10577",18.8,1055,"3","1","MAT3_MAP1"
"10578",19.8,1144,"3","1","MAT3_MAP1"
"10579",19.6,1145,"3","1","MAT3_MAP1"
"10580",18.3,1055,"3","1","MAT3_MAP1"
"10581",19.5,1141,"3","1","MAT3_MAP1"
"10582",19.5,1149,"3","1","MAT3_MAP1"
"10583",19.3,1097,"3","1","MAT3_MAP1"
"10584",19.4,1112,"3","1","MAT3_MAP1"
"10585",18.9,1075,"3","1","MAT3_MAP1"
"10586",18.9,1078,"3","1","MAT3_MAP1"
"10587",18.6,1062,"3","1","MAT3_MAP1"
"10588",19.5,1151,"3","1","MAT3_MAP1"
"10589",19.9,1158,"3","1","MAT3_MAP1"
"10590",19.4,1118,"3","1","MAT3_MAP1"
"10591",18.8,1068,"3","1","MAT3_MAP1"
"10592",19.3,1149,"3","1","MAT3_MAP1"
"10593",19.3,1150,"3","1","MAT3_MAP1"
"10594",19.6,1157,"3","1","MAT3_MAP1"
"10595",19.1,1085,"3","1","MAT3_MAP1"
"10596",17.9,1057,"2","1","MAT2_MAP1"
"10597",18.9,1071,"3","1","MAT3_MAP1"
"10598",18.9,1076,"3","1","MAT3_MAP1"
"10599",16.2,1231,"2","1","MAT2_MAP1"
"10600",19.3,1148,"3","1","MAT3_MAP1"
"10601",19,1087,"3","1","MAT3_MAP1"
"10602",19.4,1132,"3","1","MAT3_MAP1"
"10603",19.4,1179,"3","1","MAT3_MAP1"
"10604",16.7,1185,"2","1","MAT2_MAP1"
"10605",19.3,1156,"3","1","MAT3_MAP1"
"10606",15.5,1264,"1","2","MAT1_MAP2"
"10607",19,1070,"3","1","MAT3_MAP1"
"10608",18,1063,"2","1","MAT2_MAP1"
"10609",17.9,1071,"2","1","MAT2_MAP1"
"10610",19.3,1143,"3","1","MAT3_MAP1"
"10611",19,1085,"3","1","MAT3_MAP1"
"10612",19.2,1156,"3","1","MAT3_MAP1"
"10613",19.2,1165,"3","1","MAT3_MAP1"
"10614",16,1241,"2","1","MAT2_MAP1"
"10615",18.7,1078,"3","1","MAT3_MAP1"
"10616",19.1,1065,"3","1","MAT3_MAP1"
"10617",17.8,1065,"2","1","MAT2_MAP1"
"10618",19.4,1115,"3","1","MAT3_MAP1"
"10619",19.2,1174,"3","1","MAT3_MAP1"
"10620",18.6,1090,"3","1","MAT3_MAP1"
"10621",19.2,1169,"3","1","MAT3_MAP1"
"10622",19.2,1140,"3","1","MAT3_MAP1"
"10623",16.6,1215,"2","1","MAT2_MAP1"
"10624",19.2,1173,"3","1","MAT3_MAP1"
"10625",19.7,1206,"3","1","MAT3_MAP1"
"10626",18.7,1087,"3","1","MAT3_MAP1"
"10627",17.5,1087,"2","1","MAT2_MAP1"
"10628",19.8,1204,"3","1","MAT3_MAP1"
"10629",16.3,1245,"2","1","MAT2_MAP1"
"10630",19.7,1216,"3","1","MAT3_MAP1"
"10631",19.1,1118,"3","1","MAT3_MAP1"
"10632",19.1,1177,"3","1","MAT3_MAP1"
"10633",19.4,1212,"3","1","MAT3_MAP1"
"10634",16.4,1211,"2","1","MAT2_MAP1"
"10635",18.7,1089,"3","1","MAT3_MAP1"
"10636",19,1170,"3","1","MAT3_MAP1"
"10637",18.8,1092,"3","1","MAT3_MAP1"
"10638",18.9,1083,"3","1","MAT3_MAP1"
"10639",17.7,1078,"2","1","MAT2_MAP1"
"10640",18.5,1099,"3","1","MAT3_MAP1"
"10641",18.9,1084,"3","1","MAT3_MAP1"
"10642",20.1,1220,"3","1","MAT3_MAP1"
"10643",18.6,1097,"3","1","MAT3_MAP1"
"10644",20,1225,"3","1","MAT3_MAP1"
"10645",19.1,1201,"3","1","MAT3_MAP1"
"10646",19.1,1142,"3","1","MAT3_MAP1"
"10647",19.8,1230,"3","1","MAT3_MAP1"
"10648",17.8,1076,"2","1","MAT2_MAP1"
"10649",17.8,1091,"2","1","MAT2_MAP1"
"10650",19,1193,"3","1","MAT3_MAP1"
"10651",18.6,1111,"3","1","MAT3_MAP1"
"10652",17.4,1096,"2","1","MAT2_MAP1"
"10653",19.1,1153,"3","1","MAT3_MAP1"
"10654",19.1,1226,"3","1","MAT3_MAP1"
"10655",18.6,1107,"3","1","MAT3_MAP1"
"10656",19.1,1171,"3","1","MAT3_MAP1"
"10657",19.8,1240,"3","1","MAT3_MAP1"
"10658",19,1220,"3","1","MAT3_MAP1"
"10659",16.4,1252,"2","1","MAT2_MAP1"
"10660",17.7,1086,"2","1","MAT2_MAP1"
"10661",17.6,1093,"2","1","MAT2_MAP1"
"10662",19.1,1174,"3","1","MAT3_MAP1"
"10663",17.8,1087,"2","1","MAT2_MAP1"
"10664",17.6,1098,"2","1","MAT2_MAP1"
"10665",18.7,1111,"3","1","MAT3_MAP1"
"10666",18.9,1118,"3","1","MAT3_MAP1"
"10667",17,1197,"2","1","MAT2_MAP1"
"10668",18.8,1094,"3","1","MAT3_MAP1"
"10669",18.7,1102,"3","1","MAT3_MAP1"
"10670",18.7,1105,"3","1","MAT3_MAP1"
"10671",19.9,1252,"3","1","MAT3_MAP1"
"10672",15.6,1300,"1","2","MAT1_MAP2"
"10673",15.8,1294,"1","2","MAT1_MAP2"
"10674",18,1092,"2","1","MAT2_MAP1"
"10675",18.1,1102,"3","1","MAT3_MAP1"
"10676",18.3,1103,"3","1","MAT3_MAP1"
"10677",18.8,1130,"3","1","MAT3_MAP1"
"10678",18.9,1135,"3","1","MAT3_MAP1"
"10679",18.8,1104,"3","1","MAT3_MAP1"
"10680",18.8,1123,"3","1","MAT3_MAP1"
"10681",18,1097,"2","1","MAT2_MAP1"
"10682",18.9,1144,"3","1","MAT3_MAP1"
"10683",18.8,1117,"3","1","MAT3_MAP1"
"10684",17,1204,"2","1","MAT2_MAP1"
"10685",16.2,1246,"2","1","MAT2_MAP1"
"10686",18.3,1148,"3","1","MAT3_MAP1"
"10687",18.7,1117,"3","1","MAT3_MAP1"
"10688",16.8,1241,"2","1","MAT2_MAP1"
"10689",16.9,1231,"2","1","MAT2_MAP1"
"10690",17.5,1119,"2","1","MAT2_MAP1"
"10691",19.8,1274,"3","2","MAT3_MAP2"
"10692",19.9,1278,"3","2","MAT3_MAP2"
"10693",18.9,1134,"3","1","MAT3_MAP1"
"10694",18.8,1114,"3","1","MAT3_MAP1"
"10695",18.7,1115,"3","1","MAT3_MAP1"
"10696",18.8,1103,"3","1","MAT3_MAP1"
"10697",16.5,1270,"2","2","MAT2_MAP2"
"10698",19,1175,"3","1","MAT3_MAP1"
"10699",17.9,1103,"2","1","MAT2_MAP1"
"10700",15.8,1309,"1","2","MAT1_MAP2"
"10701",18.9,1136,"3","1","MAT3_MAP1"
"10702",16.1,1245,"2","1","MAT2_MAP1"
"10703",18.3,1124,"3","1","MAT3_MAP1"
"10704",18,1119,"2","1","MAT2_MAP1"
"10705",17.6,1115,"2","1","MAT2_MAP1"
"10706",17.6,1119,"2","1","MAT2_MAP1"
"10707",17.7,1112,"2","1","MAT2_MAP1"
"10708",18.4,1134,"3","1","MAT3_MAP1"
"10709",18.9,1190,"3","1","MAT3_MAP1"
"10710",18.6,1125,"3","1","MAT3_MAP1"
"10711",18.8,1138,"3","1","MAT3_MAP1"
"10712",18.9,1155,"3","1","MAT3_MAP1"
"10713",19,1211,"3","1","MAT3_MAP1"
"10714",18.8,1141,"3","1","MAT3_MAP1"
"10715",17,1215,"2","1","MAT2_MAP1"
"10716",18.5,1132,"3","1","MAT3_MAP1"
"10717",18.9,1106,"3","1","MAT3_MAP1"
"10718",18.5,1130,"3","1","MAT3_MAP1"
"10719",17.6,1122,"2","1","MAT2_MAP1"
"10720",19.1,1251,"3","1","MAT3_MAP1"
"10721",15.9,1312,"2","2","MAT2_MAP2"
"10722",16.9,1219,"2","1","MAT2_MAP1"
"10723",15.5,1321,"1","2","MAT1_MAP2"
"10724",17.6,1137,"2","1","MAT2_MAP1"
"10725",16,1239,"2","1","MAT2_MAP1"
"10726",17.6,1136,"2","1","MAT2_MAP1"
"10727",18.4,1136,"3","1","MAT3_MAP1"
"10728",17.7,1138,"2","1","MAT2_MAP1"
"10729",16.8,1260,"2","2","MAT2_MAP2"
"10730",16.5,1288,"2","2","MAT2_MAP2"
"10731",17.9,1138,"2","1","MAT2_MAP1"
"10732",19.1,1298,"3","2","MAT3_MAP2"
"10733",19.3,1309,"3","2","MAT3_MAP2"
"10734",18.9,1143,"3","1","MAT3_MAP1"
"10735",16.5,1280,"2","2","MAT2_MAP2"
"10736",18,1139,"2","1","MAT2_MAP1"
"10737",17.8,1141,"2","1","MAT2_MAP1"
"10738",19.5,1319,"3","2","MAT3_MAP2"
"10739",18.8,1272,"3","2","MAT3_MAP2"
"10740",18.7,1131,"3","1","MAT3_MAP1"
"10741",18.5,1141,"3","1","MAT3_MAP1"
"10742",18.8,1196,"3","1","MAT3_MAP1"
"10743",15.9,1247,"2","1","MAT2_MAP1"
"10744",15.7,1223,"1","1","MAT1_MAP1"
"10745",16.7,1264,"2","2","MAT2_MAP2"
"10746",18.2,1157,"3","1","MAT3_MAP1"
"10747",18,1148,"2","1","MAT2_MAP1"
"10748",17.9,1151,"2","1","MAT2_MAP1"
"10749",19.8,1331,"3","2","MAT3_MAP2"
"10750",18.8,1183,"3","1","MAT3_MAP1"
"10751",18,1146,"2","1","MAT2_MAP1"
"10752",18.8,1195,"3","1","MAT3_MAP1"
"10753",18.8,1271,"3","2","MAT3_MAP2"
"10754",19,1136,"3","1","MAT3_MAP1"
"10755",18.7,1132,"3","1","MAT3_MAP1"
"10756",18.5,1148,"3","1","MAT3_MAP1"
"10757",18.8,1137,"3","1","MAT3_MAP1"
"10758",15.3,1234,"1","1","MAT1_MAP1"
"10759",18.2,1165,"3","1","MAT3_MAP1"
"10760",19,1155,"3","1","MAT3_MAP1"
"10761",19,1147,"3","1","MAT3_MAP1"
"10762",18.8,1139,"3","1","MAT3_MAP1"
"10763",18.2,1154,"3","1","MAT3_MAP1"
"10764",18.7,1146,"3","1","MAT3_MAP1"
"10765",15,1344,"1","2","MAT1_MAP2"
"10766",15.1,1302,"1","2","MAT1_MAP2"
"10767",18.8,1140,"3","1","MAT3_MAP1"
"10768",18.7,1288,"3","2","MAT3_MAP2"
"10769",15.3,1281,"1","2","MAT1_MAP2"
"10770",18.7,1237,"3","1","MAT3_MAP1"
"10771",18.8,1273,"3","2","MAT3_MAP2"
"10772",18.7,1254,"3","2","MAT3_MAP2"
"10773",18.9,1157,"3","1","MAT3_MAP1"
"10774",18.9,1308,"3","2","MAT3_MAP2"
"10775",18.8,1298,"3","2","MAT3_MAP2"
"10776",18.8,1150,"3","1","MAT3_MAP1"
"10777",18.4,1165,"3","1","MAT3_MAP1"
"10778",18.7,1153,"3","1","MAT3_MAP1"
"10779",15.6,1320,"1","2","MAT1_MAP2"
"10780",15.2,1302,"1","2","MAT1_MAP2"
"10781",16,1325,"2","2","MAT2_MAP2"
"10782",15.4,1270,"1","2","MAT1_MAP2"
"10783",19.3,1342,"3","2","MAT3_MAP2"
"10784",18.7,1233,"3","1","MAT3_MAP1"
"10785",19,1174,"3","1","MAT3_MAP1"
"10786",15.4,1234,"1","1","MAT1_MAP1"
"10787",15.4,1247,"1","1","MAT1_MAP1"
"10788",18.7,1305,"3","2","MAT3_MAP2"
"10789",19.3,1347,"3","2","MAT3_MAP2"
"10790",18.1,1177,"3","1","MAT3_MAP1"
"10791",18,1182,"2","1","MAT2_MAP1"
"10792",16.7,1267,"2","2","MAT2_MAP2"
"10793",18.4,1182,"3","1","MAT3_MAP1"
"10794",15.1,1281,"1","2","MAT1_MAP2"
"10795",18.8,1163,"3","1","MAT3_MAP1"
"10796",19.1,1346,"3","2","MAT3_MAP2"
"10797",19.2,1355,"3","2","MAT3_MAP2"
"10798",17.9,1193,"2","1","MAT2_MAP1"
"10799",18,1203,"2","1","MAT2_MAP1"
"10800",15.8,1341,"1","2","MAT1_MAP2"
"10801",18.2,1196,"3","1","MAT3_MAP1"
"10802",15.5,1369,"1","2","MAT1_MAP2"
"10803",18.7,1317,"3","2","MAT3_MAP2"
"10804",18,1196,"2","1","MAT2_MAP1"
"10805",17.8,1195,"2","1","MAT2_MAP1"
"10806",18.6,1190,"3","1","MAT3_MAP1"
"10807",18.6,1186,"3","1","MAT3_MAP1"
"10808",19.9,1374,"3","2","MAT3_MAP2"
"10809",15.5,1133,"1","1","MAT1_MAP1"
"10810",18.1,1199,"3","1","MAT3_MAP1"
"10811",14.8,1343,"1","2","MAT1_MAP2"
"10812",16.4,1305,"2","2","MAT2_MAP2"
"10813",15.5,1325,"1","2","MAT1_MAP2"
"10814",15.4,1145,"1","1","MAT1_MAP1"
"10815",15.6,1087,"1","1","MAT1_MAP1"
"10816",15.2,1263,"1","2","MAT1_MAP2"
"10817",19.5,1379,"3","2","MAT3_MAP2"
"10818",19.7,1376,"3","2","MAT3_MAP2"
"10819",19.4,1377,"3","2","MAT3_MAP2"
"10820",17.7,1197,"2","1","MAT2_MAP1"
"10821",18.6,1213,"3","1","MAT3_MAP1"
"10822",18.1,1206,"3","1","MAT3_MAP1"
"10823",18.2,1207,"3","1","MAT3_MAP1"
"10824",15.4,1171,"1","1","MAT1_MAP1"
"10825",16.5,1299,"2","2","MAT2_MAP2"
"10826",18.6,1228,"3","1","MAT3_MAP1"
"10827",15.9,1086,"2","1","MAT2_MAP1"
"10828",19.3,1378,"3","2","MAT3_MAP2"
"10829",19.2,1367,"3","2","MAT3_MAP2"
"10830",18.7,1318,"3","2","MAT3_MAP2"
"10831",19.2,1373,"3","2","MAT3_MAP2"
"10832",17.9,1195,"2","1","MAT2_MAP1"
"10833",18.6,1305,"3","2","MAT3_MAP2"
"10834",18.7,1292,"3","2","MAT3_MAP2"
"10835",15,1207,"1","1","MAT1_MAP1"
"10836",15.4,1125,"1","1","MAT1_MAP1"
"10837",15.8,999,"1","1","MAT1_MAP1"
"10838",19.3,1383,"3","2","MAT3_MAP2"
"10839",15.4,1203,"1","1","MAT1_MAP1"
"10840",19.4,1387,"3","2","MAT3_MAP2"
"10841",18.5,1293,"3","2","MAT3_MAP2"
"10842",19.1,1367,"3","2","MAT3_MAP2"
"10843",18.6,1261,"3","2","MAT3_MAP2"
"10844",18.5,1248,"3","1","MAT3_MAP1"
"10845",17.7,1208,"2","1","MAT2_MAP1"
"10846",18.5,1226,"3","1","MAT3_MAP1"
"10847",18.1,1218,"3","1","MAT3_MAP1"
"10848",18,1224,"2","1","MAT2_MAP1"
"10849",19.6,1398,"3","2","MAT3_MAP2"
"10850",19.4,1389,"3","2","MAT3_MAP2"
"10851",16.8,1281,"2","2","MAT2_MAP2"
"10852",18.7,1261,"3","2","MAT3_MAP2"
"10853",18.6,1260,"3","2","MAT3_MAP2"
"10854",18.5,1257,"3","2","MAT3_MAP2"
"10855",18.6,1287,"3","2","MAT3_MAP2"
"10856",16.8,1277,"2","2","MAT2_MAP2"
"10857",19,1370,"3","2","MAT3_MAP2"
"10858",15.3,1053,"1","1","MAT1_MAP1"
"10859",16.2,1343,"2","2","MAT2_MAP2"
"10860",17,1265,"2","2","MAT2_MAP2"
"10861",18.4,1243,"3","1","MAT3_MAP1"
"10862",15.2,1233,"1","1","MAT1_MAP1"
"10863",18,1226,"2","1","MAT2_MAP1"
"10864",18.2,1212,"3","1","MAT3_MAP1"
"10865",19.6,1402,"3","2","MAT3_MAP2"
"10866",17.9,1201,"2","1","MAT2_MAP1"
"10867",18.7,1338,"3","2","MAT3_MAP2"
"10868",18.3,1241,"3","1","MAT3_MAP1"
"10869",18.6,1265,"3","2","MAT3_MAP2"
"10870",19.4,1396,"3","2","MAT3_MAP2"
"10871",18.4,1249,"3","1","MAT3_MAP1"
"10872",18.3,1243,"3","1","MAT3_MAP1"
"10873",15.3,1147,"1","1","MAT1_MAP1"
"10874",18.5,1247,"3","1","MAT3_MAP1"
"10875",15.5,1038,"1","1","MAT1_MAP1"
"10876",15,1261,"1","2","MAT1_MAP2"
"10877",15,1067,"1","1","MAT1_MAP1"
"10878",19.6,1411,"3","2","MAT3_MAP2"
"10879",19.6,1408,"3","2","MAT3_MAP2"
"10880",18,1213,"2","1","MAT2_MAP1"
"10881",19.5,1406,"3","2","MAT3_MAP2"
"10882",18.5,1287,"3","2","MAT3_MAP2"
"10883",18.7,1284,"3","2","MAT3_MAP2"
"10884",19.1,1377,"3","2","MAT3_MAP2"
"10885",17.5,1214,"2","1","MAT2_MAP1"
"10886",15,1412,"1","2","MAT1_MAP2"
"10887",18.1,1244,"3","1","MAT3_MAP1"
"10888",17.3,1218,"2","1","MAT2_MAP1"
"10889",15,1423,"1","3","MAT1_MAP3"
"10890",15.1,1428,"1","3","MAT1_MAP3"
"10891",15.3,1112,"1","1","MAT1_MAP1"
"10892",18.1,1260,"3","2","MAT3_MAP2"
"10893",15.9,777,"2","1","MAT2_MAP1"
"10894",15.3,1232,"1","1","MAT1_MAP1"
"10895",18.2,1255,"3","2","MAT3_MAP2"
"10896",18.7,1287,"3","2","MAT3_MAP2"
"10897",19.2,1397,"3","2","MAT3_MAP2"
"10898",19.6,1412,"3","2","MAT3_MAP2"
"10899",15.7,1391,"1","2","MAT1_MAP2"
"10900",19,1374,"3","2","MAT3_MAP2"
"10901",18.7,1291,"3","2","MAT3_MAP2"
"10902",15.9,1015,"2","1","MAT2_MAP1"
"10903",18.6,1292,"3","2","MAT3_MAP2"
"10904",18.5,1296,"3","2","MAT3_MAP2"
"10905",18.8,1300,"3","2","MAT3_MAP2"
"10906",15.3,1334,"1","2","MAT1_MAP2"
"10907",15.7,1395,"1","2","MAT1_MAP2"
"10908",19.4,1407,"3","2","MAT3_MAP2"
"10909",18.4,1270,"3","2","MAT3_MAP2"
"10910",19.5,1415,"3","2","MAT3_MAP2"
"10911",17.9,1268,"2","2","MAT2_MAP2"
"10912",14.9,1356,"1","2","MAT1_MAP2"
"10913",15.5,1130,"1","1","MAT1_MAP1"
"10914",15.8,1391,"1","2","MAT1_MAP2"
"10915",18.6,1306,"3","2","MAT3_MAP2"
"10916",19.3,1410,"3","2","MAT3_MAP2"
"10917",19.4,1413,"3","2","MAT3_MAP2"
"10918",17.9,1204,"2","1","MAT2_MAP1"
"10919",19.2,1404,"3","2","MAT3_MAP2"
"10920",17.9,1208,"2","1","MAT2_MAP1"
"10921",17.6,1218,"2","1","MAT2_MAP1"
"10922",17.9,1250,"2","1","MAT2_MAP1"
"10923",17.5,1199,"2","1","MAT2_MAP1"
"10924",17.9,1281,"2","2","MAT2_MAP2"
"10925",17.5,1195,"2","1","MAT2_MAP1"
"10926",17.2,1249,"2","1","MAT2_MAP1"
"10927",15,1471,"1","3","MAT1_MAP3"
"10928",15.7,1399,"1","2","MAT1_MAP2"
"10929",14.5,1389,"1","2","MAT1_MAP2"
"10930",17.9,1271,"2","2","MAT2_MAP2"
"10931",18.7,1350,"3","2","MAT3_MAP2"
"10932",19.1,1400,"3","2","MAT3_MAP2"
"10933",18.8,1367,"3","2","MAT3_MAP2"
"10934",18.4,1312,"3","2","MAT3_MAP2"
"10935",18.1,1224,"3","1","MAT3_MAP1"
"10936",19.5,1438,"3","3","MAT3_MAP3"
"10937",17.6,1192,"2","1","MAT2_MAP1"
"10938",15.6,1085,"1","1","MAT1_MAP1"
"10939",14.9,1495,"1","3","MAT1_MAP3"
"10940",18,1292,"2","2","MAT2_MAP2"
"10941",19.3,1428,"3","3","MAT3_MAP3"
"10942",18.4,1307,"3","2","MAT3_MAP2"
"10943",17.9,1278,"2","2","MAT2_MAP2"
"10944",17.5,1219,"2","1","MAT2_MAP1"
"10945",14.9,1368,"1","2","MAT1_MAP2"
"10946",15.6,1231,"1","1","MAT1_MAP1"
"10947",14.5,1494,"1","3","MAT1_MAP3"
"10948",15.5,1429,"1","3","MAT1_MAP3"
"10949",18.3,1345,"3","2","MAT3_MAP2"
"10950",18.6,1368,"3","2","MAT3_MAP2"
"10951",18.3,1336,"3","2","MAT3_MAP2"
"10952",18.6,1380,"3","2","MAT3_MAP2"
"10953",17.9,1303,"2","2","MAT2_MAP2"
"10954",14.7,1178,"1","1","MAT1_MAP1"
"10955",18.3,1323,"3","2","MAT3_MAP2"
"10956",15.9,1389,"2","2","MAT2_MAP2"
"10957",17.8,1281,"2","2","MAT2_MAP2"
"10958",18,1218,"2","1","MAT2_MAP1"
"10959",17.9,1283,"2","2","MAT2_MAP2"
"10960",14.7,1243,"1","1","MAT1_MAP1"
"10961",18.3,1321,"3","2","MAT3_MAP2"
"10962",18,1305,"2","2","MAT2_MAP2"
"10963",15.4,1106,"1","1","MAT1_MAP1"
"10964",18,1244,"2","1","MAT2_MAP1"
"10965",17.9,1276,"2","2","MAT2_MAP2"
"10966",15.6,1065,"1","1","MAT1_MAP1"
"10967",15.3,1117,"1","1","MAT1_MAP1"
"10968",14.9,1352,"1","2","MAT1_MAP2"
"10969",15.2,1296,"1","2","MAT1_MAP2"
"10970",18.9,1404,"3","2","MAT3_MAP2"
"10971",19,1420,"3","3","MAT3_MAP3"
"10972",18.1,1322,"3","2","MAT3_MAP2"
"10973",17.8,1287,"2","2","MAT2_MAP2"
"10974",17.8,1258,"2","2","MAT2_MAP2"
"10975",17.9,1295,"2","2","MAT2_MAP2"
"10976",14.7,1399,"1","2","MAT1_MAP2"
"10977",15.3,1197,"1","1","MAT1_MAP1"
"10978",15.4,1265,"1","2","MAT1_MAP2"
"10979",15.1,1310,"1","2","MAT1_MAP2"
"10980",15.5,1099,"1","1","MAT1_MAP1"
"10981",15.6,1120,"1","1","MAT1_MAP1"
"10982",18.2,1329,"3","2","MAT3_MAP2"
"10983",19.1,1419,"3","3","MAT3_MAP3"
"10984",19,1418,"3","3","MAT3_MAP3"
"10985",19,1411,"3","2","MAT3_MAP2"
"10986",18,1308,"2","2","MAT2_MAP2"
"10987",14.8,1362,"1","2","MAT1_MAP2"
"10988",18.8,1395,"3","2","MAT3_MAP2"
"10989",15.4,1271,"1","2","MAT1_MAP2"
"10990",15.6,1128,"1","1","MAT1_MAP1"
"10991",18.1,1314,"3","2","MAT3_MAP2"
"10992",15.3,1258,"1","2","MAT1_MAP2"
"10993",14.6,1254,"1","2","MAT1_MAP2"
"10994",17.8,1278,"2","2","MAT2_MAP2"
"10995",17.8,1269,"2","2","MAT2_MAP2"
"10996",16.4,1360,"2","2","MAT2_MAP2"
"10997",18.5,1396,"3","2","MAT3_MAP2"
"10998",14.4,1257,"1","2","MAT1_MAP2"
"10999",15,1331,"1","2","MAT1_MAP2"
"11000",15.5,1158,"1","1","MAT1_MAP1"
"11001",15.1,1337,"1","2","MAT1_MAP2"
"11002",17.5,1235,"2","1","MAT2_MAP1"
"11003",18.8,1402,"3","2","MAT3_MAP2"
"11004",18.2,1360,"3","2","MAT3_MAP2"
"11005",18.9,1411,"3","2","MAT3_MAP2"
"11006",14.9,1357,"1","2","MAT1_MAP2"
"11007",15,1394,"1","2","MAT1_MAP2"
"11008",14.6,1281,"1","2","MAT1_MAP2"
"11009",18.9,1438,"3","3","MAT3_MAP3"
"11010",15,1297,"1","2","MAT1_MAP2"
"11011",17.3,1257,"2","2","MAT2_MAP2"
"11012",19.4,1469,"3","3","MAT3_MAP3"
"11013",19.4,1465,"3","3","MAT3_MAP3"
"11014",18.4,1353,"3","2","MAT3_MAP2"
"11015",17.3,1250,"2","1","MAT2_MAP1"
"11016",17.3,1252,"2","1","MAT2_MAP1"
"11017",17,1296,"2","2","MAT2_MAP2"
"11018",15,1389,"1","2","MAT1_MAP2"
"11019",17.4,1263,"2","2","MAT2_MAP2"
"11020",18.6,1410,"3","2","MAT3_MAP2"
"11021",18.3,1377,"3","2","MAT3_MAP2"
"11022",15,1387,"1","2","MAT1_MAP2"
"11023",14.6,1376,"1","2","MAT1_MAP2"
"11024",17.3,1259,"2","2","MAT2_MAP2"
"11025",15,1175,"1","1","MAT1_MAP1"
"11026",17.1,1289,"2","2","MAT2_MAP2"
"11027",18.7,1381,"3","2","MAT3_MAP2"
"11028",18.5,1368,"3","2","MAT3_MAP2"
"11029",15.1,1294,"1","2","MAT1_MAP2"
"11030",15,1220,"1","1","MAT1_MAP1"
"11031",14.8,1377,"1","2","MAT1_MAP2"
"11032",15.1,1376,"1","2","MAT1_MAP2"
"11033",19.3,1457,"3","3","MAT3_MAP3"
"11034",19.2,1457,"3","3","MAT3_MAP3"
"11035",17.8,1308,"2","2","MAT2_MAP2"
"11036",14.9,1177,"1","1","MAT1_MAP1"
"11037",17.9,1270,"2","2","MAT2_MAP2"
"11038",17.8,1298,"2","2","MAT2_MAP2"
"11039",17.2,1259,"2","2","MAT2_MAP2"
"11040",17.5,1269,"2","2","MAT2_MAP2"
"11041",16.4,1370,"2","2","MAT2_MAP2"
"11042",17.2,1288,"2","2","MAT2_MAP2"
"11043",15,1426,"1","3","MAT1_MAP3"
"11044",15.8,1431,"1","3","MAT1_MAP3"
"11045",16.3,1378,"2","2","MAT2_MAP2"
"11046",14.9,1229,"1","1","MAT1_MAP1"
"11047",14.9,1320,"1","2","MAT1_MAP2"
"11048",14.9,1350,"1","2","MAT1_MAP2"
"11049",15,1183,"1","1","MAT1_MAP1"
"11050",17,1304,"2","2","MAT2_MAP2"
"11051",18.1,1362,"3","2","MAT3_MAP2"
"11052",16.5,1370,"2","2","MAT2_MAP2"
"11053",18.8,1444,"3","3","MAT3_MAP3"
"11054",18.8,1426,"3","3","MAT3_MAP3"
"11055",18.7,1408,"3","2","MAT3_MAP2"
"11056",15.1,1333,"1","2","MAT1_MAP2"
"11057",19,1462,"3","3","MAT3_MAP3"
"11058",19.4,1452,"3","3","MAT3_MAP3"
"11059",17.3,1276,"2","2","MAT2_MAP2"
"11060",17.5,1287,"2","2","MAT2_MAP2"
"11061",17.1,1301,"2","2","MAT2_MAP2"
"11062",17.9,1341,"2","2","MAT2_MAP2"
"11063",18.1,1364,"3","2","MAT3_MAP2"
"11064",18.8,1451,"3","3","MAT3_MAP3"
"11065",18.8,1442,"3","3","MAT3_MAP3"
"11066",15.2,1362,"1","2","MAT1_MAP2"
"11067",15.1,1455,"1","3","MAT1_MAP3"
"11068",17.6,1281,"2","2","MAT2_MAP2"
"11069",17.9,1264,"2","2","MAT2_MAP2"
"11070",15.4,1446,"1","3","MAT1_MAP3"
"11071",17.1,1313,"2","2","MAT2_MAP2"
"11072",18.2,1364,"3","2","MAT3_MAP2"
"11073",18.1,1381,"3","2","MAT3_MAP2"
"11074",15.5,1446,"1","3","MAT1_MAP3"
"11075",19.3,1451,"3","3","MAT3_MAP3"
"11076",18.9,1461,"3","3","MAT3_MAP3"
"11077",19.3,1458,"3","3","MAT3_MAP3"
"11078",14.6,1397,"1","2","MAT1_MAP2"
"11079",15.3,1377,"1","2","MAT1_MAP2"
"11080",15.2,1430,"1","3","MAT1_MAP3"
"11081",17.8,1297,"2","2","MAT2_MAP2"
"11082",15.8,1440,"1","3","MAT1_MAP3"
"11083",18.2,1395,"3","2","MAT3_MAP2"
"11084",18.3,1353,"3","2","MAT3_MAP2"
"11085",18.6,1415,"3","2","MAT3_MAP2"
"11086",18.3,1392,"3","2","MAT3_MAP2"
"11087",15.8,1437,"1","3","MAT1_MAP3"
"11088",18.7,1444,"3","3","MAT3_MAP3"
"11089",14.9,1380,"1","2","MAT1_MAP2"
"11090",15.3,1194,"1","1","MAT1_MAP1"
"11091",17.4,1292,"2","2","MAT2_MAP2"
"11092",17.5,1298,"2","2","MAT2_MAP2"
"11093",17.7,1304,"2","2","MAT2_MAP2"
"11094",18.2,1337,"3","2","MAT3_MAP2"
"11095",18.2,1325,"3","2","MAT3_MAP2"
"11096",16.5,1367,"2","2","MAT2_MAP2"
"11097",17.2,1289,"2","2","MAT2_MAP2"
"11098",17.2,1297,"2","2","MAT2_MAP2"
"11099",19.2,1470,"3","3","MAT3_MAP3"
"11100",17.1,1298,"2","2","MAT2_MAP2"
"11101",19.5,1444,"3","3","MAT3_MAP3"
"11102",15,1370,"1","2","MAT1_MAP2"
"11103",17.4,1295,"2","2","MAT2_MAP2"
"11104",17.3,1299,"2","2","MAT2_MAP2"
"11105",17.3,1296,"2","2","MAT2_MAP2"
"11106",17.3,1317,"2","2","MAT2_MAP2"
"11107",17.6,1302,"2","2","MAT2_MAP2"
"11108",17.7,1313,"2","2","MAT2_MAP2"
"11109",17.2,1291,"2","2","MAT2_MAP2"
"11110",17.9,1320,"2","2","MAT2_MAP2"
"11111",18.6,1445,"3","3","MAT3_MAP3"
"11112",19,1477,"3","3","MAT3_MAP3"
"11113",18.3,1366,"3","2","MAT3_MAP2"
"11114",15.2,1332,"1","2","MAT1_MAP2"
"11115",15,1201,"1","1","MAT1_MAP1"
"11116",19.6,1429,"3","3","MAT3_MAP3"
"11117",15,1339,"1","2","MAT1_MAP2"
"11118",17.6,1317,"2","2","MAT2_MAP2"
"11119",17.6,1322,"2","2","MAT2_MAP2"
"11120",18.3,1351,"3","2","MAT3_MAP2"
"11121",18.4,1410,"3","2","MAT3_MAP2"
"11122",18.5,1362,"3","2","MAT3_MAP2"
"11123",18.7,1462,"3","3","MAT3_MAP3"
"11124",18.4,1361,"3","2","MAT3_MAP2"
"11125",16.3,1388,"2","2","MAT2_MAP2"
"11126",17.1,1307,"2","2","MAT2_MAP2"
"11127",17.1,1304,"2","2","MAT2_MAP2"
"11128",18.5,1444,"3","3","MAT3_MAP3"
"11129",19.6,1428,"3","3","MAT3_MAP3"
"11130",19.2,1484,"3","3","MAT3_MAP3"
"11131",15.4,1272,"1","2","MAT1_MAP2"
"11132",18.5,1390,"3","2","MAT3_MAP2"
"11133",15.7,1403,"1","2","MAT1_MAP2"
"11134",17.2,1315,"2","2","MAT2_MAP2"
"11135",17.6,1326,"2","2","MAT2_MAP2"
"11136",18.6,1471,"3","3","MAT3_MAP3"
"11137",18.5,1453,"3","3","MAT3_MAP3"
"11138",18.6,1372,"3","2","MAT3_MAP2"
"11139",17.1,1308,"2","2","MAT2_MAP2"
"11140",18.8,1481,"3","3","MAT3_MAP3"
"11141",19.1,1498,"3","3","MAT3_MAP3"
"11142",18.8,1471,"3","3","MAT3_MAP3"
"11143",17,1308,"2","2","MAT2_MAP2"
"11144",15.4,1396,"1","2","MAT1_MAP2"
"11145",18.6,1391,"3","2","MAT3_MAP2"
"11146",17.2,1332,"2","2","MAT2_MAP2"
"11147",18.7,1477,"3","3","MAT3_MAP3"
"11148",15.1,1401,"1","2","MAT1_MAP2"
"11149",17.6,1347,"2","2","MAT2_MAP2"
"11150",18.4,1403,"3","2","MAT3_MAP2"
"11151",18.7,1476,"3","3","MAT3_MAP3"
"11152",18.7,1400,"3","2","MAT3_MAP2"
"11153",18.6,1388,"3","2","MAT3_MAP2"
"11154",18.8,1479,"3","3","MAT3_MAP3"
"11155",19.5,1474,"3","3","MAT3_MAP3"
"11156",19.1,1508,"3","3","MAT3_MAP3"
"11157",17,1300,"2","2","MAT2_MAP2"
"11158",18.7,1417,"3","2","MAT3_MAP2"
"11159",17.2,1302,"2","2","MAT2_MAP2"
"11160",15.6,1306,"1","2","MAT1_MAP2"
"11161",15.4,1357,"1","2","MAT1_MAP2"
"11162",14.8,1424,"1","3","MAT1_MAP3"
"11163",18.2,1361,"3","2","MAT3_MAP2"
"11164",18.7,1481,"3","3","MAT3_MAP3"
"11165",18.7,1466,"3","3","MAT3_MAP3"
"11166",18.7,1433,"3","3","MAT3_MAP3"
"11167",18.8,1476,"3","3","MAT3_MAP3"
"11168",16.4,1349,"2","2","MAT2_MAP2"
"11169",18.6,1413,"3","2","MAT3_MAP2"
"11170",18.7,1458,"3","3","MAT3_MAP3"
"11171",18.7,1488,"3","3","MAT3_MAP3"
"11172",17.7,1379,"2","2","MAT2_MAP2"
"11173",15.6,1290,"1","2","MAT1_MAP2"
"11174",17.7,1385,"2","2","MAT2_MAP2"
"11175",15.5,1271,"1","2","MAT1_MAP2"
"11176",17.8,1385,"2","2","MAT2_MAP2"
"11177",17.4,1362,"2","2","MAT2_MAP2"
"11178",15.9,1384,"2","2","MAT2_MAP2"
"11179",16,1407,"2","2","MAT2_MAP2"
"11180",18.8,1408,"3","2","MAT3_MAP2"
"11181",18.8,1422,"3","3","MAT3_MAP3"
"11182",18.8,1401,"3","2","MAT3_MAP2"
"11183",17.9,1392,"2","2","MAT2_MAP2"
"11184",17.3,1336,"2","2","MAT2_MAP2"
"11185",17.3,1341,"2","2","MAT2_MAP2"
"11186",17.7,1398,"2","2","MAT2_MAP2"
"11187",17.4,1323,"2","2","MAT2_MAP2"
"11188",18.8,1489,"3","3","MAT3_MAP3"
"11189",18.5,1392,"3","2","MAT3_MAP2"
"11190",18.8,1500,"3","3","MAT3_MAP3"
"11191",16.6,1317,"2","2","MAT2_MAP2"
"11192",19,1531,"3","3","MAT3_MAP3"
"11193",18.9,1420,"3","3","MAT3_MAP3"
"11194",15.2,1208,"1","1","MAT1_MAP1"
"11195",18,1398,"2","2","MAT2_MAP2"
"11196",15.8,1366,"1","2","MAT1_MAP2"
"11197",17.5,1338,"2","2","MAT2_MAP2"
"11198",17.5,1377,"2","2","MAT2_MAP2"
"11199",17.4,1329,"2","2","MAT2_MAP2"
"11200",15.4,1300,"1","2","MAT1_MAP2"
"11201",18.3,1414,"3","2","MAT3_MAP2"
"11202",18.8,1503,"3","3","MAT3_MAP3"
"11203",19,1538,"3","3","MAT3_MAP3"
"11204",16.9,1293,"2","2","MAT2_MAP2"
"11205",16.4,1355,"2","2","MAT2_MAP2"
"11206",16.6,1315,"2","2","MAT2_MAP2"
"11207",17.5,1353,"2","2","MAT2_MAP2"
"11208",17.4,1343,"2","2","MAT2_MAP2"
"11209",17.3,1340,"2","2","MAT2_MAP2"
"11210",17.9,1432,"2","3","MAT2_MAP3"
"11211",18.2,1430,"3","3","MAT3_MAP3"
"11212",16.2,1370,"2","2","MAT2_MAP2"
"11213",17,1279,"2","2","MAT2_MAP2"
"11214",17.1,1275,"2","2","MAT2_MAP2"
"11215",16.5,1320,"2","2","MAT2_MAP2"
"11216",16.4,1347,"2","2","MAT2_MAP2"
"11217",16.2,1379,"2","2","MAT2_MAP2"
"11218",15.9,1277,"2","2","MAT2_MAP2"
"11219",17.3,1310,"2","2","MAT2_MAP2"
"11220",17.5,1344,"2","2","MAT2_MAP2"
"11221",17.4,1312,"2","2","MAT2_MAP2"
"11222",18.6,1423,"3","3","MAT3_MAP3"
"11223",18.1,1446,"3","3","MAT3_MAP3"
"11224",18.1,1449,"3","3","MAT3_MAP3"
"11225",19.1,1571,"3","3","MAT3_MAP3"
"11226",16.3,1375,"2","2","MAT2_MAP2"
"11227",19,1562,"3","3","MAT3_MAP3"
"11228",18.9,1413,"3","2","MAT3_MAP2"
"11229",17.1,1278,"2","2","MAT2_MAP2"
"11230",16.4,1345,"2","2","MAT2_MAP2"
"11231",16.2,1341,"2","2","MAT2_MAP2"
"11232",18.2,1455,"3","3","MAT3_MAP3"
"11233",18.4,1436,"3","3","MAT3_MAP3"
"11234",18.8,1487,"3","3","MAT3_MAP3"
"11235",19.2,1579,"3","3","MAT3_MAP3"
"11236",16.6,1314,"2","2","MAT2_MAP2"
"11237",16.7,1312,"2","2","MAT2_MAP2"
"11238",16.2,1365,"2","2","MAT2_MAP2"
"11239",15.2,1246,"1","1","MAT1_MAP1"
"11240",16.3,1335,"2","2","MAT2_MAP2"
"11241",17.3,1308,"2","2","MAT2_MAP2"
"11242",18,1474,"2","3","MAT2_MAP3"
"11243",17.5,1327,"2","2","MAT2_MAP2"
"11244",18.9,1462,"3","3","MAT3_MAP3"
"11245",16.3,1361,"2","2","MAT2_MAP2"
"11246",18.8,1474,"3","3","MAT3_MAP3"
"11247",18.9,1525,"3","3","MAT3_MAP3"
"11248",16.2,1364,"2","2","MAT2_MAP2"
"11249",16.4,1351,"2","2","MAT2_MAP2"
"11250",16.4,1330,"2","2","MAT2_MAP2"
"11251",17.4,1315,"2","2","MAT2_MAP2"
"11252",18,1476,"2","3","MAT2_MAP3"
"11253",17.2,1323,"2","2","MAT2_MAP2"
"11254",18.8,1532,"3","3","MAT3_MAP3"
"11255",18.8,1493,"3","3","MAT3_MAP3"
"11256",17,1306,"2","2","MAT2_MAP2"
"11257",16.5,1330,"2","2","MAT2_MAP2"
"11258",18.3,1463,"3","3","MAT3_MAP3"
"11259",17,1310,"2","2","MAT2_MAP2"
"11260",17.8,1414,"2","2","MAT2_MAP2"
"11261",18.2,1471,"3","3","MAT3_MAP3"
"11262",17.8,1442,"2","3","MAT2_MAP3"
"11263",16.3,1356,"2","2","MAT2_MAP2"
"11264",16,1299,"2","2","MAT2_MAP2"
"11265",17.6,1356,"2","2","MAT2_MAP2"
"11266",18.6,1434,"3","3","MAT3_MAP3"
"11267",18.8,1526,"3","3","MAT3_MAP3"
"11268",18.7,1517,"3","3","MAT3_MAP3"
"11269",18.3,1467,"3","3","MAT3_MAP3"
"11270",16,1260,"2","2","MAT2_MAP2"
"11271",18.7,1499,"3","3","MAT3_MAP3"
"11272",16.9,1316,"2","2","MAT2_MAP2"
"11273",17.8,1411,"2","2","MAT2_MAP2"
"11274",19,1554,"3","3","MAT3_MAP3"
"11275",18.4,1456,"3","3","MAT3_MAP3"
"11276",18.8,1501,"3","3","MAT3_MAP3"
"11277",17,1332,"2","2","MAT2_MAP2"
"11278",18.6,1435,"3","3","MAT3_MAP3"
"11279",19,1536,"3","3","MAT3_MAP3"
"11280",18.4,1457,"3","3","MAT3_MAP3"
"11281",18.6,1436,"3","3","MAT3_MAP3"
"11282",16.5,1343,"2","2","MAT2_MAP2"
"11283",16.9,1331,"2","2","MAT2_MAP2"
"11284",16.5,1333,"2","2","MAT2_MAP2"
"11285",18.4,1452,"3","3","MAT3_MAP3"
"11286",16.6,1321,"2","2","MAT2_MAP2"
"11287",17.7,1338,"2","2","MAT2_MAP2"
"11288",17.6,1335,"2","2","MAT2_MAP2"
"11289",19,1549,"3","3","MAT3_MAP3"
"11290",17,1344,"2","2","MAT2_MAP2"
"11291",16.6,1333,"2","2","MAT2_MAP2"
"11292",15,1301,"1","2","MAT1_MAP2"
"11293",17.6,1331,"2","2","MAT2_MAP2"
"11294",16.5,1312,"2","2","MAT2_MAP2"
"11295",16.6,1291,"2","2","MAT2_MAP2"
"11296",18.7,1443,"3","3","MAT3_MAP3"
"11297",16.9,1342,"2","2","MAT2_MAP2"
"11298",16.9,1336,"2","2","MAT2_MAP2"
"11299",16.5,1301,"2","2","MAT2_MAP2"
"11300",18.1,1418,"3","3","MAT3_MAP3"
"11301",17.5,1335,"2","2","MAT2_MAP2"
"11302",18.3,1468,"3","3","MAT3_MAP3"
"11303",18.4,1435,"3","3","MAT3_MAP3"
"11304",18.3,1462,"3","3","MAT3_MAP3"
"11305",17,1353,"2","2","MAT2_MAP2"
"11306",18.3,1475,"3","3","MAT3_MAP3"
"11307",17.2,1354,"2","2","MAT2_MAP2"
"11308",18.2,1435,"3","3","MAT3_MAP3"
"11309",17.5,1343,"2","2","MAT2_MAP2"
"11310",18.4,1439,"3","3","MAT3_MAP3"
"11311",18.3,1460,"3","3","MAT3_MAP3"
"11312",18.2,1449,"3","3","MAT3_MAP3"
"11313",17.7,1331,"2","2","MAT2_MAP2"
"11314",17.9,1358,"2","2","MAT2_MAP2"
"11315",16.6,1289,"2","2","MAT2_MAP2"
"11316",17.3,1356,"2","2","MAT2_MAP2"
"11317",18.4,1455,"3","3","MAT3_MAP3"
"11318",18.3,1483,"3","3","MAT3_MAP3"
"11319",17,1363,"2","2","MAT2_MAP2"
"11320",16.5,1358,"2","2","MAT2_MAP2"
"11321",17.1,1364,"2","2","MAT2_MAP2"
"11322",16.7,1332,"2","2","MAT2_MAP2"
"11323",16.7,1362,"2","2","MAT2_MAP2"
"11324",18.7,1475,"3","3","MAT3_MAP3"
"11325",18.3,1479,"3","3","MAT3_MAP3"
"11326",16.6,1365,"2","2","MAT2_MAP2"
"11327",16.8,1296,"2","2","MAT2_MAP2"
"11328",16.7,1282,"2","2","MAT2_MAP2"
"11329",16.6,1372,"2","2","MAT2_MAP2"
"11330",16.9,1384,"2","2","MAT2_MAP2"
"11331",16.7,1378,"2","2","MAT2_MAP2"
"11332",18.4,1471,"3","3","MAT3_MAP3"
"11333",18.3,1427,"3","3","MAT3_MAP3"
"11334",17.6,1360,"2","2","MAT2_MAP2"
"11335",16.8,1385,"2","2","MAT2_MAP2"
"11336",18.3,1442,"3","3","MAT3_MAP3"
"11337",16.9,1397,"2","2","MAT2_MAP2"
"11338",16.8,1389,"2","2","MAT2_MAP2"
"11339",16.7,1375,"2","2","MAT2_MAP2"
"11340",16.8,1387,"2","2","MAT2_MAP2"
"11341",18.6,1464,"3","3","MAT3_MAP3"
"11342",17,1398,"2","2","MAT2_MAP2"
"11343",16.7,1364,"2","2","MAT2_MAP2"
"11344",18.5,1451,"3","3","MAT3_MAP3"
"11345",15.2,1269,"1","2","MAT1_MAP2"
"11346",17.1,1395,"2","2","MAT2_MAP2"
"11347",16.9,1393,"2","2","MAT2_MAP2"
"11348",16.5,1381,"2","2","MAT2_MAP2"
"11349",15.6,1271,"1","2","MAT1_MAP2"
"11350",16.8,1382,"2","2","MAT2_MAP2"
"11351",16.9,1343,"2","2","MAT2_MAP2"
"11352",16.8,1368,"2","2","MAT2_MAP2"
"11353",16.8,1360,"2","2","MAT2_MAP2"
"11354",17.1,1375,"2","2","MAT2_MAP2"
"11355",16.9,1345,"2","2","MAT2_MAP2"
"11356",17,1349,"2","2","MAT2_MAP2"
"11357",18.8,1540,"3","3","MAT3_MAP3"
"11358",16.4,1266,"2","2","MAT2_MAP2"
"11359",18.9,1556,"3","3","MAT3_MAP3"
"11360",18.6,1543,"3","3","MAT3_MAP3"
"11361",18.7,1548,"3","3","MAT3_MAP3"
"11362",18.5,1582,"3","3","MAT3_MAP3"
"11363",18.7,1582,"3","3","MAT3_MAP3"
"11364",18.4,1533,"3","3","MAT3_MAP3"
"11365",18.3,1542,"3","3","MAT3_MAP3"
"11366",18.2,1474,"3","3","MAT3_MAP3"
"11367",18.1,1538,"3","3","MAT3_MAP3"
"11368",18.2,1553,"3","3","MAT3_MAP3"
"11369",18.4,1601,"3","3","MAT3_MAP3"
"11370",18.1,1535,"3","3","MAT3_MAP3"
"11371",18.1,1541,"3","3","MAT3_MAP3"
"11372",18.3,1533,"3","3","MAT3_MAP3"
"11373",18,1458,"2","3","MAT2_MAP3"
"11374",18.1,1539,"3","3","MAT3_MAP3"
"11375",18.1,1530,"3","3","MAT3_MAP3"
"11376",18.9,1651,"3","3","MAT3_MAP3"
"11377",18,1457,"2","3","MAT2_MAP3"
"11378",17.8,1510,"2","3","MAT2_MAP3"
"11379",18.1,1576,"3","3","MAT3_MAP3"
"11380",18,1572,"2","3","MAT2_MAP3"
"11381",17.9,1476,"2","3","MAT2_MAP3"
"11382",19.1,1676,"3","3","MAT3_MAP3"
"11383",18,1560,"2","3","MAT2_MAP3"
"11384",18.9,1678,"3","3","MAT3_MAP3"
"11385",19.1,1690,"3","3","MAT3_MAP3"
"11386",17.8,1484,"2","3","MAT2_MAP3"
"11387",18.6,1641,"3","3","MAT3_MAP3"
"11388",18.8,1697,"3","3","MAT3_MAP3"
"11389",18,1559,"2","3","MAT2_MAP3"
"11390",18.7,1655,"3","3","MAT3_MAP3"
"11391",18.1,1573,"3","3","MAT3_MAP3"
"11392",18.7,1672,"3","3","MAT3_MAP3"
"11393",18.6,1630,"3","3","MAT3_MAP3"
"11394",19.1,1673,"3","3","MAT3_MAP3"
"11395",18.6,1648,"3","3","MAT3_MAP3"
"11396",19.3,1651,"3","3","MAT3_MAP3"
"11397",18.1,1557,"3","3","MAT3_MAP3"
"11398",19.6,1611,"3","3","MAT3_MAP3"
"11399",18,1547,"2","3","MAT2_MAP3"
"11400",18.1,1432,"3","3","MAT3_MAP3"
"11401",18.9,1655,"3","3","MAT3_MAP3"
"11402",18.6,1647,"3","3","MAT3_MAP3"
"11403",18.7,1660,"3","3","MAT3_MAP3"
"11404",18.1,1463,"3","3","MAT3_MAP3"
"11405",19.2,1641,"3","3","MAT3_MAP3"
"11406",17.8,1498,"2","3","MAT2_MAP3"
"11407",19,1641,"3","3","MAT3_MAP3"
"11408",18.4,1584,"3","3","MAT3_MAP3"
"11409",17.8,1405,"2","2","MAT2_MAP2"
"11410",18,1456,"2","3","MAT2_MAP3"
"11411",17.9,1449,"2","3","MAT2_MAP3"
"11412",18.7,1617,"3","3","MAT3_MAP3"
"11413",17.9,1514,"2","3","MAT2_MAP3"
"11414",18.3,1543,"3","3","MAT3_MAP3"
"11415",18.6,1613,"3","3","MAT3_MAP3"
"11416",18.6,1597,"3","3","MAT3_MAP3"
"11417",19.2,1610,"3","3","MAT3_MAP3"
"11418",18.7,1632,"3","3","MAT3_MAP3"
"11419",17.9,1370,"2","2","MAT2_MAP2"
"11420",18.2,1528,"3","3","MAT3_MAP3"
"11421",18.8,1590,"3","3","MAT3_MAP3"
"11422",18,1481,"2","3","MAT2_MAP3"
"11423",18.2,1490,"3","3","MAT3_MAP3"
"11424",18.2,1534,"3","3","MAT3_MAP3"
"11425",18.8,1621,"3","3","MAT3_MAP3"
"11426",17.7,1380,"2","2","MAT2_MAP2"
"11427",18.2,1512,"3","3","MAT3_MAP3"
"11428",19,1596,"3","3","MAT3_MAP3"
"11429",18.9,1609,"3","3","MAT3_MAP3"
"11430",18.9,1623,"3","3","MAT3_MAP3"
"11431",18.2,1501,"3","3","MAT3_MAP3"
"11432",17,1406,"2","2","MAT2_MAP2"
"11433",18.6,1596,"3","3","MAT3_MAP3"
"11434",19.3,1553,"3","3","MAT3_MAP3"
"11435",18.6,1582,"3","3","MAT3_MAP3"
"11436",18.1,1510,"3","3","MAT3_MAP3"
"11437",18.9,1633,"3","3","MAT3_MAP3"
"11438",17.7,1410,"2","2","MAT2_MAP2"
"11439",16,1372,"2","2","MAT2_MAP2"
"11440",17.7,1507,"2","3","MAT2_MAP3"
"11441",19.4,1541,"3","3","MAT3_MAP3"
"11442",18.5,1586,"3","3","MAT3_MAP3"
"11443",17.8,1512,"2","3","MAT2_MAP3"
"11444",16.2,1400,"2","2","MAT2_MAP2"
"11445",17.7,1464,"2","3","MAT2_MAP3"
"11446",16,1396,"2","2","MAT2_MAP2"
"11447",17.7,1435,"2","3","MAT2_MAP3"
"11448",19.2,1559,"3","3","MAT3_MAP3"
"11449",18.8,1582,"3","3","MAT3_MAP3"
"11450",17.6,1508,"2","3","MAT2_MAP3"
"11451",19.1,1595,"3","3","MAT3_MAP3"
"11452",17.1,1412,"2","2","MAT2_MAP2"
"11453",17.7,1522,"2","3","MAT2_MAP3"
"11454",17.6,1511,"2","3","MAT2_MAP3"
"11455",19.4,1531,"3","3","MAT3_MAP3"
"11456",19.4,1539,"3","3","MAT3_MAP3"
"11457",18.7,1551,"3","3","MAT3_MAP3"
"11458",19.4,1532,"3","3","MAT3_MAP3"
"11459",18.8,1600,"3","3","MAT3_MAP3"
"11460",18.7,1558,"3","3","MAT3_MAP3"
"11461",16.2,1409,"2","2","MAT2_MAP2"
"11462",17.6,1463,"2","3","MAT2_MAP3"
"11463",17.6,1449,"2","3","MAT2_MAP3"
"11464",16.3,1431,"2","3","MAT2_MAP3"
"11465",17.6,1424,"2","3","MAT2_MAP3"
"11466",17.7,1523,"2","3","MAT2_MAP3"
"11467",18.1,1547,"3","3","MAT3_MAP3"
"11468",19,1590,"3","3","MAT3_MAP3"
"11469",18.1,1540,"3","3","MAT3_MAP3"
"11470",17.6,1491,"2","3","MAT2_MAP3"
"11471",16.2,1417,"2","2","MAT2_MAP2"
"11472",19,1595,"3","3","MAT3_MAP3"
"11473",17.5,1435,"2","3","MAT2_MAP3"
"11474",17.5,1428,"2","3","MAT2_MAP3"
"11475",17.6,1458,"2","3","MAT2_MAP3"
"11476",17.5,1497,"2","3","MAT2_MAP3"
"11477",18.7,1572,"3","3","MAT3_MAP3"
"11478",16.9,1439,"2","3","MAT2_MAP3"
"11479",16.4,1436,"2","3","MAT2_MAP3"
"11480",17.6,1469,"2","3","MAT2_MAP3"
"11481",17.4,1467,"2","3","MAT2_MAP3"
"11482",19.1,1579,"3","3","MAT3_MAP3"
"11483",18.1,1531,"3","3","MAT3_MAP3"
"11484",17.3,1433,"2","3","MAT2_MAP3"
"11485",17.4,1500,"2","3","MAT2_MAP3"
"11486",19.4,1545,"3","3","MAT3_MAP3"
"11487",18.8,1585,"3","3","MAT3_MAP3"
"11488",17.3,1450,"2","3","MAT2_MAP3"
"11489",19.2,1568,"3","3","MAT3_MAP3"
"11490",17.8,1501,"2","3","MAT2_MAP3"
"11491",18.1,1513,"3","3","MAT3_MAP3"
"11492",17.5,1486,"2","3","MAT2_MAP3"
"11493",18.6,1576,"3","3","MAT3_MAP3"
"11494",17.8,1502,"2","3","MAT2_MAP3"
"11495",17.5,1490,"2","3","MAT2_MAP3"
"11496",17.3,1452,"2","3","MAT2_MAP3"
"11497",17.6,1481,"2","3","MAT2_MAP3"
"11498",17.3,1469,"2","3","MAT2_MAP3"
"11499",19.4,1553,"3","3","MAT3_MAP3"
"11500",19.2,1584,"3","3","MAT3_MAP3"
"11501",15.6,1344,"1","2","MAT1_MAP2"
"11502",16.1,1440,"2","3","MAT2_MAP3"
"11503",17.2,1474,"2","3","MAT2_MAP3"
"11504",17.3,1457,"2","3","MAT2_MAP3"
"11505",17.7,1493,"2","3","MAT2_MAP3"
"11506",17.2,1449,"2","3","MAT2_MAP3"
"11507",17.6,1480,"2","3","MAT2_MAP3"
"11508",17.2,1469,"2","3","MAT2_MAP3"
"11509",16.3,1443,"2","3","MAT2_MAP3"
"11510",19.1,1602,"3","3","MAT3_MAP3"
"11511",19.4,1559,"3","3","MAT3_MAP3"
"11512",19.2,1599,"3","3","MAT3_MAP3"
"11513",16.4,1438,"2","3","MAT2_MAP3"
"11514",16,1455,"2","3","MAT2_MAP3"
"11515",18.2,1481,"3","3","MAT3_MAP3"
"11516",17.2,1471,"2","3","MAT2_MAP3"
"11517",18.6,1579,"3","3","MAT3_MAP3"
"11518",18.3,1519,"3","3","MAT3_MAP3"
"11519",19.3,1586,"3","3","MAT3_MAP3"
"11520",18.5,1537,"3","3","MAT3_MAP3"
"11521",19.4,1565,"3","3","MAT3_MAP3"
"11522",19.3,1596,"3","3","MAT3_MAP3"
"11523",19.4,1560,"3","3","MAT3_MAP3"
"11524",19.3,1610,"3","3","MAT3_MAP3"
"11525",19.4,1576,"3","3","MAT3_MAP3"
"11526",17.1,1431,"2","3","MAT2_MAP3"
"11527",15.4,1358,"1","2","MAT1_MAP2"
"11528",17.4,1472,"2","3","MAT2_MAP3"
"11529",18.7,1562,"3","3","MAT3_MAP3"
"11530",15.9,1436,"2","3","MAT2_MAP3"
"11531",19.4,1592,"3","3","MAT3_MAP3"
"11532",17.8,1489,"2","3","MAT2_MAP3"
"11533",17.1,1474,"2","3","MAT2_MAP3"
"11534",18.4,1574,"3","3","MAT3_MAP3"
"11535",17.3,1482,"2","3","MAT2_MAP3"
"11536",19.2,1624,"3","3","MAT3_MAP3"
"11537",19,1614,"3","3","MAT3_MAP3"
"11538",19.2,1629,"3","3","MAT3_MAP3"
"11539",19.4,1612,"3","3","MAT3_MAP3"
"11540",19.2,1623,"3","3","MAT3_MAP3"
"11541",18.3,1501,"3","3","MAT3_MAP3"
"11542",18.4,1514,"3","3","MAT3_MAP3"
"11543",18.5,1585,"3","3","MAT3_MAP3"
"11544",19,1628,"3","3","MAT3_MAP3"
"11545",17.9,1487,"2","3","MAT2_MAP3"
"11546",16.7,1413,"2","2","MAT2_MAP2"
"11547",18.2,1522,"3","3","MAT3_MAP3"
"11548",17,1445,"2","3","MAT2_MAP3"
"11549",17.5,1477,"2","3","MAT2_MAP3"
"11550",16,1444,"2","3","MAT2_MAP3"
"11551",17.4,1457,"2","3","MAT2_MAP3"
"11552",18.8,1607,"3","3","MAT3_MAP3"
"11553",19.1,1628,"3","3","MAT3_MAP3"
"11554",19.3,1631,"3","3","MAT3_MAP3"
"11555",18.9,1608,"3","3","MAT3_MAP3"
"11556",19.5,1616,"3","3","MAT3_MAP3"
"11557",19.4,1624,"3","3","MAT3_MAP3"
"11558",16.7,1448,"2","3","MAT2_MAP3"
"11559",16.2,1451,"2","3","MAT2_MAP3"
"11560",16.6,1421,"2","3","MAT2_MAP3"
"11561",16.9,1454,"2","3","MAT2_MAP3"
"11562",15.2,1366,"1","2","MAT1_MAP2"
"11563",16.9,1453,"2","3","MAT2_MAP3"
"11564",15.9,1449,"2","3","MAT2_MAP3"
"11565",17.1,1453,"2","3","MAT2_MAP3"
"11566",17,1458,"2","3","MAT2_MAP3"
"11567",18.6,1578,"3","3","MAT3_MAP3"
"11568",17.5,1484,"2","3","MAT2_MAP3"
"11569",19.6,1606,"3","3","MAT3_MAP3"
"11570",19.6,1589,"3","3","MAT3_MAP3"
"11571",19.6,1596,"3","3","MAT3_MAP3"
"11572",19.3,1636,"3","3","MAT3_MAP3"
"11573",17.3,1460,"2","3","MAT2_MAP3"
"11574",16.9,1455,"2","3","MAT2_MAP3"
"11575",18.3,1590,"3","3","MAT3_MAP3"
"11576",19.1,1651,"3","3","MAT3_MAP3"
"11577",18.6,1602,"3","3","MAT3_MAP3"
"11578",16.5,1432,"2","3","MAT2_MAP3"
"11579",17.3,1434,"2","3","MAT2_MAP3"
"11580",15.7,1427,"1","3","MAT1_MAP3"
"11581",18.7,1615,"3","3","MAT3_MAP3"
"11582",19.6,1621,"3","3","MAT3_MAP3"
"11583",18.5,1544,"3","3","MAT3_MAP3"
"11584",18.1,1519,"3","3","MAT3_MAP3"
"11585",16.7,1438,"2","3","MAT2_MAP3"
"11586",15.6,1427,"1","3","MAT1_MAP3"
"11587",17.8,1465,"2","3","MAT2_MAP3"
"11588",17.2,1433,"2","3","MAT2_MAP3"
"11589",19.3,1656,"3","3","MAT3_MAP3"
"11590",18.5,1604,"3","3","MAT3_MAP3"
"11591",19.5,1640,"3","3","MAT3_MAP3"
"11592",19.2,1650,"3","3","MAT3_MAP3"
"11593",19.1,1636,"3","3","MAT3_MAP3"
"11594",19.3,1647,"3","3","MAT3_MAP3"
"11595",15.5,1436,"1","3","MAT1_MAP3"
"11596",15.4,1349,"1","2","MAT1_MAP2"
"11597",19.4,1641,"3","3","MAT3_MAP3"
"11598",15.2,1391,"1","2","MAT1_MAP2"
"11599",18.4,1599,"3","3","MAT3_MAP3"
"11600",19.2,1646,"3","3","MAT3_MAP3"
"11601",17.9,1495,"2","3","MAT2_MAP3"
"11602",17.8,1491,"2","3","MAT2_MAP3"
"11603",18.3,1557,"3","3","MAT3_MAP3"
"11604",18.1,1560,"3","3","MAT3_MAP3"
"11605",15.4,1425,"1","3","MAT1_MAP3"
"11606",18.4,1609,"3","3","MAT3_MAP3"
"11607",15.2,1392,"1","2","MAT1_MAP2"
"11608",19.5,1629,"3","3","MAT3_MAP3"
"11609",19.7,1592,"3","3","MAT3_MAP3"
"11610",15.9,1439,"2","3","MAT2_MAP3"
"11611",19.4,1637,"3","3","MAT3_MAP3"
"11612",16.9,1405,"2","2","MAT2_MAP2"
"11613",16.8,1425,"2","3","MAT2_MAP3"
"11614",16.6,1427,"2","3","MAT2_MAP3"
"11615",16.3,1432,"2","3","MAT2_MAP3"
"11616",19.4,1634,"3","3","MAT3_MAP3"
"11617",18.3,1605,"3","3","MAT3_MAP3"
"11618",19.1,1653,"3","3","MAT3_MAP3"
"11619",19.7,1595,"3","3","MAT3_MAP3"
"11620",17,1441,"2","3","MAT2_MAP3"
"11621",18.4,1583,"3","3","MAT3_MAP3"
"11622",18.5,1608,"3","3","MAT3_MAP3"
"11623",16.8,1409,"2","2","MAT2_MAP2"
"11624",17.7,1481,"2","3","MAT2_MAP3"
"11625",17.6,1425,"2","3","MAT2_MAP3"
"11626",17,1429,"2","3","MAT2_MAP3"
"11627",17.9,1506,"2","3","MAT2_MAP3"
"11628",18.4,1608,"3","3","MAT3_MAP3"
"11629",18.5,1577,"3","3","MAT3_MAP3"
"11630",19.3,1641,"3","3","MAT3_MAP3"
"11631",17.3,1428,"2","3","MAT2_MAP3"
"11632",16.2,1416,"2","2","MAT2_MAP2"
"11633",19.1,1643,"3","3","MAT3_MAP3"
"11634",16.9,1407,"2","2","MAT2_MAP2"
"11635",17.8,1523,"2","3","MAT2_MAP3"
"11636",17.7,1516,"2","3","MAT2_MAP3"
"11637",17.6,1433,"2","3","MAT2_MAP3"
"11638",19.4,1640,"3","3","MAT3_MAP3"
"11639",18.5,1616,"3","3","MAT3_MAP3"
"11640",19.1,1641,"3","3","MAT3_MAP3"
"11641",17.7,1436,"2","3","MAT2_MAP3"
"11642",17.7,1466,"2","3","MAT2_MAP3"
"11643",19.5,1638,"3","3","MAT3_MAP3"
"11644",17,1400,"2","2","MAT2_MAP2"
"11645",17.8,1533,"2","3","MAT2_MAP3"
"11646",19.7,1603,"3","3","MAT3_MAP3"
"11647",17.5,1427,"2","3","MAT2_MAP3"
"11648",19.1,1638,"3","3","MAT3_MAP3"
"11649",19.2,1652,"3","3","MAT3_MAP3"
"11650",19.5,1632,"3","3","MAT3_MAP3"
"11651",17.7,1469,"2","3","MAT2_MAP3"
"11652",16.8,1406,"2","2","MAT2_MAP2"
"11653",17.5,1462,"2","3","MAT2_MAP3"
"11654",19.6,1612,"3","3","MAT3_MAP3"
"11655",17.2,1468,"2","3","MAT2_MAP3"
"11656",18,1563,"2","3","MAT2_MAP3"
"11657",19.5,1639,"3","3","MAT3_MAP3"
"11658",19.2,1655,"3","3","MAT3_MAP3"
"11659",19.5,1625,"3","3","MAT3_MAP3"
"11660",18,1558,"2","3","MAT2_MAP3"
"11661",18.1,1561,"3","3","MAT3_MAP3"
"11662",17.5,1480,"2","3","MAT2_MAP3"
"11663",17.4,1436,"2","3","MAT2_MAP3"
"11664",16.1,1419,"2","3","MAT2_MAP3"
"11665",15,1409,"1","2","MAT1_MAP2"
"11666",16.9,1399,"2","2","MAT2_MAP2"
"11667",17.9,1540,"2","3","MAT2_MAP3"
"11668",18.2,1585,"3","3","MAT3_MAP3"
"11669",18.5,1613,"3","3","MAT3_MAP3"
"11670",17.3,1462,"2","3","MAT2_MAP3"
"11671",17,1386,"2","2","MAT2_MAP2"
"11672",17.5,1481,"2","3","MAT2_MAP3"
"11673",18.4,1634,"3","3","MAT3_MAP3"
"11674",15,1378,"1","2","MAT1_MAP2"
"11675",17.6,1509,"2","3","MAT2_MAP3"
"11676",17.4,1441,"2","3","MAT2_MAP3"
"11677",19.3,1633,"3","3","MAT3_MAP3"
"11678",18.1,1554,"3","3","MAT3_MAP3"
"11679",15.8,1422,"1","3","MAT1_MAP3"
"11680",16.3,1427,"2","3","MAT2_MAP3"
"11681",16.8,1401,"2","2","MAT2_MAP2"
"11682",19.3,1613,"3","3","MAT3_MAP3"
"11683",18.3,1615,"3","3","MAT3_MAP3"
"11684",17.2,1424,"2","3","MAT2_MAP3"
"11685",17.4,1533,"2","3","MAT2_MAP3"
"11686",17.6,1515,"2","3","MAT2_MAP3"
"11687",16,1420,"2","3","MAT2_MAP3"
"11688",17.5,1531,"2","3","MAT2_MAP3"
"11689",18.4,1614,"3","3","MAT3_MAP3"
"11690",19.3,1611,"3","3","MAT3_MAP3"
"11691",19.1,1620,"3","3","MAT3_MAP3"
"11692",17.6,1455,"2","3","MAT2_MAP3"
"11693",18.3,1608,"3","3","MAT3_MAP3"
"11694",18.3,1618,"3","3","MAT3_MAP3"
"11695",17.6,1554,"2","3","MAT2_MAP3"
"11696",18,1566,"2","3","MAT2_MAP3"
"11697",19.4,1593,"3","3","MAT3_MAP3"
"11698",18.8,1613,"3","3","MAT3_MAP3"
"11699",18.6,1612,"3","3","MAT3_MAP3"
"11700",17.7,1514,"2","3","MAT2_MAP3"
"11701",17.6,1523,"2","3","MAT2_MAP3"
"11702",18.1,1574,"3","3","MAT3_MAP3"
"11703",17.5,1529,"2","3","MAT2_MAP3"
"11704",18.3,1596,"3","3","MAT3_MAP3"
"11705",17.8,1521,"2","3","MAT2_MAP3"
"11706",18.6,1609,"3","3","MAT3_MAP3"
"11707",15.1,1377,"1","2","MAT1_MAP2"
"11708",15.3,1435,"1","3","MAT1_MAP3"
"11709",15.6,1424,"1","3","MAT1_MAP3"
"11710",16,1427,"2","3","MAT2_MAP3"
"11711",19.2,1611,"3","3","MAT3_MAP3"
"11712",18.8,1630,"3","3","MAT3_MAP3"
"11713",17.5,1513,"2","3","MAT2_MAP3"
"11714",18.7,1630,"3","3","MAT3_MAP3"
"11715",17.8,1541,"2","3","MAT2_MAP3"
"11716",17.5,1474,"2","3","MAT2_MAP3"
"11717",18.5,1623,"3","3","MAT3_MAP3"
"11718",18.2,1538,"3","3","MAT3_MAP3"
"11719",15.8,1471,"1","3","MAT1_MAP3"
"11720",18.3,1572,"3","3","MAT3_MAP3"
"11721",18.9,1625,"3","3","MAT3_MAP3"
"11722",14.9,1378,"1","2","MAT1_MAP2"
"11723",17.7,1465,"2","3","MAT2_MAP3"
"11724",18.1,1542,"3","3","MAT3_MAP3"
"11725",15.7,1458,"1","3","MAT1_MAP3"
"11726",17.6,1470,"2","3","MAT2_MAP3"
"11727",18.3,1571,"3","3","MAT3_MAP3"
"11728",16.2,1465,"2","3","MAT2_MAP3"
"11729",15.8,1472,"1","3","MAT1_MAP3"
"11730",16.8,1415,"2","2","MAT2_MAP2"
"11731",18.3,1570,"3","3","MAT3_MAP3"
"11732",18.5,1576,"3","3","MAT3_MAP3"
"11733",18.8,1614,"3","3","MAT3_MAP3"
"11734",19.4,1574,"3","3","MAT3_MAP3"
"11735",14.5,1369,"1","2","MAT1_MAP2"
"11736",19.5,1572,"3","3","MAT3_MAP3"
"11737",16,1478,"2","3","MAT2_MAP3"
"11738",19.3,1602,"3","3","MAT3_MAP3"
"11739",18.9,1611,"3","3","MAT3_MAP3"
"11740",14.1,1364,"1","2","MAT1_MAP2"
"11741",16,1486,"2","3","MAT2_MAP3"
"11742",15.3,1474,"1","3","MAT1_MAP3"
"11743",18.4,1563,"3","3","MAT3_MAP3"
"11744",18.6,1598,"3","3","MAT3_MAP3"
"11745",19.1,1610,"3","3","MAT3_MAP3"
"11746",18.9,1604,"3","3","MAT3_MAP3"
"11747",18.6,1567,"3","3","MAT3_MAP3"
"11748",15.3,1478,"1","3","MAT1_MAP3"
"11749",18.4,1551,"3","3","MAT3_MAP3"
"11750",14.6,1448,"1","3","MAT1_MAP3"
"11751",17.6,1427,"2","3","MAT2_MAP3"
"11752",16,1501,"2","3","MAT2_MAP3"
"11753",18.3,1525,"3","3","MAT3_MAP3"
"11754",18.1,1501,"3","3","MAT3_MAP3"
"11755",18,1516,"2","3","MAT2_MAP3"
"11756",17.7,1457,"2","3","MAT2_MAP3"
"11757",18.1,1533,"3","3","MAT3_MAP3"
"11758",18.4,1549,"3","3","MAT3_MAP3"
"11759",17.7,1434,"2","3","MAT2_MAP3"
"11760",17.9,1515,"2","3","MAT2_MAP3"
"11761",17.8,1507,"2","3","MAT2_MAP3"
"11762",15.3,1507,"1","3","MAT1_MAP3"
"11763",18.3,1559,"3","3","MAT3_MAP3"
"11764",15.4,1509,"1","3","MAT1_MAP3"
"11765",17.8,1451,"2","3","MAT2_MAP3"
"11766",16,1503,"2","3","MAT2_MAP3"
"11767",19.7,1568,"3","3","MAT3_MAP3"
"11768",16.6,1463,"2","3","MAT2_MAP3"
"11769",19.2,1635,"3","3","MAT3_MAP3"
"11770",15,1474,"1","3","MAT1_MAP3"
"11771",18.9,1594,"3","3","MAT3_MAP3"
"11772",17.9,1551,"2","3","MAT2_MAP3"
"11773",19.2,1631,"3","3","MAT3_MAP3"
"11774",14.9,1453,"1","3","MAT1_MAP3"
"11775",17.7,1499,"2","3","MAT2_MAP3"
"11776",19.8,1553,"3","3","MAT3_MAP3"
"11777",17.9,1555,"2","3","MAT2_MAP3"
"11778",19.1,1650,"3","3","MAT3_MAP3"
"11779",18.3,1567,"3","3","MAT3_MAP3"
"11780",19.5,1597,"3","3","MAT3_MAP3"
"11781",18.8,1577,"3","3","MAT3_MAP3"
"11782",18.4,1558,"3","3","MAT3_MAP3"
"11783",15.3,1509,"1","3","MAT1_MAP3"
"11784",19.4,1622,"3","3","MAT3_MAP3"
"11785",17.8,1463,"2","3","MAT2_MAP3"
"11786",17.8,1548,"2","3","MAT2_MAP3"
"11787",17.9,1550,"2","3","MAT2_MAP3"
"11788",18.5,1552,"3","3","MAT3_MAP3"
"11789",18.8,1599,"3","3","MAT3_MAP3"
"11790",15.5,1509,"1","3","MAT1_MAP3"
"11791",18.4,1550,"3","3","MAT3_MAP3"
"11792",14.8,1498,"1","3","MAT1_MAP3"
"11793",17.8,1408,"2","2","MAT2_MAP2"
"11794",16,1493,"2","3","MAT2_MAP3"
"11795",19.8,1543,"3","3","MAT3_MAP3"
"11796",19.3,1623,"3","3","MAT3_MAP3"
"11797",19.5,1584,"3","3","MAT3_MAP3"
"11798",19.6,1557,"3","3","MAT3_MAP3"
"11799",19.3,1620,"3","3","MAT3_MAP3"
"11800",19.2,1621,"3","3","MAT3_MAP3"
"11801",19.8,1532,"3","3","MAT3_MAP3"
"11802",19,1633,"3","3","MAT3_MAP3"
"11803",16.5,1466,"2","3","MAT2_MAP3"
"11804",18.3,1508,"3","3","MAT3_MAP3"
"11805",17.9,1478,"2","3","MAT2_MAP3"
"11806",19.7,1541,"3","3","MAT3_MAP3"
"11807",19.5,1576,"3","3","MAT3_MAP3"
"11808",19.6,1550,"3","3","MAT3_MAP3"
"11809",17.6,1401,"2","2","MAT2_MAP2"
"11810",19.1,1622,"3","3","MAT3_MAP3"
"11811",18.8,1631,"3","3","MAT3_MAP3"
"11812",17,1432,"2","3","MAT2_MAP3"
"11813",17.1,1424,"2","3","MAT2_MAP3"
"11814",19.7,1520,"3","3","MAT3_MAP3"
"11815",17.9,1490,"2","3","MAT2_MAP3"
"11816",18.3,1613,"3","3","MAT3_MAP3"
"11817",17.1,1433,"2","3","MAT2_MAP3"
"11818",17.9,1494,"2","3","MAT2_MAP3"
"11819",17.8,1488,"2","3","MAT2_MAP3"
"11820",18,1579,"2","3","MAT2_MAP3"
"11821",19.8,1497,"3","3","MAT3_MAP3"
"11822",19.8,1495,"3","3","MAT3_MAP3"
"11823",19.1,1600,"3","3","MAT3_MAP3"
"11824",17.1,1427,"2","3","MAT2_MAP3"
"11825",18.5,1621,"3","3","MAT3_MAP3"
"11826",18.2,1607,"3","3","MAT3_MAP3"
"11827",17.8,1440,"2","3","MAT2_MAP3"
"11828",18,1533,"2","3","MAT2_MAP3"
"11829",18.1,1608,"3","3","MAT3_MAP3"
"11830",18,1362,"2","2","MAT2_MAP2"
"11831",17.8,1400,"2","2","MAT2_MAP2"
"11832",17.7,1428,"2","3","MAT2_MAP3"
"11833",17.9,1559,"2","3","MAT2_MAP3"
"11834",18.3,1595,"3","3","MAT3_MAP3"
"11835",18.3,1599,"3","3","MAT3_MAP3"
"11836",18,1570,"2","3","MAT2_MAP3"
"11837",18.2,1606,"3","3","MAT3_MAP3"
"11838",17.2,1441,"2","3","MAT2_MAP3"
"11839",18,1366,"2","2","MAT2_MAP2"
"11840",17.9,1472,"2","3","MAT2_MAP3"
"11841",17.9,1454,"2","3","MAT2_MAP3"
"11842",18.2,1598,"3","3","MAT3_MAP3"
"11843",18.1,1588,"3","3","MAT3_MAP3"
"11844",18.3,1623,"3","3","MAT3_MAP3"
"11845",17.8,1461,"2","3","MAT2_MAP3"
"11846",18.3,1591,"3","3","MAT3_MAP3"
"11847",16.9,1460,"2","3","MAT2_MAP3"
"11848",17.6,1389,"2","2","MAT2_MAP2"
"11849",18.1,1318,"3","2","MAT3_MAP2"
"11850",18.1,1605,"3","3","MAT3_MAP3"
"11851",17.5,1413,"2","2","MAT2_MAP2"
"11852",18.1,1395,"3","2","MAT3_MAP2"
"11853",19.5,1543,"3","3","MAT3_MAP3"
"11854",18.4,1604,"3","3","MAT3_MAP3"
"11855",18,1370,"2","2","MAT2_MAP2"
"11856",18,1452,"2","3","MAT2_MAP3"
"11857",19.6,1527,"3","3","MAT3_MAP3"
"11858",18.3,1588,"3","3","MAT3_MAP3"
"11859",18,1497,"2","3","MAT2_MAP3"
"11860",17.5,1416,"2","2","MAT2_MAP2"
"11861",19.3,1545,"3","3","MAT3_MAP3"
"11862",18.3,1569,"3","3","MAT3_MAP3"
"11863",17.5,1415,"2","2","MAT2_MAP2"
"11864",18.4,1589,"3","3","MAT3_MAP3"
"11865",18.3,1578,"3","3","MAT3_MAP3"
"11866",18.1,1503,"3","3","MAT3_MAP3"
"11867",19.2,1552,"3","3","MAT3_MAP3"
"11868",18.3,1581,"3","3","MAT3_MAP3"
"11869",18.1,1553,"3","3","MAT3_MAP3"
"11870",18,1545,"2","3","MAT2_MAP3"
"11871",19.3,1536,"3","3","MAT3_MAP3"
"11872",19.2,1529,"3","3","MAT3_MAP3"
"11873",18.1,1551,"3","3","MAT3_MAP3"
"11874",19.2,1539,"3","3","MAT3_MAP3"
"11875",18,1346,"2","2","MAT2_MAP2"
"11876",18.1,1568,"3","3","MAT3_MAP3"
"11877",19,1548,"3","3","MAT3_MAP3"
"11878",18.1,1564,"3","3","MAT3_MAP3"
"11879",18.5,1565,"3","3","MAT3_MAP3"
"11880",16.7,1422,"2","3","MAT2_MAP3"
"11881",18.2,1556,"3","3","MAT3_MAP3"
"11882",17.4,1384,"2","2","MAT2_MAP2"
"11883",18.4,1559,"3","3","MAT3_MAP3"
"11884",18.6,1552,"3","3","MAT3_MAP3"
"11885",18.2,1540,"3","3","MAT3_MAP3"
"11886",18.2,1539,"3","3","MAT3_MAP3"
"11887",17.9,1530,"2","3","MAT2_MAP3"
"11888",18.1,1525,"3","3","MAT3_MAP3"
"11889",18.6,1555,"3","3","MAT3_MAP3"
"11890",18.2,1520,"3","3","MAT3_MAP3"
"11891",16.3,1457,"2","3","MAT2_MAP3"
"11892",16.4,1457,"2","3","MAT2_MAP3"
"11893",16.5,1449,"2","3","MAT2_MAP3"
"11894",16.2,1476,"2","3","MAT2_MAP3"
"11895",18.2,1322,"3","2","MAT3_MAP2"
"11896",18.4,1528,"3","3","MAT3_MAP3"
"11897",19.1,1577,"3","3","MAT3_MAP3"
"11898",17,1427,"2","3","MAT2_MAP3"
"11899",18,1418,"2","3","MAT2_MAP3"
"11900",18,1354,"2","2","MAT2_MAP2"
"11901",18.6,1546,"3","3","MAT3_MAP3"
"11902",19.1,1589,"3","3","MAT3_MAP3"
"11903",18,1343,"2","2","MAT2_MAP2"
"11904",18.5,1507,"3","3","MAT3_MAP3"
"11905",19.4,1566,"3","3","MAT3_MAP3"
"11906",16,1460,"2","3","MAT2_MAP3"
"11907",16.1,1442,"2","3","MAT2_MAP3"
"11908",19.2,1591,"3","3","MAT3_MAP3"
"11909",18.6,1494,"3","3","MAT3_MAP3"
"11910",19.5,1548,"3","3","MAT3_MAP3"
"11911",18.7,1563,"3","3","MAT3_MAP3"
"11912",18.8,1541,"3","3","MAT3_MAP3"
"11913",16,1474,"2","3","MAT2_MAP3"
"11914",17.8,1373,"2","2","MAT2_MAP2"
"11915",17.3,1414,"2","2","MAT2_MAP2"
"11916",16.8,1450,"2","3","MAT2_MAP3"
"11917",18.9,1495,"3","3","MAT3_MAP3"
"11918",15.8,1468,"1","3","MAT1_MAP3"
"11919",17.4,1404,"2","2","MAT2_MAP2"
"11920",17.5,1401,"2","2","MAT2_MAP2"
"11921",16,1472,"2","3","MAT2_MAP3"
"11922",15.7,1475,"1","3","MAT1_MAP3"
"11923",18.2,1407,"3","2","MAT3_MAP2"
"11924",19.3,1572,"3","3","MAT3_MAP3"
"11925",19,1522,"3","3","MAT3_MAP3"
"11926",15.6,1489,"1","3","MAT1_MAP3"
"11927",19.5,1560,"3","3","MAT3_MAP3"
"11928",17.8,1355,"2","2","MAT2_MAP2"
"11929",18.3,1398,"3","2","MAT3_MAP2"
"11930",18,1352,"2","2","MAT2_MAP2"
"11931",18,1359,"2","2","MAT2_MAP2"
"11932",19,1473,"3","3","MAT3_MAP3"
"11933",18.7,1437,"3","3","MAT3_MAP3"
"11934",18.3,1384,"3","2","MAT3_MAP2"
"11935",18.4,1401,"3","2","MAT3_MAP2"
"11936",15.4,1476,"1","3","MAT1_MAP3"
"11937",19.4,1567,"3","3","MAT3_MAP3"
"11938",19.1,1495,"3","3","MAT3_MAP3"
"11939",17.5,1386,"2","2","MAT2_MAP2"
"11940",16.7,1456,"2","3","MAT2_MAP3"
"11941",17.6,1372,"2","2","MAT2_MAP2"
"11942",16.6,1464,"2","3","MAT2_MAP3"
"11943",16.2,1469,"2","3","MAT2_MAP3"
"11944",19.4,1570,"3","3","MAT3_MAP3"
"11945",15.2,1491,"1","3","MAT1_MAP3"
"11946",17.3,1407,"2","2","MAT2_MAP2"
"11947",17.8,1347,"2","2","MAT2_MAP2"
"11948",18.5,1353,"3","2","MAT3_MAP2"
"11949",16.4,1470,"2","3","MAT2_MAP3"
"11950",15.3,1466,"1","3","MAT1_MAP3"
"11951",18.9,1352,"3","2","MAT3_MAP2"
"11952",15.5,1465,"1","3","MAT1_MAP3"
"11953",18.6,1360,"3","2","MAT3_MAP2"
"11954",17.8,1338,"2","2","MAT2_MAP2"
"11955",17,1431,"2","3","MAT2_MAP3"
"11956",18.9,1333,"3","2","MAT3_MAP2"
"11957",17.9,1340,"2","2","MAT2_MAP2"
"11958",17.4,1386,"2","2","MAT2_MAP2"
"11959",16.5,1459,"2","3","MAT2_MAP3"
"11960",16.1,1461,"2","3","MAT2_MAP3"
"11961",18.4,1356,"3","2","MAT3_MAP2"
"11962",18.6,1352,"3","2","MAT3_MAP2"
"11963",17.8,1346,"2","2","MAT2_MAP2"
"11964",15,1467,"1","3","MAT1_MAP3"
"11965",18.3,1360,"3","2","MAT3_MAP2"
"11966",15.9,1451,"2","3","MAT2_MAP3"
"11967",16,1458,"2","3","MAT2_MAP3"
"11968",18.5,1354,"3","2","MAT3_MAP2"
"11969",16.5,1450,"2","3","MAT2_MAP3"
"11970",18.7,1342,"3","2","MAT3_MAP2"
"11971",19,1405,"3","2","MAT3_MAP2"
"11972",15.1,1463,"1","3","MAT1_MAP3"
"11973",17.7,1328,"2","2","MAT2_MAP2"
"11974",16.4,1426,"2","3","MAT2_MAP3"
"11975",15.6,1456,"1","3","MAT1_MAP3"
"11976",17.7,1343,"2","2","MAT2_MAP2"
"11977",19,1492,"3","3","MAT3_MAP3"
"11978",15.4,1443,"1","3","MAT1_MAP3"
"11979",17.7,1325,"2","2","MAT2_MAP2"
"11980",18.3,1349,"3","2","MAT3_MAP2"
"11981",19,1377,"3","2","MAT3_MAP2"
"11982",17.8,1321,"2","2","MAT2_MAP2"
"11983",16.3,1433,"2","3","MAT2_MAP3"
"11984",17.8,1344,"2","2","MAT2_MAP2"
"11985",17.7,1326,"2","2","MAT2_MAP2"
"11986",18.2,1333,"3","2","MAT3_MAP2"
"11987",19.1,1482,"3","3","MAT3_MAP3"
"11988",16.6,1440,"2","3","MAT2_MAP3"
"11989",16.5,1419,"2","3","MAT2_MAP3"
"11990",19.1,1520,"3","3","MAT3_MAP3"
"11991",19.1,1395,"3","2","MAT3_MAP2"
"11992",19.8,1564,"3","3","MAT3_MAP3"
"11993",15.4,1464,"1","3","MAT1_MAP3"
"11994",19.9,1567,"3","3","MAT3_MAP3"
"11995",19.6,1577,"3","3","MAT3_MAP3"
"11996",16.3,1416,"2","2","MAT2_MAP2"
"11997",15.1,1449,"1","3","MAT1_MAP3"
"11998",18.3,1344,"3","2","MAT3_MAP2"
"11999",19.4,1555,"3","3","MAT3_MAP3"
"12000",16.7,1403,"2","2","MAT2_MAP2"
"12001",18,1309,"2","2","MAT2_MAP2"
"12002",20.1,1510,"3","3","MAT3_MAP3"
"12003",20.2,1476,"3","3","MAT3_MAP3"
"12004",15.2,1446,"1","3","MAT1_MAP3"
"12005",19.8,1592,"3","3","MAT3_MAP3"
"12006",18.7,1370,"3","2","MAT3_MAP2"
"12007",17,1364,"2","2","MAT2_MAP2"
"12008",18.1,1313,"3","2","MAT3_MAP2"
"12009",18.4,1348,"3","2","MAT3_MAP2"
"12010",17.5,1301,"2","2","MAT2_MAP2"
"12011",16.2,1402,"2","2","MAT2_MAP2"
"12012",17.8,1277,"2","2","MAT2_MAP2"
"12013",18.5,1349,"3","2","MAT3_MAP2"
"12014",15,1430,"1","3","MAT1_MAP3"
"12015",16.1,1406,"2","2","MAT2_MAP2"
"12016",19.8,1619,"3","3","MAT3_MAP3"
"12017",17.2,1339,"2","2","MAT2_MAP2"
"12018",18.1,1310,"3","2","MAT3_MAP2"
"12019",16.5,1383,"2","2","MAT2_MAP2"
"12020",15.1,1435,"1","3","MAT1_MAP3"
"12021",19.6,1575,"3","3","MAT3_MAP3"
"12022",19.7,1562,"3","3","MAT3_MAP3"
"12023",16.2,1380,"2","2","MAT2_MAP2"
"12024",17.3,1316,"2","2","MAT2_MAP2"
"12025",18.5,1336,"3","2","MAT3_MAP2"
"12026",17,1339,"2","2","MAT2_MAP2"
"12027",17.6,1291,"2","2","MAT2_MAP2"
"12028",15,1443,"1","3","MAT1_MAP3"
"12029",20.2,1456,"3","3","MAT3_MAP3"
"12030",19.7,1573,"3","3","MAT3_MAP3"
"12031",16.9,1347,"2","2","MAT2_MAP2"
"12032",15.1,1418,"1","3","MAT1_MAP3"
"12033",16.1,1383,"2","2","MAT2_MAP2"
"12034",19.4,1492,"3","3","MAT3_MAP3"
"12035",16.5,1377,"2","2","MAT2_MAP2"
"12036",15,1436,"1","3","MAT1_MAP3"
"12037",16.1,1376,"2","2","MAT2_MAP2"
"12038",15,1414,"1","2","MAT1_MAP2"
"12039",19.8,1580,"3","3","MAT3_MAP3"
"12040",17.1,1325,"2","2","MAT2_MAP2"
"12041",17,1342,"2","2","MAT2_MAP2"
"12042",16.5,1366,"2","2","MAT2_MAP2"
"12043",16.5,1362,"2","2","MAT2_MAP2"
"12044",17.7,1258,"2","2","MAT2_MAP2"
"12045",19.9,1568,"3","3","MAT3_MAP3"
"12046",16.2,1363,"2","2","MAT2_MAP2"
"12047",19.8,1571,"3","3","MAT3_MAP3"
"12048",18.6,1317,"3","2","MAT3_MAP2"
"12049",19.9,1565,"3","3","MAT3_MAP3"
"12050",14.9,1424,"1","3","MAT1_MAP3"
"12051",15.8,1376,"1","2","MAT1_MAP2"
"12052",19.1,1364,"3","2","MAT3_MAP2"
"12053",19.6,1524,"3","3","MAT3_MAP3"
"12054",18.5,1306,"3","2","MAT3_MAP2"
"12055",19.9,1544,"3","3","MAT3_MAP3"
"12056",16.1,1357,"2","2","MAT2_MAP2"
"12057",16.1,1361,"2","2","MAT2_MAP2"
"12058",14.8,1426,"1","3","MAT1_MAP3"
"12059",16.4,1356,"2","2","MAT2_MAP2"
"12060",14.8,1422,"1","3","MAT1_MAP3"
"12061",20,1508,"3","3","MAT3_MAP3"
"12062",15.9,1367,"2","2","MAT2_MAP2"
"12063",19.6,1520,"3","3","MAT3_MAP3"
"12064",17.6,1260,"2","2","MAT2_MAP2"
"12065",17.2,1300,"2","2","MAT2_MAP2"
"12066",16.3,1347,"2","2","MAT2_MAP2"
"12067",19.9,1541,"3","3","MAT3_MAP3"
"12068",20,1521,"3","3","MAT3_MAP3"
"12069",19.3,1415,"3","2","MAT3_MAP2"
"12070",19.8,1544,"3","3","MAT3_MAP3"
"12071",15.2,1365,"1","2","MAT1_MAP2"
"12072",15.3,1392,"1","2","MAT1_MAP2"
"12073",15.6,1371,"1","2","MAT1_MAP2"
"12074",20.1,1484,"3","3","MAT3_MAP3"
"12075",19.2,1372,"3","2","MAT3_MAP2"
"12076",18.5,1298,"3","2","MAT3_MAP2"
"12077",19.9,1535,"3","3","MAT3_MAP3"
"12078",19.8,1540,"3","3","MAT3_MAP3"
"12079",19.4,1402,"3","2","MAT3_MAP2"
"12080",15.2,1384,"1","2","MAT1_MAP2"
"12081",19.8,1538,"3","3","MAT3_MAP3"
"12082",17.8,1259,"2","2","MAT2_MAP2"
"12083",15.3,1372,"1","2","MAT1_MAP2"
"12084",16.1,1346,"2","2","MAT2_MAP2"
"12085",18.5,1325,"3","2","MAT3_MAP2"
"12086",20,1506,"3","3","MAT3_MAP3"
"12087",16.3,1350,"2","2","MAT2_MAP2"
"12088",19,1350,"3","2","MAT3_MAP2"
"12089",18.4,1321,"3","2","MAT3_MAP2"
"12090",20.1,1493,"3","3","MAT3_MAP3"
"12091",19.9,1528,"3","3","MAT3_MAP3"
"12092",19.8,1533,"3","3","MAT3_MAP3"
"12093",19.7,1531,"3","3","MAT3_MAP3"
"12094",16.1,1338,"2","2","MAT2_MAP2"
"12095",20,1519,"3","3","MAT3_MAP3"
"12096",18.6,1332,"3","2","MAT3_MAP2"
"12097",18,1179,"2","1","MAT2_MAP1"
"12098",16,1326,"2","2","MAT2_MAP2"
"12099",16.8,1341,"2","2","MAT2_MAP2"
"12100",15.4,1354,"1","2","MAT1_MAP2"
"12101",19.7,1524,"3","3","MAT3_MAP3"
"12102",19.2,1353,"3","2","MAT3_MAP2"
"12103",20.1,1488,"3","3","MAT3_MAP3"
"12104",19.3,1396,"3","2","MAT3_MAP2"
"12105",16.1,1321,"2","2","MAT2_MAP2"
"12106",16.2,1339,"2","2","MAT2_MAP2"
"12107",16,1321,"2","2","MAT2_MAP2"
"12108",19.1,1338,"3","2","MAT3_MAP2"
"12109",19.8,1525,"3","3","MAT3_MAP3"
"12110",19.2,1466,"3","3","MAT3_MAP3"
"12111",19.4,1427,"3","3","MAT3_MAP3"
"12112",17.7,1228,"2","1","MAT2_MAP1"
"12113",15.9,1325,"2","2","MAT2_MAP2"
"12114",15.3,1350,"1","2","MAT1_MAP2"
"12115",19.8,1520,"3","3","MAT3_MAP3"
"12116",18.4,1295,"3","2","MAT3_MAP2"
"12117",19.1,1336,"3","2","MAT3_MAP2"
"12118",19.9,1519,"3","3","MAT3_MAP3"
"12119",19.4,1397,"3","2","MAT3_MAP2"
"12120",16,1340,"2","2","MAT2_MAP2"
"12121",15.8,1327,"1","2","MAT1_MAP2"
"12122",16,1320,"2","2","MAT2_MAP2"
"12123",17,1305,"2","2","MAT2_MAP2"
"12124",19.4,1393,"3","2","MAT3_MAP2"
"12125",16.4,1348,"2","2","MAT2_MAP2"
"12126",20,1499,"3","3","MAT3_MAP3"
"12127",19.4,1374,"3","2","MAT3_MAP2"
"12128",19.2,1446,"3","3","MAT3_MAP3"
"12129",19.9,1518,"3","3","MAT3_MAP3"
"12130",16.2,1321,"2","2","MAT2_MAP2"
"12131",15.9,1323,"2","2","MAT2_MAP2"
"12132",17.8,1218,"2","1","MAT2_MAP1"
"12133",19.7,1511,"3","3","MAT3_MAP3"
"12134",15.4,1335,"1","2","MAT1_MAP2"
"12135",17.2,1283,"2","2","MAT2_MAP2"
"12136",18.7,1302,"3","2","MAT3_MAP2"
"12137",15.9,1318,"2","2","MAT2_MAP2"
"12138",19.6,1506,"3","3","MAT3_MAP3"
"12139",16.1,1320,"2","2","MAT2_MAP2"
"12140",19.9,1504,"3","3","MAT3_MAP3"
"12141",19.4,1379,"3","2","MAT3_MAP2"
"12142",17.7,1230,"2","1","MAT2_MAP1"
"12143",19.7,1518,"3","3","MAT3_MAP3"
"12144",19.6,1509,"3","3","MAT3_MAP3"
"12145",17.7,1232,"2","1","MAT2_MAP1"
"12146",19,1327,"3","2","MAT3_MAP2"
"12147",17.5,1253,"2","2","MAT2_MAP2"
"12148",19.2,1339,"3","2","MAT3_MAP2"
"12149",15.9,1319,"2","2","MAT2_MAP2"
"12150",18.4,1282,"3","2","MAT3_MAP2"
"12151",19.6,1508,"3","3","MAT3_MAP3"
"12152",15.8,1320,"1","2","MAT1_MAP2"
"12153",18.2,1261,"3","2","MAT3_MAP2"
"12154",19.4,1486,"3","3","MAT3_MAP3"
"12155",17.8,1229,"2","1","MAT2_MAP1"
"12156",19.7,1517,"3","3","MAT3_MAP3"
"12157",16.6,1298,"2","2","MAT2_MAP2"
"12158",19.5,1505,"3","3","MAT3_MAP3"
"12159",16.4,1292,"2","2","MAT2_MAP2"
"12160",16.2,1302,"2","2","MAT2_MAP2"
"12161",19.3,1334,"3","2","MAT3_MAP2"
"12162",15.3,1349,"1","2","MAT1_MAP2"
"12163",19.4,1363,"3","2","MAT3_MAP2"
"12164",18.2,1235,"3","1","MAT3_MAP1"
"12165",17.6,1237,"2","1","MAT2_MAP1"
"12166",16.6,1299,"2","2","MAT2_MAP2"
"12167",19.2,1413,"3","2","MAT3_MAP2"
"12168",16,1306,"2","2","MAT2_MAP2"
"12169",19.1,1315,"3","2","MAT3_MAP2"
"12170",18.8,1291,"3","2","MAT3_MAP2"
"12171",19.2,1329,"3","2","MAT3_MAP2"
"12172",19.4,1369,"3","2","MAT3_MAP2"
"12173",17.2,1280,"2","2","MAT2_MAP2"
"12174",19.6,1510,"3","3","MAT3_MAP3"
"12175",16,1295,"2","2","MAT2_MAP2"
"12176",17.6,1241,"2","1","MAT2_MAP1"
"12177",17.3,1264,"2","2","MAT2_MAP2"
"12178",19.3,1330,"3","2","MAT3_MAP2"
"12179",19.6,1519,"3","3","MAT3_MAP3"
"12180",17.7,1239,"2","1","MAT2_MAP1"
"12181",18.8,1283,"3","2","MAT3_MAP2"
"12182",19.3,1331,"3","2","MAT3_MAP2"
"12183",18.3,1236,"3","1","MAT3_MAP1"
"12184",17.3,1265,"2","2","MAT2_MAP2"
"12185",19.4,1368,"3","2","MAT3_MAP2"
"12186",19.3,1337,"3","2","MAT3_MAP2"
"12187",18.4,1260,"3","2","MAT3_MAP2"
"12188",18.4,1253,"3","2","MAT3_MAP2"
"12189",19.8,1507,"3","3","MAT3_MAP3"
"12190",19.9,1502,"3","3","MAT3_MAP3"
"12191",19.2,1390,"3","2","MAT3_MAP2"
"12192",19.2,1307,"3","2","MAT3_MAP2"
"12193",15,1408,"1","2","MAT1_MAP2"
"12194",16.5,1308,"2","2","MAT2_MAP2"
"12195",17.7,1220,"2","1","MAT2_MAP1"
"12196",16.2,1309,"2","2","MAT2_MAP2"
"12197",17.4,1239,"2","1","MAT2_MAP1"
"12198",17.5,1243,"2","1","MAT2_MAP1"
"12199",19.4,1354,"3","2","MAT3_MAP2"
"12200",15,1407,"1","2","MAT1_MAP2"
"12201",17.5,1231,"2","1","MAT2_MAP1"
"12202",19.3,1423,"3","3","MAT3_MAP3"
"12203",19.3,1393,"3","2","MAT3_MAP2"
"12204",14.9,1425,"1","3","MAT1_MAP3"
"12205",19.1,1294,"3","2","MAT3_MAP2"
"12206",19.4,1398,"3","2","MAT3_MAP2"
"12207",14.7,1487,"1","3","MAT1_MAP3"
"12208",19.4,1484,"3","3","MAT3_MAP3"
"12209",14.1,1557,"1","3","MAT1_MAP3"
"12210",16.8,1278,"2","2","MAT2_MAP2"
"12211",17.1,1259,"2","2","MAT2_MAP2"
"12212",14.5,1510,"1","3","MAT1_MAP3"
"12213",15.2,1380,"1","2","MAT1_MAP2"
"12214",19.4,1426,"3","3","MAT3_MAP3"
"12215",18.7,1225,"3","1","MAT3_MAP1"
"12216",18.7,1227,"3","1","MAT3_MAP1"
"12217",16.7,1284,"2","2","MAT2_MAP2"
"12218",19,1263,"3","2","MAT3_MAP2"
"12219",19.3,1424,"3","3","MAT3_MAP3"
"12220",17.5,1218,"2","1","MAT2_MAP1"
"12221",16.7,1263,"2","2","MAT2_MAP2"
"12222",16.4,1258,"2","2","MAT2_MAP2"
"12223",16.6,1267,"2","2","MAT2_MAP2"
"12224",19.3,1416,"3","2","MAT3_MAP2"
"12225",16.6,1262,"2","2","MAT2_MAP2"
"12226",19.2,1407,"3","2","MAT3_MAP2"
"12227",19.4,1436,"3","3","MAT3_MAP3"
"12228",15.9,1292,"2","2","MAT2_MAP2"
"12229",15.8,1299,"1","2","MAT1_MAP2"
"12230",16.3,1265,"2","2","MAT2_MAP2"
"12231",16.5,1261,"2","2","MAT2_MAP2"
"12232",16.4,1263,"2","2","MAT2_MAP2"
"12233",19.2,1416,"3","2","MAT3_MAP2"
"12234",18.9,1313,"3","2","MAT3_MAP2"
"12235",19.2,1332,"3","2","MAT3_MAP2"
"12236",19.1,1322,"3","2","MAT3_MAP2"
"12237",15.2,1395,"1","2","MAT1_MAP2"
"12238",19.4,1441,"3","3","MAT3_MAP3"
"12239",18.2,1168,"3","1","MAT3_MAP1"
"12240",16.7,1262,"2","2","MAT2_MAP2"
"12241",16.5,1255,"2","2","MAT2_MAP2"
"12242",19.3,1432,"3","3","MAT3_MAP3"
"12243",19.8,1472,"3","3","MAT3_MAP3"
"12244",17,1242,"2","1","MAT2_MAP1"
"12245",19.3,1412,"3","2","MAT3_MAP2"
"12246",19,1276,"3","2","MAT3_MAP2"
"12247",19.3,1467,"3","3","MAT3_MAP3"
"12248",17.4,1216,"2","1","MAT2_MAP1"
"12249",16,1277,"2","2","MAT2_MAP2"
"12250",18.9,1235,"3","1","MAT3_MAP1"
"12251",16.6,1238,"2","1","MAT2_MAP1"
"12252",17.2,1226,"2","1","MAT2_MAP1"
"12253",16.7,1234,"2","1","MAT2_MAP1"
"12254",18.8,1233,"3","1","MAT3_MAP1"
"12255",19,1291,"3","2","MAT3_MAP2"
"12256",15.5,1367,"1","2","MAT1_MAP2"
"12257",15.8,1300,"1","2","MAT1_MAP2"
"12258",19.2,1296,"3","2","MAT3_MAP2"
"12259",17,1222,"2","1","MAT2_MAP1"
"12260",17.3,1222,"2","1","MAT2_MAP1"
"12261",17.1,1230,"2","1","MAT2_MAP1"
"12262",15.4,1376,"1","2","MAT1_MAP2"
"12263",19.4,1376,"3","2","MAT3_MAP2"
"12264",13.1,1662,"1","3","MAT1_MAP3"
"12265",17.1,1225,"2","1","MAT2_MAP1"
"12266",19.4,1340,"3","2","MAT3_MAP2"
"12267",19.1,1286,"3","2","MAT3_MAP2"
"12268",18.6,1196,"3","1","MAT3_MAP1"
"12269",16.9,1225,"2","1","MAT2_MAP1"
"12270",14.7,1495,"1","3","MAT1_MAP3"
"12271",18.6,1210,"3","1","MAT3_MAP1"
"12272",15.4,1384,"1","2","MAT1_MAP2"
"12273",16.5,1244,"2","1","MAT2_MAP1"
"12274",19.1,1276,"3","2","MAT3_MAP2"
"12275",17.1,1228,"2","1","MAT2_MAP1"
"12276",18.5,1163,"3","1","MAT3_MAP1"
"12277",17.6,1180,"2","1","MAT2_MAP1"
"12278",17.5,1192,"2","1","MAT2_MAP1"
"12279",20,1449,"3","3","MAT3_MAP3"
"12280",14.8,1476,"1","3","MAT1_MAP3"
"12281",19,1258,"3","2","MAT3_MAP2"
"12282",14.5,1530,"1","3","MAT1_MAP3"
"12283",15.9,1314,"2","2","MAT2_MAP2"
"12284",19.2,1275,"3","2","MAT3_MAP2"
"12285",19,1253,"3","2","MAT3_MAP2"
"12286",18.3,1176,"3","1","MAT3_MAP1"
"12287",17.6,1186,"2","1","MAT2_MAP1"
"12288",17.3,1206,"2","1","MAT2_MAP1"
"12289",19.1,1255,"3","2","MAT3_MAP2"
"12290",19.3,1287,"3","2","MAT3_MAP2"
"12291",18.2,1153,"3","1","MAT3_MAP1"
"12292",17.3,1210,"2","1","MAT2_MAP1"
"12293",17,1209,"2","1","MAT2_MAP1"
"12294",19.4,1282,"3","2","MAT3_MAP2"
"12295",17.2,1208,"2","1","MAT2_MAP1"
"12296",20.1,1413,"3","2","MAT3_MAP2"
"12297",17.8,1165,"2","1","MAT2_MAP1"
"12298",17.3,1200,"2","1","MAT2_MAP1"
"12299",19.3,1283,"3","2","MAT3_MAP2"
"12300",19.6,1369,"3","2","MAT3_MAP2"
"12301",17.1,1200,"2","1","MAT2_MAP1"
"12302",20,1428,"3","3","MAT3_MAP3"
"12303",16.5,1233,"2","1","MAT2_MAP1"
"12304",19.1,1240,"3","1","MAT3_MAP1"
"12305",18.7,1190,"3","1","MAT3_MAP1"
"12306",17.6,1185,"2","1","MAT2_MAP1"
"12307",18.5,1187,"3","1","MAT3_MAP1"
"12308",17.6,1183,"2","1","MAT2_MAP1"
"12309",18.1,1149,"3","1","MAT3_MAP1"
"12310",20.1,1412,"3","2","MAT3_MAP2"
"12311",17.3,1191,"2","1","MAT2_MAP1"
"12312",18.2,1158,"3","1","MAT3_MAP1"
"12313",19.8,1395,"3","2","MAT3_MAP2"
"12314",19.8,1389,"3","2","MAT3_MAP2"
"12315",18.3,1157,"3","1","MAT3_MAP1"
"12316",18.1,1157,"3","1","MAT3_MAP1"
"12317",18.4,1184,"3","1","MAT3_MAP1"
"12318",19.4,1290,"3","2","MAT3_MAP2"
"12319",15.6,1370,"1","2","MAT1_MAP2"
"12320",19.3,1245,"3","1","MAT3_MAP1"
"12321",19.4,1250,"3","1","MAT3_MAP1"
"12322",17.8,1174,"2","1","MAT2_MAP1"
"12323",19.7,1377,"3","2","MAT3_MAP2"
"12324",19.7,1358,"3","2","MAT3_MAP2"
"12325",16.8,1211,"2","1","MAT2_MAP1"
"12326",19.8,1394,"3","2","MAT3_MAP2"
"12327",16.8,1207,"2","1","MAT2_MAP1"
"12328",19.9,1398,"3","2","MAT3_MAP2"
"12329",19.4,1293,"3","2","MAT3_MAP2"
"12330",17.8,1182,"2","1","MAT2_MAP1"
"12331",19.4,1298,"3","2","MAT3_MAP2"
"12332",17.5,1184,"2","1","MAT2_MAP1"
"12333",15.8,1321,"1","2","MAT1_MAP2"
"12334",17.9,1176,"2","1","MAT2_MAP1"
"12335",19.5,1249,"3","1","MAT3_MAP1"
"12336",17.5,1180,"2","1","MAT2_MAP1"
"12337",16.9,1206,"2","1","MAT2_MAP1"
"12338",15.7,1336,"1","2","MAT1_MAP2"
"12339",18.3,1169,"3","1","MAT3_MAP1"
"12340",19.5,1301,"3","2","MAT3_MAP2"
"12341",15.3,1460,"1","3","MAT1_MAP3"
"12342",17,1196,"2","1","MAT2_MAP1"
"12343",18.5,1176,"3","1","MAT3_MAP1"
"12344",16.1,1260,"2","2","MAT2_MAP2"
"12345",20.1,1222,"3","1","MAT3_MAP1"
"12346",19.9,1378,"3","2","MAT3_MAP2"
"12347",19.3,1218,"3","1","MAT3_MAP1"
"12348",18.6,1174,"3","1","MAT3_MAP1"
"12349",20.2,1080,"3","1","MAT3_MAP1"
"12350",17.3,1174,"2","1","MAT2_MAP1"
"12351",16.4,1231,"2","1","MAT2_MAP1"
"12352",18.5,1164,"3","1","MAT3_MAP1"
"12353",18.6,1175,"3","1","MAT3_MAP1"
"12354",18.2,1159,"3","1","MAT3_MAP1"
"12355",17.5,1175,"2","1","MAT2_MAP1"
"12356",16.2,1244,"2","1","MAT2_MAP1"
"12357",16.5,1219,"2","1","MAT2_MAP1"
"12358",19.7,1334,"3","2","MAT3_MAP2"
"12359",17,1183,"2","1","MAT2_MAP1"
"12360",19.4,1258,"3","2","MAT3_MAP2"
"12361",19.9,1317,"3","2","MAT3_MAP2"
"12362",17,1179,"2","1","MAT2_MAP1"
"12363",17.1,1197,"2","1","MAT2_MAP1"
"12364",18.6,1184,"3","1","MAT3_MAP1"
"12365",19.1,1227,"3","1","MAT3_MAP1"
"12366",20.3,872,"3","1","MAT3_MAP1"
"12367",16.2,1237,"2","1","MAT2_MAP1"
"12368",17.3,1186,"2","1","MAT2_MAP1"
"12369",19,1224,"3","1","MAT3_MAP1"
"12370",16.4,1227,"2","1","MAT2_MAP1"
"12371",19.3,1239,"3","1","MAT3_MAP1"
"12372",20,897,"3","1","MAT3_MAP1"
"12373",16.9,1204,"2","1","MAT2_MAP1"
"12374",20.2,653,"3","1","MAT3_MAP1"
"12375",19.2,1234,"3","1","MAT3_MAP1"
"12376",17.1,1181,"2","1","MAT2_MAP1"
"12377",20,1349,"3","2","MAT3_MAP2"
"12378",18.6,1180,"3","1","MAT3_MAP1"
"12379",19.3,1247,"3","1","MAT3_MAP1"
"12380",16.5,1211,"2","1","MAT2_MAP1"
"12381",16.4,1226,"2","1","MAT2_MAP1"
"12382",17.7,1177,"2","1","MAT2_MAP1"
"12383",17.8,1169,"2","1","MAT2_MAP1"
"12384",20,1015,"3","1","MAT3_MAP1"
"12385",16.3,1228,"2","1","MAT2_MAP1"
"12386",17.5,1163,"2","1","MAT2_MAP1"
"12387",20,1219,"3","1","MAT3_MAP1"
"12388",14.7,1598,"1","3","MAT1_MAP3"
"12389",16.9,1189,"2","1","MAT2_MAP1"
"12390",16.1,1234,"2","1","MAT2_MAP1"
"12391",19.1,1264,"3","2","MAT3_MAP2"
"12392",20,1308,"3","2","MAT3_MAP2"
"12393",18.5,1193,"3","1","MAT3_MAP1"
"12394",16.7,1209,"2","1","MAT2_MAP1"
"12395",15.9,1241,"2","1","MAT2_MAP1"
"12396",19.2,1282,"3","2","MAT3_MAP2"
"12397",18.7,1239,"3","1","MAT3_MAP1"
"12398",15.8,1272,"1","2","MAT1_MAP2"
"12399",20.7,1248,"3","1","MAT3_MAP1"
"12400",18.6,1231,"3","1","MAT3_MAP1"
"12401",16.6,1207,"2","1","MAT2_MAP1"
"12402",16.4,1194,"2","1","MAT2_MAP1"
"12403",18.9,1258,"3","2","MAT3_MAP2"
"12404",16.9,1187,"2","1","MAT2_MAP1"
"12405",17.2,1187,"2","1","MAT2_MAP1"
"12406",18.5,1217,"3","1","MAT3_MAP1"
"12407",20.2,1169,"3","1","MAT3_MAP1"
"12408",20.7,1340,"3","2","MAT3_MAP2"
"12409",19.1,1303,"3","2","MAT3_MAP2"
"12410",19.3,1322,"3","2","MAT3_MAP2"
"12411",18.5,1220,"3","1","MAT3_MAP1"
"12412",16.5,1209,"2","1","MAT2_MAP1"
"12413",20,1335,"3","2","MAT3_MAP2"
"12414",18.7,1248,"3","1","MAT3_MAP1"
"12415",20.3,1230,"3","1","MAT3_MAP1"
"12416",20.5,1387,"3","2","MAT3_MAP2"
"12417",18.3,1138,"3","1","MAT3_MAP1"
"12418",20.5,1333,"3","2","MAT3_MAP2"
"12419",18.7,1236,"3","1","MAT3_MAP1"
"12420",18.2,1137,"3","1","MAT3_MAP1"
"12421",20.4,1248,"3","1","MAT3_MAP1"
"12422",15.7,1370,"1","2","MAT1_MAP2"
"12423",19.1,1290,"3","2","MAT3_MAP2"
"12424",18.5,1158,"3","1","MAT3_MAP1"
"12425",20.7,1393,"3","2","MAT3_MAP2"
"12426",16.5,1213,"2","1","MAT2_MAP1"
"12427",19,1269,"3","2","MAT3_MAP2"
"12428",18.5,1124,"3","1","MAT3_MAP1"
"12429",18.5,1117,"3","1","MAT3_MAP1"
"12430",17,1187,"2","1","MAT2_MAP1"
"12431",19.1,1296,"3","2","MAT3_MAP2"
"12432",16.8,1201,"2","1","MAT2_MAP1"
"12433",19.2,1309,"3","2","MAT3_MAP2"
"12434",20.2,1307,"3","2","MAT3_MAP2"
"12435",20.7,1388,"3","2","MAT3_MAP2"
"12436",20.9,1367,"3","2","MAT3_MAP2"
"12437",16.7,1197,"2","1","MAT2_MAP1"
"12438",16.7,1208,"2","1","MAT2_MAP1"
"12439",16.5,1202,"2","1","MAT2_MAP1"
"12440",20.8,1380,"3","2","MAT3_MAP2"
"12441",19.9,1350,"3","2","MAT3_MAP2"
"12442",16.6,1185,"2","1","MAT2_MAP1"
"12443",22.1,1328,"3","2","MAT3_MAP2"
"12444",16,1221,"2","1","MAT2_MAP1"
"12445",20.1,1321,"3","2","MAT3_MAP2"
"12446",19.8,1352,"3","2","MAT3_MAP2"
"12447",16.4,1197,"2","1","MAT2_MAP1"
"12448",16.4,1200,"2","1","MAT2_MAP1"
"12449",21.2,1360,"3","2","MAT3_MAP2"
"12450",17.6,1163,"2","1","MAT2_MAP1"
"12451",19.9,1352,"3","2","MAT3_MAP2"
"12452",20.6,1377,"3","2","MAT3_MAP2"
"12453",19.7,1351,"3","2","MAT3_MAP2"
"12454",19.5,1335,"3","2","MAT3_MAP2"
"12455",20.7,1383,"3","2","MAT3_MAP2"
"12456",18.7,1154,"3","1","MAT3_MAP1"
"12457",18,1159,"2","1","MAT2_MAP1"
"12458",21.2,1375,"3","2","MAT3_MAP2"
"12459",18.7,1198,"3","1","MAT3_MAP1"
"12460",15.8,1286,"1","2","MAT1_MAP2"
"12461",19.2,1256,"3","2","MAT3_MAP2"
"12462",21.2,1373,"3","2","MAT3_MAP2"
"12463",20.8,1376,"3","2","MAT3_MAP2"
"12464",19.8,1358,"3","2","MAT3_MAP2"
"12465",21.1,1371,"3","2","MAT3_MAP2"
"12466",19.2,1254,"3","2","MAT3_MAP2"
"12467",22,1358,"3","2","MAT3_MAP2"
"12468",18.4,1150,"3","1","MAT3_MAP1"
"12469",18.4,1143,"3","1","MAT3_MAP1"
"12470",15.7,1271,"1","2","MAT1_MAP2"
"12471",19.3,1244,"3","1","MAT3_MAP1"
"12472",19.3,1261,"3","2","MAT3_MAP2"
"12473",21.1,1372,"3","2","MAT3_MAP2"
"12474",21.2,1372,"3","2","MAT3_MAP2"
"12475",22.3,1329,"3","2","MAT3_MAP2"
"12476",16.8,1193,"2","1","MAT2_MAP1"
"12477",19.8,1363,"3","2","MAT3_MAP2"
"12478",19.7,1360,"3","2","MAT3_MAP2"
"12479",19.8,1357,"3","2","MAT3_MAP2"
"12480",22.3,1242,"3","1","MAT3_MAP1"
"12481",16.8,1189,"2","1","MAT2_MAP1"
"12482",19.7,1364,"3","2","MAT3_MAP2"
"12483",18.7,1194,"3","1","MAT3_MAP1"
"12484",18.8,1181,"3","1","MAT3_MAP1"
"12485",19.7,1366,"3","2","MAT3_MAP2"
"12486",19.7,1361,"3","2","MAT3_MAP2"
"12487",16.7,1201,"2","1","MAT2_MAP1"
"12488",20.3,1327,"3","2","MAT3_MAP2"
"12489",20.6,1372,"3","2","MAT3_MAP2"
"12490",18.7,1164,"3","1","MAT3_MAP1"
"12491",19.3,1270,"3","2","MAT3_MAP2"
"12492",16.7,1194,"2","1","MAT2_MAP1"
"12493",21.1,1364,"3","2","MAT3_MAP2"
"12494",22.4,1382,"3","2","MAT3_MAP2"
"12495",16.4,1185,"2","1","MAT2_MAP1"
"12496",20.8,1364,"3","2","MAT3_MAP2"
"12497",21.1,1346,"3","2","MAT3_MAP2"
"12498",19.5,1311,"3","2","MAT3_MAP2"
"12499",16,1212,"2","1","MAT2_MAP1"
"12500",18.1,1162,"3","1","MAT3_MAP1"
"12501",19,1238,"3","1","MAT3_MAP1"
"12502",19.2,1257,"3","2","MAT3_MAP2"
"12503",19.4,1286,"3","2","MAT3_MAP2"
"12504",22.5,1334,"3","2","MAT3_MAP2"
"12505",21.1,1342,"3","2","MAT3_MAP2"
"12506",19.7,1368,"3","2","MAT3_MAP2"
"12507",22.5,1318,"3","2","MAT3_MAP2"
"12508",22.5,1333,"3","2","MAT3_MAP2"
"12509",22.4,1263,"3","2","MAT3_MAP2"
"12510",18.8,1182,"3","1","MAT3_MAP1"
"12511",19.7,1369,"3","2","MAT3_MAP2"
"12512",16.8,1188,"2","1","MAT2_MAP1"
"12513",18.6,1179,"3","1","MAT3_MAP1"
"12514",19.3,1266,"3","2","MAT3_MAP2"
"12515",19.8,1368,"3","2","MAT3_MAP2"
"12516",19.3,1267,"3","2","MAT3_MAP2"
"12517",22.2,1302,"3","2","MAT3_MAP2"
"12518",16.5,1191,"2","1","MAT2_MAP1"
"12519",20.5,1325,"3","2","MAT3_MAP2"
"12520",18.8,1187,"3","1","MAT3_MAP1"
"12521",19.9,1345,"3","2","MAT3_MAP2"
"12522",19,1198,"3","1","MAT3_MAP1"
"12523",18.2,1185,"3","1","MAT3_MAP1"
"12524",16.7,1183,"2","1","MAT2_MAP1"
"12525",17.6,1156,"2","1","MAT2_MAP1"
"12526",18.9,1187,"3","1","MAT3_MAP1"
"12527",18.9,1191,"3","1","MAT3_MAP1"
"12528",19.8,1335,"3","2","MAT3_MAP2"
"12529",22,1351,"3","2","MAT3_MAP2"
"12530",19.8,1342,"3","2","MAT3_MAP2"
"12531",16.9,1177,"2","1","MAT2_MAP1"
"12532",22,1334,"3","2","MAT3_MAP2"
"12533",20.2,1320,"3","2","MAT3_MAP2"
"12534",21.8,1320,"3","2","MAT3_MAP2"
"12535",19.8,1338,"3","2","MAT3_MAP2"
"12536",16.5,1192,"2","1","MAT2_MAP1"
"12537",17,1168,"2","1","MAT2_MAP1"
"12538",19.6,1311,"3","2","MAT3_MAP2"
"12539",15.6,1272,"1","2","MAT1_MAP2"
"12540",20.3,1316,"3","2","MAT3_MAP2"
"12541",21.9,1316,"3","2","MAT3_MAP2"
"12542",15.1,1374,"1","2","MAT1_MAP2"
"12543",21.7,1305,"3","2","MAT3_MAP2"
"12544",20.5,1320,"3","2","MAT3_MAP2"
"12545",19,1201,"3","1","MAT3_MAP1"
"12546",19.4,1297,"3","2","MAT3_MAP2"
"12547",19.7,1316,"3","2","MAT3_MAP2"
"12548",19.3,1303,"3","2","MAT3_MAP2"
"12549",17.2,1146,"2","1","MAT2_MAP1"
"12550",18.8,1206,"3","1","MAT3_MAP1"
"12551",20.1,1339,"3","2","MAT3_MAP2"
"12552",18.5,1199,"3","1","MAT3_MAP1"
"12553",20.3,1315,"3","2","MAT3_MAP2"
"12554",22.3,1306,"3","2","MAT3_MAP2"
"12555",21.7,1294,"3","2","MAT3_MAP2"
"12556",23,1276,"3","2","MAT3_MAP2"
"12557",20.2,1324,"3","2","MAT3_MAP2"
"12558",23.1,1298,"3","2","MAT3_MAP2"
"12559",19.3,1304,"3","2","MAT3_MAP2"
"12560",15.7,1240,"1","1","MAT1_MAP1"
"12561",21.8,1295,"3","2","MAT3_MAP2"
"12562",19.9,1327,"3","2","MAT3_MAP2"
"12563",20.5,1314,"3","2","MAT3_MAP2"
"12564",19.3,1289,"3","2","MAT3_MAP2"
"12565",22,1292,"3","2","MAT3_MAP2"
"12566",20.2,1331,"3","2","MAT3_MAP2"
"12567",20.2,1315,"3","2","MAT3_MAP2"
"12568",20.2,1325,"3","2","MAT3_MAP2"
"12569",19.8,1311,"3","2","MAT3_MAP2"
"12570",21.9,1290,"3","2","MAT3_MAP2"
"12571",22.9,1276,"3","2","MAT3_MAP2"
"12572",23,1290,"3","2","MAT3_MAP2"
"12573",20.7,1312,"3","2","MAT3_MAP2"
"12574",16.4,1205,"2","1","MAT2_MAP1"
"12575",19.8,1314,"3","2","MAT3_MAP2"
"12576",23.1,1310,"3","2","MAT3_MAP2"
"12577",20.9,1307,"3","2","MAT3_MAP2"
"12578",20.1,1332,"3","2","MAT3_MAP2"
"12579",21,1292,"3","2","MAT3_MAP2"
"12580",20.8,1311,"3","2","MAT3_MAP2"
"12581",15.5,1281,"1","2","MAT1_MAP2"
"12582",13.9,1274,"1","2","MAT1_MAP2"
"12583",23.3,1333,"3","2","MAT3_MAP2"
"12584",19.3,1310,"3","2","MAT3_MAP2"
"12585",22.3,1302,"3","2","MAT3_MAP2"
"12586",18.2,1192,"3","1","MAT3_MAP1"
"12587",20.3,1309,"3","2","MAT3_MAP2"
"12588",19.8,1308,"3","2","MAT3_MAP2"
"12589",17.2,1166,"2","1","MAT2_MAP1"
"12590",19.1,1248,"3","1","MAT3_MAP1"
"12591",22.9,1286,"3","2","MAT3_MAP2"
"12592",23,1310,"3","2","MAT3_MAP2"
"12593",20.3,1323,"3","2","MAT3_MAP2"
"12594",21,1282,"3","2","MAT3_MAP2"
"12595",22.7,1280,"3","2","MAT3_MAP2"
"12596",18.3,1198,"3","1","MAT3_MAP1"
"12597",22.8,1280,"3","2","MAT3_MAP2"
"12598",22.7,1278,"3","2","MAT3_MAP2"
"12599",21.8,1274,"3","2","MAT3_MAP2"
"12600",17.4,1146,"2","1","MAT2_MAP1"
"12601",20.5,1311,"3","2","MAT3_MAP2"
"12602",20.5,1298,"3","2","MAT3_MAP2"
"12603",19.2,1268,"3","2","MAT3_MAP2"
"12604",17.5,1149,"2","1","MAT2_MAP1"
"12605",14.8,1315,"1","2","MAT1_MAP2"
"12606",22.1,1264,"3","2","MAT3_MAP2"
"12607",20.1,1314,"3","2","MAT3_MAP2"
"12608",23.3,1338,"3","2","MAT3_MAP2"
"12609",21,1263,"3","2","MAT3_MAP2"
"12610",21,1275,"3","2","MAT3_MAP2"
"12611",17.4,1153,"2","1","MAT2_MAP1"
"12612",23.2,1351,"3","2","MAT3_MAP2"
"12613",22.1,1252,"3","1","MAT3_MAP1"
"12614",22.1,1266,"3","2","MAT3_MAP2"
"12615",20.6,1319,"3","2","MAT3_MAP2"
"12616",23,1316,"3","2","MAT3_MAP2"
"12617",22.7,1284,"3","2","MAT3_MAP2"
"12618",20.5,1309,"3","2","MAT3_MAP2"
"12619",20.6,1321,"3","2","MAT3_MAP2"
"12620",20.7,1309,"3","2","MAT3_MAP2"
"12621",20.5,1312,"3","2","MAT3_MAP2"
"12622",23.1,1340,"3","2","MAT3_MAP2"
"12623",19,1213,"3","1","MAT3_MAP1"
"12624",18.2,1194,"3","1","MAT3_MAP1"
"12625",16.7,1226,"2","1","MAT2_MAP1"
"12626",20.5,1302,"3","2","MAT3_MAP2"
"12627",19.1,1223,"3","1","MAT3_MAP1"
"12628",20.5,1304,"3","2","MAT3_MAP2"
"12629",15.9,1216,"2","1","MAT2_MAP1"
"12630",17.4,1171,"2","1","MAT2_MAP1"
"12631",19,1214,"3","1","MAT3_MAP1"
"12632",20.5,1305,"3","2","MAT3_MAP2"
"12633",19.9,1303,"3","2","MAT3_MAP2"
"12634",14.2,1267,"1","2","MAT1_MAP2"
"12635",19.8,1303,"3","2","MAT3_MAP2"
"12636",22.7,1290,"3","2","MAT3_MAP2"
"12637",17.5,1159,"2","1","MAT2_MAP1"
"12638",22.7,1295,"3","2","MAT3_MAP2"
"12639",20.7,1310,"3","2","MAT3_MAP2"
"12640",20.5,1288,"3","2","MAT3_MAP2"
"12641",23.1,1339,"3","2","MAT3_MAP2"
"12642",22.7,1283,"3","2","MAT3_MAP2"
"12643",22.1,1251,"3","1","MAT3_MAP1"
"12644",14,1250,"1","1","MAT1_MAP1"
"12645",21.5,1262,"3","2","MAT3_MAP2"
"12646",17.6,1161,"2","1","MAT2_MAP1"
"12647",22.3,1278,"3","2","MAT3_MAP2"
"12648",22.9,1313,"3","2","MAT3_MAP2"
"12649",20.6,1281,"3","2","MAT3_MAP2"
"12650",17.1,1194,"2","1","MAT2_MAP1"
"12651",20.8,1315,"3","2","MAT3_MAP2"
"12652",22.8,1300,"3","2","MAT3_MAP2"
"12653",19.2,1235,"3","1","MAT3_MAP1"
"12654",22.6,1285,"3","2","MAT3_MAP2"
"12655",15.9,1215,"2","1","MAT2_MAP1"
"12656",20.7,1311,"3","2","MAT3_MAP2"
"12657",20.9,1311,"3","2","MAT3_MAP2"
"12658",19.7,1297,"3","2","MAT3_MAP2"
"12659",22.2,1229,"3","1","MAT3_MAP1"
"12660",22.7,1292,"3","2","MAT3_MAP2"
"12661",19.6,1301,"3","2","MAT3_MAP2"
"12662",22.9,1325,"3","2","MAT3_MAP2"
"12663",23.1,1335,"3","2","MAT3_MAP2"
"12664",18.6,1203,"3","1","MAT3_MAP1"
"12665",22.8,1298,"3","2","MAT3_MAP2"
"12666",22.1,1248,"3","1","MAT3_MAP1"
"12667",21.1,1277,"3","2","MAT3_MAP2"
"12668",19.9,1292,"3","2","MAT3_MAP2"
"12669",18,1194,"2","1","MAT2_MAP1"
"12670",19,1218,"3","1","MAT3_MAP1"
"12671",19.8,1295,"3","2","MAT3_MAP2"
"12672",13.7,1268,"1","2","MAT1_MAP2"
"12673",19.1,1222,"3","1","MAT3_MAP1"
"12674",21.3,1257,"3","2","MAT3_MAP2"
"12675",22.9,1320,"3","2","MAT3_MAP2"
"12676",19.2,1241,"3","1","MAT3_MAP1"
"12677",23,1332,"3","2","MAT3_MAP2"
"12678",20,1287,"3","2","MAT3_MAP2"
"12679",15.3,1257,"1","2","MAT1_MAP2"
"12680",20.9,1315,"3","2","MAT3_MAP2"
"12681",20.3,1275,"3","2","MAT3_MAP2"
"12682",19.4,1296,"3","2","MAT3_MAP2"
"12683",18.1,1203,"3","1","MAT3_MAP1"
"12684",19.1,1237,"3","1","MAT3_MAP1"
"12685",17.2,1209,"2","1","MAT2_MAP1"
"12686",21.1,1296,"3","2","MAT3_MAP2"
"12687",15.1,1263,"1","2","MAT1_MAP2"
"12688",21.2,1297,"3","2","MAT3_MAP2"
"12689",18.8,1215,"3","1","MAT3_MAP1"
"12690",23.1,1329,"3","2","MAT3_MAP2"
"12691",19,1231,"3","1","MAT3_MAP1"
"12692",19.9,1288,"3","2","MAT3_MAP2"
"12693",20.4,1246,"3","1","MAT3_MAP1"
"12694",22.3,1222,"3","1","MAT3_MAP1"
"12695",19.1,1239,"3","1","MAT3_MAP1"
"12696",16.2,1200,"2","1","MAT2_MAP1"
"12697",20.8,1282,"3","2","MAT3_MAP2"
"12698",20.8,1305,"3","2","MAT3_MAP2"
"12699",22.3,1232,"3","1","MAT3_MAP1"
"12700",22.6,1283,"3","2","MAT3_MAP2"
"12701",16.1,1204,"2","1","MAT2_MAP1"
"12702",15.1,1253,"1","2","MAT1_MAP2"
"12703",18.5,1215,"3","1","MAT3_MAP1"
"12704",19,1233,"3","1","MAT3_MAP1"
"12705",20.8,1301,"3","2","MAT3_MAP2"
"12706",16.9,1220,"2","1","MAT2_MAP1"
"12707",23,1330,"3","2","MAT3_MAP2"
"12708",22.6,1278,"3","2","MAT3_MAP2"
"12709",17.4,1201,"2","1","MAT2_MAP1"
"12710",20.7,1256,"3","2","MAT3_MAP2"
"12711",20.8,1304,"3","2","MAT3_MAP2"
"12712",14.3,1243,"1","1","MAT1_MAP1"
"12713",18.5,1219,"3","1","MAT3_MAP1"
"12714",22.6,1282,"3","2","MAT3_MAP2"
"12715",19.1,1238,"3","1","MAT3_MAP1"
"12716",18.6,1223,"3","1","MAT3_MAP1"
"12717",17,1219,"2","1","MAT2_MAP1"
"12718",20.7,1289,"3","2","MAT3_MAP2"
"12719",18,1202,"2","1","MAT2_MAP1"
"12720",20.8,1298,"3","2","MAT3_MAP2"
"12721",21.3,1328,"3","2","MAT3_MAP2"
"12722",14.8,1237,"1","1","MAT1_MAP1"
"12723",19.1,1243,"3","1","MAT3_MAP1"
"12724",22.4,1227,"3","1","MAT3_MAP1"
"12725",21.6,1276,"3","2","MAT3_MAP2"
"12726",20.7,1268,"3","2","MAT3_MAP2"
"12727",20.8,1293,"3","2","MAT3_MAP2"
"12728",16.2,1211,"2","1","MAT2_MAP1"
"12729",21.3,1354,"3","2","MAT3_MAP2"
"12730",21,1308,"3","2","MAT3_MAP2"
"12731",17,1225,"2","1","MAT2_MAP1"
"12732",22.4,1228,"3","1","MAT3_MAP1"
"12733",21.4,1328,"3","2","MAT3_MAP2"
"12734",22.4,1231,"3","1","MAT3_MAP1"
"12735",13.9,1251,"1","1","MAT1_MAP1"
"12736",22.4,1223,"3","1","MAT3_MAP1"
"12737",18.2,1224,"3","1","MAT3_MAP1"
"12738",22.2,1221,"3","1","MAT3_MAP1"
"12739",17.1,1232,"2","1","MAT2_MAP1"
"12740",16,1200,"2","1","MAT2_MAP1"
"12741",16.4,1186,"2","1","MAT2_MAP1"
"12742",16.8,1233,"2","1","MAT2_MAP1"
"12743",21.1,1304,"3","2","MAT3_MAP2"
"12744",18.9,1242,"3","1","MAT3_MAP1"
"12745",21.1,1334,"3","2","MAT3_MAP2"
"12746",14,1240,"1","1","MAT1_MAP1"
"12747",22.8,1291,"3","2","MAT3_MAP2"
"12748",22.5,1227,"3","1","MAT3_MAP1"
"12749",14.1,1233,"1","1","MAT1_MAP1"
"12750",15.9,1205,"2","1","MAT2_MAP1"
"12751",22.4,1218,"3","1","MAT3_MAP1"
"12752",13.8,1248,"1","1","MAT1_MAP1"
"12753",22.5,1215,"3","1","MAT3_MAP1"
"12754",18.5,1241,"3","1","MAT3_MAP1"
"12755",20.9,1272,"3","2","MAT3_MAP2"
"12756",18.6,1243,"3","1","MAT3_MAP1"
"12757",16.6,1178,"2","1","MAT2_MAP1"
"12758",22.2,1235,"3","1","MAT3_MAP1"
"12759",17,1239,"2","1","MAT2_MAP1"
"12760",22.1,1245,"3","1","MAT3_MAP1"
"12761",19,1251,"3","1","MAT3_MAP1"
"12762",22.1,1256,"3","2","MAT3_MAP2"
"12763",21.1,1283,"3","2","MAT3_MAP2"
"12764",21.1,1280,"3","2","MAT3_MAP2"
"12765",21.1,1275,"3","2","MAT3_MAP2"
"12766",21.3,1302,"3","2","MAT3_MAP2"
"12767",21.2,1287,"3","2","MAT3_MAP2"
"12768",17.5,1206,"2","1","MAT2_MAP1"
"12769",21.2,1286,"3","2","MAT3_MAP2"
"12770",18.8,1254,"3","2","MAT3_MAP2"
"12771",22.1,1263,"3","2","MAT3_MAP2"
"12772",21.3,1282,"3","2","MAT3_MAP2"
"12773",17,1177,"2","1","MAT2_MAP1"
"12774",22.3,1233,"3","1","MAT3_MAP1"
"12775",18.2,1254,"3","2","MAT3_MAP2"
"12776",18.6,1262,"3","2","MAT3_MAP2"
"12777",18.7,1260,"3","2","MAT3_MAP2"
"12778",21.4,1287,"3","2","MAT3_MAP2"
"12779",18.7,1259,"3","2","MAT3_MAP2"
"12780",22,1308,"3","2","MAT3_MAP2"
"12781",18.5,1265,"3","2","MAT3_MAP2"
"12782",22,1281,"3","2","MAT3_MAP2"
"12783",16.4,1161,"2","1","MAT2_MAP1"
"12784",16.5,1152,"2","1","MAT2_MAP1"
"12785",18.1,1250,"3","1","MAT3_MAP1"
"12786",22,1295,"3","2","MAT3_MAP2"
"12787",21.5,1288,"3","2","MAT3_MAP2"
"12788",14.9,1168,"1","1","MAT1_MAP1"
"12789",21.7,1306,"3","2","MAT3_MAP2"
"12790",18.8,1262,"3","2","MAT3_MAP2"
"12791",22,1310,"3","2","MAT3_MAP2"
"12792",22.2,1242,"3","1","MAT3_MAP1"
"12793",16.2,1168,"2","1","MAT2_MAP1"
"12794",13,1212,"1","1","MAT1_MAP1"
"12795",16.2,1163,"2","1","MAT2_MAP1"
"12796",18.8,1266,"3","2","MAT3_MAP2"
"12797",21.8,1333,"3","2","MAT3_MAP2"
"12798",22.3,1240,"3","1","MAT3_MAP1"
"12799",17.7,1212,"2","1","MAT2_MAP1"
"12800",16.2,1183,"2","1","MAT2_MAP1"
"12801",21.9,1319,"3","2","MAT3_MAP2"
"12802",18.1,1252,"3","1","MAT3_MAP1"
"12803",21.7,1329,"3","2","MAT3_MAP2"
"12804",17.2,1186,"2","1","MAT2_MAP1"
"12805",18.1,1269,"3","2","MAT3_MAP2"
"12806",21.6,1323,"3","2","MAT3_MAP2"
"12807",18.1,1251,"3","1","MAT3_MAP1"
"12808",18.6,1271,"3","2","MAT3_MAP2"
"12809",22,1291,"3","2","MAT3_MAP2"
"12810",18.3,1281,"3","2","MAT3_MAP2"
"12811",15.7,1170,"1","1","MAT1_MAP1"
"12812",22.3,1248,"3","1","MAT3_MAP1"
"12813",22.3,1249,"3","1","MAT3_MAP1"
"12814",22.1,1271,"3","2","MAT3_MAP2"
"12815",18,1245,"2","1","MAT2_MAP1"
"12816",17.4,1189,"2","1","MAT2_MAP1"
"12817",16.9,1196,"2","1","MAT2_MAP1"
"12818",15.9,1174,"2","1","MAT2_MAP1"
"12819",18.2,1274,"3","2","MAT3_MAP2"
"12820",16.7,1154,"2","1","MAT2_MAP1"
"12821",16.1,1153,"2","1","MAT2_MAP1"
"12822",16.5,1157,"2","1","MAT2_MAP1"
"12823",16.1,1158,"2","1","MAT2_MAP1"
"12824",17.4,1165,"2","1","MAT2_MAP1"
"12825",18,1271,"2","2","MAT2_MAP2"
"12826",17.7,1200,"2","1","MAT2_MAP1"
"12827",22.2,1252,"3","1","MAT3_MAP1"
"12828",17,1176,"2","1","MAT2_MAP1"
"12829",18.2,1279,"3","2","MAT3_MAP2"
"12830",17.7,1195,"2","1","MAT2_MAP1"
"12831",22.6,1194,"3","1","MAT3_MAP1"
"12832",17.5,1185,"2","1","MAT2_MAP1"
"12833",15.3,1134,"1","1","MAT1_MAP1"
"12834",17.7,1193,"2","1","MAT2_MAP1"
"12835",15.9,1171,"2","1","MAT2_MAP1"
"12836",16.4,1128,"2","1","MAT2_MAP1"
"12837",17.4,1159,"2","1","MAT2_MAP1"
"12838",17,1151,"2","1","MAT2_MAP1"
"12839",17.2,1154,"2","1","MAT2_MAP1"
"12840",17.5,1157,"2","1","MAT2_MAP1"
"12841",16.9,1139,"2","1","MAT2_MAP1"
"12842",22.7,1215,"3","1","MAT3_MAP1"
"12843",16.4,1127,"2","1","MAT2_MAP1"
"12844",15.9,1158,"2","1","MAT2_MAP1"
"12845",18.6,1276,"3","2","MAT3_MAP2"
"12846",16.5,1124,"2","1","MAT2_MAP1"
"12847",15.2,1145,"1","1","MAT1_MAP1"
"12848",15.9,1163,"2","1","MAT2_MAP1"
"12849",16.1,1144,"2","1","MAT2_MAP1"
"12850",18.2,1283,"3","2","MAT3_MAP2"
"12851",22.7,1239,"3","1","MAT3_MAP1"
"12852",22.5,1264,"3","2","MAT3_MAP2"
"12853",16.3,1137,"2","1","MAT2_MAP1"
"12854",16.6,1129,"2","1","MAT2_MAP1"
"12855",22.4,1258,"3","2","MAT3_MAP2"
"12856",22.8,1269,"3","2","MAT3_MAP2"
"12857",18,1264,"2","2","MAT2_MAP2"
"12858",22.4,1260,"3","2","MAT3_MAP2"
"12859",14.7,1133,"1","1","MAT1_MAP1"
"12860",16.3,1141,"2","1","MAT2_MAP1"
"12861",18,1275,"2","2","MAT2_MAP2"
"12862",22.9,1310,"3","2","MAT3_MAP2"
"12863",16.7,1142,"2","1","MAT2_MAP1"
"12864",15.7,1184,"1","1","MAT1_MAP1"
"12865",15.9,1170,"2","1","MAT2_MAP1"
"12866",16.8,1144,"2","1","MAT2_MAP1"
"12867",15.4,1148,"1","1","MAT1_MAP1"
"12868",17,1150,"2","1","MAT2_MAP1"
"12869",18.4,1271,"3","2","MAT3_MAP2"
"12870",15,1149,"1","1","MAT1_MAP1"
"12871",22.9,1358,"3","2","MAT3_MAP2"
"12872",17.3,1166,"2","1","MAT2_MAP1"
"12873",16.2,1151,"2","1","MAT2_MAP1"
"12874",17.3,1163,"2","1","MAT2_MAP1"
"12875",23,1350,"3","2","MAT3_MAP2"
"12876",17.3,1167,"2","1","MAT2_MAP1"
"12877",22.8,1314,"3","2","MAT3_MAP2"
"12878",15.3,1167,"1","1","MAT1_MAP1"
"12879",23,1402,"3","2","MAT3_MAP2"
"12880",23,1334,"3","2","MAT3_MAP2"
"12881",13.5,1209,"1","1","MAT1_MAP1"
"12882",18.1,1285,"3","2","MAT3_MAP2"
"12883",23.1,1359,"3","2","MAT3_MAP2"
"12884",23.1,1403,"3","2","MAT3_MAP2"
"12885",23.1,1415,"3","2","MAT3_MAP2"
"12886",16.4,1151,"2","1","MAT2_MAP1"
"12887",15,1132,"1","1","MAT1_MAP1"
"12888",17.6,1229,"2","1","MAT2_MAP1"
"12889",17.9,1259,"2","2","MAT2_MAP2"
"12890",16.1,1173,"2","1","MAT2_MAP1"
"12891",23.1,1388,"3","2","MAT3_MAP2"
"12892",23.1,1407,"3","2","MAT3_MAP2"
"12893",23,1343,"3","2","MAT3_MAP2"
"12894",23.1,1420,"3","3","MAT3_MAP3"
"12895",13.7,1194,"1","1","MAT1_MAP1"
"12896",18.5,1262,"3","2","MAT3_MAP2"
"12897",15.2,1163,"1","1","MAT1_MAP1"
"12898",15.9,1173,"2","1","MAT2_MAP1"
"12899",15.2,1159,"1","1","MAT1_MAP1"
"12900",18,1276,"2","2","MAT2_MAP2"
"12901",15.1,1136,"1","1","MAT1_MAP1"
"12902",18.3,1267,"3","2","MAT3_MAP2"
"12903",15.8,1174,"1","1","MAT1_MAP1"
"12904",15.9,1177,"2","1","MAT2_MAP1"
"12905",16.8,1157,"2","1","MAT2_MAP1"
"12906",23.3,1456,"3","3","MAT3_MAP3"
"12907",15,1134,"1","1","MAT1_MAP1"
"12908",23.2,1401,"3","2","MAT3_MAP2"
"12909",17.3,1201,"2","1","MAT2_MAP1"
"12910",23.3,1421,"3","3","MAT3_MAP3"
"12911",15.2,1165,"1","1","MAT1_MAP1"
"12912",23.3,1442,"3","3","MAT3_MAP3"
"12913",17.3,1205,"2","1","MAT2_MAP1"
"12914",16.3,1168,"2","1","MAT2_MAP1"
"12915",16.6,1158,"2","1","MAT2_MAP1"
"12916",17.5,1229,"2","1","MAT2_MAP1"
"12917",23.3,1419,"3","3","MAT3_MAP3"
"12918",23.3,1420,"3","3","MAT3_MAP3"
"12919",16.2,1181,"2","1","MAT2_MAP1"
"12920",15.1,1166,"1","1","MAT1_MAP1"
"12921",17,1167,"2","1","MAT2_MAP1"
"12922",18.1,1266,"3","2","MAT3_MAP2"
"12923",16.4,1169,"2","1","MAT2_MAP1"
"12924",16.9,1164,"2","1","MAT2_MAP1"
"12925",18.6,1246,"3","1","MAT3_MAP1"
"12926",18.1,1258,"3","2","MAT3_MAP2"
"12927",17.5,1242,"2","1","MAT2_MAP1"
"12928",17.1,1176,"2","1","MAT2_MAP1"
"12929",15.2,1128,"1","1","MAT1_MAP1"
"12930",15.5,1157,"1","1","MAT1_MAP1"
"12931",16.6,1166,"2","1","MAT2_MAP1"
"12932",17.7,1264,"2","2","MAT2_MAP2"
"12933",15.2,1195,"1","1","MAT1_MAP1"
"12934",17.1,1175,"2","1","MAT2_MAP1"
"12935",17.7,1266,"2","2","MAT2_MAP2"
"12936",17.8,1268,"2","2","MAT2_MAP2"
"12937",18,1267,"2","2","MAT2_MAP2"
"12938",16.1,1181,"2","1","MAT2_MAP1"
"12939",13.1,1158,"1","1","MAT1_MAP1"
"12940",16.8,1160,"2","1","MAT2_MAP1"
"12941",17.2,1191,"2","1","MAT2_MAP1"
"12942",17.4,1248,"2","1","MAT2_MAP1"
"12943",18.2,1267,"3","2","MAT3_MAP2"
"12944",17.4,1252,"2","1","MAT2_MAP1"
"12945",18.1,1270,"3","2","MAT3_MAP2"
"12946",17.3,1242,"2","1","MAT2_MAP1"
"12947",15.4,1191,"1","1","MAT1_MAP1"
"12948",15.7,1202,"1","1","MAT1_MAP1"
"12949",17.6,1264,"2","2","MAT2_MAP2"
"12950",17.3,1243,"2","1","MAT2_MAP1"
"12951",18.3,1272,"3","2","MAT3_MAP2"
"12952",17.6,1274,"2","2","MAT2_MAP2"
"12953",17,1160,"2","1","MAT2_MAP1"
"12954",15.1,1158,"1","1","MAT1_MAP1"
"12955",15.5,1194,"1","1","MAT1_MAP1"
"12956",17.6,1267,"2","2","MAT2_MAP2"
"12957",18.2,1284,"3","2","MAT3_MAP2"
"12958",17.8,1283,"2","2","MAT2_MAP2"
"12959",15.9,1192,"2","1","MAT2_MAP1"
"12960",17.6,1269,"2","2","MAT2_MAP2"
"12961",18.2,1286,"3","2","MAT3_MAP2"
"12962",17.2,1198,"2","1","MAT2_MAP1"
"12963",17.1,1159,"2","1","MAT2_MAP1"
"12964",13,1074,"1","1","MAT1_MAP1"
"12965",14.1,1114,"1","1","MAT1_MAP1"
"12966",15.7,1194,"1","1","MAT1_MAP1"
"12967",15.9,1191,"2","1","MAT2_MAP1"
"12968",18,1296,"2","2","MAT2_MAP2"
"12969",17.3,1239,"2","1","MAT2_MAP1"
"12970",18.1,1294,"3","2","MAT3_MAP2"
"12971",17.8,1288,"2","2","MAT2_MAP2"
"12972",17.2,1237,"2","1","MAT2_MAP1"
"12973",17.2,1204,"2","1","MAT2_MAP1"
"12974",17.6,1276,"2","2","MAT2_MAP2"
"12975",17.9,1305,"2","2","MAT2_MAP2"
"12976",14.8,1168,"1","1","MAT1_MAP1"
"12977",17.8,1307,"2","2","MAT2_MAP2"
"12978",16.8,1175,"2","1","MAT2_MAP1"
"12979",15.3,1180,"1","1","MAT1_MAP1"
"12980",15.5,1196,"1","1","MAT1_MAP1"
"12981",17.5,1270,"2","2","MAT2_MAP2"
"12982",17.9,1314,"2","2","MAT2_MAP2"
"12983",17.4,1257,"2","2","MAT2_MAP2"
"12984",15.9,1186,"2","1","MAT2_MAP1"
"12985",15.4,1163,"1","1","MAT1_MAP1"
"12986",15,1176,"1","1","MAT1_MAP1"
"12987",17.9,1322,"2","2","MAT2_MAP2"
"12988",14.6,1146,"1","1","MAT1_MAP1"
"12989",15.5,1162,"1","1","MAT1_MAP1"
"12990",17.5,1274,"2","2","MAT2_MAP2"
"12991",17.9,1319,"2","2","MAT2_MAP2"
"12992",17.6,1294,"2","2","MAT2_MAP2"
"12993",17.6,1304,"2","2","MAT2_MAP2"
"12994",17.2,1241,"2","1","MAT2_MAP1"
"12995",15.5,1169,"1","1","MAT1_MAP1"
"12996",14.7,1175,"1","1","MAT1_MAP1"
"12997",15.4,1167,"1","1","MAT1_MAP1"
"12998",17,1224,"2","1","MAT2_MAP1"
"12999",15.4,1169,"1","1","MAT1_MAP1"
"13000",15.7,1187,"1","1","MAT1_MAP1"
"13001",15.8,1189,"1","1","MAT1_MAP1"
"13002",17.6,1293,"2","2","MAT2_MAP2"
"13003",16.9,1229,"2","1","MAT2_MAP1"
"13004",16.9,1224,"2","1","MAT2_MAP1"
"13005",17.5,1295,"2","2","MAT2_MAP2"
"13006",17.1,1252,"2","1","MAT2_MAP1"
"13007",17.2,1251,"2","1","MAT2_MAP1"
"13008",17.4,1278,"2","2","MAT2_MAP2"
"13009",15.7,1172,"1","1","MAT1_MAP1"
"13010",14.8,1165,"1","1","MAT1_MAP1"
"13011",17.6,1309,"2","2","MAT2_MAP2"
"13012",16,1180,"2","1","MAT2_MAP1"
"13013",14.8,1164,"1","1","MAT1_MAP1"
"13014",17.1,1261,"2","2","MAT2_MAP2"
"13015",17.6,1327,"2","2","MAT2_MAP2"
"13016",17.4,1299,"2","2","MAT2_MAP2"
"13017",17.4,1286,"2","2","MAT2_MAP2"
"13018",14.8,1169,"1","1","MAT1_MAP1"
"13019",16.9,1253,"2","2","MAT2_MAP2"
"13020",17.5,1313,"2","2","MAT2_MAP2"
"13021",16.7,1239,"2","1","MAT2_MAP1"
"13022",13.9,1097,"1","1","MAT1_MAP1"
"13023",17.6,1330,"2","2","MAT2_MAP2"
"13024",16.7,1246,"2","1","MAT2_MAP1"
"13025",16,1181,"2","1","MAT2_MAP1"
"13026",15.4,1150,"1","1","MAT1_MAP1"
"13027",14.5,1160,"1","1","MAT1_MAP1"
"13028",16.8,1270,"2","2","MAT2_MAP2"
"13029",17.4,1300,"2","2","MAT2_MAP2"
"13030",15.4,1161,"1","1","MAT1_MAP1"
"13031",14.4,1148,"1","1","MAT1_MAP1"
"13032",16.6,1249,"2","1","MAT2_MAP1"
"13033",15.8,1178,"1","1","MAT1_MAP1"
"13034",16.7,1261,"2","2","MAT2_MAP2"
"13035",17.4,1306,"2","2","MAT2_MAP2"
"13036",17.4,1294,"2","2","MAT2_MAP2"
"13037",15.8,1182,"1","1","MAT1_MAP1"
"13038",16.9,1256,"2","2","MAT2_MAP2"
"13039",14,1124,"1","1","MAT1_MAP1"
"13040",15.1,1138,"1","1","MAT1_MAP1"
"13041",16.2,1210,"2","1","MAT2_MAP1"
"13042",14.1,1087,"1","1","MAT1_MAP1"
"13043",14.1,1135,"1","1","MAT1_MAP1"
"13044",16.9,1271,"2","2","MAT2_MAP2"
"13045",15.1,1131,"1","1","MAT1_MAP1"
"13046",15.9,1188,"2","1","MAT2_MAP1"
"13047",16.2,1221,"2","1","MAT2_MAP1"
"13048",15.9,1195,"2","1","MAT2_MAP1"
"13049",15.2,1136,"1","1","MAT1_MAP1"
"13050",16.8,1271,"2","2","MAT2_MAP2"
"13051",16,1206,"2","1","MAT2_MAP1"
"13052",14.7,1137,"1","1","MAT1_MAP1"
"13053",14.2,1097,"1","1","MAT1_MAP1"
"13054",16.2,1214,"2","1","MAT2_MAP1"
"13055",17.1,1309,"2","2","MAT2_MAP2"
"13056",14.6,1133,"1","1","MAT1_MAP1"
"13057",16.3,1240,"2","1","MAT2_MAP1"
"13058",16.2,1227,"2","1","MAT2_MAP1"
"13059",16.2,1228,"2","1","MAT2_MAP1"
"13060",13.7,1090,"1","1","MAT1_MAP1"
"13061",16.6,1270,"2","2","MAT2_MAP2"
"13062",16.5,1265,"2","2","MAT2_MAP2"
"13063",16.4,1251,"2","1","MAT2_MAP1"
"13064",15.5,1150,"1","1","MAT1_MAP1"
"13065",16.8,1289,"2","2","MAT2_MAP2"
"13066",15.6,1158,"1","1","MAT1_MAP1"
"13067",16.4,1255,"2","2","MAT2_MAP2"
"13068",15.6,1203,"1","1","MAT1_MAP1"
"13069",17.1,1337,"2","2","MAT2_MAP2"
"13070",14.4,1123,"1","1","MAT1_MAP1"
"13071",16,1238,"2","1","MAT2_MAP1"
"13072",14.7,1149,"1","1","MAT1_MAP1"
"13073",16.3,1253,"2","2","MAT2_MAP2"
"13074",16.6,1277,"2","2","MAT2_MAP2"
"13075",15.9,1211,"2","1","MAT2_MAP1"
"13076",14.9,1160,"1","1","MAT1_MAP1"
"13077",13.5,1101,"1","1","MAT1_MAP1"
"13078",13.6,1106,"1","1","MAT1_MAP1"
"13079",16.4,1279,"2","2","MAT2_MAP2"
"13080",17.1,1355,"2","2","MAT2_MAP2"
"13081",15.4,1168,"1","1","MAT1_MAP1"
"13082",17.1,1360,"2","2","MAT2_MAP2"
"13083",15.1,1150,"1","1","MAT1_MAP1"
"13084",15.5,1180,"1","1","MAT1_MAP1"
"13085",16.6,1295,"2","2","MAT2_MAP2"
"13086",17,1361,"2","2","MAT2_MAP2"
"13087",17.1,1378,"2","2","MAT2_MAP2"
"13088",16.8,1327,"2","2","MAT2_MAP2"
"13089",13.3,1107,"1","1","MAT1_MAP1"
"13090",16,1254,"2","2","MAT2_MAP2"
"13091",13.7,1106,"1","1","MAT1_MAP1"
"13092",16.5,1307,"2","2","MAT2_MAP2"
"13093",17.1,1363,"2","2","MAT2_MAP2"
"13094",15.1,1157,"1","1","MAT1_MAP1"
"13095",16.8,1339,"2","2","MAT2_MAP2"
"13096",14.9,1132,"1","1","MAT1_MAP1"
"13097",16.9,1352,"2","2","MAT2_MAP2"
"13098",16.2,1242,"2","1","MAT2_MAP1"
"13099",14.5,1119,"1","1","MAT1_MAP1"
"13100",13.6,1105,"1","1","MAT1_MAP1"
"13101",17.2,1376,"2","2","MAT2_MAP2"
"13102",13.8,1113,"1","1","MAT1_MAP1"
"13103",16.6,1322,"2","2","MAT2_MAP2"
"13104",13.7,1117,"1","1","MAT1_MAP1"
"13105",17.2,1375,"2","2","MAT2_MAP2"
"13106",17.3,1384,"2","2","MAT2_MAP2"
"13107",14.8,1138,"1","1","MAT1_MAP1"
"13108",17.3,1382,"2","2","MAT2_MAP2"
"13109",16.6,1331,"2","2","MAT2_MAP2"
"13110",15.2,1148,"1","1","MAT1_MAP1"
"13111",14.1,1120,"1","1","MAT1_MAP1"
"13112",17.1,1373,"2","2","MAT2_MAP2"
"13113",13.7,1114,"1","1","MAT1_MAP1"
"13114",15.6,1189,"1","1","MAT1_MAP1"
"13115",16.1,1278,"2","2","MAT2_MAP2"
"13116",17.2,1384,"2","2","MAT2_MAP2"
"13117",16.9,1356,"2","2","MAT2_MAP2"
"13118",16.9,1361,"2","2","MAT2_MAP2"
"13119",17.2,1387,"2","2","MAT2_MAP2"
"13120",15.8,1259,"1","2","MAT1_MAP2"
"13121",14.6,1126,"1","1","MAT1_MAP1"
"13122",17,1371,"2","2","MAT2_MAP2"
"13123",14.6,1119,"1","1","MAT1_MAP1"
"13124",16.4,1334,"2","2","MAT2_MAP2"
"13125",16.1,1302,"2","2","MAT2_MAP2"
"13126",16.9,1369,"2","2","MAT2_MAP2"
"13127",16.7,1357,"2","2","MAT2_MAP2"
"13128",15.1,1154,"1","1","MAT1_MAP1"
"13129",16.8,1366,"2","2","MAT2_MAP2"
"13130",15.2,1153,"1","1","MAT1_MAP1"
"13131",16.1,1309,"2","2","MAT2_MAP2"
"13132",14.6,1127,"1","1","MAT1_MAP1"
"13133",17.2,1383,"2","2","MAT2_MAP2"
"13134",13.5,1065,"1","1","MAT1_MAP1"
"13135",16.3,1323,"2","2","MAT2_MAP2"
"13136",16.8,1369,"2","2","MAT2_MAP2"
"13137",14.1,1127,"1","1","MAT1_MAP1"
"13138",16.9,1373,"2","2","MAT2_MAP2"
"13139",14.8,1156,"1","1","MAT1_MAP1"
"13140",15.1,1183,"1","1","MAT1_MAP1"
"13141",16.8,1371,"2","2","MAT2_MAP2"
"13142",15,1171,"1","1","MAT1_MAP1"
"13143",15.3,1193,"1","1","MAT1_MAP1"
"13144",16.1,1300,"2","2","MAT2_MAP2"
"13145",16.9,1378,"2","2","MAT2_MAP2"
"13146",14.9,1174,"1","1","MAT1_MAP1"
"13147",14.3,1145,"1","1","MAT1_MAP1"
"13148",16.8,1378,"2","2","MAT2_MAP2"
"13149",14.8,1163,"1","1","MAT1_MAP1"
"13150",17,1387,"2","2","MAT2_MAP2"
"13151",16.9,1381,"2","2","MAT2_MAP2"
"13152",13.5,1068,"1","1","MAT1_MAP1"
"13153",15.2,1203,"1","1","MAT1_MAP1"
"13154",14.9,1172,"1","1","MAT1_MAP1"
"13155",15.4,1209,"1","1","MAT1_MAP1"
"13156",16,1287,"2","2","MAT2_MAP2"
"13157",14.4,1113,"1","1","MAT1_MAP1"
"13158",15.5,1218,"1","1","MAT1_MAP1"
"13159",16,1273,"2","2","MAT2_MAP2"
"13160",14.4,1124,"1","1","MAT1_MAP1"
"13161",14.1,1112,"1","1","MAT1_MAP1"
"13162",13.7,1039,"1","1","MAT1_MAP1"
"13163",15,1202,"1","1","MAT1_MAP1"
"13164",14.4,1146,"1","1","MAT1_MAP1"
"13165",13.8,1040,"1","1","MAT1_MAP1"
"13166",14.2,1101,"1","1","MAT1_MAP1"
"13167",16.1,1293,"2","2","MAT2_MAP2"
"13168",14.8,1190,"1","1","MAT1_MAP1"
"13169",15.7,1247,"1","1","MAT1_MAP1"
"13170",15,1199,"1","1","MAT1_MAP1"
"13171",14.7,1180,"1","1","MAT1_MAP1"
"13172",15.9,1271,"2","2","MAT2_MAP2"
"13173",14.5,1165,"1","1","MAT1_MAP1"
"13174",14.9,1197,"1","1","MAT1_MAP1"
"13175",13.9,1069,"1","1","MAT1_MAP1"
"13176",15.4,1230,"1","1","MAT1_MAP1"
"13177",16.3,1319,"2","2","MAT2_MAP2"
"13178",15,1206,"1","1","MAT1_MAP1"
"13179",15.4,1236,"1","1","MAT1_MAP1"
"13180",16.8,1358,"2","2","MAT2_MAP2"
"13181",15.6,1246,"1","1","MAT1_MAP1"
"13182",16.4,1320,"2","2","MAT2_MAP2"
"13183",13.9,1071,"1","1","MAT1_MAP1"
"13184",17,1389,"2","2","MAT2_MAP2"
"13185",14.9,1203,"1","1","MAT1_MAP1"
"13186",15,1208,"1","1","MAT1_MAP1"
"13187",14.7,1196,"1","1","MAT1_MAP1"
"13188",14.6,1136,"1","1","MAT1_MAP1"
"13189",15,1216,"1","1","MAT1_MAP1"
"13190",15.3,1228,"1","1","MAT1_MAP1"
"13191",14.9,1200,"1","1","MAT1_MAP1"
"13192",14.7,1110,"1","1","MAT1_MAP1"
"13193",14.4,1102,"1","1","MAT1_MAP1"
"13194",15.5,1229,"1","1","MAT1_MAP1"
"13195",16.6,1358,"2","2","MAT2_MAP2"
"13196",16,1274,"2","2","MAT2_MAP2"
"13197",15.2,1217,"1","1","MAT1_MAP1"
"13198",14.6,1109,"1","1","MAT1_MAP1"
"13199",14.5,1100,"1","1","MAT1_MAP1"
"13200",15.3,1210,"1","1","MAT1_MAP1"
"13201",15.4,1216,"1","1","MAT1_MAP1"
"13202",14.6,1102,"1","1","MAT1_MAP1"
"13203",16,1266,"2","2","MAT2_MAP2"
"13204",15.8,1233,"1","1","MAT1_MAP1"
"13205",16.6,1350,"2","2","MAT2_MAP2"
"13206",14.7,1061,"1","1","MAT1_MAP1"
"13207",14.8,1073,"1","1","MAT1_MAP1"
"13208",14.5,1047,"1","1","MAT1_MAP1"
"13209",15.7,1217,"1","1","MAT1_MAP1"
"13210",14.4,1038,"1","1","MAT1_MAP1"
"13211",14.3,1022,"1","1","MAT1_MAP1"
"13212",14.3,1034,"1","1","MAT1_MAP1"
"13213",16.4,1302,"2","2","MAT2_MAP2"
"13214",14,1021,"1","1","MAT1_MAP1"
"13215",13.9,1020,"1","1","MAT1_MAP1"
"13216",13.8,1021,"1","1","MAT1_MAP1"
"13217",13.7,1023,"1","1","MAT1_MAP1"
"13218",22.9,2467,"3","3","MAT3_MAP3"
"13219",23.3,2423,"3","3","MAT3_MAP3"
"13220",21.8,2259,"3","3","MAT3_MAP3"
"13221",21.9,2236,"3","3","MAT3_MAP3"
"13222",21.5,2272,"3","3","MAT3_MAP3"
"13223",15.2,2382,"1","3","MAT1_MAP3"
"13224",16,2317,"2","3","MAT2_MAP3"
"13225",21.2,2436,"3","3","MAT3_MAP3"
"13226",21.1,2469,"3","3","MAT3_MAP3"
"13227",20.1,2557,"3","3","MAT3_MAP3"
"13228",16.3,2196,"2","3","MAT2_MAP3"
"13229",20.4,2821,"3","3","MAT3_MAP3"
"13230",20.9,2797,"3","3","MAT3_MAP3"
"13231",21.4,2756,"3","3","MAT3_MAP3"
"13232",20.8,2821,"3","3","MAT3_MAP3"
"13233",14.9,2084,"1","3","MAT1_MAP3"
"13234",14.4,1919,"1","3","MAT1_MAP3"
"13235",19.9,2892,"3","3","MAT3_MAP3"
"13236",20.6,2856,"3","3","MAT3_MAP3"
"13237",20.1,2924,"3","3","MAT3_MAP3"
"13238",13.6,1862,"1","3","MAT1_MAP3"
"13239",19.9,2984,"3","3","MAT3_MAP3"
"13240",20.2,2983,"3","3","MAT3_MAP3"
"13241",21.1,2951,"3","3","MAT3_MAP3"
"13242",19.8,2996,"3","3","MAT3_MAP3"
"13243",20.6,2981,"3","3","MAT3_MAP3"
"13244",20.6,3004,"3","3","MAT3_MAP3"
"13245",21.6,2932,"3","3","MAT3_MAP3"
"13246",16.2,2025,"2","3","MAT2_MAP3"
"13247",16.5,2016,"2","3","MAT2_MAP3"
"13248",14.2,2508,"1","3","MAT1_MAP3"
"13249",16,1921,"2","3","MAT2_MAP3"
"13250",16.1,1874,"2","3","MAT2_MAP3"
"13251",15.6,1885,"1","3","MAT1_MAP3"
"13252",14.5,2204,"1","3","MAT1_MAP3"
"13253",15.5,2005,"1","3","MAT1_MAP3"
"13254",13.9,2402,"1","3","MAT1_MAP3"
"13255",13.6,2229,"1","3","MAT1_MAP3"
"13256",16.5,2247,"2","3","MAT2_MAP3"
"13257",16.6,2197,"2","3","MAT2_MAP3"
"13258",15.4,2388,"1","3","MAT1_MAP3"
"13259",12.1,2796,"1","3","MAT1_MAP3"
"13260",16.3,2182,"2","3","MAT2_MAP3"
"13261",16.9,2372,"2","3","MAT2_MAP3"
"13262",16.2,2493,"2","3","MAT2_MAP3"
"13263",15.3,2167,"1","3","MAT1_MAP3"
"13264",17.5,2361,"2","3","MAT2_MAP3"
"13265",16.2,2415,"2","3","MAT2_MAP3"
"13266",16.1,2383,"2","3","MAT2_MAP3"
"13267",16.6,2416,"2","3","MAT2_MAP3"
"13268",15.7,2418,"1","3","MAT1_MAP3"
"13269",16.2,2303,"2","3","MAT2_MAP3"
"13270",16.8,2396,"2","3","MAT2_MAP3"
"13271",10.7,2660,"1","3","MAT1_MAP3"
"13272",16.3,2419,"2","3","MAT2_MAP3"
"13273",14.3,2687,"1","3","MAT1_MAP3"
"13274",16.8,2038,"2","3","MAT2_MAP3"
"13275",15.7,2360,"1","3","MAT1_MAP3"
"13276",16.8,2298,"2","3","MAT2_MAP3"
"13277",16.3,2357,"2","3","MAT2_MAP3"
"13278",14.2,2822,"1","3","MAT1_MAP3"
"13279",16,2373,"2","3","MAT2_MAP3"
"13280",15.8,2379,"1","3","MAT1_MAP3"
"13281",15.8,3194,"1","3","MAT1_MAP3"
"13282",16.6,2502,"2","3","MAT2_MAP3"
"13283",16,2593,"2","3","MAT2_MAP3"
"13284",16.6,2442,"2","3","MAT2_MAP3"
"13285",16,1721,"2","3","MAT2_MAP3"
"13286",16,2503,"2","3","MAT2_MAP3"
"13287",15.2,2060,"1","3","MAT1_MAP3"
"13288",16.8,3187,"2","3","MAT2_MAP3"
"13289",16,2082,"2","3","MAT2_MAP3"
"13290",15.7,2062,"1","3","MAT1_MAP3"
"13291",16.2,1876,"2","3","MAT2_MAP3"
"13292",16.2,2164,"2","3","MAT2_MAP3"
"13293",13.9,2673,"1","3","MAT1_MAP3"
"13294",15.5,2060,"1","3","MAT1_MAP3"
"13295",17.7,2266,"2","3","MAT2_MAP3"
"13296",13.8,2800,"1","3","MAT1_MAP3"
"13297",15,2431,"1","3","MAT1_MAP3"
"13298",12.3,3052,"1","3","MAT1_MAP3"
"13299",11.8,3134,"1","3","MAT1_MAP3"
"13300",14.2,2512,"1","3","MAT1_MAP3"
"13301",12.5,3014,"1","3","MAT1_MAP3"
"13302",15.4,1799,"1","3","MAT1_MAP3"
"13303",15.5,1787,"1","3","MAT1_MAP3"
"13304",12.6,2963,"1","3","MAT1_MAP3"
"13305",15.1,1849,"1","3","MAT1_MAP3"
"13306",12.2,2220,"1","3","MAT1_MAP3"
"13307",14.1,1946,"1","3","MAT1_MAP3"
"13308",14.7,2905,"1","3","MAT1_MAP3"
"13309",11.6,3152,"1","3","MAT1_MAP3"
"13310",18.8,3163,"3","3","MAT3_MAP3"
"13311",17.3,2451,"2","3","MAT2_MAP3"
"13312",12.2,3145,"1","3","MAT1_MAP3"
"13313",14.5,2577,"1","3","MAT1_MAP3"
"13314",13.6,2700,"1","3","MAT1_MAP3"
"13315",16,2128,"2","3","MAT2_MAP3"
"13316",14.3,1937,"1","3","MAT1_MAP3"
"13317",18.5,3114,"3","3","MAT3_MAP3"
"13318",15.1,2849,"1","3","MAT1_MAP3"
"13319",12.9,3028,"1","3","MAT1_MAP3"
"13320",14.6,2565,"1","3","MAT1_MAP3"
"13321",11.2,3208,"1","3","MAT1_MAP3"
"13322",13,2686,"1","3","MAT1_MAP3"
"13323",10.9,2925,"1","3","MAT1_MAP3"
"13324",15.5,1759,"1","3","MAT1_MAP3"
"13325",14.8,1847,"1","3","MAT1_MAP3"
"13326",19.4,3039,"3","3","MAT3_MAP3"
"13327",19.4,2996,"3","3","MAT3_MAP3"
"13328",11.1,3234,"1","3","MAT1_MAP3"
"13329",13.1,3027,"1","3","MAT1_MAP3"
"13330",10.2,3324,"1","3","MAT1_MAP3"
"13331",15.7,1734,"1","3","MAT1_MAP3"
"13332",16.6,2586,"2","3","MAT2_MAP3"
"13333",14.4,2852,"1","3","MAT1_MAP3"
"13334",8.1,3513,"1","3","MAT1_MAP3"
"13335",12.3,2320,"1","3","MAT1_MAP3"
"13336",12.5,2854,"1","3","MAT1_MAP3"
"13337",13.8,2006,"1","3","MAT1_MAP3"
"13338",17,2457,"2","3","MAT2_MAP3"
"13339",13,3100,"1","3","MAT1_MAP3"
"13340",14.6,2847,"1","3","MAT1_MAP3"
"13341",13.7,2967,"1","3","MAT1_MAP3"
"13342",14.9,2750,"1","3","MAT1_MAP3"
"13343",14.7,1800,"1","3","MAT1_MAP3"
"13344",12,2716,"1","3","MAT1_MAP3"
"13345",13.6,2041,"1","3","MAT1_MAP3"
"13346",12.6,3171,"1","3","MAT1_MAP3"
"13347",13.9,3003,"1","3","MAT1_MAP3"
"13348",13.1,3085,"1","3","MAT1_MAP3"
"13349",12.5,3135,"1","3","MAT1_MAP3"
"13350",12.1,3158,"1","3","MAT1_MAP3"
"13351",7.6,3246,"1","3","MAT1_MAP3"
"13352",17.3,2530,"2","3","MAT2_MAP3"
"13353",16.3,2688,"2","3","MAT2_MAP3"
"13354",14.4,2964,"1","3","MAT1_MAP3"
"13355",13.4,3036,"1","3","MAT1_MAP3"
"13356",11.9,3127,"1","3","MAT1_MAP3"
"13357",13.7,2493,"1","3","MAT1_MAP3"
"13358",14.3,1846,"1","3","MAT1_MAP3"
"13359",15.4,1685,"1","3","MAT1_MAP3"
"13360",15.7,2816,"1","3","MAT1_MAP3"
"13361",14.9,2896,"1","3","MAT1_MAP3"
"13362",14.7,2976,"1","3","MAT1_MAP3"
"13363",13.4,3057,"1","3","MAT1_MAP3"
"13364",12.6,3112,"1","3","MAT1_MAP3"
"13365",16.1,2823,"2","3","MAT2_MAP3"
"13366",16,2800,"2","3","MAT2_MAP3"
"13367",13.6,3021,"1","3","MAT1_MAP3"
"13368",15.1,2896,"1","3","MAT1_MAP3"
"13369",13.7,2582,"1","3","MAT1_MAP3"
"13370",10.7,2940,"1","3","MAT1_MAP3"
"13371",17,2622,"2","3","MAT2_MAP3"
"13372",11.2,3280,"1","3","MAT1_MAP3"
"13373",14.6,2568,"1","3","MAT1_MAP3"
"13374",14.9,2475,"1","3","MAT1_MAP3"
"13375",13.6,2611,"1","3","MAT1_MAP3"
"13376",11.6,2836,"1","3","MAT1_MAP3"
"13377",13.3,2044,"1","3","MAT1_MAP3"
"13378",14.4,1877,"1","3","MAT1_MAP3"
"13379",17.5,2567,"2","3","MAT2_MAP3"
"13380",14,2993,"1","3","MAT1_MAP3"
"13381",14.4,2948,"1","3","MAT1_MAP3"
"13382",15.5,1709,"1","3","MAT1_MAP3"
"13383",14.7,2558,"1","3","MAT1_MAP3"
"13384",15.4,1826,"1","3","MAT1_MAP3"
"13385",15,1782,"1","3","MAT1_MAP3"
"13386",16.8,2533,"2","3","MAT2_MAP3"
"13387",16.1,2576,"2","3","MAT2_MAP3"
"13388",15.3,2659,"1","3","MAT1_MAP3"
"13389",15.6,2580,"1","3","MAT1_MAP3"
"13390",16.1,2382,"2","3","MAT2_MAP3"
"13391",14,2220,"1","3","MAT1_MAP3"
"13392",14.5,2081,"1","3","MAT1_MAP3"
"13393",12.7,1920,"1","3","MAT1_MAP3"
"13394",16.8,2586,"2","3","MAT2_MAP3"
"13395",16.9,2539,"2","3","MAT2_MAP3"
"13396",16.1,2549,"2","3","MAT2_MAP3"
"13397",14.8,2668,"1","3","MAT1_MAP3"
"13398",14.4,2482,"1","3","MAT1_MAP3"
"13399",14.4,2386,"1","3","MAT1_MAP3"
"13400",15.3,1963,"1","3","MAT1_MAP3"
"13401",15.4,1878,"1","3","MAT1_MAP3"
"13402",15.3,1859,"1","3","MAT1_MAP3"
"13403",15.3,1951,"1","3","MAT1_MAP3"
"13404",14.8,1797,"1","3","MAT1_MAP3"
"13405",15.8,2277,"1","3","MAT1_MAP3"
"13406",14,2447,"1","3","MAT1_MAP3"
"13407",14.5,2084,"1","3","MAT1_MAP3"
"13408",15,2215,"1","3","MAT1_MAP3"
"13409",14.9,2092,"1","3","MAT1_MAP3"
"13410",15.9,1820,"2","3","MAT2_MAP3"
"13411",14.5,2089,"1","3","MAT1_MAP3"
"13412",16,2248,"2","3","MAT2_MAP3"
"13413",16.2,1788,"2","3","MAT2_MAP3"
"13414",11.6,2019,"1","3","MAT1_MAP3"
"13415",15.1,2170,"1","3","MAT1_MAP3"
"13416",14.4,2302,"1","3","MAT1_MAP3"
"13417",15,2150,"1","3","MAT1_MAP3"
"13418",14.8,1824,"1","3","MAT1_MAP3"
"13419",14.4,1727,"1","3","MAT1_MAP3"
"13420",11.8,1939,"1","3","MAT1_MAP3"
"13421",14.2,1741,"1","3","MAT1_MAP3"
"13422",14.4,1741,"1","3","MAT1_MAP3"
"13423",12.3,1885,"1","3","MAT1_MAP3"
"13424",13.6,1790,"1","3","MAT1_MAP3"
"13425",11.9,1902,"1","3","MAT1_MAP3"
"13426",13.1,1827,"1","3","MAT1_MAP3"
"13427",14.8,1777,"1","3","MAT1_MAP3"
"13428",13.2,1823,"1","3","MAT1_MAP3"
"13429",13.2,1827,"1","3","MAT1_MAP3"
"13430",13.9,1785,"1","3","MAT1_MAP3"
"13431",13.1,1825,"1","3","MAT1_MAP3"
"13432",13.4,1815,"1","3","MAT1_MAP3"
"13433",13.7,1778,"1","3","MAT1_MAP3"
"13434",13.1,1831,"1","3","MAT1_MAP3"
"13435",14.7,1735,"1","3","MAT1_MAP3"
"13436",15,1689,"1","3","MAT1_MAP3"
"13437",10.4,1982,"1","3","MAT1_MAP3"
"13438",12.4,1848,"1","3","MAT1_MAP3"
"13439",15.2,1757,"1","3","MAT1_MAP3"
"13440",15,1731,"1","3","MAT1_MAP3"
"13441",13,1831,"1","3","MAT1_MAP3"
"13442",11.5,1920,"1","3","MAT1_MAP3"
"13443",13.8,1817,"1","3","MAT1_MAP3"
"13444",13.2,1784,"1","3","MAT1_MAP3"
"13445",16.1,1828,"2","3","MAT2_MAP3"
"13446",16.5,1645,"2","3","MAT2_MAP3"
"13447",14,1774,"1","3","MAT1_MAP3"
"13448",12.5,1762,"1","3","MAT1_MAP3"
"13449",11.7,1868,"1","3","MAT1_MAP3"
"13450",13.9,1821,"1","3","MAT1_MAP3"
"13451",15.2,1621,"1","3","MAT1_MAP3"
"13452",11.8,1872,"1","3","MAT1_MAP3"
"13453",13,1809,"1","3","MAT1_MAP3"
"13454",13.5,1800,"1","3","MAT1_MAP3"
"13455",13.1,1852,"1","3","MAT1_MAP3"
"13456",13.6,1995,"1","3","MAT1_MAP3"
"13457",15.4,2152,"1","3","MAT1_MAP3"
"13458",13.7,1743,"1","3","MAT1_MAP3"
"13459",12.9,1859,"1","3","MAT1_MAP3"
"13460",13.6,1837,"1","3","MAT1_MAP3"
"13461",12.6,1760,"1","3","MAT1_MAP3"
"13462",13.4,1751,"1","3","MAT1_MAP3"
"13463",13.3,1769,"1","3","MAT1_MAP3"
"13464",12.5,1883,"1","3","MAT1_MAP3"
"13465",13.6,1843,"1","3","MAT1_MAP3"
"13466",16.3,2043,"2","3","MAT2_MAP3"
"13467",15.9,1663,"2","3","MAT2_MAP3"
"13468",12.5,1870,"1","3","MAT1_MAP3"
"13469",13.5,1847,"1","3","MAT1_MAP3"
"13470",12.8,1713,"1","3","MAT1_MAP3"
"13471",12.1,1865,"1","3","MAT1_MAP3"
"13472",13.1,1838,"1","3","MAT1_MAP3"
"13473",14.1,1793,"1","3","MAT1_MAP3"
"13474",14.1,1813,"1","3","MAT1_MAP3"
"13475",14.3,1698,"1","3","MAT1_MAP3"
"13476",13.6,2032,"1","3","MAT1_MAP3"
"13477",10.9,1889,"1","3","MAT1_MAP3"
"13478",13.2,1906,"1","3","MAT1_MAP3"
"13479",16.6,1976,"2","3","MAT2_MAP3"
"13480",13.1,1610,"1","3","MAT1_MAP3"
"13481",11.2,1883,"1","3","MAT1_MAP3"
"13482",10,2403,"1","3","MAT1_MAP3"
"13483",16,2266,"2","3","MAT2_MAP3"
"13484",12.6,1602,"1","3","MAT1_MAP3"
"13485",10,1958,"1","3","MAT1_MAP3"
"13486",14.2,1836,"1","3","MAT1_MAP3"
"13487",12.5,1828,"1","3","MAT1_MAP3"
"13488",13.5,1482,"1","3","MAT1_MAP3"
"13489",13.2,1570,"1","3","MAT1_MAP3"
"13490",11.4,1872,"1","3","MAT1_MAP3"
"13491",14.6,1821,"1","3","MAT1_MAP3"
"13492",17.5,2285,"2","3","MAT2_MAP3"
"13493",16,2166,"2","3","MAT2_MAP3"
"13494",8.8,2488,"1","3","MAT1_MAP3"
"13495",12.2,1931,"1","3","MAT1_MAP3"
"13496",13.8,1691,"1","3","MAT1_MAP3"
"13497",12.6,1802,"1","3","MAT1_MAP3"
"13498",14.5,1809,"1","3","MAT1_MAP3"
"13499",17,2275,"2","3","MAT2_MAP3"
"13500",15.5,2212,"1","3","MAT1_MAP3"
"13501",15.7,2152,"1","3","MAT1_MAP3"
"13502",12.5,1573,"1","3","MAT1_MAP3"
"13503",14.6,1867,"1","3","MAT1_MAP3"
"13504",17.3,2178,"2","3","MAT2_MAP3"
"13505",13,1504,"1","3","MAT1_MAP3"
"13506",12,1881,"1","3","MAT1_MAP3"
"13507",13.5,1846,"1","3","MAT1_MAP3"
"13508",13.4,1870,"1","3","MAT1_MAP3"
"13509",15.8,2295,"1","3","MAT1_MAP3"
"13510",15.3,2272,"1","3","MAT1_MAP3"
"13511",13.2,1453,"1","3","MAT1_MAP3"
"13512",12.1,1719,"1","3","MAT1_MAP3"
"13513",12.8,1864,"1","3","MAT1_MAP3"
"13514",14.3,1889,"1","3","MAT1_MAP3"
"13515",12.4,1954,"1","3","MAT1_MAP3"
"13516",14,1946,"1","3","MAT1_MAP3"
"13517",16.8,2241,"2","3","MAT2_MAP3"
"13518",16.3,2246,"2","3","MAT2_MAP3"
"13519",14.9,2277,"1","3","MAT1_MAP3"
"13520",12.1,2234,"1","3","MAT1_MAP3"
"13521",8.8,2427,"1","3","MAT1_MAP3"
"13522",11.2,1751,"1","3","MAT1_MAP3"
"13523",12.9,1813,"1","3","MAT1_MAP3"
"13524",14,1849,"1","3","MAT1_MAP3"
"13525",14.9,1909,"1","3","MAT1_MAP3"
"13526",12.7,2180,"1","3","MAT1_MAP3"
"13527",13.9,1340,"1","2","MAT1_MAP2"
"13528",12.4,1555,"1","3","MAT1_MAP3"
"13529",12.4,1551,"1","3","MAT1_MAP3"
"13530",11.2,1741,"1","3","MAT1_MAP3"
"13531",12.3,1852,"1","3","MAT1_MAP3"
"13532",13.7,1879,"1","3","MAT1_MAP3"
"13533",14.1,1819,"1","3","MAT1_MAP3"
"13534",10.6,2201,"1","3","MAT1_MAP3"
"13535",16.1,2329,"2","3","MAT2_MAP3"
"13536",16.3,2307,"2","3","MAT2_MAP3"
"13537",14,1336,"1","2","MAT1_MAP2"
"13538",12.5,1572,"1","3","MAT1_MAP3"
"13539",12.2,1631,"1","3","MAT1_MAP3"
"13540",14.2,1827,"1","3","MAT1_MAP3"
"13541",15.2,2126,"1","3","MAT1_MAP3"
"13542",14.5,1261,"1","2","MAT1_MAP2"
"13543",14,1327,"1","2","MAT1_MAP2"
"13544",11.8,1616,"1","3","MAT1_MAP3"
"13545",14.1,1845,"1","3","MAT1_MAP3"
"13546",14.7,1910,"1","3","MAT1_MAP3"
"13547",14,1314,"1","2","MAT1_MAP2"
"13548",9.1,2391,"1","3","MAT1_MAP3"
"13549",13.4,1480,"1","3","MAT1_MAP3"
"13550",14.1,1837,"1","3","MAT1_MAP3"
"13551",12.3,2195,"1","3","MAT1_MAP3"
"13552",11.7,1620,"1","3","MAT1_MAP3"
"13553",13.5,1430,"1","3","MAT1_MAP3"
"13554",11.7,1650,"1","3","MAT1_MAP3"
"13555",12.9,1602,"1","3","MAT1_MAP3"
"13556",13.4,1816,"1","3","MAT1_MAP3"
"13557",16.4,2402,"2","3","MAT2_MAP3"
"13558",13.1,1796,"1","3","MAT1_MAP3"
"13559",13.2,1814,"1","3","MAT1_MAP3"
"13560",13.8,1393,"1","2","MAT1_MAP2"
"13561",12.4,1820,"1","3","MAT1_MAP3"
"13562",12.1,1843,"1","3","MAT1_MAP3"
"13563",12.9,1463,"1","3","MAT1_MAP3"
"13564",11.8,1624,"1","3","MAT1_MAP3"
"13565",13,1459,"1","3","MAT1_MAP3"
"13566",13.6,1463,"1","3","MAT1_MAP3"
"13567",12.4,1603,"1","3","MAT1_MAP3"
"13568",12.9,1870,"1","3","MAT1_MAP3"
"13569",14.8,1214,"1","1","MAT1_MAP1"
"13570",14.4,1271,"1","2","MAT1_MAP2"
"13571",13.1,1856,"1","3","MAT1_MAP3"
"13572",13.3,1416,"1","2","MAT1_MAP2"
"13573",14,1404,"1","2","MAT1_MAP2"
"13574",12.3,1619,"1","3","MAT1_MAP3"
"13575",13.9,1351,"1","2","MAT1_MAP2"
"13576",12.6,1509,"1","3","MAT1_MAP3"
"13577",11.3,1769,"1","3","MAT1_MAP3"
"13578",14.5,1445,"1","3","MAT1_MAP3"
"13579",13.1,1550,"1","3","MAT1_MAP3"
"13580",13.7,1822,"1","3","MAT1_MAP3"
"13581",13.3,1397,"1","2","MAT1_MAP2"
"13582",16.2,2295,"2","3","MAT2_MAP3"
"13583",12.4,1537,"1","3","MAT1_MAP3"
"13584",13.7,1929,"1","3","MAT1_MAP3"
"13585",15.4,1295,"1","2","MAT1_MAP2"
"13586",11.4,1753,"1","3","MAT1_MAP3"
"13587",10.2,1882,"1","3","MAT1_MAP3"
"13588",16.3,2286,"2","3","MAT2_MAP3"
"13589",12.9,1817,"1","3","MAT1_MAP3"
"13590",14.6,1211,"1","1","MAT1_MAP1"
"13591",14.7,1287,"1","2","MAT1_MAP2"
"13592",13,1470,"1","3","MAT1_MAP3"
"13593",13.1,1510,"1","3","MAT1_MAP3"
"13594",11.8,2034,"1","3","MAT1_MAP3"
"13595",12.6,1771,"1","3","MAT1_MAP3"
"13596",14.4,1237,"1","1","MAT1_MAP1"
"13597",14.4,1246,"1","1","MAT1_MAP1"
"13598",11.7,1725,"1","3","MAT1_MAP3"
"13599",13.9,1449,"1","3","MAT1_MAP3"
"13600",12.3,1596,"1","3","MAT1_MAP3"
"13601",14.1,1748,"1","3","MAT1_MAP3"
"13602",13.4,1805,"1","3","MAT1_MAP3"
"13603",13.7,2062,"1","3","MAT1_MAP3"
"13604",11.2,2123,"1","3","MAT1_MAP3"
"13605",13.2,1425,"1","3","MAT1_MAP3"
"13606",14.3,1382,"1","2","MAT1_MAP2"
"13607",13.1,1509,"1","3","MAT1_MAP3"
"13608",14.5,2303,"1","3","MAT1_MAP3"
"13609",10.9,2309,"1","3","MAT1_MAP3"
"13610",14.3,1309,"1","2","MAT1_MAP2"
"13611",14.2,1284,"1","2","MAT1_MAP2"
"13612",13.4,1585,"1","3","MAT1_MAP3"
"13613",14.4,1820,"1","3","MAT1_MAP3"
"13614",15.1,2272,"1","3","MAT1_MAP3"
"13615",15.6,2267,"1","3","MAT1_MAP3"
"13616",12,2142,"1","3","MAT1_MAP3"
"13617",14.4,1340,"1","2","MAT1_MAP2"
"13618",13.7,1410,"1","2","MAT1_MAP2"
"13619",14.7,1370,"1","2","MAT1_MAP2"
"13620",13.4,1478,"1","3","MAT1_MAP3"
"13621",14,1447,"1","3","MAT1_MAP3"
"13622",14.1,1537,"1","3","MAT1_MAP3"
"13623",9.7,1953,"1","3","MAT1_MAP3"
"13624",12.9,1842,"1","3","MAT1_MAP3"
"13625",10.3,2358,"1","3","MAT1_MAP3"
"13626",13.9,1658,"1","3","MAT1_MAP3"
"13627",14,1530,"1","3","MAT1_MAP3"
"13628",14.9,1358,"1","2","MAT1_MAP2"
"13629",12.9,1527,"1","3","MAT1_MAP3"
"13630",14.2,1440,"1","3","MAT1_MAP3"
"13631",12.1,1724,"1","3","MAT1_MAP3"
"13632",14.3,1860,"1","3","MAT1_MAP3"
"13633",14.8,1264,"1","2","MAT1_MAP2"
"13634",14.4,1854,"1","3","MAT1_MAP3"
"13635",13.5,1529,"1","3","MAT1_MAP3"
"13636",16.4,2268,"2","3","MAT2_MAP3"
"13637",12.1,1978,"1","3","MAT1_MAP3"
"13638",14.3,1447,"1","3","MAT1_MAP3"
"13639",14.8,1298,"1","2","MAT1_MAP2"
"13640",12.7,1555,"1","3","MAT1_MAP3"
"13641",13.7,1520,"1","3","MAT1_MAP3"
"13642",14.9,1364,"1","2","MAT1_MAP2"
"13643",12.8,1867,"1","3","MAT1_MAP3"
"13644",14.5,1429,"1","3","MAT1_MAP3"
"13645",15.1,1268,"1","2","MAT1_MAP2"
"13646",13.4,1507,"1","3","MAT1_MAP3"
"13647",12.8,1800,"1","3","MAT1_MAP3"
"13648",14.5,1939,"1","3","MAT1_MAP3"
"13649",13.8,1441,"1","3","MAT1_MAP3"
"13650",14.5,1409,"1","2","MAT1_MAP2"
"13651",14.3,1441,"1","3","MAT1_MAP3"
"13652",13.6,1940,"1","3","MAT1_MAP3"
"13653",13.9,1509,"1","3","MAT1_MAP3"
"13654",14.3,1529,"1","3","MAT1_MAP3"
"13655",12.4,1835,"1","3","MAT1_MAP3"
"13656",11.2,1950,"1","3","MAT1_MAP3"
"13657",13.5,1943,"1","3","MAT1_MAP3"
"13658",13.7,1472,"1","3","MAT1_MAP3"
"13659",12.8,1570,"1","3","MAT1_MAP3"
"13660",8.7,2052,"1","3","MAT1_MAP3"
"13661",15.1,2139,"1","3","MAT1_MAP3"
"13662",14.6,1978,"1","3","MAT1_MAP3"
"13663",13,1956,"1","3","MAT1_MAP3"
"13664",13.5,2016,"1","3","MAT1_MAP3"
"13665",12.7,1960,"1","3","MAT1_MAP3"
"13666",12.5,1984,"1","3","MAT1_MAP3"
"13667",15.9,2081,"2","3","MAT2_MAP3"
"13668",15.7,1823,"1","3","MAT1_MAP3"
"13669",13.8,1598,"1","3","MAT1_MAP3"
"13670",13.6,2012,"1","3","MAT1_MAP3"
"13671",16.6,2120,"2","3","MAT2_MAP3"
"13672",11.6,1902,"1","3","MAT1_MAP3"
"13673",9.9,2012,"1","3","MAT1_MAP3"
"13674",10.3,2009,"1","3","MAT1_MAP3"
"13675",14.4,2006,"1","3","MAT1_MAP3"
"13676",14.3,1457,"1","3","MAT1_MAP3"
"13677",14.6,1479,"1","3","MAT1_MAP3"
"13678",14,1813,"1","3","MAT1_MAP3"
"13679",13.6,1974,"1","3","MAT1_MAP3"
"13680",14.7,1416,"1","2","MAT1_MAP2"
"13681",14.5,1607,"1","3","MAT1_MAP3"
"13682",12.5,1832,"1","3","MAT1_MAP3"
"13683",13.7,1921,"1","3","MAT1_MAP3"
"13684",14.4,1630,"1","3","MAT1_MAP3"
"13685",14.9,1509,"1","3","MAT1_MAP3"
"13686",13.9,1809,"1","3","MAT1_MAP3"
"13687",12.6,1871,"1","3","MAT1_MAP3"
"13688",13.6,1999,"1","3","MAT1_MAP3"
"13689",13.2,2020,"1","3","MAT1_MAP3"
"13690",13.9,1690,"1","3","MAT1_MAP3"
"13691",15.3,1552,"1","3","MAT1_MAP3"
"13692",14.1,1801,"1","3","MAT1_MAP3"
"13693",11,1850,"1","3","MAT1_MAP3"
"13694",14.3,1896,"1","3","MAT1_MAP3"
"13695",14.3,1446,"1","3","MAT1_MAP3"
"13696",12.7,1866,"1","3","MAT1_MAP3"
"13697",14.2,1976,"1","3","MAT1_MAP3"
"13698",13.6,2023,"1","3","MAT1_MAP3"
"13699",13.8,2039,"1","3","MAT1_MAP3"
"13700",14.6,1423,"1","3","MAT1_MAP3"
"13701",14.4,1495,"1","3","MAT1_MAP3"
"13702",13.7,1597,"1","3","MAT1_MAP3"
"13703",13.6,1803,"1","3","MAT1_MAP3"
"13704",13.9,1984,"1","3","MAT1_MAP3"
"13705",13.9,2011,"1","3","MAT1_MAP3"
"13706",14.7,1406,"1","2","MAT1_MAP2"
"13707",14.6,1451,"1","3","MAT1_MAP3"
"13708",13.6,1781,"1","3","MAT1_MAP3"
"13709",12.9,1907,"1","3","MAT1_MAP3"
"13710",13.2,1918,"1","3","MAT1_MAP3"
"13711",14.5,1918,"1","3","MAT1_MAP3"
"13712",14,1511,"1","3","MAT1_MAP3"
"13713",14.4,1827,"1","3","MAT1_MAP3"
"13714",12.6,1917,"1","3","MAT1_MAP3"
"13715",13.4,2034,"1","3","MAT1_MAP3"
"13716",15,1864,"1","3","MAT1_MAP3"
"13717",16,1876,"2","3","MAT2_MAP3"
"13718",14.6,1526,"1","3","MAT1_MAP3"
"13719",13.2,1652,"1","3","MAT1_MAP3"
"13720",16,1995,"2","3","MAT2_MAP3"
"13721",13.9,1615,"1","3","MAT1_MAP3"
"13722",13.8,1641,"1","3","MAT1_MAP3"
"13723",13.9,1714,"1","3","MAT1_MAP3"
"13724",13.9,1835,"1","3","MAT1_MAP3"
"13725",13.9,1882,"1","3","MAT1_MAP3"
"13726",15.1,1818,"1","3","MAT1_MAP3"
"13727",11.4,1843,"1","3","MAT1_MAP3"
"13728",13.5,2282,"1","3","MAT1_MAP3"
"13729",14.1,1686,"1","3","MAT1_MAP3"
"13730",14.1,1724,"1","3","MAT1_MAP3"
"13731",13,1805,"1","3","MAT1_MAP3"
"13732",16.5,2379,"2","3","MAT2_MAP3"
"13733",14.4,1849,"1","3","MAT1_MAP3"
"13734",12,1869,"1","3","MAT1_MAP3"
"13735",12.6,2360,"1","3","MAT1_MAP3"
"13736",14.6,2569,"1","3","MAT1_MAP3"
"13737",13.1,2682,"1","3","MAT1_MAP3"
"13738",13.5,1708,"1","3","MAT1_MAP3"
"13739",12.5,1818,"1","3","MAT1_MAP3"
"13740",12.8,2663,"1","3","MAT1_MAP3"
"13741",16.1,2666,"2","3","MAT2_MAP3"
"13742",13.2,1967,"1","3","MAT1_MAP3"
"13743",14.3,2036,"1","3","MAT1_MAP3"
"13744",15.5,2804,"1","3","MAT1_MAP3"
"13745",14.9,2789,"1","3","MAT1_MAP3"
"13746",15.3,2848,"1","3","MAT1_MAP3"
"13747",13.9,2048,"1","3","MAT1_MAP3"
"13748",11.5,2726,"1","3","MAT1_MAP3"
"13749",13.1,2022,"1","3","MAT1_MAP3"
"13750",8.9,2670,"1","3","MAT1_MAP3"
"13751",12.9,2121,"1","3","MAT1_MAP3"
"13752",10.5,2105,"1","3","MAT1_MAP3"
"13753",13,2092,"1","3","MAT1_MAP3"
"13754",13.7,2266,"1","3","MAT1_MAP3"
"13755",11.6,2660,"1","3","MAT1_MAP3"
"13756",12,2629,"1","3","MAT1_MAP3"
"13757",9.3,2634,"1","3","MAT1_MAP3"
"13758",11.4,2101,"1","3","MAT1_MAP3"
"13759",12.9,2376,"1","3","MAT1_MAP3"
"13760",8.8,2671,"1","3","MAT1_MAP3"
"13761",14.1,1731,"1","3","MAT1_MAP3"
"13762",12.6,1815,"1","3","MAT1_MAP3"
"13763",13.6,2360,"1","3","MAT1_MAP3"
"13764",12,2310,"1","3","MAT1_MAP3"
"13765",13.3,1688,"1","3","MAT1_MAP3"
"13766",14.5,1678,"1","3","MAT1_MAP3"
"13767",11.5,2222,"1","3","MAT1_MAP3"
"13768",11.2,2238,"1","3","MAT1_MAP3"
"13769",13,2436,"1","3","MAT1_MAP3"
"13770",15.7,3390,"1","3","MAT1_MAP3"
"13771",14,1651,"1","3","MAT1_MAP3"
"13772",13.9,1689,"1","3","MAT1_MAP3"
"13773",13.6,2428,"1","3","MAT1_MAP3"
"13774",11.6,2394,"1","3","MAT1_MAP3"
"13775",13.9,1674,"1","3","MAT1_MAP3"
"13776",14,2498,"1","3","MAT1_MAP3"
"13777",12.5,1841,"1","3","MAT1_MAP3"
"13778",11.6,1985,"1","3","MAT1_MAP3"
"13779",12.2,2169,"1","3","MAT1_MAP3"
"13780",14,2752,"1","3","MAT1_MAP3"
"13781",11.2,2011,"1","3","MAT1_MAP3"
"13782",11.8,1998,"1","3","MAT1_MAP3"
"13783",13.8,2732,"1","3","MAT1_MAP3"
"13784",14.9,2638,"1","3","MAT1_MAP3"
"13785",12.5,1882,"1","3","MAT1_MAP3"
"13786",10.7,2074,"1","3","MAT1_MAP3"
"13787",10.9,2217,"1","3","MAT1_MAP3"
"13788",15.3,2252,"1","3","MAT1_MAP3"
"13789",12.5,2147,"1","3","MAT1_MAP3"
"13790",15.4,2669,"1","3","MAT1_MAP3"
"13791",15,1926,"1","3","MAT1_MAP3"
"13792",12.1,2207,"1","3","MAT1_MAP3"
"13793",15.5,2562,"1","3","MAT1_MAP3"
"13794",11.2,2279,"1","3","MAT1_MAP3"
"13795",16,2532,"2","3","MAT2_MAP3"
"13796",13.9,2492,"1","3","MAT1_MAP3"
"13797",13.7,2473,"1","3","MAT1_MAP3"
"13798",16.2,2497,"2","3","MAT2_MAP3"
"13799",13.8,2348,"1","3","MAT1_MAP3"
"13800",9.3,2200,"1","3","MAT1_MAP3"
"13801",11.2,2275,"1","3","MAT1_MAP3"
"13802",16.2,2435,"2","3","MAT2_MAP3"
"13803",15.8,2292,"1","3","MAT1_MAP3"
"13804",16.1,2214,"2","3","MAT2_MAP3"
"13805",12.6,2411,"1","3","MAT1_MAP3"
"13806",16,2256,"2","3","MAT2_MAP3"
"13807",13.7,2387,"1","3","MAT1_MAP3"
"13808",13.5,2390,"1","3","MAT1_MAP3"
"13809",12.1,2307,"1","3","MAT1_MAP3"
"13810",12.3,2229,"1","3","MAT1_MAP3"
"13811",13.2,2101,"1","3","MAT1_MAP3"
"13812",12.6,2246,"1","3","MAT1_MAP3"
"13813",13.3,2280,"1","3","MAT1_MAP3"
"13814",14,1999,"1","3","MAT1_MAP3"
"13815",13.3,2088,"1","3","MAT1_MAP3"
"13816",8.9,1783,"1","3","MAT1_MAP3"
"13817",5.6,2060,"1","3","MAT1_MAP3"
"13818",15.1,1991,"1","3","MAT1_MAP3"
"13819",7.9,1867,"1","3","MAT1_MAP3"
"13820",8.5,1779,"1","3","MAT1_MAP3"
"13821",8.7,2178,"1","3","MAT1_MAP3"
"13822",11,1705,"1","3","MAT1_MAP3"
"13823",10.3,1563,"1","3","MAT1_MAP3"
"13824",9.6,1430,"1","3","MAT1_MAP3"
"13825",10.5,1680,"1","3","MAT1_MAP3"
"13826",7.4,1801,"1","3","MAT1_MAP3"
"13827",8.9,1508,"1","3","MAT1_MAP3"
"13828",14.4,2206,"1","3","MAT1_MAP3"
"13829",13.8,2193,"1","3","MAT1_MAP3"
"13830",12.8,2203,"1","3","MAT1_MAP3"
"13831",9.3,1696,"1","3","MAT1_MAP3"
"13832",11.6,2110,"1","3","MAT1_MAP3"
"13833",6.9,1599,"1","3","MAT1_MAP3"
"13834",10.2,1942,"1","3","MAT1_MAP3"
"13835",8.1,2012,"1","3","MAT1_MAP3"
"13836",10.1,1408,"1","2","MAT1_MAP2"
"13837",10.6,1125,"1","1","MAT1_MAP1"
"13838",11.2,1315,"1","2","MAT1_MAP2"
"13839",10.1,1881,"1","3","MAT1_MAP3"
"13840",6.8,2151,"1","3","MAT1_MAP3"
"13841",10.3,1140,"1","1","MAT1_MAP1"
"13842",12.5,1926,"1","3","MAT1_MAP3"
"13843",11,1904,"1","3","MAT1_MAP3"
"13844",11.9,1804,"1","3","MAT1_MAP3"
"13845",10.3,1874,"1","3","MAT1_MAP3"
"13846",12.3,2047,"1","3","MAT1_MAP3"
"13847",12.9,1790,"1","3","MAT1_MAP3"
"13848",12.1,2279,"1","3","MAT1_MAP3"
"13849",11.1,1846,"1","3","MAT1_MAP3"
"13850",9.7,1779,"1","3","MAT1_MAP3"
"13851",10.9,1377,"1","2","MAT1_MAP2"
"13852",5.5,1842,"1","3","MAT1_MAP3"
"13853",12.4,1889,"1","3","MAT1_MAP3"
"13854",11.8,1883,"1","3","MAT1_MAP3"
"13855",10.2,1744,"1","3","MAT1_MAP3"
"13856",8.6,1289,"1","2","MAT1_MAP2"
"13857",12.1,2240,"1","3","MAT1_MAP3"
"13858",11.6,2170,"1","3","MAT1_MAP3"
"13859",11.5,1109,"1","1","MAT1_MAP1"
"13860",9.7,1214,"1","1","MAT1_MAP1"
"13861",9.7,1223,"1","1","MAT1_MAP1"
"13862",12.5,2321,"1","3","MAT1_MAP3"
"13863",15.1,2166,"1","3","MAT1_MAP3"
"13864",7.1,1631,"1","3","MAT1_MAP3"
"13865",8.6,1383,"1","2","MAT1_MAP2"
"13866",9.8,1336,"1","2","MAT1_MAP2"
"13867",13,1149,"1","1","MAT1_MAP1"
"13868",11.7,2046,"1","3","MAT1_MAP3"
"13869",16.2,2036,"2","3","MAT2_MAP3"
"13870",8.8,1494,"1","3","MAT1_MAP3"
"13871",9.5,1331,"1","2","MAT1_MAP2"
"13872",7.5,1584,"1","3","MAT1_MAP3"
"13873",15.8,2098,"1","3","MAT1_MAP3"
"13874",8,2010,"1","3","MAT1_MAP3"
"13875",6.8,1907,"1","3","MAT1_MAP3"
"13876",7.7,1577,"1","3","MAT1_MAP3"
"13877",10.7,1417,"1","2","MAT1_MAP2"
"13878",9.8,1355,"1","2","MAT1_MAP2"
"13879",16.1,2104,"2","3","MAT2_MAP3"
"13880",15.5,2159,"1","3","MAT1_MAP3"
"13881",15.5,2098,"1","3","MAT1_MAP3"
"13882",10.9,1312,"1","2","MAT1_MAP2"
"13883",13.6,1222,"1","1","MAT1_MAP1"
"13884",7.9,1632,"1","3","MAT1_MAP3"
"13885",12.7,2164,"1","3","MAT1_MAP3"
"13886",10,2084,"1","3","MAT1_MAP3"
"13887",8,1652,"1","3","MAT1_MAP3"
"13888",11,1196,"1","1","MAT1_MAP1"
"13889",11.9,2092,"1","3","MAT1_MAP3"
"13890",10.7,2347,"1","3","MAT1_MAP3"
"13891",14.4,2032,"1","3","MAT1_MAP3"
"13892",13.1,1346,"1","2","MAT1_MAP2"
"13893",12.4,1773,"1","3","MAT1_MAP3"
"13894",9.1,1609,"1","3","MAT1_MAP3"
"13895",13,1903,"1","3","MAT1_MAP3"
"13896",7.1,1865,"1","3","MAT1_MAP3"
"13897",6.5,1926,"1","3","MAT1_MAP3"
"13898",6.8,1904,"1","3","MAT1_MAP3"
"13899",12.7,1759,"1","3","MAT1_MAP3"
"13900",9.3,1899,"1","3","MAT1_MAP3"
"13901",12.5,1559,"1","3","MAT1_MAP3"
"13902",11.7,1535,"1","3","MAT1_MAP3"
"13903",9.2,1770,"1","3","MAT1_MAP3"
"13904",14.3,1273,"1","2","MAT1_MAP2"
"13905",6.7,2002,"1","3","MAT1_MAP3"
"13906",14.9,1677,"1","3","MAT1_MAP3"
"13907",11.1,1867,"1","3","MAT1_MAP3"
"13908",5,2147,"1","3","MAT1_MAP3"
"13909",11.6,1882,"1","3","MAT1_MAP3"
"13910",11.3,1644,"1","3","MAT1_MAP3"
"13911",11.6,1972,"1","3","MAT1_MAP3"
"13912",11.4,1975,"1","3","MAT1_MAP3"
"13913",11.3,1999,"1","3","MAT1_MAP3"
"13914",10.2,2029,"1","3","MAT1_MAP3"
"13915",13.9,1317,"1","2","MAT1_MAP2"
"13916",11.9,2007,"1","3","MAT1_MAP3"
"13917",11.4,2062,"1","3","MAT1_MAP3"
"13918",10.6,1950,"1","3","MAT1_MAP3"
"13919",10.6,2001,"1","3","MAT1_MAP3"
"13920",10.4,2013,"1","3","MAT1_MAP3"
"13921",15.4,1675,"1","3","MAT1_MAP3"
"13922",12,2015,"1","3","MAT1_MAP3"
"13923",10,2014,"1","3","MAT1_MAP3"
"13924",9.6,1986,"1","3","MAT1_MAP3"
"13925",11.5,1645,"1","3","MAT1_MAP3"
"13926",7.8,1952,"1","3","MAT1_MAP3"
"13927",15.1,1995,"1","3","MAT1_MAP3"
"13928",15.6,1881,"1","3","MAT1_MAP3"
"13929",14.4,1313,"1","2","MAT1_MAP2"
"13930",15.2,1737,"1","3","MAT1_MAP3"
"13931",15.2,1834,"1","3","MAT1_MAP3"
"13932",14.6,1851,"1","3","MAT1_MAP3"
"13933",13.5,1371,"1","2","MAT1_MAP2"
"13934",15.1,1854,"1","3","MAT1_MAP3"
"13935",13.7,1317,"1","2","MAT1_MAP2"
"13936",12.8,1433,"1","3","MAT1_MAP3"
"13937",13.3,1405,"1","2","MAT1_MAP2"
"13938",13.1,1407,"1","2","MAT1_MAP2"
"13939",14.6,1842,"1","3","MAT1_MAP3"
"13940",12.7,1435,"1","3","MAT1_MAP3"
"13941",11.8,1544,"1","3","MAT1_MAP3"
"13942",15.1,1684,"1","3","MAT1_MAP3"
"13943",15,1522,"1","3","MAT1_MAP3"
"13944",13,1420,"1","3","MAT1_MAP3"
"13945",13,1422,"1","3","MAT1_MAP3"
"13946",12.3,1477,"1","3","MAT1_MAP3"
"13947",10.9,1512,"1","3","MAT1_MAP3"
"13948",11.1,1333,"1","2","MAT1_MAP2"
"13949",15.1,1692,"1","3","MAT1_MAP3"
"13950",11.6,1298,"1","2","MAT1_MAP2"
"13951",15.2,1748,"1","3","MAT1_MAP3"
"13952",13.2,1406,"1","2","MAT1_MAP2"
"13953",9.5,1640,"1","3","MAT1_MAP3"
"13954",11.7,1282,"1","2","MAT1_MAP2"
"13955",13.8,1406,"1","2","MAT1_MAP2"
"13956",11.3,1357,"1","2","MAT1_MAP2"
"13957",11.5,1256,"1","2","MAT1_MAP2"
"13958",11.8,1238,"1","1","MAT1_MAP1"
"13959",10.9,1292,"1","2","MAT1_MAP2"
"13960",10.5,1445,"1","3","MAT1_MAP3"
"13961",10.5,1413,"1","2","MAT1_MAP2"
"13962",10,1425,"1","3","MAT1_MAP3"
"13963",11.3,1275,"1","2","MAT1_MAP2"
"13964",11.7,1546,"1","3","MAT1_MAP3"
"13965",12,1521,"1","3","MAT1_MAP3"
"13966",10.9,1560,"1","3","MAT1_MAP3"
"13967",10,1612,"1","3","MAT1_MAP3"
"13968",9.8,1588,"1","3","MAT1_MAP3"
"13969",10.3,1347,"1","2","MAT1_MAP2"
"13970",10.7,1328,"1","2","MAT1_MAP2"
"13971",14.7,1527,"1","3","MAT1_MAP3"
"13972",10.6,1408,"1","2","MAT1_MAP2"
"13973",9.8,1387,"1","2","MAT1_MAP2"
"13974",14.9,1548,"1","3","MAT1_MAP3"
"13975",10.5,1346,"1","2","MAT1_MAP2"
"13976",10.8,1342,"1","2","MAT1_MAP2"
"13977",9.6,1483,"1","3","MAT1_MAP3"
"13978",10.4,1340,"1","2","MAT1_MAP2"
"13979",12.2,1276,"1","2","MAT1_MAP2"
"13980",8.3,1504,"1","3","MAT1_MAP3"
"13981",12.9,1399,"1","2","MAT1_MAP2"
"13982",11.2,1448,"1","3","MAT1_MAP3"
"13983",10.1,1427,"1","3","MAT1_MAP3"
"13984",10.1,1363,"1","2","MAT1_MAP2"
"13985",11.3,1309,"1","2","MAT1_MAP2"
"13986",11,1349,"1","2","MAT1_MAP2"
"13987",12.9,1406,"1","2","MAT1_MAP2"
"13988",12.8,1374,"1","2","MAT1_MAP2"
"13989",11.8,1282,"1","2","MAT1_MAP2"
"13990",11.6,1287,"1","2","MAT1_MAP2"
"13991",12.4,1277,"1","2","MAT1_MAP2"
"13992",11.5,1259,"1","2","MAT1_MAP2"
"13993",11.7,1250,"1","1","MAT1_MAP1"
"13994",12.5,1303,"1","2","MAT1_MAP2"
"13995",11.8,1237,"1","1","MAT1_MAP1"
"13996",12.1,1208,"1","1","MAT1_MAP1"
"13997",11.1,1258,"1","2","MAT1_MAP2"
"13998",11.8,1195,"1","1","MAT1_MAP1"
"13999",10.5,1268,"1","2","MAT1_MAP2"
"14000",10.4,1266,"1","2","MAT1_MAP2"
"14001",9.8,1317,"1","2","MAT1_MAP2"
"14002",9.5,1326,"1","2","MAT1_MAP2"
"14003",9.5,1344,"1","2","MAT1_MAP2"
"14004",9.1,1386,"1","2","MAT1_MAP2"
"14005",8.6,1425,"1","3","MAT1_MAP3"
"14006",9.7,1360,"1","2","MAT1_MAP2"
"14007",9,1407,"1","2","MAT1_MAP2"
"14008",7.7,1482,"1","3","MAT1_MAP3"
"14009",8.2,1461,"1","3","MAT1_MAP3"
"14010",9.9,1378,"1","2","MAT1_MAP2"
"14011",8.2,1467,"1","3","MAT1_MAP3"
"14012",9.7,1420,"1","3","MAT1_MAP3"
"14013",8.8,1446,"1","3","MAT1_MAP3"
"14014",7.4,1508,"1","3","MAT1_MAP3"
"14015",7.8,1483,"1","3","MAT1_MAP3"
"14016",8.5,1469,"1","3","MAT1_MAP3"
"14017",7.5,1499,"1","3","MAT1_MAP3"
"14018",8.2,1301,"1","2","MAT1_MAP2"
"14019",10.3,1442,"1","3","MAT1_MAP3"
"14020",9.1,1456,"1","3","MAT1_MAP3"
"14021",9.2,1459,"1","3","MAT1_MAP3"
"14022",7.9,1493,"1","3","MAT1_MAP3"
"14023",7,1523,"1","3","MAT1_MAP3"
"14024",8.7,1473,"1","3","MAT1_MAP3"
"14025",9.8,1438,"1","3","MAT1_MAP3"
"14026",9,1471,"1","3","MAT1_MAP3"
"14027",10.1,1453,"1","3","MAT1_MAP3"
"14028",10,1423,"1","3","MAT1_MAP3"
"14029",9.9,1417,"1","2","MAT1_MAP2"
"14030",9.5,1235,"1","1","MAT1_MAP1"
"14031",10.7,1441,"1","3","MAT1_MAP3"
"14032",9.1,1336,"1","2","MAT1_MAP2"
"14033",9.5,1267,"1","2","MAT1_MAP2"
"14034",10.3,1378,"1","2","MAT1_MAP2"
"14035",10.8,1318,"1","2","MAT1_MAP2"
"14036",10,1301,"1","2","MAT1_MAP2"
"14037",21.3,2276,"3","3","MAT3_MAP3"
"14038",21.5,2415,"3","3","MAT3_MAP3"
"14039",21.7,2390,"3","3","MAT3_MAP3"
"14040",15.8,2235,"1","3","MAT1_MAP3"
"14041",15.2,2204,"1","3","MAT1_MAP3"
"14042",15.4,2078,"1","3","MAT1_MAP3"
"14043",15.8,1634,"1","3","MAT1_MAP3"
"14044",16.1,1934,"2","3","MAT2_MAP3"
"14045",15.2,2368,"1","3","MAT1_MAP3"
"14046",16.7,2121,"2","3","MAT2_MAP3"
"14047",11.8,2448,"1","3","MAT1_MAP3"
"14048",16.7,2386,"2","3","MAT2_MAP3"
"14049",16.3,2439,"2","3","MAT2_MAP3"
"14050",14.8,2595,"1","3","MAT1_MAP3"
"14051",17.5,2374,"2","3","MAT2_MAP3"
"14052",14,2042,"1","3","MAT1_MAP3"
"14053",13.9,2596,"1","3","MAT1_MAP3"
"14054",15.7,2133,"1","3","MAT1_MAP3"
"14055",14.6,2318,"1","3","MAT1_MAP3"
"14056",12.7,2891,"1","3","MAT1_MAP3"
"14057",12.5,2972,"1","3","MAT1_MAP3"
"14058",14,2825,"1","3","MAT1_MAP3"
"14059",15.1,1775,"1","3","MAT1_MAP3"
"14060",18.6,2661,"3","3","MAT3_MAP3"
"14061",12.1,3160,"1","3","MAT1_MAP3"
"14062",11.4,3070,"1","3","MAT1_MAP3"
"14063",12.6,3069,"1","3","MAT1_MAP3"
"14064",16.1,2682,"2","3","MAT2_MAP3"
"14065",13.1,2643,"1","3","MAT1_MAP3"
"14066",11.7,2640,"1","3","MAT1_MAP3"
"14067",16.6,2635,"2","3","MAT2_MAP3"
"14068",12.7,2811,"1","3","MAT1_MAP3"
"14069",13.1,2599,"1","3","MAT1_MAP3"
"14070",17.1,2623,"2","3","MAT2_MAP3"
"14071",10.4,2967,"1","3","MAT1_MAP3"
"14072",16.9,2655,"2","3","MAT2_MAP3"
"14073",14.4,1855,"1","3","MAT1_MAP3"
"14074",15.1,1758,"1","3","MAT1_MAP3"
"14075",15,1788,"1","3","MAT1_MAP3"
"14076",14.4,1864,"1","3","MAT1_MAP3"
"14077",12.4,1927,"1","3","MAT1_MAP3"
"14078",15.6,2254,"1","3","MAT1_MAP3"
"14079",13.8,2395,"1","3","MAT1_MAP3"
"14080",15.8,2223,"1","3","MAT1_MAP3"
"14081",13.5,1793,"1","3","MAT1_MAP3"
"14082",14.7,1690,"1","3","MAT1_MAP3"
"14083",12.7,1847,"1","3","MAT1_MAP3"
"14084",12.7,1853,"1","3","MAT1_MAP3"
"14085",12.6,1860,"1","3","MAT1_MAP3"
"14086",12.6,1858,"1","3","MAT1_MAP3"
"14087",14.9,2049,"1","3","MAT1_MAP3"
"14088",15.6,1919,"1","3","MAT1_MAP3"
"14089",11.9,1831,"1","3","MAT1_MAP3"
"14090",11.5,1849,"1","3","MAT1_MAP3"
"14091",12.6,1713,"1","3","MAT1_MAP3"
"14092",15.1,1879,"1","3","MAT1_MAP3"
"14093",12.7,2035,"1","3","MAT1_MAP3"
"14094",14.2,1488,"1","3","MAT1_MAP3"
"14095",12.3,1838,"1","3","MAT1_MAP3"
"14096",11.8,1884,"1","3","MAT1_MAP3"
"14097",15.3,1962,"1","3","MAT1_MAP3"
"14098",15.8,2018,"1","3","MAT1_MAP3"
"14099",13.3,1882,"1","3","MAT1_MAP3"
"14100",13.9,1606,"1","3","MAT1_MAP3"
"14101",13.5,1854,"1","3","MAT1_MAP3"
"14102",11.6,1866,"1","3","MAT1_MAP3"
"14103",12.7,1570,"1","3","MAT1_MAP3"
"14104",14.1,1771,"1","3","MAT1_MAP3"
"14105",14.2,1569,"1","3","MAT1_MAP3"
"14106",14.2,2145,"1","3","MAT1_MAP3"
"14107",12.8,1836,"1","3","MAT1_MAP3"
"14108",13.5,1853,"1","3","MAT1_MAP3"
"14109",14.7,1893,"1","3","MAT1_MAP3"
"14110",14.1,1933,"1","3","MAT1_MAP3"
"14111",12.1,1897,"1","3","MAT1_MAP3"
"14112",12.1,1614,"1","3","MAT1_MAP3"
"14113",10.1,1853,"1","3","MAT1_MAP3"
"14114",14,1340,"1","2","MAT1_MAP2"
"14115",13.4,1424,"1","3","MAT1_MAP3"
"14116",14.6,1865,"1","3","MAT1_MAP3"
"14117",12.2,1817,"1","3","MAT1_MAP3"
"14118",12.9,1897,"1","3","MAT1_MAP3"
"14119",11.6,1958,"1","3","MAT1_MAP3"
"14120",14.1,1306,"1","2","MAT1_MAP2"
"14121",12.7,1524,"1","3","MAT1_MAP3"
"14122",14.1,1862,"1","3","MAT1_MAP3"
"14123",13.5,1376,"1","2","MAT1_MAP2"
"14124",12.9,1444,"1","3","MAT1_MAP3"
"14125",13.8,1387,"1","2","MAT1_MAP2"
"14126",12.2,1610,"1","3","MAT1_MAP3"
"14127",14,1312,"1","2","MAT1_MAP2"
"14128",10.7,2268,"1","3","MAT1_MAP3"
"14129",13.5,1460,"1","3","MAT1_MAP3"
"14130",12.4,1610,"1","3","MAT1_MAP3"
"14131",11.9,2014,"1","3","MAT1_MAP3"
"14132",15,1211,"1","1","MAT1_MAP1"
"14133",13.3,1818,"1","3","MAT1_MAP3"
"14134",13.3,1425,"1","3","MAT1_MAP3"
"14135",12.6,1521,"1","3","MAT1_MAP3"
"14136",14,1479,"1","3","MAT1_MAP3"
"14137",13.7,1779,"1","3","MAT1_MAP3"
"14138",15.5,2175,"1","3","MAT1_MAP3"
"14139",13.4,2224,"1","3","MAT1_MAP3"
"14140",14.8,1255,"1","2","MAT1_MAP2"
"14141",15.1,2208,"1","3","MAT1_MAP3"
"14142",14,1805,"1","3","MAT1_MAP3"
"14143",14,1374,"1","2","MAT1_MAP2"
"14144",13.9,1371,"1","2","MAT1_MAP2"
"14145",14.7,1364,"1","2","MAT1_MAP2"
"14146",13.5,1520,"1","3","MAT1_MAP3"
"14147",13.8,2368,"1","3","MAT1_MAP3"
"14148",13.4,1518,"1","3","MAT1_MAP3"
"14149",13.7,1531,"1","3","MAT1_MAP3"
"14150",12.4,1811,"1","3","MAT1_MAP3"
"14151",16.3,2252,"2","3","MAT2_MAP3"
"14152",8.4,2421,"1","3","MAT1_MAP3"
"14153",12.8,1809,"1","3","MAT1_MAP3"
"14154",13.4,1612,"1","3","MAT1_MAP3"
"14155",12.5,1856,"1","3","MAT1_MAP3"
"14156",13.5,1966,"1","3","MAT1_MAP3"
"14157",13.8,1675,"1","3","MAT1_MAP3"
"14158",14.3,1580,"1","3","MAT1_MAP3"
"14159",11.4,1894,"1","3","MAT1_MAP3"
"14160",13.1,2007,"1","3","MAT1_MAP3"
"14161",15.3,1953,"1","3","MAT1_MAP3"
"14162",12.2,1705,"1","3","MAT1_MAP3"
"14163",11.4,1768,"1","3","MAT1_MAP3"
"14164",12.6,1691,"1","3","MAT1_MAP3"
"14165",13.9,2008,"1","3","MAT1_MAP3"
"14166",14.6,1489,"1","3","MAT1_MAP3"
"14167",14,2010,"1","3","MAT1_MAP3"
"14168",14,2032,"1","3","MAT1_MAP3"
"14169",14.1,1885,"1","3","MAT1_MAP3"
"14170",14.5,1978,"1","3","MAT1_MAP3"
"14171",14,1580,"1","3","MAT1_MAP3"
"14172",13.9,1587,"1","3","MAT1_MAP3"
"14173",13.7,1931,"1","3","MAT1_MAP3"
"14174",12.8,1709,"1","3","MAT1_MAP3"
"14175",11.9,1976,"1","3","MAT1_MAP3"
"14176",14.2,1534,"1","3","MAT1_MAP3"
"14177",13.8,1970,"1","3","MAT1_MAP3"
"14178",12.6,1891,"1","3","MAT1_MAP3"
"14179",13.3,1667,"1","3","MAT1_MAP3"
"14180",13.3,1641,"1","3","MAT1_MAP3"
"14181",14.4,1546,"1","3","MAT1_MAP3"
"14182",14.2,1693,"1","3","MAT1_MAP3"
"14183",14.5,1757,"1","3","MAT1_MAP3"
"14184",14.7,1754,"1","3","MAT1_MAP3"
"14185",12.4,1751,"1","3","MAT1_MAP3"
"14186",13,1728,"1","3","MAT1_MAP3"
"14187",13.5,1756,"1","3","MAT1_MAP3"
"14188",13.4,1871,"1","3","MAT1_MAP3"
"14189",12.7,1956,"1","3","MAT1_MAP3"
"14190",12.9,1993,"1","3","MAT1_MAP3"
"14191",13.3,1953,"1","3","MAT1_MAP3"
"14192",13.2,1988,"1","3","MAT1_MAP3"
"14193",12.6,1940,"1","3","MAT1_MAP3"
"14194",11.9,2474,"1","3","MAT1_MAP3"
"14195",15.1,2805,"1","3","MAT1_MAP3"
"14196",13.9,2786,"1","3","MAT1_MAP3"
"14197",11.2,2551,"1","3","MAT1_MAP3"
"14198",13.4,2063,"1","3","MAT1_MAP3"
"14199",12.1,2698,"1","3","MAT1_MAP3"
"14200",9.6,2613,"1","3","MAT1_MAP3"
"14201",13.6,2091,"1","3","MAT1_MAP3"
"14202",13,2113,"1","3","MAT1_MAP3"
"14203",12.8,1980,"1","3","MAT1_MAP3"
"14204",12.6,1810,"1","3","MAT1_MAP3"
"14205",13,2765,"1","3","MAT1_MAP3"
"14206",13,1966,"1","3","MAT1_MAP3"
"14207",12.9,1745,"1","3","MAT1_MAP3"
"14208",10.9,2362,"1","3","MAT1_MAP3"
"14209",13.2,1735,"1","3","MAT1_MAP3"
"14210",13.6,1661,"1","3","MAT1_MAP3"
"14211",13.6,1700,"1","3","MAT1_MAP3"
"14212",14.2,1614,"1","3","MAT1_MAP3"
"14213",14,1689,"1","3","MAT1_MAP3"
"14214",13.2,1763,"1","3","MAT1_MAP3"
"14215",10.5,2087,"1","3","MAT1_MAP3"
"14216",15.4,2950,"1","3","MAT1_MAP3"
"14217",14.9,2263,"1","3","MAT1_MAP3"
"14218",15.4,2171,"1","3","MAT1_MAP3"
"14219",13,1921,"1","3","MAT1_MAP3"
"14220",14.4,2086,"1","3","MAT1_MAP3"
"14221",15.4,2550,"1","3","MAT1_MAP3"
"14222",14.5,2101,"1","3","MAT1_MAP3"
"14223",11.4,2261,"1","3","MAT1_MAP3"
"14224",13.2,2254,"1","3","MAT1_MAP3"
"14225",15.8,2495,"1","3","MAT1_MAP3"
"14226",13.2,2398,"1","3","MAT1_MAP3"
"14227",8.7,2193,"1","3","MAT1_MAP3"
"14228",8.3,2186,"1","3","MAT1_MAP3"
"14229",13.1,2384,"1","3","MAT1_MAP3"
"14230",13.5,2401,"1","3","MAT1_MAP3"
"14231",11.8,2305,"1","3","MAT1_MAP3"
"14232",12.9,2436,"1","3","MAT1_MAP3"
"14233",14.9,2149,"1","3","MAT1_MAP3"
"14234",13.3,2209,"1","3","MAT1_MAP3"
"14235",13.4,2026,"1","3","MAT1_MAP3"
"14236",12.8,2105,"1","3","MAT1_MAP3"
"14237",11.9,2146,"1","3","MAT1_MAP3"
"14238",8.3,1993,"1","3","MAT1_MAP3"
"14239",14.8,1723,"1","3","MAT1_MAP3"
"14240",14.9,1723,"1","3","MAT1_MAP3"
"14241",12.9,2106,"1","3","MAT1_MAP3"
"14242",13.1,2108,"1","3","MAT1_MAP3"
"14243",5.2,2097,"1","3","MAT1_MAP3"
"14244",15.8,2007,"1","3","MAT1_MAP3"
"14245",10.8,1684,"1","3","MAT1_MAP3"
"14246",10.3,1710,"1","3","MAT1_MAP3"
"14247",10.5,2086,"1","3","MAT1_MAP3"
"14248",12,2164,"1","3","MAT1_MAP3"
"14249",7.9,1636,"1","3","MAT1_MAP3"
"14250",9,1641,"1","3","MAT1_MAP3"
"14251",15.8,2132,"1","3","MAT1_MAP3"
"14252",14.1,2175,"1","3","MAT1_MAP3"
"14253",9.7,2079,"1","3","MAT1_MAP3"
"14254",5.9,2096,"1","3","MAT1_MAP3"
"14255",10.8,1108,"1","1","MAT1_MAP1"
"14256",10.6,1854,"1","3","MAT1_MAP3"
"14257",12.8,1827,"1","3","MAT1_MAP3"
"14258",9.7,1179,"1","1","MAT1_MAP1"
"14259",12.5,2326,"1","3","MAT1_MAP3"
"14260",12.7,2336,"1","3","MAT1_MAP3"
"14261",12.5,2272,"1","3","MAT1_MAP3"
"14262",9.3,1997,"1","3","MAT1_MAP3"
"14263",15.6,2098,"1","3","MAT1_MAP3"
"14264",9.1,1752,"1","3","MAT1_MAP3"
"14265",6.6,1753,"1","3","MAT1_MAP3"
"14266",11,1157,"1","1","MAT1_MAP1"
"14267",12.1,2333,"1","3","MAT1_MAP3"
"14268",16,1983,"2","3","MAT2_MAP3"
"14269",10.9,1349,"1","2","MAT1_MAP2"
"14270",15.2,1971,"1","3","MAT1_MAP3"
"14271",11.6,2103,"1","3","MAT1_MAP3"
"14272",10.7,1643,"1","3","MAT1_MAP3"
"14273",13.5,1535,"1","3","MAT1_MAP3"
"14274",12.4,1741,"1","3","MAT1_MAP3"
"14275",13.6,1317,"1","2","MAT1_MAP2"
"14276",14.1,1428,"1","3","MAT1_MAP3"
"14277",11.6,1574,"1","3","MAT1_MAP3"
"14278",12.7,2046,"1","3","MAT1_MAP3"
"14279",11.8,2105,"1","3","MAT1_MAP3"
"14280",14.5,1837,"1","3","MAT1_MAP3"
"14281",12.5,1400,"1","2","MAT1_MAP2"
"14282",12.7,1422,"1","3","MAT1_MAP3"
"14283",15,1472,"1","3","MAT1_MAP3"
"14284",13.2,1380,"1","2","MAT1_MAP2"
"14285",12.7,1417,"1","2","MAT1_MAP2"
"14286",13.3,1404,"1","2","MAT1_MAP2"
"14287",15.2,1852,"1","3","MAT1_MAP3"
"14288",11.3,1399,"1","2","MAT1_MAP2"
"14289",15.1,1545,"1","3","MAT1_MAP3"
"14290",12.1,1466,"1","3","MAT1_MAP3"
"14291",12.3,1488,"1","3","MAT1_MAP3"
"14292",11.3,1301,"1","2","MAT1_MAP2"
"14293",11.3,1292,"1","2","MAT1_MAP2"
"14294",13.4,1447,"1","3","MAT1_MAP3"
"14295",11.4,1277,"1","2","MAT1_MAP2"
"14296",11.2,1314,"1","2","MAT1_MAP2"
"14297",10.7,1340,"1","2","MAT1_MAP2"
"14298",9.9,1391,"1","2","MAT1_MAP2"
"14299",14.9,1598,"1","3","MAT1_MAP3"
"14300",10.3,1410,"1","2","MAT1_MAP2"
"14301",11.8,1280,"1","2","MAT1_MAP2"
"14302",12.2,1289,"1","2","MAT1_MAP2"
"14303",13.1,1388,"1","2","MAT1_MAP2"
"14304",12.9,1361,"1","2","MAT1_MAP2"
"14305",11.2,1260,"1","2","MAT1_MAP2"
"14306",11,1282,"1","2","MAT1_MAP2"
"14307",10.3,1254,"1","2","MAT1_MAP2"
"14308",10.5,1248,"1","1","MAT1_MAP1"
"14309",10.2,1291,"1","2","MAT1_MAP2"
"14310",10.1,1290,"1","2","MAT1_MAP2"
"14311",10.5,1283,"1","2","MAT1_MAP2"
"14312",8.9,1451,"1","3","MAT1_MAP3"
"14313",9,1436,"1","3","MAT1_MAP3"
"14314",9.6,1242,"1","1","MAT1_MAP1"
"14315",14.8,2085,"1","3","MAT1_MAP3"
"14316",16.2,2045,"2","3","MAT2_MAP3"
"14317",14.7,2152,"1","3","MAT1_MAP3"
"14318",16.3,1578,"2","3","MAT2_MAP3"
"14319",15.7,1971,"1","3","MAT1_MAP3"
"14320",16.1,1869,"2","3","MAT2_MAP3"
"14321",16,1898,"2","3","MAT2_MAP3"
"14322",16,2262,"2","3","MAT2_MAP3"
"14323",17.3,2406,"2","3","MAT2_MAP3"
"14324",16.8,2203,"2","3","MAT2_MAP3"
"14325",15.8,1796,"1","3","MAT1_MAP3"
"14326",16.7,2474,"2","3","MAT2_MAP3"
"14327",16.4,2364,"2","3","MAT2_MAP3"
"14328",17.3,2384,"2","3","MAT2_MAP3"
"14329",15.3,2539,"1","3","MAT1_MAP3"
"14330",17.6,2328,"2","3","MAT2_MAP3"
"14331",16,2432,"2","3","MAT2_MAP3"
"14332",15.4,2190,"1","3","MAT1_MAP3"
"14333",17.2,2328,"2","3","MAT2_MAP3"
"14334",15.6,2519,"1","3","MAT1_MAP3"
"14335",16.1,2627,"2","3","MAT2_MAP3"
"14336",16.5,2590,"2","3","MAT2_MAP3"
"14337",15.4,2351,"1","3","MAT1_MAP3"
"14338",17.6,2469,"2","3","MAT2_MAP3"
"14339",12.4,2491,"1","3","MAT1_MAP3"
"14340",13.6,2095,"1","3","MAT1_MAP3"
"14341",14.7,1869,"1","3","MAT1_MAP3"
"14342",14.7,1857,"1","3","MAT1_MAP3"
"14343",11.3,2470,"1","3","MAT1_MAP3"
"14344",13.5,2844,"1","3","MAT1_MAP3"
"14345",11.8,3150,"1","3","MAT1_MAP3"
"14346",9.8,3262,"1","3","MAT1_MAP3"
"14347",12.9,2590,"1","3","MAT1_MAP3"
"14348",16,2626,"2","3","MAT2_MAP3"
"14349",13.2,2626,"1","3","MAT1_MAP3"
"14350",12.7,2199,"1","3","MAT1_MAP3"
"14351",16.3,2616,"2","3","MAT2_MAP3"
"14352",11.7,2633,"1","3","MAT1_MAP3"
"14353",13.3,2079,"1","3","MAT1_MAP3"
"14354",13.9,2978,"1","3","MAT1_MAP3"
"14355",12.2,2870,"1","3","MAT1_MAP3"
"14356",12.9,2651,"1","3","MAT1_MAP3"
"14357",13.2,2092,"1","3","MAT1_MAP3"
"14358",13.5,2943,"1","3","MAT1_MAP3"
"14359",14,1902,"1","3","MAT1_MAP3"
"14360",17,2659,"2","3","MAT2_MAP3"
"14361",14.9,2959,"1","3","MAT1_MAP3"
"14362",12.7,2690,"1","3","MAT1_MAP3"
"14363",14.7,2945,"1","3","MAT1_MAP3"
"14364",11.4,2879,"1","3","MAT1_MAP3"
"14365",13.3,2041,"1","3","MAT1_MAP3"
"14366",13.3,2998,"1","3","MAT1_MAP3"
"14367",13.8,2450,"1","3","MAT1_MAP3"
"14368",15.4,2462,"1","3","MAT1_MAP3"
"14369",13.1,2151,"1","3","MAT1_MAP3"
"14370",14.2,2950,"1","3","MAT1_MAP3"
"14371",14.9,2488,"1","3","MAT1_MAP3"
"14372",14.2,2225,"1","3","MAT1_MAP3"
"14373",15.2,1959,"1","3","MAT1_MAP3"
"14374",14.5,1848,"1","3","MAT1_MAP3"
"14375",14,2278,"1","3","MAT1_MAP3"
"14376",15.3,1941,"1","3","MAT1_MAP3"
"14377",15.7,1807,"1","3","MAT1_MAP3"
"14378",15,1892,"1","3","MAT1_MAP3"
"14379",15,2276,"1","3","MAT1_MAP3"
"14380",15.3,2096,"1","3","MAT1_MAP3"
"14381",14.5,1942,"1","3","MAT1_MAP3"
"14382",15.3,2060,"1","3","MAT1_MAP3"
"14383",15,2032,"1","3","MAT1_MAP3"
"14384",15.4,2182,"1","3","MAT1_MAP3"
"14385",14,2144,"1","3","MAT1_MAP3"
"14386",15.3,2078,"1","3","MAT1_MAP3"
"14387",12.2,1888,"1","3","MAT1_MAP3"
"14388",12.5,1865,"1","3","MAT1_MAP3"
"14389",13.4,1807,"1","3","MAT1_MAP3"
"14390",10.6,1968,"1","3","MAT1_MAP3"
"14391",10.9,1944,"1","3","MAT1_MAP3"
"14392",14,1875,"1","3","MAT1_MAP3"
"14393",13.3,2057,"1","3","MAT1_MAP3"
"14394",15.2,2095,"1","3","MAT1_MAP3"
"14395",13.1,2323,"1","3","MAT1_MAP3"
"14396",11.6,1869,"1","3","MAT1_MAP3"
"14397",13.8,1796,"1","3","MAT1_MAP3"
"14398",14.9,2076,"1","3","MAT1_MAP3"
"14399",12.5,1767,"1","3","MAT1_MAP3"
"14400",14.8,2016,"1","3","MAT1_MAP3"
"14401",15,1903,"1","3","MAT1_MAP3"
"14402",15.3,1676,"1","3","MAT1_MAP3"
"14403",14.9,2083,"1","3","MAT1_MAP3"
"14404",14,2067,"1","3","MAT1_MAP3"
"14405",12.7,2151,"1","3","MAT1_MAP3"
"14406",12.4,2103,"1","3","MAT1_MAP3"
"14407",11.7,1871,"1","3","MAT1_MAP3"
"14408",13.3,1846,"1","3","MAT1_MAP3"
"14409",13,1612,"1","3","MAT1_MAP3"
"14410",12.9,1843,"1","3","MAT1_MAP3"
"14411",9.1,2523,"1","3","MAT1_MAP3"
"14412",14.3,2120,"1","3","MAT1_MAP3"
"14413",12.7,2222,"1","3","MAT1_MAP3"
"14414",17.1,2114,"2","3","MAT2_MAP3"
"14415",12.9,1564,"1","3","MAT1_MAP3"
"14416",17.3,2179,"2","3","MAT2_MAP3"
"14417",14.8,2239,"1","3","MAT1_MAP3"
"14418",12.6,2203,"1","3","MAT1_MAP3"
"14419",14.8,1478,"1","3","MAT1_MAP3"
"14420",10.8,1888,"1","3","MAT1_MAP3"
"14421",13.9,2143,"1","3","MAT1_MAP3"
"14422",16.3,2225,"2","3","MAT2_MAP3"
"14423",12,1627,"1","3","MAT1_MAP3"
"14424",11.7,1828,"1","3","MAT1_MAP3"
"14425",13.6,1886,"1","3","MAT1_MAP3"
"14426",13.8,2289,"1","3","MAT1_MAP3"
"14427",12.2,1606,"1","3","MAT1_MAP3"
"14428",15.3,2229,"1","3","MAT1_MAP3"
"14429",10.5,1917,"1","3","MAT1_MAP3"
"14430",15,2227,"1","3","MAT1_MAP3"
"14431",12.1,2195,"1","3","MAT1_MAP3"
"14432",13.3,1861,"1","3","MAT1_MAP3"
"14433",11.3,2187,"1","3","MAT1_MAP3"
"14434",11.4,1679,"1","3","MAT1_MAP3"
"14435",13.6,1851,"1","3","MAT1_MAP3"
"14436",16.1,2112,"2","3","MAT2_MAP3"
"14437",14.9,2168,"1","3","MAT1_MAP3"
"14438",11.9,1604,"1","3","MAT1_MAP3"
"14439",11.9,1618,"1","3","MAT1_MAP3"
"14440",11.5,1836,"1","3","MAT1_MAP3"
"14441",16.4,2344,"2","3","MAT2_MAP3"
"14442",16.9,2310,"2","3","MAT2_MAP3"
"14443",11.7,1659,"1","3","MAT1_MAP3"
"14444",13,2170,"1","3","MAT1_MAP3"
"14445",12.5,1537,"1","3","MAT1_MAP3"
"14446",12.4,2068,"1","3","MAT1_MAP3"
"14447",12.5,1534,"1","3","MAT1_MAP3"
"14448",14.1,2101,"1","3","MAT1_MAP3"
"14449",11.7,1986,"1","3","MAT1_MAP3"
"14450",12.6,1517,"1","3","MAT1_MAP3"
"14451",11.1,1798,"1","3","MAT1_MAP3"
"14452",12.8,1486,"1","3","MAT1_MAP3"
"14453",12.9,1467,"1","3","MAT1_MAP3"
"14454",12.2,1574,"1","3","MAT1_MAP3"
"14455",14.4,2000,"1","3","MAT1_MAP3"
"14456",14.9,1493,"1","3","MAT1_MAP3"
"14457",12.7,1545,"1","3","MAT1_MAP3"
"14458",15.1,2211,"1","3","MAT1_MAP3"
"14459",12.2,2003,"1","3","MAT1_MAP3"
"14460",12.4,1674,"1","3","MAT1_MAP3"
"14461",14.5,2242,"1","3","MAT1_MAP3"
"14462",11.5,2164,"1","3","MAT1_MAP3"
"14463",12,1682,"1","3","MAT1_MAP3"
"14464",10.1,2174,"1","3","MAT1_MAP3"
"14465",13.9,1530,"1","3","MAT1_MAP3"
"14466",14,2097,"1","3","MAT1_MAP3"
"14467",13,1550,"1","3","MAT1_MAP3"
"14468",13.5,1514,"1","3","MAT1_MAP3"
"14469",12.7,1787,"1","3","MAT1_MAP3"
"14470",14.6,2210,"1","3","MAT1_MAP3"
"14471",14.8,1389,"1","2","MAT1_MAP2"
"14472",13.2,1618,"1","3","MAT1_MAP3"
"14473",15.1,1317,"1","2","MAT1_MAP2"
"14474",14,1518,"1","3","MAT1_MAP3"
"14475",14.4,2339,"1","3","MAT1_MAP3"
"14476",12.9,2162,"1","3","MAT1_MAP3"
"14477",12.2,1999,"1","3","MAT1_MAP3"
"14478",13.5,1625,"1","3","MAT1_MAP3"
"14479",13.6,1554,"1","3","MAT1_MAP3"
"14480",13.6,1599,"1","3","MAT1_MAP3"
"14481",14.4,1850,"1","3","MAT1_MAP3"
"14482",10.9,2306,"1","3","MAT1_MAP3"
"14483",14.8,1409,"1","2","MAT1_MAP2"
"14484",16.1,2251,"2","3","MAT2_MAP3"
"14485",12.8,1891,"1","3","MAT1_MAP3"
"14486",13.8,1528,"1","3","MAT1_MAP3"
"14487",13.6,1564,"1","3","MAT1_MAP3"
"14488",13.3,1602,"1","3","MAT1_MAP3"
"14489",12.2,1834,"1","3","MAT1_MAP3"
"14490",12.8,1533,"1","3","MAT1_MAP3"
"14491",13.2,1590,"1","3","MAT1_MAP3"
"14492",11.4,1804,"1","3","MAT1_MAP3"
"14493",12.4,1923,"1","3","MAT1_MAP3"
"14494",16.8,2266,"2","3","MAT2_MAP3"
"14495",13.9,1529,"1","3","MAT1_MAP3"
"14496",12.1,1870,"1","3","MAT1_MAP3"
"14497",12.9,1954,"1","3","MAT1_MAP3"
"14498",14,1891,"1","3","MAT1_MAP3"
"14499",13.2,1951,"1","3","MAT1_MAP3"
"14500",13.2,2017,"1","3","MAT1_MAP3"
"14501",15.3,1765,"1","3","MAT1_MAP3"
"14502",12.9,1608,"1","3","MAT1_MAP3"
"14503",14.4,1989,"1","3","MAT1_MAP3"
"14504",15.9,2018,"2","3","MAT2_MAP3"
"14505",14.1,1851,"1","3","MAT1_MAP3"
"14506",13.9,1564,"1","3","MAT1_MAP3"
"14507",12.8,1723,"1","3","MAT1_MAP3"
"14508",13.7,1565,"1","3","MAT1_MAP3"
"14509",12.1,1864,"1","3","MAT1_MAP3"
"14510",14,1993,"1","3","MAT1_MAP3"
"14511",12.3,1881,"1","3","MAT1_MAP3"
"14512",12.8,1884,"1","3","MAT1_MAP3"
"14513",14.2,1520,"1","3","MAT1_MAP3"
"14514",13.2,1647,"1","3","MAT1_MAP3"
"14515",13.7,1631,"1","3","MAT1_MAP3"
"14516",12.5,1693,"1","3","MAT1_MAP3"
"14517",14.1,1812,"1","3","MAT1_MAP3"
"14518",13.9,1846,"1","3","MAT1_MAP3"
"14519",12.9,1651,"1","3","MAT1_MAP3"
"14520",13,1690,"1","3","MAT1_MAP3"
"14521",13.9,1657,"1","3","MAT1_MAP3"
"14522",12.2,1781,"1","3","MAT1_MAP3"
"14523",14.9,1794,"1","3","MAT1_MAP3"
"14524",15.2,2055,"1","3","MAT1_MAP3"
"14525",14,1740,"1","3","MAT1_MAP3"
"14526",12.2,1841,"1","3","MAT1_MAP3"
"14527",13.9,1750,"1","3","MAT1_MAP3"
"14528",13.6,1785,"1","3","MAT1_MAP3"
"14529",13.4,2372,"1","3","MAT1_MAP3"
"14530",14.3,1632,"1","3","MAT1_MAP3"
"14531",13.5,1767,"1","3","MAT1_MAP3"
"14532",13.5,1838,"1","3","MAT1_MAP3"
"14533",14,1706,"1","3","MAT1_MAP3"
"14534",13.2,1766,"1","3","MAT1_MAP3"
"14535",13.5,1788,"1","3","MAT1_MAP3"
"14536",13.7,1933,"1","3","MAT1_MAP3"
"14537",13.1,2117,"1","3","MAT1_MAP3"
"14538",14.8,1981,"1","3","MAT1_MAP3"
"14539",13.2,1824,"1","3","MAT1_MAP3"
"14540",12.3,2573,"1","3","MAT1_MAP3"
"14541",14.6,2036,"1","3","MAT1_MAP3"
"14542",12.6,1818,"1","3","MAT1_MAP3"
"14543",12.5,1857,"1","3","MAT1_MAP3"
"14544",13.8,1742,"1","3","MAT1_MAP3"
"14545",14.9,1975,"1","3","MAT1_MAP3"
"14546",11.2,2394,"1","3","MAT1_MAP3"
"14547",13.8,1971,"1","3","MAT1_MAP3"
"14548",12.8,2538,"1","3","MAT1_MAP3"
"14549",14.3,2078,"1","3","MAT1_MAP3"
"14550",14.5,1640,"1","3","MAT1_MAP3"
"14551",15.6,2959,"1","3","MAT1_MAP3"
"14552",14.5,1572,"1","3","MAT1_MAP3"
"14553",12.5,1843,"1","3","MAT1_MAP3"
"14554",12.3,1972,"1","3","MAT1_MAP3"
"14555",14.3,1589,"1","3","MAT1_MAP3"
"14556",13.2,1956,"1","3","MAT1_MAP3"
"14557",14.8,3034,"1","3","MAT1_MAP3"
"14558",12.2,2672,"1","3","MAT1_MAP3"
"14559",13.7,1686,"1","3","MAT1_MAP3"
"14560",10.7,2447,"1","3","MAT1_MAP3"
"14561",11.1,2205,"1","3","MAT1_MAP3"
"14562",14.1,3033,"1","3","MAT1_MAP3"
"14563",12.3,2241,"1","3","MAT1_MAP3"
"14564",12.4,1808,"1","3","MAT1_MAP3"
"14565",13.4,2363,"1","3","MAT1_MAP3"
"14566",14,1665,"1","3","MAT1_MAP3"
"14567",13.3,1832,"1","3","MAT1_MAP3"
"14568",13.9,1815,"1","3","MAT1_MAP3"
"14569",12.9,2474,"1","3","MAT1_MAP3"
"14570",11,2356,"1","3","MAT1_MAP3"
"14571",11.7,2087,"1","3","MAT1_MAP3"
"14572",12.4,2167,"1","3","MAT1_MAP3"
"14573",15.2,2335,"1","3","MAT1_MAP3"
"14574",11.4,2049,"1","3","MAT1_MAP3"
"14575",13.9,2099,"1","3","MAT1_MAP3"
"14576",15.3,2621,"1","3","MAT1_MAP3"
"14577",13.6,2409,"1","3","MAT1_MAP3"
"14578",13,2377,"1","3","MAT1_MAP3"
"14579",14.7,2181,"1","3","MAT1_MAP3"
"14580",13.9,2340,"1","3","MAT1_MAP3"
"14581",12.8,2377,"1","3","MAT1_MAP3"
"14582",15.3,2083,"1","3","MAT1_MAP3"
"14583",12.7,2454,"1","3","MAT1_MAP3"
"14584",14.4,2279,"1","3","MAT1_MAP3"
"14585",12.3,2369,"1","3","MAT1_MAP3"
"14586",14.4,2141,"1","3","MAT1_MAP3"
"14587",13.3,2371,"1","3","MAT1_MAP3"
"14588",14.2,1957,"1","3","MAT1_MAP3"
"14589",14.1,2156,"1","3","MAT1_MAP3"
"14590",12.3,2201,"1","3","MAT1_MAP3"
"14591",12.6,2186,"1","3","MAT1_MAP3"
"14592",13.2,2121,"1","3","MAT1_MAP3"
"14593",9.4,1992,"1","3","MAT1_MAP3"
"14594",11.8,2121,"1","3","MAT1_MAP3"
"14595",13.6,2112,"1","3","MAT1_MAP3"
"14596",10.9,2060,"1","3","MAT1_MAP3"
"14597",11.9,2073,"1","3","MAT1_MAP3"
"14598",10.8,1923,"1","3","MAT1_MAP3"
"14599",13.2,2249,"1","3","MAT1_MAP3"
"14600",12.5,2136,"1","3","MAT1_MAP3"
"14601",10.8,1773,"1","3","MAT1_MAP3"
"14602",13.1,2231,"1","3","MAT1_MAP3"
"14603",13,2143,"1","3","MAT1_MAP3"
"14604",10.2,1738,"1","3","MAT1_MAP3"
"14605",9.5,1740,"1","3","MAT1_MAP3"
"14606",11.2,2274,"1","3","MAT1_MAP3"
"14607",9.5,1703,"1","3","MAT1_MAP3"
"14608",7.7,1790,"1","3","MAT1_MAP3"
"14609",11.5,1824,"1","3","MAT1_MAP3"
"14610",15.4,2064,"1","3","MAT1_MAP3"
"14611",15.8,2044,"1","3","MAT1_MAP3"
"14612",13.8,2223,"1","3","MAT1_MAP3"
"14613",12.1,1832,"1","3","MAT1_MAP3"
"14614",10.4,1874,"1","3","MAT1_MAP3"
"14615",15.9,2043,"2","3","MAT2_MAP3"
"14616",9.4,1712,"1","3","MAT1_MAP3"
"14617",15.3,2119,"1","3","MAT1_MAP3"
"14618",11.6,2125,"1","3","MAT1_MAP3"
"14619",9.2,1482,"1","3","MAT1_MAP3"
"14620",10.8,1333,"1","2","MAT1_MAP2"
"14621",14.3,2112,"1","3","MAT1_MAP3"
"14622",10.3,1939,"1","3","MAT1_MAP3"
"14623",9.7,1691,"1","3","MAT1_MAP3"
"14624",10.3,2200,"1","3","MAT1_MAP3"
"14625",10.4,1483,"1","3","MAT1_MAP3"
"14626",10.2,1344,"1","2","MAT1_MAP2"
"14627",10.2,1483,"1","3","MAT1_MAP3"
"14628",12.3,2162,"1","3","MAT1_MAP3"
"14629",2.4,2392,"1","3","MAT1_MAP3"
"14630",8.8,1755,"1","3","MAT1_MAP3"
"14631",15.4,2174,"1","3","MAT1_MAP3"
"14632",13.9,2153,"1","3","MAT1_MAP3"
"14633",2.1,2440,"1","3","MAT1_MAP3"
"14634",4.5,2272,"1","3","MAT1_MAP3"
"14635",3.6,2281,"1","3","MAT1_MAP3"
"14636",5.2,1782,"1","3","MAT1_MAP3"
"14637",5.8,1688,"1","3","MAT1_MAP3"
"14638",12.6,1743,"1","3","MAT1_MAP3"
"14639",14.6,2102,"1","3","MAT1_MAP3"
"14640",10.7,1845,"1","3","MAT1_MAP3"
"14641",3.9,1992,"1","3","MAT1_MAP3"
"14642",13.7,1987,"1","3","MAT1_MAP3"
"14643",9.2,2014,"1","3","MAT1_MAP3"
"14644",13.6,1987,"1","3","MAT1_MAP3"
"14645",10.4,1550,"1","3","MAT1_MAP3"
"14646",11.8,1874,"1","3","MAT1_MAP3"
"14647",11.1,1306,"1","2","MAT1_MAP2"
"14648",11.9,1861,"1","3","MAT1_MAP3"
"14649",7.9,1625,"1","3","MAT1_MAP3"
"14650",12.4,1842,"1","3","MAT1_MAP3"
"14651",11.9,1826,"1","3","MAT1_MAP3"
"14652",11.3,1351,"1","2","MAT1_MAP2"
"14653",6.7,1597,"1","3","MAT1_MAP3"
"14654",14.5,1907,"1","3","MAT1_MAP3"
"14655",9.7,1201,"1","1","MAT1_MAP1"
"14656",12.7,2307,"1","3","MAT1_MAP3"
"14657",14.7,1940,"1","3","MAT1_MAP3"
"14658",9.9,1743,"1","3","MAT1_MAP3"
"14659",9.3,1309,"1","2","MAT1_MAP2"
"14660",11.1,1322,"1","2","MAT1_MAP2"
"14661",12.6,2200,"1","3","MAT1_MAP3"
"14662",13.9,2134,"1","3","MAT1_MAP3"
"14663",11.1,1554,"1","3","MAT1_MAP3"
"14664",10.4,1313,"1","2","MAT1_MAP2"
"14665",15.9,2119,"2","3","MAT2_MAP3"
"14666",12.5,1478,"1","3","MAT1_MAP3"
"14667",12.8,2324,"1","3","MAT1_MAP3"
"14668",13.2,1841,"1","3","MAT1_MAP3"
"14669",14.3,2221,"1","3","MAT1_MAP3"
"14670",11.5,1830,"1","3","MAT1_MAP3"
"14671",13.9,1705,"1","3","MAT1_MAP3"
"14672",12.7,1926,"1","3","MAT1_MAP3"
"14673",13.7,1281,"1","2","MAT1_MAP2"
"14674",11.6,1518,"1","3","MAT1_MAP3"
"14675",12,1441,"1","3","MAT1_MAP3"
"14676",12.9,1397,"1","2","MAT1_MAP2"
"14677",13.7,1579,"1","3","MAT1_MAP3"
"14678",11.7,1550,"1","3","MAT1_MAP3"
"14679",14.3,1264,"1","2","MAT1_MAP2"
"14680",13.1,1904,"1","3","MAT1_MAP3"
"14681",12.4,1511,"1","3","MAT1_MAP3"
"14682",11.9,2050,"1","3","MAT1_MAP3"
"14683",11.1,2038,"1","3","MAT1_MAP3"
"14684",11.4,1675,"1","3","MAT1_MAP3"
"14685",11.9,1986,"1","3","MAT1_MAP3"
"14686",12.3,1534,"1","3","MAT1_MAP3"
"14687",13.1,1474,"1","3","MAT1_MAP3"
"14688",11.9,1568,"1","3","MAT1_MAP3"
"14689",15.1,1805,"1","3","MAT1_MAP3"
"14690",14.6,1919,"1","3","MAT1_MAP3"
"14691",15.1,1717,"1","3","MAT1_MAP3"
"14692",13.2,1410,"1","2","MAT1_MAP2"
"14693",15,1606,"1","3","MAT1_MAP3"
"14694",13.2,1400,"1","2","MAT1_MAP2"
"14695",12.5,1467,"1","3","MAT1_MAP3"
"14696",13,1425,"1","3","MAT1_MAP3"
"14697",15.2,1576,"1","3","MAT1_MAP3"
"14698",11.3,1414,"1","2","MAT1_MAP2"
"14699",15.1,1899,"1","3","MAT1_MAP3"
"14700",11.8,1439,"1","3","MAT1_MAP3"
"14701",10.6,1522,"1","3","MAT1_MAP3"
"14702",13.5,1386,"1","2","MAT1_MAP2"
"14703",12.4,1417,"1","2","MAT1_MAP2"
"14704",10.8,1382,"1","2","MAT1_MAP2"
"14705",12.5,1490,"1","3","MAT1_MAP3"
"14706",12.3,1484,"1","3","MAT1_MAP3"
"14707",10.3,1418,"1","3","MAT1_MAP3"
"14708",10,1432,"1","3","MAT1_MAP3"
"14709",11,1573,"1","3","MAT1_MAP3"
"14710",11.2,1550,"1","3","MAT1_MAP3"
"14711",9.7,1391,"1","2","MAT1_MAP2"
"14712",13,1458,"1","3","MAT1_MAP3"
"14713",10,1410,"1","2","MAT1_MAP2"
"14714",8.4,1494,"1","3","MAT1_MAP3"
"14715",11.7,1287,"1","2","MAT1_MAP2"
"14716",9.2,1449,"1","3","MAT1_MAP3"
"14717",12.4,1402,"1","2","MAT1_MAP2"
"14718",9.4,1435,"1","3","MAT1_MAP3"
"14719",10.6,1375,"1","2","MAT1_MAP2"
"14720",12.1,1386,"1","2","MAT1_MAP2"
"14721",12,1277,"1","2","MAT1_MAP2"
"14722",11.7,1242,"1","1","MAT1_MAP1"
"14723",10.8,1253,"1","2","MAT1_MAP2"
"14724",11.5,1184,"1","1","MAT1_MAP1"
"14725",10.9,1227,"1","1","MAT1_MAP1"
"14726",10.3,1268,"1","2","MAT1_MAP2"
"14727",10.9,1236,"1","1","MAT1_MAP1"
"14728",7.3,1505,"1","3","MAT1_MAP3"
"14729",10.1,1350,"1","2","MAT1_MAP2"
"14730",8.9,1440,"1","3","MAT1_MAP3"
"14731",10.3,1425,"1","3","MAT1_MAP3"
"14732",9.6,1159,"1","1","MAT1_MAP1"
"14733",10.3,1462,"1","3","MAT1_MAP3"
"14734",10.8,1309,"1","2","MAT1_MAP2"
"14735",9.8,1325,"1","2","MAT1_MAP2"
"14736",9.9,1294,"1","2","MAT1_MAP2"
"14737",9.8,1230,"1","1","MAT1_MAP1"
"14738",10.8,1352,"1","2","MAT1_MAP2"
"14739",13.3,1445,"1","3","MAT1_MAP3"
"14740",12.6,1518,"1","3","MAT1_MAP3"
"14741",14.4,1367,"1","2","MAT1_MAP2"
"14742",15.3,1270,"1","2","MAT1_MAP2"
"14743",13.4,1503,"1","3","MAT1_MAP3"
"14744",13.7,1501,"1","3","MAT1_MAP3"
"14745",16.7,1395,"2","2","MAT2_MAP2"
"14746",16.3,1282,"2","2","MAT2_MAP2"
"14747",14.1,1417,"1","2","MAT1_MAP2"
"14748",16.8,1284,"2","2","MAT2_MAP2"
"14749",15.5,1297,"1","2","MAT1_MAP2"
"14750",16.9,1257,"2","2","MAT2_MAP2"
"14751",15.5,1356,"1","2","MAT1_MAP2"
"14752",16.4,1451,"2","3","MAT2_MAP3"
"14753",14.2,1487,"1","3","MAT1_MAP3"
"14754",16.3,1321,"2","2","MAT2_MAP2"
"14755",13.6,1507,"1","3","MAT1_MAP3"
"14756",17.2,1272,"2","2","MAT2_MAP2"
"14757",17.5,1382,"2","2","MAT2_MAP2"
"14758",15.1,1468,"1","3","MAT1_MAP3"
"14759",13.7,1506,"1","3","MAT1_MAP3"
"14760",16.5,1302,"2","2","MAT2_MAP2"
"14761",16.5,1398,"2","2","MAT2_MAP2"
"14762",13.8,1507,"1","3","MAT1_MAP3"
"14763",16.3,1311,"2","2","MAT2_MAP2"
"14764",16.2,1338,"2","2","MAT2_MAP2"
"14765",13.6,1493,"1","3","MAT1_MAP3"
"14766",14.5,1484,"1","3","MAT1_MAP3"
"14767",15.5,1442,"1","3","MAT1_MAP3"
"14768",16.3,1415,"2","2","MAT2_MAP2"
"14769",16.4,1446,"2","3","MAT2_MAP3"
"14770",13.2,1511,"1","3","MAT1_MAP3"
"14771",16.5,1417,"2","2","MAT2_MAP2"
"14772",15.3,1455,"1","3","MAT1_MAP3"
"14773",17.1,1318,"2","2","MAT2_MAP2"
"14774",16.6,1425,"2","3","MAT2_MAP3"
"14775",15.9,1390,"2","2","MAT2_MAP2"
"14776",13.8,1509,"1","3","MAT1_MAP3"
"14777",10.4,1555,"1","3","MAT1_MAP3"
"14778",16.1,1445,"2","3","MAT2_MAP3"
"14779",16,1436,"2","3","MAT2_MAP3"
"14780",16.8,1383,"2","2","MAT2_MAP2"
"14781",14.2,1494,"1","3","MAT1_MAP3"
"14782",15.2,1450,"1","3","MAT1_MAP3"
"14783",14.1,1449,"1","3","MAT1_MAP3"
"14784",16.4,1415,"2","2","MAT2_MAP2"
"14785",10.8,1542,"1","3","MAT1_MAP3"
"14786",15.3,1446,"1","3","MAT1_MAP3"
"14787",13.4,1515,"1","3","MAT1_MAP3"
"14788",13.7,1462,"1","3","MAT1_MAP3"
"14789",13.4,1546,"1","3","MAT1_MAP3"
"14790",12.4,1585,"1","3","MAT1_MAP3"
"14791",14.7,1439,"1","3","MAT1_MAP3"
"14792",14.1,1445,"1","3","MAT1_MAP3"
"14793",13.8,1511,"1","3","MAT1_MAP3"
"14794",13.3,1501,"1","3","MAT1_MAP3"
"14795",15.2,1477,"1","3","MAT1_MAP3"
"14796",15.6,1383,"1","2","MAT1_MAP2"
"14797",13.4,1484,"1","3","MAT1_MAP3"
"14798",14.9,1503,"1","3","MAT1_MAP3"
"14799",14.9,1512,"1","3","MAT1_MAP3"
"14800",15,1475,"1","3","MAT1_MAP3"
"14801",15.5,1469,"1","3","MAT1_MAP3"
"14802",14.8,1460,"1","3","MAT1_MAP3"
"14803",10.7,1585,"1","3","MAT1_MAP3"
"14804",16.2,1437,"2","3","MAT2_MAP3"
"14805",14.8,1512,"1","3","MAT1_MAP3"
"14806",14.6,1470,"1","3","MAT1_MAP3"
"14807",15.4,1448,"1","3","MAT1_MAP3"
"14808",15.4,1474,"1","3","MAT1_MAP3"
"14809",13.8,1473,"1","3","MAT1_MAP3"
"14810",14.5,1499,"1","3","MAT1_MAP3"
"14811",12.2,1611,"1","3","MAT1_MAP3"
"14812",13.9,1498,"1","3","MAT1_MAP3"
"14813",16.1,1435,"2","3","MAT2_MAP3"
"14814",14.5,1465,"1","3","MAT1_MAP3"
"14815",13.7,1553,"1","3","MAT1_MAP3"
"14816",14.4,1464,"1","3","MAT1_MAP3"
"14817",13.3,1503,"1","3","MAT1_MAP3"
"14818",14.4,1508,"1","3","MAT1_MAP3"
"14819",14.5,1482,"1","3","MAT1_MAP3"
"14820",13.8,1484,"1","3","MAT1_MAP3"
"14821",13.9,1519,"1","3","MAT1_MAP3"
"14822",13.9,1558,"1","3","MAT1_MAP3"
"14823",10.6,1496,"1","3","MAT1_MAP3"
"14824",15,1488,"1","3","MAT1_MAP3"
"14825",14.7,1447,"1","3","MAT1_MAP3"
"14826",14.4,1474,"1","3","MAT1_MAP3"
"14827",11.5,1625,"1","3","MAT1_MAP3"
"14828",11.3,1646,"1","3","MAT1_MAP3"
"14829",15.8,1473,"1","3","MAT1_MAP3"
"14830",13.1,1536,"1","3","MAT1_MAP3"
"14831",15.8,1466,"1","3","MAT1_MAP3"
"14832",14.8,1484,"1","3","MAT1_MAP3"
"14833",15,1484,"1","3","MAT1_MAP3"
"14834",14.1,1511,"1","3","MAT1_MAP3"
"14835",14.3,1412,"1","2","MAT1_MAP2"
"14836",13.4,1534,"1","3","MAT1_MAP3"
"14837",14.2,1394,"1","2","MAT1_MAP2"
"14838",12.8,1478,"1","3","MAT1_MAP3"
"14839",16,1448,"2","3","MAT2_MAP3"
"14840",14.2,1481,"1","3","MAT1_MAP3"
"14841",13.9,1422,"1","3","MAT1_MAP3"
"14842",15.7,1436,"1","3","MAT1_MAP3"
"14843",14.1,1499,"1","3","MAT1_MAP3"
"14844",10.6,1474,"1","3","MAT1_MAP3"
"14845",15.4,1478,"1","3","MAT1_MAP3"
"14846",16.3,1449,"2","3","MAT2_MAP3"
"14847",13.6,1512,"1","3","MAT1_MAP3"
"14848",15.6,1447,"1","3","MAT1_MAP3"
"14849",15.4,1477,"1","3","MAT1_MAP3"
"14850",11.4,1612,"1","3","MAT1_MAP3"
"14851",14.5,1414,"1","2","MAT1_MAP2"
"14852",15.2,1453,"1","3","MAT1_MAP3"
"14853",15.7,1463,"1","3","MAT1_MAP3"
"14854",14,1528,"1","3","MAT1_MAP3"
"14855",17,1323,"2","2","MAT2_MAP2"
"14856",14.4,1507,"1","3","MAT1_MAP3"
"14857",16.7,1374,"2","2","MAT2_MAP2"
"14858",14.9,1488,"1","3","MAT1_MAP3"
"14859",11.8,1612,"1","3","MAT1_MAP3"
"14860",16.8,1616,"2","3","MAT2_MAP3"
"14861",12.2,1622,"1","3","MAT1_MAP3"
"14862",17,1411,"2","2","MAT2_MAP2"
"14863",14.3,1519,"1","3","MAT1_MAP3"
"14864",15.6,1465,"1","3","MAT1_MAP3"
"14865",17.2,1355,"2","2","MAT2_MAP2"
"14866",16.9,1406,"2","2","MAT2_MAP2"
"14867",11.5,1655,"1","3","MAT1_MAP3"
"14868",16.7,1398,"2","2","MAT2_MAP2"
"14869",14.9,1459,"1","3","MAT1_MAP3"
"14870",16.8,1412,"2","2","MAT2_MAP2"
"14871",14.8,1505,"1","3","MAT1_MAP3"
"14872",14.5,1508,"1","3","MAT1_MAP3"
"14873",13.4,1374,"1","2","MAT1_MAP2"
"14874",14.9,1494,"1","3","MAT1_MAP3"
"14875",14.4,1515,"1","3","MAT1_MAP3"
"14876",16.1,1402,"2","2","MAT2_MAP2"
"14877",11.7,1645,"1","3","MAT1_MAP3"
"14878",13.3,1579,"1","3","MAT1_MAP3"
"14879",17.3,1357,"2","2","MAT2_MAP2"
"14880",17,1357,"2","2","MAT2_MAP2"
"14881",16.6,1384,"2","2","MAT2_MAP2"
"14882",16.3,1549,"2","3","MAT2_MAP3"
"14883",15.1,1546,"1","3","MAT1_MAP3"
"14884",18,1368,"2","2","MAT2_MAP2"
"14885",18.3,1397,"3","2","MAT3_MAP2"
"14886",16.5,1415,"2","2","MAT2_MAP2"
"14887",14.2,1545,"1","3","MAT1_MAP3"
"14888",19,1488,"3","3","MAT3_MAP3"
"14889",16.7,1487,"2","3","MAT2_MAP3"
"14890",15.5,1489,"1","3","MAT1_MAP3"
"14891",16.1,1512,"2","3","MAT2_MAP3"
"14892",15.7,1521,"1","3","MAT1_MAP3"
"14893",15,1516,"1","3","MAT1_MAP3"
"14894",17,1472,"2","3","MAT2_MAP3"
"14895",17.2,1478,"2","3","MAT2_MAP3"
"14896",16.8,1511,"2","3","MAT2_MAP3"
"14897",16.8,1487,"2","3","MAT2_MAP3"
"14898",15.4,1524,"1","3","MAT1_MAP3"
"14899",16,1489,"2","3","MAT2_MAP3"
"14900",13.2,1623,"1","3","MAT1_MAP3"
"14901",16.8,1455,"2","3","MAT2_MAP3"
"14902",12.8,1645,"1","3","MAT1_MAP3"
"14903",18.2,1446,"3","3","MAT3_MAP3"
"14904",14.9,1547,"1","3","MAT1_MAP3"
"14905",17.2,1455,"2","3","MAT2_MAP3"
"14906",15,1517,"1","3","MAT1_MAP3"
"14907",12.8,1654,"1","3","MAT1_MAP3"
"14908",15,1563,"1","3","MAT1_MAP3"
"14909",16.9,1506,"2","3","MAT2_MAP3"
"14910",15,1544,"1","3","MAT1_MAP3"
"14911",13.5,1616,"1","3","MAT1_MAP3"
"14912",16.8,1498,"2","3","MAT2_MAP3"
"14913",15.6,1523,"1","3","MAT1_MAP3"
"14914",17,1259,"2","2","MAT2_MAP2"
"14915",13.7,1619,"1","3","MAT1_MAP3"
"14916",18.2,1502,"3","3","MAT3_MAP3"
"14917",17.2,1499,"2","3","MAT2_MAP3"
"14918",15.1,1547,"1","3","MAT1_MAP3"
"14919",15.6,1532,"1","3","MAT1_MAP3"
"14920",17,1538,"2","3","MAT2_MAP3"
"14921",16.6,1541,"2","3","MAT2_MAP3"
"14922",16.7,1525,"2","3","MAT2_MAP3"
"14923",16.6,1489,"2","3","MAT2_MAP3"
"14924",16.8,1489,"2","3","MAT2_MAP3"
"14925",18.4,1387,"3","2","MAT3_MAP2"
"14926",17.3,1466,"2","3","MAT2_MAP3"
"14927",16,1468,"2","3","MAT2_MAP3"
"14928",17.6,1559,"2","3","MAT2_MAP3"
"14929",18.2,1393,"3","2","MAT3_MAP2"
"14930",16.7,1537,"2","3","MAT2_MAP3"
"14931",14.9,1561,"1","3","MAT1_MAP3"
"14932",17.6,1362,"2","2","MAT2_MAP2"
"14933",17.4,1327,"2","2","MAT2_MAP2"
"14934",17.8,1494,"2","3","MAT2_MAP3"
"14935",18.5,1428,"3","3","MAT3_MAP3"
"14936",18.2,1655,"3","3","MAT3_MAP3"
"14937",14.5,1664,"1","3","MAT1_MAP3"
"14938",15.8,1566,"1","3","MAT1_MAP3"
"14939",17.6,1711,"2","3","MAT2_MAP3"
"14940",14.6,1652,"1","3","MAT1_MAP3"
"14941",18,1633,"2","3","MAT2_MAP3"
"14942",17.8,1607,"2","3","MAT2_MAP3"
"14943",16.8,1497,"2","3","MAT2_MAP3"
"14944",18.8,1431,"3","3","MAT3_MAP3"
"14945",17.4,1365,"2","2","MAT2_MAP2"
"14946",17.6,1556,"2","3","MAT2_MAP3"
"14947",13,1767,"1","3","MAT1_MAP3"
"14948",17.2,1510,"2","3","MAT2_MAP3"
"14949",18.3,1474,"3","3","MAT3_MAP3"
"14950",16.4,1603,"2","3","MAT2_MAP3"
"14951",14,1691,"1","3","MAT1_MAP3"
"14952",15.3,1615,"1","3","MAT1_MAP3"
"14953",18.6,1463,"3","3","MAT3_MAP3"
"14954",17.5,1407,"2","2","MAT2_MAP2"
"14955",11.1,1876,"1","3","MAT1_MAP3"
"14956",17.1,1534,"2","3","MAT2_MAP3"
"14957",18.1,1497,"3","3","MAT3_MAP3"
"14958",17.5,1534,"2","3","MAT2_MAP3"
"14959",13.8,1712,"1","3","MAT1_MAP3"
"14960",16,1587,"2","3","MAT2_MAP3"
"14961",18.1,1512,"3","3","MAT3_MAP3"
"14962",16.9,1549,"2","3","MAT2_MAP3"
"14963",16.4,1587,"2","3","MAT2_MAP3"
"14964",17,1442,"2","3","MAT2_MAP3"
"14965",16.5,1473,"2","3","MAT2_MAP3"
"14966",15.9,1395,"2","2","MAT2_MAP2"
"14967",14.5,1681,"1","3","MAT1_MAP3"
"14968",16.5,1571,"2","3","MAT2_MAP3"
"14969",13.8,1733,"1","3","MAT1_MAP3"
"14970",17.7,1512,"2","3","MAT2_MAP3"
"14971",17.6,1524,"2","3","MAT2_MAP3"
"14972",16.2,1593,"2","3","MAT2_MAP3"
"14973",16.1,1477,"2","3","MAT2_MAP3"
"14974",17.7,1567,"2","3","MAT2_MAP3"
"14975",17.4,1535,"2","3","MAT2_MAP3"
"14976",17.1,1548,"2","3","MAT2_MAP3"
"14977",16.6,1583,"2","3","MAT2_MAP3"
"14978",16.9,1535,"2","3","MAT2_MAP3"
"14979",16.8,1491,"2","3","MAT2_MAP3"
"14980",16.2,1513,"2","3","MAT2_MAP3"
"14981",16.7,1465,"2","3","MAT2_MAP3"
"14982",15.2,1530,"1","3","MAT1_MAP3"
"14983",17.7,1564,"2","3","MAT2_MAP3"
"14984",16.6,1584,"2","3","MAT2_MAP3"
"14985",17.7,1577,"2","3","MAT2_MAP3"
"14986",17.7,1530,"2","3","MAT2_MAP3"
"14987",16.1,1610,"2","3","MAT2_MAP3"
"14988",16.3,1409,"2","2","MAT2_MAP2"
"14989",17.5,1533,"2","3","MAT2_MAP3"
"14990",14.2,1730,"1","3","MAT1_MAP3"
"14991",14.9,1686,"1","3","MAT1_MAP3"
"14992",15.3,1716,"1","3","MAT1_MAP3"
"14993",16.9,1565,"2","3","MAT2_MAP3"
"14994",15.8,1578,"1","3","MAT1_MAP3"
"14995",16.2,1651,"2","3","MAT2_MAP3"
"14996",15.4,1709,"1","3","MAT1_MAP3"
"14997",17.6,1577,"2","3","MAT2_MAP3"
"14998",17.2,1561,"2","3","MAT2_MAP3"
"14999",14.5,1709,"1","3","MAT1_MAP3"
"15000",16.4,1628,"2","3","MAT2_MAP3"
"15001",16.5,1588,"2","3","MAT2_MAP3"
"15002",17.3,1542,"2","3","MAT2_MAP3"
"15003",15,1730,"1","3","MAT1_MAP3"
"15004",16.3,1660,"2","3","MAT2_MAP3"
"15005",16.1,1612,"2","3","MAT2_MAP3"
"15006",16.3,1571,"2","3","MAT2_MAP3"
"15007",15.8,1686,"1","3","MAT1_MAP3"
"15008",16.9,1618,"2","3","MAT2_MAP3"
"15009",13.2,1795,"1","3","MAT1_MAP3"
"15010",14.7,1516,"1","3","MAT1_MAP3"
"15011",16.9,1568,"2","3","MAT2_MAP3"
"15012",16.4,1592,"2","3","MAT2_MAP3"
"15013",16.9,1563,"2","3","MAT2_MAP3"
"15014",15.7,1645,"1","3","MAT1_MAP3"
"15015",16.9,1558,"2","3","MAT2_MAP3"
"15016",16.1,1673,"2","3","MAT2_MAP3"
"15017",15.2,1685,"1","3","MAT1_MAP3"
"15018",15,1693,"1","3","MAT1_MAP3"
"15019",16.5,1601,"2","3","MAT2_MAP3"
"15020",13.6,1817,"1","3","MAT1_MAP3"
"15021",16.6,1519,"2","3","MAT2_MAP3"
"15022",16.2,1661,"2","3","MAT2_MAP3"
"15023",13.3,1805,"1","3","MAT1_MAP3"
"15024",15.4,1661,"1","3","MAT1_MAP3"
"15025",12.6,1846,"1","3","MAT1_MAP3"
"15026",17.1,1547,"2","3","MAT2_MAP3"
"15027",15.4,1710,"1","3","MAT1_MAP3"
"15028",16.1,1656,"2","3","MAT2_MAP3"
"15029",13.8,1761,"1","3","MAT1_MAP3"
"15030",15.8,1637,"1","3","MAT1_MAP3"
"15031",16,1631,"2","3","MAT2_MAP3"
"15032",16,1593,"2","3","MAT2_MAP3"
"15033",17.6,1596,"2","3","MAT2_MAP3"
"15034",12.3,1874,"1","3","MAT1_MAP3"
"15035",15.1,1680,"1","3","MAT1_MAP3"
"15036",16.8,1572,"2","3","MAT2_MAP3"
"15037",16.6,1563,"2","3","MAT2_MAP3"
"15038",16.7,1544,"2","3","MAT2_MAP3"
"15039",11.8,1907,"1","3","MAT1_MAP3"
"15040",16,1637,"2","3","MAT2_MAP3"
"15041",13.3,1809,"1","3","MAT1_MAP3"
"15042",13,1832,"1","3","MAT1_MAP3"
"15043",15.8,1616,"1","3","MAT1_MAP3"
"15044",16.1,1583,"2","3","MAT2_MAP3"
"15045",15.2,1635,"1","3","MAT1_MAP3"
"15046",13.1,1770,"1","3","MAT1_MAP3"
"15047",14.1,1725,"1","3","MAT1_MAP3"
"15048",15.9,1220,"2","1","MAT2_MAP1"
"15049",15.3,1239,"1","1","MAT1_MAP1"
"15050",15.9,1333,"2","2","MAT2_MAP2"
"15051",14.4,1461,"1","3","MAT1_MAP3"
"15052",15.5,1266,"1","2","MAT1_MAP2"
"15053",14.8,1462,"1","3","MAT1_MAP3"
"15054",16.4,1381,"2","2","MAT2_MAP2"
"15055",14.1,1382,"1","2","MAT1_MAP2"
"15056",15.5,1320,"1","2","MAT1_MAP2"
"15057",15.7,1439,"1","3","MAT1_MAP3"
"15058",16.4,1346,"2","2","MAT2_MAP2"
"15059",16.4,1420,"2","3","MAT2_MAP3"
"15060",14,1431,"1","3","MAT1_MAP3"
"15061",16.5,1397,"2","2","MAT2_MAP2"
"15062",16.7,1305,"2","2","MAT2_MAP2"
"15063",15.5,1348,"1","2","MAT1_MAP2"
"15064",16.2,1391,"2","2","MAT2_MAP2"
"15065",16.2,1454,"2","3","MAT2_MAP3"
"15066",16.9,1312,"2","2","MAT2_MAP2"
"15067",13.7,1492,"1","3","MAT1_MAP3"
"15068",16.8,1321,"2","2","MAT2_MAP2"
"15069",15.6,1355,"1","2","MAT1_MAP2"
"15070",15.9,1420,"2","3","MAT2_MAP3"
"15071",13.1,1540,"1","3","MAT1_MAP3"
"15072",16.1,1416,"2","2","MAT2_MAP2"
"15073",14.3,1493,"1","3","MAT1_MAP3"
"15074",15.9,1361,"2","2","MAT2_MAP2"
"15075",12.7,1558,"1","3","MAT1_MAP3"
"15076",12,1523,"1","3","MAT1_MAP3"
"15077",12.8,1525,"1","3","MAT1_MAP3"
"15078",13.7,1480,"1","3","MAT1_MAP3"
"15079",15.4,1467,"1","3","MAT1_MAP3"
"15080",15.4,1566,"1","3","MAT1_MAP3"
"15081",14.6,1492,"1","3","MAT1_MAP3"
"15082",16.7,1390,"2","2","MAT2_MAP2"
"15083",14.8,1567,"1","3","MAT1_MAP3"
"15084",16.1,1460,"2","3","MAT2_MAP3"
"15085",14.1,1513,"1","3","MAT1_MAP3"
"15086",16.3,1455,"2","3","MAT2_MAP3"
"15087",12.2,1609,"1","3","MAT1_MAP3"
"15088",17.1,1324,"2","2","MAT2_MAP2"
"15089",15.5,1470,"1","3","MAT1_MAP3"
"15090",16.5,1438,"2","3","MAT2_MAP3"
"15091",16.2,1387,"2","2","MAT2_MAP2"
"15092",12.8,1581,"1","3","MAT1_MAP3"
"15093",15.8,1469,"1","3","MAT1_MAP3"
"15094",10.9,1652,"1","3","MAT1_MAP3"
"15095",15.5,1467,"1","3","MAT1_MAP3"
"15096",15.1,1481,"1","3","MAT1_MAP3"
"15097",13.1,1471,"1","3","MAT1_MAP3"
"15098",14.2,1504,"1","3","MAT1_MAP3"
"15099",14,1544,"1","3","MAT1_MAP3"
"15100",13.2,1534,"1","3","MAT1_MAP3"
"15101",15.4,1469,"1","3","MAT1_MAP3"
"15102",12.9,1529,"1","3","MAT1_MAP3"
"15103",14.4,1503,"1","3","MAT1_MAP3"
"15104",12.1,1563,"1","3","MAT1_MAP3"
"15105",14.5,1490,"1","3","MAT1_MAP3"
"15106",12.6,1438,"1","3","MAT1_MAP3"
"15107",16.5,1436,"2","3","MAT2_MAP3"
"15108",16.3,1423,"2","3","MAT2_MAP3"
"15109",14.9,1478,"1","3","MAT1_MAP3"
"15110",15.7,1466,"1","3","MAT1_MAP3"
"15111",14.6,1503,"1","3","MAT1_MAP3"
"15112",14.8,1473,"1","3","MAT1_MAP3"
"15113",14.8,1477,"1","3","MAT1_MAP3"
"15114",15.9,1442,"2","3","MAT2_MAP3"
"15115",14.7,1450,"1","3","MAT1_MAP3"
"15116",14.7,1455,"1","3","MAT1_MAP3"
"15117",12.6,1571,"1","3","MAT1_MAP3"
"15118",15.4,1475,"1","3","MAT1_MAP3"
"15119",16.6,1405,"2","2","MAT2_MAP2"
"15120",13.4,1568,"1","3","MAT1_MAP3"
"15121",15.5,1462,"1","3","MAT1_MAP3"
"15122",12.2,1422,"1","3","MAT1_MAP3"
"15123",15.3,1476,"1","3","MAT1_MAP3"
"15124",16,1604,"2","3","MAT2_MAP3"
"15125",14.4,1510,"1","3","MAT1_MAP3"
"15126",14.9,1483,"1","3","MAT1_MAP3"
"15127",14.9,1477,"1","3","MAT1_MAP3"
"15128",15.9,1586,"2","3","MAT2_MAP3"
"15129",17.7,1399,"2","2","MAT2_MAP2"
"15130",16.6,1397,"2","2","MAT2_MAP2"
"15131",15.3,1479,"1","3","MAT1_MAP3"
"15132",17.7,1405,"2","2","MAT2_MAP2"
"15133",18.5,1518,"3","3","MAT3_MAP3"
"15134",16.5,1389,"2","2","MAT2_MAP2"
"15135",16.2,1306,"2","2","MAT2_MAP2"
"15136",13.3,1588,"1","3","MAT1_MAP3"
"15137",16.6,1429,"2","3","MAT2_MAP3"
"15138",17.2,1330,"2","2","MAT2_MAP2"
"15139",15,1554,"1","3","MAT1_MAP3"
"15140",13.4,1589,"1","3","MAT1_MAP3"
"15141",18.7,1515,"3","3","MAT3_MAP3"
"15142",16.5,1538,"2","3","MAT2_MAP3"
"15143",15.2,1568,"1","3","MAT1_MAP3"
"15144",14.9,1536,"1","3","MAT1_MAP3"
"15145",16.9,1413,"2","2","MAT2_MAP2"
"15146",16.8,1471,"2","3","MAT2_MAP3"
"15147",16.8,1426,"2","3","MAT2_MAP3"
"15148",16.2,1483,"2","3","MAT2_MAP3"
"15149",14.9,1542,"1","3","MAT1_MAP3"
"15150",17.5,1432,"2","3","MAT2_MAP3"
"15151",14.6,1563,"1","3","MAT1_MAP3"
"15152",17.1,1441,"2","3","MAT2_MAP3"
"15153",17.2,1363,"2","2","MAT2_MAP2"
"15154",17.1,1497,"2","3","MAT2_MAP3"
"15155",14.5,1568,"1","3","MAT1_MAP3"
"15156",16.7,1493,"2","3","MAT2_MAP3"
"15157",15.2,1534,"1","3","MAT1_MAP3"
"15158",14.4,1569,"1","3","MAT1_MAP3"
"15159",17,1507,"2","3","MAT2_MAP3"
"15160",17.5,1489,"2","3","MAT2_MAP3"
"15161",15.8,1509,"1","3","MAT1_MAP3"
"15162",18.1,1450,"3","3","MAT3_MAP3"
"15163",16.4,1485,"2","3","MAT2_MAP3"
"15164",16.6,1482,"2","3","MAT2_MAP3"
"15165",16,1508,"2","3","MAT2_MAP3"
"15166",17.8,1509,"2","3","MAT2_MAP3"
"15167",17.3,1416,"2","2","MAT2_MAP2"
"15168",18.1,1437,"3","3","MAT3_MAP3"
"15169",17.4,1518,"2","3","MAT2_MAP3"
"15170",18.7,1446,"3","3","MAT3_MAP3"
"15171",16.8,1472,"2","3","MAT2_MAP3"
"15172",17.7,1502,"2","3","MAT2_MAP3"
"15173",17.1,1511,"2","3","MAT2_MAP3"
"15174",16.6,1492,"2","3","MAT2_MAP3"
"15175",17.3,1603,"2","3","MAT2_MAP3"
"15176",18,1534,"2","3","MAT2_MAP3"
"15177",17.8,1628,"2","3","MAT2_MAP3"
"15178",17.8,1588,"2","3","MAT2_MAP3"
"15179",17.8,1560,"2","3","MAT2_MAP3"
"15180",16.5,1523,"2","3","MAT2_MAP3"
"15181",15.2,1571,"1","3","MAT1_MAP3"
"15182",17.5,1463,"2","3","MAT2_MAP3"
"15183",16,1533,"2","3","MAT2_MAP3"
"15184",18.4,1445,"3","3","MAT3_MAP3"
"15185",14.5,1659,"1","3","MAT1_MAP3"
"15186",13.8,1716,"1","3","MAT1_MAP3"
"15187",17.6,1649,"2","3","MAT2_MAP3"
"15188",17.2,1380,"2","2","MAT2_MAP2"
"15189",16.6,1686,"2","3","MAT2_MAP3"
"15190",17.2,1438,"2","3","MAT2_MAP3"
"15191",17.5,1541,"2","3","MAT2_MAP3"
"15192",17,1544,"2","3","MAT2_MAP3"
"15193",17.5,1528,"2","3","MAT2_MAP3"
"15194",17.4,1440,"2","3","MAT2_MAP3"
"15195",16.6,1572,"2","3","MAT2_MAP3"
"15196",17.4,1448,"2","3","MAT2_MAP3"
"15197",17.6,1539,"2","3","MAT2_MAP3"
"15198",18.4,1489,"3","3","MAT3_MAP3"
"15199",16.9,1320,"2","2","MAT2_MAP2"
"15200",17.3,1579,"2","3","MAT2_MAP3"
"15201",17.9,1574,"2","3","MAT2_MAP3"
"15202",17.5,1595,"2","3","MAT2_MAP3"
"15203",16.3,1593,"2","3","MAT2_MAP3"
"15204",15.2,1670,"1","3","MAT1_MAP3"
"15205",17.2,1516,"2","3","MAT2_MAP3"
"15206",17.2,1579,"2","3","MAT2_MAP3"
"15207",16.8,1478,"2","3","MAT2_MAP3"
"15208",17.6,1584,"2","3","MAT2_MAP3"
"15209",16,1653,"2","3","MAT2_MAP3"
"15210",15.9,1662,"2","3","MAT2_MAP3"
"15211",16.4,1550,"2","3","MAT2_MAP3"
"15212",15.8,1518,"1","3","MAT1_MAP3"
"15213",16.1,1490,"2","3","MAT2_MAP3"
"15214",14.7,1707,"1","3","MAT1_MAP3"
"15215",16.6,1643,"2","3","MAT2_MAP3"
"15216",15.4,1627,"1","3","MAT1_MAP3"
"15217",12.8,1777,"1","3","MAT1_MAP3"
"15218",15.7,1691,"1","3","MAT1_MAP3"
"15219",16.3,1647,"2","3","MAT2_MAP3"
"15220",14.6,1709,"1","3","MAT1_MAP3"
"15221",17.1,1557,"2","3","MAT2_MAP3"
"15222",15.7,1655,"1","3","MAT1_MAP3"
"15223",15.5,1655,"1","3","MAT1_MAP3"
"15224",16.5,1606,"2","3","MAT2_MAP3"
"15225",16.1,1611,"2","3","MAT2_MAP3"
"15226",15.6,1656,"1","3","MAT1_MAP3"
"15227",17.1,1549,"2","3","MAT2_MAP3"
"15228",17.2,1600,"2","3","MAT2_MAP3"
"15229",14.2,1754,"1","3","MAT1_MAP3"
"15230",14.7,1712,"1","3","MAT1_MAP3"
"15231",16.7,1527,"2","3","MAT2_MAP3"
"15232",13.1,1817,"1","3","MAT1_MAP3"
"15233",15.4,1667,"1","3","MAT1_MAP3"
"15234",11.9,1894,"1","3","MAT1_MAP3"
"15235",16.5,1616,"2","3","MAT2_MAP3"
"15236",16.9,1570,"2","3","MAT2_MAP3"
"15237",16.4,1595,"2","3","MAT2_MAP3"
"15238",17.2,1622,"2","3","MAT2_MAP3"
"15239",16.2,1598,"2","3","MAT2_MAP3"
"15240",15.6,1616,"1","3","MAT1_MAP3"
"15241",15.5,1616,"1","3","MAT1_MAP3"
"15242",15.6,1642,"1","3","MAT1_MAP3"
"15243",15.8,1611,"1","3","MAT1_MAP3"
"15244",15.4,1628,"1","3","MAT1_MAP3"
"15245",15.9,1161,"2","1","MAT2_MAP1"
"15246",15.7,1165,"1","1","MAT1_MAP1"
"15247",15.1,1218,"1","1","MAT1_MAP1"
"15248",15.3,1213,"1","1","MAT1_MAP1"
"15249",15.6,1214,"1","1","MAT1_MAP1"
"15250",14.8,1258,"1","2","MAT1_MAP2"
"15251",14.9,1273,"1","2","MAT1_MAP2"
"15252",15.2,1271,"1","2","MAT1_MAP2"
"15253",15.1,1440,"1","3","MAT1_MAP3"
"15254",14.7,1359,"1","2","MAT1_MAP2"
"15255",16.6,1242,"2","1","MAT2_MAP1"
"15256",16.3,1349,"2","2","MAT2_MAP2"
"15257",13.9,1395,"1","2","MAT1_MAP2"
"15258",16.4,1394,"2","2","MAT2_MAP2"
"15259",14.8,1455,"1","3","MAT1_MAP3"
"15260",15.8,1292,"1","2","MAT1_MAP2"
"15261",16.4,1414,"2","2","MAT2_MAP2"
"15262",16.7,1397,"2","2","MAT2_MAP2"
"15263",15.7,1448,"1","3","MAT1_MAP3"
"15264",14.7,1480,"1","3","MAT1_MAP3"
"15265",15.7,1449,"1","3","MAT1_MAP3"
"15266",16.1,1341,"2","2","MAT2_MAP2"
"15267",16.1,1444,"2","3","MAT2_MAP3"
"15268",16.3,1394,"2","2","MAT2_MAP2"
"15269",17.5,1348,"2","2","MAT2_MAP2"
"15270",16.4,1405,"2","2","MAT2_MAP2"
"15271",13.3,1525,"1","3","MAT1_MAP3"
"15272",16.4,1416,"2","2","MAT2_MAP2"
"15273",12.8,1538,"1","3","MAT1_MAP3"
"15274",14.6,1467,"1","3","MAT1_MAP3"
"15275",16.5,1395,"2","2","MAT2_MAP2"
"15276",14.9,1457,"1","3","MAT1_MAP3"
"15277",16.8,1402,"2","2","MAT2_MAP2"
"15278",17,1370,"2","2","MAT2_MAP2"
"15279",14.5,1374,"1","2","MAT1_MAP2"
"15280",16.7,1415,"2","2","MAT2_MAP2"
"15281",16.6,1381,"2","2","MAT2_MAP2"
"15282",14.5,1466,"1","3","MAT1_MAP3"
"15283",14.2,1485,"1","3","MAT1_MAP3"
"15284",17,1365,"2","2","MAT2_MAP2"
"15285",15.9,1407,"2","2","MAT2_MAP2"
"15286",16.4,1407,"2","2","MAT2_MAP2"
"15287",17.1,1361,"2","2","MAT2_MAP2"
"15288",16.2,1401,"2","2","MAT2_MAP2"
"15289",16.1,1407,"2","2","MAT2_MAP2"
"15290",16.4,1406,"2","2","MAT2_MAP2"
"15291",16.4,1387,"2","2","MAT2_MAP2"
"15292",14,1452,"1","3","MAT1_MAP3"
"15293",12.2,1426,"1","3","MAT1_MAP3"
"15294",16.9,1364,"2","2","MAT2_MAP2"
"15295",15.5,1437,"1","3","MAT1_MAP3"
"15296",16.3,1393,"2","2","MAT2_MAP2"
"15297",16.7,1396,"2","2","MAT2_MAP2"
"15298",16.6,1285,"2","2","MAT2_MAP2"
"15299",18.2,1442,"3","3","MAT3_MAP3"
"15300",17.1,1396,"2","2","MAT2_MAP2"
"15301",16.8,1405,"2","2","MAT2_MAP2"
"15302",17.3,1348,"2","2","MAT2_MAP2"
"15303",17.1,1322,"2","2","MAT2_MAP2"
"15304",16.7,1265,"2","2","MAT2_MAP2"
"15305",16.1,1353,"2","2","MAT2_MAP2"
"15306",15.4,1488,"1","3","MAT1_MAP3"
"15307",16,1459,"2","3","MAT2_MAP3"
"15308",17,1267,"2","2","MAT2_MAP2"
"15309",18.7,1506,"3","3","MAT3_MAP3"
"15310",16.5,1533,"2","3","MAT2_MAP3"
"15311",13.7,1637,"1","3","MAT1_MAP3"
"15312",16.7,1405,"2","2","MAT2_MAP2"
"15313",15.7,1487,"1","3","MAT1_MAP3"
"15314",18.6,1450,"3","3","MAT3_MAP3"
"15315",18.6,1442,"3","3","MAT3_MAP3"
"15316",15.8,1521,"1","3","MAT1_MAP3"
"15317",17.4,1447,"2","3","MAT2_MAP3"
"15318",18,1400,"2","2","MAT2_MAP2"
"15319",16.9,1480,"2","3","MAT2_MAP3"
"15320",16.7,1477,"2","3","MAT2_MAP3"
"15321",18.3,1383,"3","2","MAT3_MAP2"
"15322",17.4,1439,"2","3","MAT2_MAP3"
"15323",17.1,1451,"2","3","MAT2_MAP3"
"15324",16.5,1486,"2","3","MAT2_MAP3"
"15325",17.6,1533,"2","3","MAT2_MAP3"
"15326",17.2,1605,"2","3","MAT2_MAP3"
"15327",15.5,1685,"1","3","MAT1_MAP3"
"15328",17.6,1573,"2","3","MAT2_MAP3"
"15329",17.5,1515,"2","3","MAT2_MAP3"
"15330",18.3,1430,"3","3","MAT3_MAP3"
"15331",17.6,1478,"2","3","MAT2_MAP3"
"15332",17.5,1461,"2","3","MAT2_MAP3"
"15333",17.6,1505,"2","3","MAT2_MAP3"
"15334",18.1,1441,"3","3","MAT3_MAP3"
"15335",18.2,1387,"3","2","MAT3_MAP2"
"15336",18.4,1442,"3","3","MAT3_MAP3"
"15337",13.4,1715,"1","3","MAT1_MAP3"
"15338",15.9,1543,"2","3","MAT2_MAP3"
"15339",14.6,1616,"1","3","MAT1_MAP3"
"15340",16.2,1668,"2","3","MAT2_MAP3"
"15341",17.6,1633,"2","3","MAT2_MAP3"
"15342",18.2,1468,"3","3","MAT3_MAP3"
"15343",17.8,1592,"2","3","MAT2_MAP3"
"15344",16.4,1575,"2","3","MAT2_MAP3"
"15345",17.1,1457,"2","3","MAT2_MAP3"
"15346",17.5,1518,"2","3","MAT2_MAP3"
"15347",17.4,1452,"2","3","MAT2_MAP3"
"15348",16.8,1493,"2","3","MAT2_MAP3"
"15349",16.9,1493,"2","3","MAT2_MAP3"
"15350",16,1525,"2","3","MAT2_MAP3"
"15351",16.3,1483,"2","3","MAT2_MAP3"
"15352",17.3,1522,"2","3","MAT2_MAP3"
"15353",16.8,1570,"2","3","MAT2_MAP3"
"15354",13.7,1772,"1","3","MAT1_MAP3"
"15355",12.6,1842,"1","3","MAT1_MAP3"
"15356",17,1503,"2","3","MAT2_MAP3"
"15357",17.1,1498,"2","3","MAT2_MAP3"
"15358",15,1590,"1","3","MAT1_MAP3"
"15359",14.9,1708,"1","3","MAT1_MAP3"
"15360",13.7,1770,"1","3","MAT1_MAP3"
"15361",16.8,1592,"2","3","MAT2_MAP3"
"15362",16,1656,"2","3","MAT2_MAP3"
"15363",16.7,1600,"2","3","MAT2_MAP3"
"15364",14.5,1737,"1","3","MAT1_MAP3"
"15365",15.4,1676,"1","3","MAT1_MAP3"
"15366",15.9,1623,"2","3","MAT2_MAP3"
"15367",16.8,1516,"2","3","MAT2_MAP3"
"15368",16.8,1551,"2","3","MAT2_MAP3"
"15369",17,1517,"2","3","MAT2_MAP3"
