"X.1","X","PLT_CN","INVYR.x","FLDTYPCD","ECO_ID","COUNTYCD.x","LON","LAT","STDAGE","AgeGroup","Carbon_Mg_ha","cv_dbh","VPD","Elevation","MAT","MAP","pH_mean","bdod_mean","clay_mean","nitrogen_mean","FDis","PC1.CWM","PC2.CWM","Shade.tolerance.FDis","Drought.tolerance.FDis","WD_mean_add.FDis","LMA.FDis","Nmass.FDis","Pmass.FDis","Leaf.longevity.FDis","Max.height.FDis","Leaf.FDis","Shade.tolerance.CWM","Drought.tolerance.CWM","WD_mean_add.CWM","LMA.CWM","Nmass.CWM","Pmass.CWM","Leaf.longevity.CWM","Max.height.CWM","Leaf.CWM"
1,1,"Plot_001",2014,"Broadleaf Forest",80101,"Xiangxi",109.320944782011,28.8317102874747,13,2,19.0134325250845,0.504153138206287,0.665618279569893,311,16.8,1341,63.3333333333333,126.666666666667,297.666666666667,291.666666666667,0,-1.51524982246117,-1.38495904528467,0,0,0,0,0,0,0,0,0,3.20997533631745,2.79821608637929,0.41,0.0589744198037889,21.4108085625,2.44392318225,22.0509391044924,30,1
2,2,"Plot_002",2014,"Broadleaf Forest",80101,"Xiangxi",109.322154687721,28.6889139147235,12,2,33.3247776126971,0.500262622838613,0.518978495,1059,13.3,1445,58,120.666666666667,339.666666666667,320.333333333333,1.17403035098397,0.342376050782981,-0.0269794168791742,0.451554100229824,0.0451418499647644,0.322033285732119,0.139071494893162,0.194912443325307,0.386615187366441,0.209242750518643,0.142050014072283,0.835268934070847,1.83703664565201,2.90420347283254,0.484272164713204,0.05055381996531,18.9117889753871,2.5130659970625,9.27501636784869,30.8467741935484,0.161290322580645
3,3,"Plot_003",2014,"Broadleaf Forest",40118,"Huaihua",109.360210820631,26.3817972334943,7,1,4.22552490342793,0.31434108312907,0.480456989247312,634,16,1331,54,116.333333333333,311,302.333333333333,1.83037571162097,-0.433575817208078,-0.6019748897352,0.854273949571006,0.162783636308344,0.496761019260588,0.358553472324759,0.667272176801772,0.0823199405242067,0.455851548828182,2.26670534194303e-16,1.01837443023502,2.75749798244736,2.72689315582151,0.473916454983923,0.0691463199019688,17.1357488699523,2.37638995119328,18.2993725852421,30,0.208333333333333
4,4,"Plot_004",2014,"Broadleaf Forest",80101,"Xiangxi",109.395398880078,29.2672843172055,13,2,21.7249393645334,0.482913060389933,0.45594086,1161,12.6,1518,57.6666666666667,115,301.333333333333,334.666666666667,2.14632519056174,-0.447856096517063,-0.457082275512983,0.349063015920367,0.635105476466386,0.645856115955756,0.504776252806171,0.40883468831275,0.617038205153769,0.548158450498265,0.458445557113078,1.29137574219676,1.78254780742612,2.62267470646305,0.397049609358966,0.0848701007710278,21.0765283479424,2.13629669022403,12.0231893099985,33.1914893617021,0.297872340425532
5,5,"Plot_005",2014,"Broadleaf Forest",80101,"Xiangxi",109.41047555311,28.2568822397808,11,2,33.5958544167203,0.35068851265666,0.449811827956989,794,14.4,1367,61.3333333333333,119.333333333333,280.333333333333,326,0,-1.51524982246117,-1.38495904528467,0,0,0,0,0,0,0,0,0,3.20997533631745,2.79821608637929,0.41,0.0589744198037889,21.4108085625,2.44392318225,22.0509391044924,30,1
6,6,"Plot_006",2014,"Broadleaf Forest",80101,"Huaihua",109.422904041344,27.3906613270387,10,1,16.5328044178805,0.402011880336144,0.542069892473118,689,15.3,1270,57.3333333333333,118.333333333333,288.333333333333,284.666666666667,2.21098211418913,-0.862317267566799,-0.793452317811698,0.407172752817238,0.461974973706541,0.734750827819525,0.239575068288504,0.593676425959268,0.428986116202164,0.2924338542486,0.147651414760175,1.53860078042227,3.00695921446259,2.91697407671593,0.458769740468535,0.0679964160677266,19.298776046446,2.4172292129167,20.76380703561,29.3571428571429,0.528571428571429
7,7,"Plot_007",2014,"Broadleaf Forest",80101,"Xiangxi",109.443287828903,28.7986556741444,15,2,17.5390286038633,0.341952720565951,0.611962365591398,355,16.6,1361,63,127.333333333333,306,310.666666666667,0.574477919232411,0.00110080754100869,1.22273673310959,0.146635578811233,0.219324340315199,0.288084007075298,0.0489074703055347,0.110839490019287,0.275595273837219,0.146324687398061,0.11570593662525,0.12343986605203,2.55810178889771,3.63870291526705,0.577928545508235,0.0880990884216545,17.3887511686627,1.62181758700946,11.6669971848117,25.7142857142857,0.0204081632653061
8,8,"Plot_008",2014,"Broadleaf Forest",80101,"Huaihua",109.475219407335,26.5614373919631,38,3,23.7494706989302,0.687519832345334,0.485698924731183,671,15.4,1336,54.3333333333333,108.666666666667,290.333333333333,325.666666666667,1.6788281046301,0.0702337037401479,0.130496408451492,0.749785821561733,0.347437176003477,0.486762632644469,0.368235731429485,0.336257408698723,0.438398799255761,0.375391984659033,0.153609605519728,0.756069179568682,2.27898374079332,3.03693426762595,0.505499818557648,0.0632166479829007,18.3770136488254,2.20105237335868,12.5307855182476,28.9285714285714,0.142857142857143
9,9,"Plot_009",2014,"Broadleaf Forest",80101,"Huaihua",109.475824057526,26.416778483888,15,2,12.6385268574857,0.314887929187929,0.503413978494624,581,15.6,1356,53,114.666666666667,291.666666666667,320,0,-0.76662113722086,-0.784077720054849,0,0,0,0,0,0,0,0,0,3.40818862701358,2.62143489811348,0.498555273311897,0.087490993945113,13.2943490428368,2.40564086799408,24.8663860475771,30,0
10,10,"Plot_010",2014,"Broadleaf Forest",80101,"Xiangxi",109.478749674587,29.1960975118895,5,1,2.87301128915561,0.435778057057946,0.441290322580645,1009,13.4,1503,57.3333333333333,111.333333333333,277.666666666667,336.333333333333,0,-0.106733740990063,1.4108251068594,0,0,0,0,0,0,0,0,0,1.68,5,0.498555273311897,0.0607078805537597,26.2568048363979,1.70479827749612,38.0890439226132,35,0
11,11,"Plot_011",2014,"Broadleaf Forest",80101,"Huaihua",109.499717272774,27.6803140657511,21,2,25.6180040229409,0.400776173445411,0.564704301,573,16.9,1250,62,123,305,317,2.41168576810238,-0.804095147392879,-0.232978433273886,0.609504045064696,0.840989196304497,0.853367656262228,0.246284521931711,0.438515750488118,0.629414762613605,0.369633509391624,0.20153734868516,1.53829992244424,2.73054485516089,3.3676170690125,0.469962015131454,0.0670008404646646,20.97590119756,2.16369633410354,21.952570389277,29.9411764705882,0.529411764705882
12,12,"Plot_012",2014,"Broadleaf Forest",40118,"Huaihua",109.511636142075,26.8156144910051,20,2,12.7211590737308,0.378341317887481,0.527311828,410,16.8,1269,57.6666666666667,118,303.666666666667,288.333333333333,1.9016798402318,-1.07434243120604,-1.13472279477368,0.315480499847742,0.171732419093873,0.57814697364917,0.254640984084952,0.678592578221124,0.171874658431619,0.19757300995906,0.0138201821168332,1.49943281789491,3.11588225718572,2.66976431259947,0.435533242146921,0.0692120183295249,18.9647948753102,2.39281589272437,21.1801810387947,29.9230769230769,0.584615384615385
13,13,"Plot_013",2014,"Broadleaf Forest",80101,"Huaihua",109.514564386199,26.5979111257675,23,2,19.7198700434862,0.395749061897938,0.505510753,513,16.3,1312,56,121,330.666666666667,294.333333333333,1.58692885432321,-0.233170350526278,0.392596042434911,0.501138675455281,0.673029666738202,0.678715643704773,0.171291955526821,0.444383742696124,0.616402074300107,0.418947493482317,0.22787754374232,0.351536297448677,2.7932134572213,3.17463505432569,0.540989796355841,0.0833867644009645,16.8119563642647,1.88927304060018,15.5879326748348,27.4242424242424,0.0606060606060606
14,14,"Plot_014",2014,"Broadleaf Forest",80101,"Xiangxi",109.517127096619,29.3044106991707,13,2,11.1463341848884,0.419713264496826,0.465779569892473,1073,13.7,1501,56.3333333333333,122,313,304.333333333333,2.40049607294631,-0.40973994531595,0.277427494615661,0.704618062732679,1.32899346658613,0.681351211534177,0.0718804152565201,0.451252280143576,0.489437692984911,0.665758920010557,0.227367109348777,1.27685108131426,2.10179054768824,3.89954306215254,0.455993589725062,0.0610289042160285,24.0021529483058,1.97493914448715,27.6034773155014,32.6404494382022,0.292134831460674
15,15,"Plot_015",2014,"Broadleaf Forest",80101,"Huaihua",109.519167305414,26.1653954644424,17,2,23.6620648926123,0.549430168943335,0.513521505376344,484,16.7,1395,57.6666666666667,123.333333333333,288.333333333333,325.666666666667,1.86390119597355,-0.073762408217291,0.478909502982584,0.424866247743039,0.627004441042319,0.844906893152156,0.334950473701205,0.330060358543643,0.661125425460746,0.286096755776087,0.226201973567744,0.857578467566329,2.49190802711316,3.22890923197016,0.530732259086037,0.0749398422061948,18.5880477706684,1.90474931128756,12.3316842467768,27.2727272727273,0.166666666666667
16,16,"Plot_016",2014,"Broadleaf Forest",80101,"Huaihua",109.51937816853,26.2372827089313,25,2,14.8418750996126,0.611473907497208,0.525725806451613,561,16.5,1380,55,123.333333333333,283,291.666666666667,0.64772386507251,0.704725780300624,0.079124117718044,0.106578534859424,0.285884256490627,0.375079925608742,0.14370453136224,0.174174865831765,0.252848392726951,0.0367838480396694,0.0264213042564834,3.41352153839974e-16,1.63388466855931,2.76771384869927,0.483547023563853,0.0507785352676641,19.7093020277265,2.32129752088692,6.99576969077472,29.8507462686567,0
17,17,"Plot_017",2014,"Broadleaf Forest",40118,"Huaihua",109.522629104786,26.020467550301,25,2,27.656643257393,0.499097993505406,0.499301075268817,608,16.5,1437,55,117,306.333333333333,297.666666666667,2.14350463819517,-1.270331704746,-0.414365612730291,0.633228750050843,0.48488318344902,0.78820331181302,0.596830214064325,0.383975875825468,0.420046053135624,0.356010173373308,0.493626133714037,1.26733859334136,2.65698904290137,3.16388899987006,0.451207237818452,0.0824670499480596,19.9418089081639,2.36559898043589,19.8403325623428,32.2115384615385,0.711538461538462
18,18,"Plot_018",2014,"Broadleaf Forest",80101,"Huaihua",109.538918881116,27.788954407443,8,1,1.43966046405164,0.199491211116667,0.594516129032258,377,16.3,1282,57.3333333333333,115,310.333333333333,312.666666666667,1.28451690450275,0.144162426455504,-0.157712409040544,0.949748081002812,0.163867273182787,1.2490009027033e-17,0.40439799422906,0.544872420143731,0.0286064709201339,0.509772258186099,1.99840144432528e-16,2.1094237467878e-16,2.31727545080543,2.80057395924539,0.498555273311897,0.0629097033094763,16.8885534623347,2.38177076859763,14.2665544190308,30,0
19,19,"Plot_019",2014,"Broadleaf Forest",80101,"Huaihua",109.542794202249,27.5007773728224,27,2,29.102842767472,0.388559677737867,0.480779569892473,612,15.8,1277,57,119.333333333333,263.333333333333,333,1.12765790491936,-0.831574683750854,-0.681507526480678,0.251560468123518,0.214659472319425,0.314562501754638,0.153178182391757,0.423408688686696,0.151121199868347,0.14635239813934,0.0691927209005842,0.761399601223929,3.259944216303,2.74182819169116,0.491221997384054,0.0848851037057236,14.7272688477603,2.3678940484572,23.458306807765,30.0847457627119,0.144067796610169
20,20,"Plot_020",2014,"Broadleaf Forest",80101,"Huaihua",109.560445165673,26.1118135848787,11,2,15.2101628561122,0.326546205551427,0.497795699,834,15.6,1435,55,116.333333333333,284,322.666666666667,0.574165636981273,0.0564222800831984,1.29683886004436,0.147682289830249,0.233050870123657,0.337582818420457,0.0686632674971096,0.107120459867485,0.140788744685054,0.0526484383051336,0.137092105192572,0.1492928077408,2.43850965611008,3.63582459041233,0.576186407217454,0.0884477169846046,17.9291462012664,1.56989166019994,10.4943265328179,25.8264462809917,0.0247933884297521
21,21,"Plot_021",2014,"Broadleaf Forest",80101,"Xiangxi",109.561419843787,29.1248929427429,16,2,18.5929995474607,0.461487000441157,0.557822580645161,481,16.1,1419,59,125.333333333333,303.666666666667,310.333333333333,2.02700273339509,-0.0201347692380333,0.0460447171091008,0.646468572793997,0.56883390619088,0.658802413266571,0.300046849977786,0.350527184261524,0.612367163813078,0.349567212212985,0.180961578854195,1.13398805628606,2.32803256517838,2.87440899765094,0.504454468479002,0.0646086241384266,19.8176860601637,2.00817537185637,11.7030871611893,28.6363636363636,0.242424242424242
22,22,"Plot_022",2014,"Broadleaf Forest",80101,"Xiangxi",109.570073760538,28.4021330809304,27,2,26.5946970567789,0.280687810969904,0.494059139784946,867,14.1,1417,59,120.666666666667,289.333333333333,302,0,0.751351468906414,0.259864464968992,0,0,0,0,0,0,0,0,0,1.59,2.92,0.498555273311897,0.0465221762190519,19.284689742,2.365857369,7.2,30,0
23,23,"Plot_023",2014,"Broadleaf Forest",80101,"Xiangxi",109.578434586452,27.8978129705673,8,1,25.3623883258934,0.438855273528457,0.61247311827957,349,16.8,1284,57.6666666666667,117.333333333333,317,309,1.69847762829664,-0.944880561559821,-0.846611015433208,0.288881860377234,0.275452457555897,0.735812103986728,0.327773692864305,0.376255123817048,0.257953784988345,0.339615753692442,0.168502783733904,1.268453840027,3.04596574192347,2.94723554167065,0.448491345480529,0.0701814956143033,21.9307380404017,2.32771836713184,18.4779950940374,28.7777777777778,0.711111111111111
24,24,"Plot_024",2014,"Broadleaf Forest",80101,"Huaihua",109.583248129935,27.5370148021767,15,2,23.4310662438324,0.47547061501886,0.480779569892473,534,15.5,1297,54,111,274,358.333333333333,1.99248783018441,-0.154007495579571,-0.635567233174085,0.37928477823523,0.522924111971064,0.434651163105528,0.254625453628211,0.386614505849423,1.16548380973031,0.390975486972404,0.22774958322418,0.63024405722922,2.99716913992562,2.69042405733816,0.505922881523621,0.0756185791455915,16.29070905161,2.73319095180903,16.4123143718513,27.4038461538462,0.115384615384615
25,25,"Plot_025",2014,"Broadleaf Forest",80101,"Huaihua",109.586438540383,27.24836521315,17,2,25.3005560967456,0.405266467063402,0.552822580645161,358,16.9,1257,58,125.333333333333,303.666666666667,267,1.58134026911312,-0.345309141381649,0.371792261446111,0.476628936301736,0.6297828063019,0.733902231597298,0.0879461396767633,0.434533540799607,0.658196886247424,0.420203637621886,0.226804000695312,0.428360444549382,2.88851101498353,3.23357162131333,0.539208227491961,0.0859279196166272,16.3518033557321,1.92382634638027,16.6305606961246,27.3125,0.075
26,26,"Plot_026",2014,"Broadleaf Forest",80101,"Huaihua",109.594166363216,26.6713601264233,6,1,2.66079995068529,0.411660608744079,0.528440860215054,341,17.1,1299,54,124.333333333333,306,298.666666666667,1.43604008546928,0.0522580534858247,0.833146453806216,0.363364596055742,0.445586866249461,0.742618143078195,0.357678629095754,0.235437764877426,0.537539315492348,0.153452326596889,0.20835628153541,0.640958301018433,2.40203413542733,3.44480102105552,0.547307123132211,0.07537549570364,18.5850801511304,1.7954798147672,11.2023024516078,26.7647058823529,0.117647058823529
27,27,"Plot_027",2014,"Broadleaf Forest",80101,"Huaihua",109.5956718792,26.5267611898793,9,1,8.85870000079781,0.540603767163454,0.516075269,629,15.5,1356,53.6666666666667,118.666666666667,300,298,0,0.751351468906414,0.259864464968992,0,0,0,0,0,0,0,0,0,1.59,2.92,0.498555273311897,0.0465221762190519,19.284689742,2.365857369,7.2,30,0
28,28,"Plot_028",2014,"Broadleaf Forest",80101,"Xiangxi",109.615855712336,28.1529304727367,8,1,2.42530874869796,0.321344615157084,0.609462365591398,499,15.9,1335,63,122.666666666667,259.333333333333,296.333333333333,2.1868806125603,-0.545824253222212,-0.265349073548672,0.630314469474426,0.388960642559559,0.90242281862165,0.262133356379948,0.280072196208651,0.505416118433041,0.398312430658657,0.171065242510606,1.54364124161939,2.63077470519576,3.06558952467113,0.477138818327974,0.0633216715174444,19.9328306899902,2.19297622866945,15.4251651315235,28.75,0.5
29,29,"Plot_029",2014,"Broadleaf Forest",40118,"Huaihua",109.629431159486,26.9963701651132,24,2,37.8923391838058,0.406647406632267,0.533897849462366,278,17.1,1268,55.6666666666667,123,338,289.333333333333,1.93209097906905,-0.828521010578158,-0.602897433757243,0.582686689640655,0.297823242136545,0.814600273771177,0.189416428860816,0.253308834043978,0.384925921292045,0.364957796266732,0.129005813050354,1.40889156711853,2.79665700445815,2.98190006605123,0.456782776965799,0.0617969522950911,20.3789359355558,2.27193587511269,17.3646052694626,29.1477272727273,0.647727272727273
30,30,"Plot_030",2014,"Broadleaf Forest",80101,"Huaihua",109.634678147999,27.5737102457501,15,2,18.7608823568672,0.422003682876963,0.498629032258064,524,16,1202,55,115.666666666667,278.666666666667,339.333333333333,2.23974971474074,-0.499433125822013,-1.23966510619445,0.156576900678376,0.441652264816188,0.608352139905611,0.153120634589904,0.576704631632178,1.11223235084297,0.344602229179896,0.229331934803073,1.48998407694374,3.13541379891506,2.5513215666231,0.465632610496485,0.0677631931700833,18.0134997690839,2.97080043040674,18.2942781248744,27.9661016949153,0.406779661016949
31,31,"Plot_031",2014,"Broadleaf Forest",80101,"Huaihua",109.64113778605,26.0575478259655,11,2,22.1136467587213,0.412134240057391,0.491559139784946,542,16.4,1451,55,119.666666666667,264.333333333333,316,2.34342562046103,-0.178146438713526,0.0136196853595291,0.632763281174242,0.851627319568473,0.517967480711536,0.330564919153232,0.846961877726768,0.712469745839386,0.585534691126059,0.28275246695968,0.727169841093433,2.62152834550711,3.23786566001605,0.502415675241157,0.077820553087472,19.7850679632227,2.22474703841312,18.7360295531886,29.0909090909091,0.136363636363636
32,32,"Plot_032",2014,"Broadleaf Forest",80101,"Xiangxi",109.643649715642,29.1255698323991,14,2,20.8342123051522,0.483447310011873,0.54172043,988,14.2,1487,58,123,296.666666666667,321.333333333333,2.52194886185234,-0.154172101648167,-0.289033275301242,0.648160582749494,0.827199405661676,1.08610765615892,0.123279320652697,0.729899927889047,1.00973764877874,0.410762349500137,0.336789605089752,0.857578467566329,2.00518038258506,2.8175168656237,0.420777752119263,0.0791038253598207,20.273482790451,2.12905509244508,11.0340611896384,31.1363636363636,0.166666666666667
33,33,"Plot_033",2014,"Broadleaf Forest",80101,"Xiangxi",109.65736918555,28.0431849024015,13,2,25.7651302670632,0.374818137767129,0.608118279569893,312,16.3,1321,64.6666666666667,121,302.666666666667,284.333333333333,1.30307470799271,-0.033484580211861,0.948783926167192,0.180498505752303,0.305485065221565,0.615271628600504,0.164201218781072,0.446792913854001,0.442184820643825,0.172724412778012,0.112503694873393,0.723706551658388,2.59836137642472,3.56680456664026,0.559309790451796,0.0859537608211045,19.2058036044284,1.71610451041226,11.4559988947245,25.7203389830508,0.135593220338983
34,34,"Plot_034",2014,"Broadleaf Forest",80101,"Huaihua",109.663561963425,27.538035768264,12,2,39.4811847000132,0.457807321780444,0.508279569892473,717,15.1,1318,54,119.333333333333,337,363.333333333333,1.68201793806949,-0.290057477309258,-1.0435182451066,0.294237008046818,0.432001542372143,0.207056643874579,0.291143023895282,0.299313209292874,1.10610196526089,0.412143490855607,0.320747329707387,0.52459682820659,3.09715370437396,2.47765523198597,0.492158314911575,0.0816246973156501,15.14353760844,3.09886235636046,18.632702672844,28.75,0.09375
35,35,"Plot_035",2014,"Broadleaf Forest",80101,"Xiangxi",109.68123076909,29.3037869670969,23,2,22.0390591543357,0.546341677591394,0.553763440860215,933,13.6,1507,57,119.666666666667,293.666666666667,327.333333333333,2.42743470652872,-0.254007461178778,0.045392268247855,0.174426636664759,1.25041713667684,0.855954429918809,0.392367091508952,0.400842875280166,0.517055867842122,0.836340643158257,0.380457859886415,0.931690186985641,1.68569030100056,3.18847336557157,0.422481387400262,0.0778966420043812,22.6637200793518,1.98199968694359,17.7902972989268,33.5185185185185,0.185185185185185
36,36,"Plot_036",2014,"Broadleaf Forest",80101,"Huaihua",109.681811500103,26.1672113097417,10,1,1.27758869073811,0.254306611037616,0.521370967741935,570,16.7,1418,55.6666666666667,120,284.666666666667,320.666666666667,0,0.751351468906414,0.259864464968992,0,0,0,0,0,0,0,0,0,1.59,2.92,0.498555273311897,0.0465221762190519,19.284689742,2.365857369,7.2,30,0
37,37,"Plot_037",2014,"Broadleaf Forest",80101,"Huaihua",109.708230812735,27.2134042061266,15,2,20.428431976472,0.420919069253054,0.548951612903226,239,17.2,1272,61,123,324,280.333333333333,1.08129815297213,-0.0192567585101418,1.18821094068797,0.197551490941789,0.165471681313145,0.49181337221484,0.178715666774222,0.276283616411938,0.452640966380706,0.162287336988329,0.3101687007526,0.461673124183625,2.4350355046772,3.66283987340505,0.567839780154042,0.0889066894469071,18.4337652370943,1.70119814949107,11.5728414276224,26.2558139534884,0.0813953488372093
38,38,"Plot_038",2014,"Broadleaf Forest",40118,"Huaihua",109.716703889901,26.4191251105149,30,2,51.163720769925,0.50200103816896,0.486155913978495,487,16.4,1377,53.6666666666667,115,286,321,1.00849988799439,-0.193300929897009,1.17642398292527,0.146284097249065,0.182497743550331,0.492640570833773,0.164635316551227,0.106001920418584,0.445612322301121,0.248809040602521,0.307973185089778,0.456831335873621,2.50710898230595,3.65591598107318,0.568159619691762,0.0925408441128014,17.3498982488524,1.695458231962,12.7885238279654,27.0114942528736,0.0804597701149425
39,39,"Plot_039",2014,"Broadleaf Forest",40118,"Huaihua",109.719129245709,26.2754442552152,23,2,18.0308553721332,0.563538082231437,0.529220430107527,382,17.5,1382,56.3333333333333,121,277.666666666667,305.666666666667,2.41500078103826,-0.413841793121904,-0.866248217392851,0.386028999223044,0.492320661652788,0.787279625191239,0.186856638273999,0.45414699954179,1.09728316421397,0.346596403918095,0.227232020039078,1.51213835913736,2.92299544542694,2.71691143917225,0.472501024345429,0.0666936396689087,18.8695107883083,2.72669940763066,15.7582459902692,27.6530612244898,0.428571428571429
40,40,"Plot_040",2014,"Broadleaf Forest",80101,"Huaihua",109.747180285323,27.3221718741746,15,2,15.3215886806258,0.369349377505073,0.547284946,394,16.4,1292,56,120,310.333333333333,261,1.42884927054675,0.426999446171708,0.650123416957193,0.498918491871022,0.543791612250295,0.794964548739513,0.405503156034516,0.221772506507916,0.587672927437503,0.106785076504868,0.222688481374754,6.31973106325089e-16,1.97133190883191,3.18388074888075,0.52010243383626,0.0678841816307443,19.0081245742317,1.94086833770451,8.29948482646932,27.8846153846154,0
41,41,"Plot_041",2014,"Broadleaf Forest",40118,"Huaihua",109.757717122816,26.3834262212573,21,2,21.877278217818,0.49520147082119,0.496397849,448,16.8,1378,56.6666666666667,121.666666666667,292.333333333333,346.666666666667,1.04923101098277,0.154111553257303,1.0396068250979,0.352077580124127,0.401810112370971,0.526933892162895,0.295929003550001,0.141572666305982,0.511533743446789,0.108707964118908,0.180961578854195,0.137141680557095,2.38084303025194,3.50433444345991,0.563047909237065,0.0794263054874139,17.8536868841118,1.75296270538472,10.6669260306169,26.3636363636364,0.0227272727272727
42,42,"Plot_042",2014,"Broadleaf Forest",80101,"Xiangxi",109.761052883594,29.5955526001692,10,1,2.9400626048785,0.387894780629537,0.517096774193548,717,15.1,1468,57.3333333333333,119,353,308,1.41795859831249,-0.113972175987886,-1.22281629909417,0.178393001211625,0.331093118138603,0.088038799382273,0.20874961126579,0.290409222474974,1.13438630953506,0.391391703756775,0.228086990014142,0.228349296097543,3.23060142377159,2.34547369124126,0.495149301261439,0.0764940133811223,14.9545874081032,3.16583849522526,18.1391628610474,27.5,0.0384615384615385
43,43,"Plot_043",2014,"Broadleaf Forest",80101,"Xiangxi",109.76505568733,29.3806325082096,15,2,13.0509374036725,0.362022770330151,0.475779569892473,985,13.7,1506,59,120.333333333333,315.333333333333,296,1.98640879408406,-0.583547084785757,-0.77608025148445,0.776086207898602,0.223306076886008,0.64108370517605,0.157511379788257,0.198578187110498,0.263584111534182,0.461258142009967,0.0550636646027897,1.50348408132753,2.59587277592626,2.7585494326442,0.440964093973654,0.0600210238609169,21.4652077087049,2.31297327087643,15.4437612918412,29.6774193548387,0.580645161290323
44,44,"Plot_044",2014,"Broadleaf Forest",80101,"Huaihua",109.784821257391,27.5751051579363,12,2,7.85652727391758,0.38381071309957,0.565940860215054,367,16.5,1302,60.3333333333333,124.333333333333,296.666666666667,287.333333333333,1.4246098116324,-0.00475521565705377,0.605896439448503,0.431533770549478,0.509403121360068,0.532204979160789,0.103758274679877,0.53668925631075,0.595583496299322,0.383347730797759,0.205557581204582,8.42183465822797e-16,2.71424436962293,3.32088616136576,0.551504665135508,0.0880209497659887,17.8484615995904,1.90473556226118,13.7069126338211,26.7142857142857,0
45,45,"Plot_045",2014,"Broadleaf Forest",40118,"Huaihua",109.796323592718,26.4922826818429,16,2,20.0290740379083,0.34777171015778,0.489032258,530,16.5,1372,58.6666666666667,121,266,319.666666666667,2.0124773888355,-0.418551305346341,0.506621945141991,0.339349679532949,0.503851446793797,1.05906002245701,0.275071319183703,0.323971288495042,0.606148972708882,0.31000302305706,0.20404341289172,1.35384288352519,2.72975570082457,3.41328083612603,0.530519480519481,0.078717991734172,18.9156258510101,1.82079122437271,14.10949641387,26.6883116883117,0.324675324675325
46,46,"Plot_046",2014,"Broadleaf Forest",40118,"Huaihua",109.797718793894,26.3481755132356,20,2,42.183610856953,0.485858080821656,0.513010753,470,16.5,1398,56,116.666666666667,274,305.333333333333,1.27009567875536,0.0411960411764922,0.927461204724181,0.356472315316033,0.50868904705219,0.736768271287046,0.189587241109389,0.19874319788487,0.471669357169232,0.197529617939264,0.227297761674992,0.11869598167008,2.41856994443286,3.43832505081064,0.551173144505391,0.0843338163321515,17.7475515655059,1.74122706691588,11.4498846027319,26.7647058823529,0.0196078431372549
47,47,"Plot_047",2014,"Broadleaf Forest",80101,"Zhangjiajie",109.804761595944,29.4157238491538,16,2,21.0644175191092,0.29570819576731,0.51255376344086,892,13.8,1507,57,110.666666666667,317,319.333333333333,2.22222732265302,-0.412529129470146,-0.465435199114557,0.844710919868093,0.452480496193692,0.658284409394356,0.14852456836793,0.260822155600272,0.38527278406026,0.549743356471151,0.123744737493495,1.53196909612511,2.31733255269616,2.92150229958135,0.449434672165525,0.0581516301936564,21.2882195299813,2.25499065152434,16.4480515477877,30.7608695652174,0.456521739130435
48,48,"Plot_048",2014,"Broadleaf Forest",80101,"Xiangxi",109.817138521952,28.3333194200544,10,1,3.73536238575182,0.236947535030127,0.639435483870968,302,17.3,1343,57,122.333333333333,304.666666666667,264.333333333333,1.51772487975095,0.157838803944441,0.907293383203982,0.409378088629498,0.672063715044363,1.20970335341913,0.094330523318329,0.38005351093414,0.153074507430345,0.121706655484577,0.171065242510606,3.33066907387547e-16,2.26236111111111,3.35408730158731,0.53,0.085757605607036,18.9620775200084,1.58632383249681,9.04908673783197,26.25,0
49,49,"Plot_049",2014,"Broadleaf Forest",80101,"Huaihua",109.826430251674,27.4671411602238,8,1,11.3340089054787,0.217598084320698,0.560510752688172,316,16.3,1311,60.3333333333333,124.333333333333,276.666666666667,260.333333333333,1.51772487975095,0.157838803944441,0.907293383203982,0.409378088629498,0.672063715044363,1.20970335341913,0.094330523318329,0.38005351093414,0.153074507430345,0.121706655484577,0.171065242510606,3.33066907387547e-16,2.26236111111111,3.35408730158731,0.53,0.085757605607036,18.9620775200084,1.58632383249681,9.04908673783197,26.25,0
50,50,"Plot_050",2014,"Broadleaf Forest",80101,"Huaihua",109.833236403537,26.8175935863866,10,1,7.18348117151949,0.431281650706666,0.501102151,418,16.2,1338,54,118,323.333333333333,290.666666666667,2.11109405633691,-0.964870969657127,-0.735045363651751,0.391180619138929,0.575992138548263,0.557945891085155,0.288756028436026,0.883809526690238,0.235038096910478,0.189749179189378,0.099788058131187,1.44716366401818,3.11783506462583,2.98504848144897,0.465347045819936,0.0734493894681973,17.9583283369056,2.33239141202781,25.4634256782998,30.625,0.375
51,51,"Plot_051",2014,"Broadleaf Forest",80101,"Zhangjiajie",109.841697977491,29.7402005792055,55,4,50.7888178659006,0.519505612344977,0.488655913978495,1074,13.6,1493,58,120,312.666666666667,351,0.850633896962954,0.129549562746923,1.16491633163345,0.185301565813063,0.402080425141319,0.374047216557536,0.134636717983891,0.313960996152769,0.292794537473544,0.188466784278799,0.14661825980945,2.05872064802539e-16,2.46642580346184,3.59584266320027,0.572675384459579,0.0855152232832276,18.3615779005965,1.63988041159394,11.5797563758057,25.9448818897638,0
52,52,"Plot_052",2014,"Broadleaf Forest",80101,"Xiangxi",109.848806485647,29.1634376248522,25,2,58.3048815193644,0.452669300338291,0.523548387,850,14.5,1484,56.3333333333333,116.333333333333,334.666666666667,308.666666666667,2.12026669239355,-0.764281111367364,-0.779345360730659,0.665975493856525,0.380053407226198,0.773152829792473,0.229701287209202,0.255101186297428,0.529708046773032,0.440292452391204,0.113516760040972,1.50159087694525,2.71915302899042,2.74896691872253,0.434132677863453,0.0673879791288311,21.146105360948,2.15304342148669,16.1978505933635,29.2718446601942,0.58252427184466
53,53,"Plot_053",2014,"Broadleaf Forest",80101,"Xiangxi",109.854690733098,28.5863892103225,20,2,15.9111497543075,0.389271906178906,0.542822580645161,558,15.7,1418,55.3333333333333,116.333333333333,332.666666666667,296.333333333333,2.22821014344814,-1.01622773522088,-0.671998700544647,0.748710165449852,0.487030928242228,0.579649523513335,0.391052857947966,0.304058520988996,0.5780351068515,0.464177821859092,0.313619611269445,1.44716366401818,2.52198002388655,2.87562536200348,0.4175,0.0775214746457881,20.8619219300329,2.21434678141694,17.0948199775732,31.25,0.625
54,54,"Plot_054",2014,"Broadleaf Forest",80101,"Zhangjiajie",109.884591198452,29.7048485040352,27,2,24.2551422671793,0.421845702966127,0.520107527,727,15.5,1442,55.6666666666667,121,327,304,1.31349345465851,0.0891454338417362,0.983043392642817,0.287083451850105,0.552273417311679,0.510034671588282,0.224121015831245,0.555041324403354,0.411233955744071,0.374493397093744,0.251468751112916,0.0582453293889948,2.48393962255201,3.55942534070131,0.560703636502833,0.0838978697355162,18.8280056568411,1.71805219319851,13.5297313113003,26.5619047619048,0.00952380952380952
55,55,"Plot_055",2014,"Broadleaf Forest",40118,"Huaihua",109.911918691227,27.0345696519018,15,2,24.9081385107159,0.436171057830411,0.500698925,416,16.4,1326,54,122.333333333333,341.666666666667,307.666666666667,2.18071009449736,-0.0328856556289137,0.0890024279063669,0.647305081684416,0.795689197252695,1.19918043346715,0.170830398563326,0.603036315621452,0.537652221309586,0.379615805524943,0.22598973677513,0.319793569290263,2.38170923887765,2.9133266197033,0.484477868123155,0.0810002821127352,18.9409761330291,1.88395357211821,12.170387576987,28.013698630137,0.0547945205479452
56,56,"Plot_056",2014,"Broadleaf Forest",40118,"Huaihua",109.91712624899,26.3858130059642,35,3,38.7129199757992,0.405369429923185,0.489086021505376,514,16.3,1415,55.3333333333333,115.666666666667,260.666666666667,300.666666666667,2.03097703565157,-0.565404385251507,0.993811904305944,0.316714776737794,0.151326256867347,0.901552083785191,0.417261991881849,0.163940287608317,0.842020520892931,0.40147370629793,0.669055170708149,1.14038878887042,2.33074230034667,3.66341020335697,0.539713567702751,0.101100656013132,18.0641212157604,1.93976552409191,14.4957380882254,30,0.244444444444444
57,57,"Plot_057",2014,"Broadleaf Forest",40118,"Huaihua",109.918295693759,26.2405600516208,11,2,12.5067383202655,0.289023918858314,0.440779569892473,461,16.4,1446,55,117.333333333333,286.666666666667,337.666666666667,2.00272160888372,0.127844574190862,-0.532740176350874,0.726011737599628,0.464713031255008,0.894624950011682,0.293044500466866,0.355320008489038,0.391374624178118,0.333951250874246,0.191932952882609,1.04638354435559,2.08918385650107,2.6208498101824,0.418453415312419,0.0719655042861071,23.0981394032107,2.07500392452514,9.20465352706744,28.7027027027027,0.216216216216216
58,58,"Plot_058",2014,"Broadleaf Forest",40118,"Huaihua",109.919409586288,26.3126401705377,25,2,22.2197127009905,0.42501971246653,0.487903225806452,517,16.4,1426,55.6666666666667,117.666666666667,265,323.333333333333,1.84712625550792,-1.31019851532864,-0.661311768001876,0.627768370221609,0.434353980810514,0.605569631315865,0.560751575622511,0.325346641349317,0.322654485169394,0.322122161157856,0.42287473472316,1.05670918548087,2.7314429144743,3.0534046816652,0.437318097167775,0.0782032180809488,20.6697132306327,2.39621905255002,20.0120840643152,31.986301369863,0.780821917808219
59,59,"Plot_059",2014,"Broadleaf Forest",80101,"Zhangjiajie",109.926442124184,29.597444461498,25,2,15.6198178783208,0.371162609912065,0.502231183,1022,13.2,1511,56.6666666666667,109.666666666667,343.333333333333,314,1.88984359149787,-0.193065735830079,-0.425478664303367,0.856982988307173,0.0676920116397431,0.578610553717939,0.124479398090319,0.195850707471821,0.0568481721823482,0.433986988359221,0,1.50076231824108,2.2649897234656,2.86925670265804,0.461657242765273,0.0517106110460257,20.170572583875,2.3983847911875,13.3878912935385,30,0.416666666666667
60,60,"Plot_060",2014,"Broadleaf Forest",80101,"Xiangxi",109.933212471631,28.8754085152375,25,2,11.497682089187,0.388702665970355,0.596801075,289,16.5,1417,60,124.666666666667,319.666666666667,298.333333333333,1.50632237988174,-0.123358694175607,-0.504793365920899,0.892533538185428,0.416227910006728,0.066475130303353,0.329510372739833,0.766316365895693,0.469285399563291,0.570093128997964,5.20051837850731e-16,1.13943942001003e-15,2.69987236300786,2.40135704627623,0.502169397529193,0.0736526001079089,16.7868533947815,2.17059321938,16.6762807906309,30,0
61,61,"Plot_061",2014,"Broadleaf Forest",80101,"Xiangxi",109.934058017457,28.8387425979557,14,2,3.00577180211229,0.200565436681575,0.581397849462366,589,15.3,1455,58.6666666666667,122.333333333333,327.333333333333,280,0.915235220264913,0.267390559772806,1.03863280923903,0.248192411235923,0.379074988216432,0.546276506306639,0.38313596096354,0.317553440233683,0.212603001409333,0.00128578834432047,0.202743991123681,7.95659834314696e-16,2.3420987654321,3.49728395061729,0.559518424437299,0.0748423421696052,18.8818443938568,1.62464258298075,10.3827408714548,26.6666666666667,0
62,62,"Plot_062",2014,"Broadleaf Forest",80101,"Huaihua",109.952358606962,26.9986003447949,13,2,13.6131547386748,0.355341634573633,0.515645161290323,277,17.1,1318,56,119,308.666666666667,303.333333333333,2.03789915636201,-0.39692298319608,-0.377579031376593,0.744940163476413,0.231497161358854,0.596075689456228,0.323727168298862,0.506900309206727,0.37946209014339,0.430849309551634,0.0859275087033886,1.33411653015305,2.66377012445227,2.91021225940102,0.480216210864782,0.0642960454775241,18.6743976044769,2.24547331850169,16.64258284672,29.4736842105263,0.315789473684211
63,63,"Plot_063",2014,"Broadleaf Forest",80101,"Zhangjiajie",109.966872430341,29.7056061826999,20,2,20.2049712573731,0.392607268576229,0.520510752688172,700,15.2,1445,57.6666666666667,122,293.666666666667,305.333333333333,2.18719922895596,-0.285962004270149,-0.316134314834305,0.60871707053155,0.471708098661114,0.623295255303078,0.337808748980586,0.764161350724921,0.552764075713845,0.470674195876815,0.267888169771609,1.07668976602953,2.80873691840513,2.82205355976886,0.496744345659164,0.0732400615952411,19.0591958914711,2.10177576297438,16.2031144193755,27.975,0.225
64,64,"Plot_064",2014,"Broadleaf Forest",80101,"Zhangjiajie",109.967776669221,29.6332775038487,20,2,22.6088671415324,0.372237092633667,0.541827957,970,15.3,1450,56.3333333333333,121.666666666667,287,308.666666666667,1.37040240963913,0.182568428511308,0.867441060724729,0.42653373361832,0.567496875656425,0.589775993671518,0.33294155221775,0.203776012700839,0.705688388621507,0.173223489685579,0.236279502308527,0.0869479556503983,2.34701925592083,3.39476131278447,0.555096732659623,0.0782344119004461,17.9224518138822,1.8796287710352,11.0826037838047,26.9285714285714,0.0142857142857143
65,65,"Plot_065",2014,"Broadleaf Forest",80101,"Zhangjiajie",109.969810179289,29.344934979504,11,2,6.73022376373368,0.30022874281563,0.597150537634409,446,16.6,1425,62,128,313,307,2.16576545720058,-0.0063857803031014,-0.06201719836298,0.703315292738829,0.599769882423999,1.23239412798748,0.259562449369141,0.455559906321623,0.506179102909331,0.302158812724158,0.184748962325722,0.803789522263353,2.16412458721953,2.8527526025561,0.457395953499876,0.0732590179611207,20.1605778551631,1.93435546273841,10.50320544129,28.5897435897436,0.153846153846154
66,66,"Plot_066",2014,"Broadleaf Forest",80101,"Huaihua",109.989549772548,27.3237736953182,12,2,13.7043318971144,0.32553460082399,0.52744623655914,548,15.7,1348,54.6666666666667,118.666666666667,335.333333333333,305.333333333333,2.10775825780003,0.123594798466867,0.344299152285959,0.511600116943736,0.724357085859209,1.37857932013577,0.201880612422228,0.579020181420333,0.352397477817941,0.218668646974618,0.220739019921641,0.568336025842774,2.27393384266124,3.10555031356706,0.49,0.0841456737534751,21.1299295703628,1.78803626272997,9.24059117458533,27.0512820512821,0.102564102564103
67,67,"Plot_067",2014,"Broadleaf Forest",40118,"Huaihua",109.998592369803,26.3133052221404,30,2,49.2585027799476,0.500908764805026,0.445215053763441,682,15.5,1460,56,114.666666666667,286.666666666667,369,1.88577722943745,-0.0784634100967896,0.269796999305094,0.553737285865775,0.702265136773019,0.858929336743339,0.189756147265304,0.488389769388163,0.647846925640713,0.416153215485355,0.255457428815839,0.134163386925932,2.53495334828493,3.05785030756955,0.514359155769918,0.084347178221421,17.6940129120308,1.96658831107441,13.5724817810254,28,0.0222222222222222
68,68,"Plot_068",2014,"Broadleaf Forest",80101,"Huaihua",110.032442382345,26.998992643498,16,2,27.9544376347356,0.624545663501848,0.530967742,463,16.6,1340,58,121.666666666667,283,300,2.26091161951738,0.0106594121523528,0.042061363809969,0.360119093823201,0.858214427501517,0.729749898722227,0.25006727926209,0.226008991071285,1.48544504707317,0.219613378119286,0.197469693747935,0.539712234322701,2.78095676085069,3.03862322155636,0.535707771496733,0.0813747355720245,17.0380235724909,2.49236135909811,13.0732638298684,26.2903225806452,0.0967741935483871
69,69,"Plot_069",2014,"Broadleaf Forest",40118,"Huaihua",110.035293859724,26.7106423492989,15,2,29.8069960283604,0.508468071804165,0.516048387096774,589,15.9,1390,54.6666666666667,113.333333333333,269,301,2.00162719258488,-0.137821771253187,-0.61763805869609,0.834119205684941,0.461814609376068,0.860246197175541,0.150245365176211,0.507646048015169,0.438129646126691,0.482813628748878,0.0658618054005332,0.868092684044421,2.14554487820546,2.51469328492256,0.406217046252783,0.0750516598496024,20.9415766828171,1.97116561458855,11.5917016641366,29.6923076923077,0.169230769230769
70,70,"Plot_070",2014,"Broadleaf Forest",40118,"Shaoyang",110.038907254709,26.3498160463079,45,3,35.0732700697373,0.730690333192297,0.391182796,872,13.8,1509,56,115.333333333333,288.666666666667,359.333333333333,1.23990121417219,0.523378415821608,0.192335681875636,0.337117153595687,0.369756148655948,0.779333517032625,0.348738496898939,0.277766238998529,0.481536454193064,0.101817026598723,0.116324364907212,4.14945855453652e-16,1.75592693789756,2.8696033327703,0.478847045819936,0.0606541987487388,19.7159089954741,2.11029127222864,7.62647699875582,29.25,0
71,71,"Plot_071",2014,"Broadleaf Forest",40118,"Shaoyang",110.038909332182,26.4221952126979,48,3,33.4814693201559,0.754814951614317,0.471962365591398,483,15.9,1432,56.3333333333333,118.666666666667,252,305.333333333333,2.03137324608649,-0.37929166537662,0.435913193857823,0.384243144381842,0.583204642061744,1.05318770911004,0.260587756199286,0.363152357814038,0.601433309400439,0.334176582030142,0.215940345575519,1.2503392568541,2.71084388484807,3.33151385633828,0.526336167862149,0.0792098920333882,18.7291897956323,1.83580875271385,14.1457365625205,26.9230769230769,0.282051282051282
72,72,"Plot_072",2014,"Broadleaf Forest",80101,"Zhangjiajie",110.047411599466,29.7772469077961,50,3,41.7161989008135,0.620220690485536,0.333521505376344,1577,10.4,1555,56,105.666666666667,297,361,1.68035629376334,0.454638293052144,0.518535054089076,0.483881794958879,0.889061345228099,0.52277465957991,0.323634326705889,0.424754146247572,0.714691298008676,0.28364538931798,0.248282192254977,6.89263461121451e-16,2.03914384501211,3.06369909602274,0.531659598740622,0.0656009813728781,19.8106959039201,1.96712746762864,10.5716783172344,28.4375,0
73,73,"Plot_073",2014,"Broadleaf Forest",80101,"Xiangxi",110.054931330464,29.1286043622611,25,2,55.4532342140956,0.6157725299986,0.550537634408602,543,15.8,1454,58,126.666666666667,300,285.333333333333,1.96946657447555,-0.236238656486226,0.592266033389434,0.509534441456208,0.634797044796173,0.908624675083837,0.345217960726176,0.40805286968847,0.607841673812523,0.323412760415901,0.249241063468162,0.857578467566329,2.43918199952308,3.31824523751881,0.522917427165546,0.0830632098048406,18.0800469390846,1.85613887007525,12.8415575094006,27.6515151515152,0.166666666666667
74,74,"Plot_074",2014,"Broadleaf Forest",80101,"Xiangxi",110.05589397088,28.98467355767,9,1,5.06457248750391,0.35747480751813,0.550779569892473,525,16.1,1445,59.3333333333333,121.666666666667,318,302.333333333333,0.718255452087382,-2.62549810238333,0.248776257656998,0.10978164331458,0.00598475739503059,0.343584384403068,0.156169925409428,0.00149582608576391,0.281089479233786,0.151595816014518,0.259128414690623,0.438430648507283,1.85743357848009,3.71190485655602,0.423846153846154,0.138178089382334,17.6763247563816,2.73785864616752,26.7900796417836,43.4615384615385,0.923076923076923
75,75,"Plot_075",2014,"Broadleaf Forest",80101,"Xiangxi",110.056033319873,28.696835475668,31,3,14.5661617969066,0.405590160127496,0.499623655913979,366,16,1436,57.6666666666667,119.666666666667,344.333333333333,318.666666666667,1.18615208306593,0.0892208680311134,0.876545618404684,0.369719262462374,0.496173829681562,0.556377773065268,0.268572638467749,0.232269443413355,0.586786949537531,0.237816771475153,0.20649295545659,7.19509921728226e-16,2.47331819332973,3.41409539743057,0.558346056146426,0.0804785096542009,17.2779275023723,1.81774116911534,12.0094170608141,26.7307692307692,0
76,76,"Plot_076",2014,"Broadleaf Forest",80101,"Xiangxi",110.057544768695,28.7678934507847,23,2,19.8139600563402,0.361782389439433,0.603978495,341,16.7,1416,61,124.333333333333,296.666666666667,280.333333333333,0.61492520109127,0.765052237321384,0.541873847528649,0.135411453731831,0.108868644062909,0.171331798937592,0.159002327972419,0.43812501824505,0.173172096684079,0.0509022880977174,0.0605128749017111,2.53765262771464e-16,2.43434744268078,3.33933988410179,0.538264536824376,0.0981802058075087,25.7993739394523,2.05821931545631,6.3689316492485,25.3571428571429,0
77,77,"Plot_077",2014,"Broadleaf Forest",80101,"Xiangxi",110.062312357908,28.2625760059308,17,2,6.87018708756835,0.421030867441105,0.606935483870968,214,16.8,1383,57,123.333333333333,261.333333333333,288,1.93956291124659,-0.859557925896562,-0.342625730957071,0.656497893799841,0.498410120535055,0.425456239297366,0.346117290936574,0.83129260458958,0.243407393094137,0.380676937864137,0.474420939229415,0.98793039463641,2.90547131574303,2.98467489235646,0.489133163987138,0.101516796650936,16.9500495247021,2.43328387444645,21.7310358456476,32,0.2
78,78,"Plot_078",2014,"Broadleaf Forest",40118,"Shaoyang",110.077725886036,26.3861257356197,48,3,9.31969242028473,0.508734224916306,0.420564516129032,1004,14.2,1494,53,109,246,314.666666666667,1.89368079260827,0.168645541618391,0.563908832951176,0.545100343759064,0.804101591435979,1.36268699549408,0.1541021526664,0.466576148482991,0.296958576125037,0.176833725258414,0.223432153483241,5.12817301850667e-16,2.17742697165673,3.1305974290107,0.501290978410657,0.0826611949987068,19.2805745861155,1.69165499601451,9.13579875489946,27.1428571428571,0
79,79,"Plot_079",2014,"Broadleaf Forest",40118,"Shaoyang",110.082496289345,26.4620102905575,46,3,33.4090519771559,0.538222882770619,0.47747311827957,760,15.2,1450,55.3333333333333,115.666666666667,247,341,2.40637378588811,0.0474002577296351,-0.741859215891212,0.776955882693372,0.524125494053189,0.975685930551144,0.217445377543567,0.517241991115521,0.96490220564449,0.317333207531332,0.209467643890538,1.03959512190694,2.35627559623654,2.53365522301411,0.436015792374828,0.0715049562718552,20.7976065377432,2.43204007259668,10.6812240842476,28.2142857142857,0.214285714285714
80,80,"Plot_080",2014,"Broadleaf Forest",80101,"Huaihua",110.109272035724,27.505359051126,26,2,22.5595331091874,0.426487333127407,0.522016129032258,469,15.5,1377,56.3333333333333,116.666666666667,306,327.333333333333,1.82133575524051,-0.390541518850661,-0.42972834264583,0.725514602469178,0.415303599996052,0.603619820822762,0.241162529446996,0.655074879660727,0.486243842803758,0.472840511377862,0.131541802713745,0.527552720524962,2.83942508380123,2.78819925654192,0.485461029545592,0.0786233790559817,16.6391956913192,2.26271219084261,18.5242389430568,29.2452830188679,0.0943396226415094
81,81,"Plot_081",2014,"Broadleaf Forest",40118,"Shaoyang",110.116734984003,26.7824571503652,63,4,88.3546746279241,0.681053264843397,0.466639784946237,927,14.1,1449,53,114.666666666667,297,297.333333333333,1.83272774635649,0.280847796269244,0.247620094193471,0.56158681338653,0.588256275617663,1.14525521670472,0.327207824335379,0.386535526568843,0.508140661188472,0.181366608842687,0.199368440803204,0.284312694866423,1.97098512256337,2.94850740030044,0.478243636552225,0.0706408682041409,19.8859384404747,1.92057851599876,8.56120725327807,28.3870967741935,0.0483870967741935
82,82,"Plot_082",2014,"Broadleaf Forest",40118,"Shaoyang",110.117098629446,26.4948982703681,15,2,8.05558345893144,0.457459925733119,0.444596774,490,16.4,1415,55.3333333333333,115.333333333333,230,314.666666666667,1.32683251609922,0.500021639573558,-0.19432189930363,0.227035194398702,0.495079311372257,1.04633062507438,0.307338692904331,0.264743635097957,0.300495229539942,0.117457189488643,0.0325391590692329,4.31753398465339e-16,1.68349622770919,2.57082794434646,0.430839380731213,0.0630456622893213,21.5820644391887,1.91452131181403,6.87120660300338,29.8148148148148,0
83,83,"Plot_083",2014,"Broadleaf Forest",80101,"Zhangjiajie",110.131275526307,29.779177536634,50,3,77.9843648427251,0.471871159294322,0.376908602150538,1455,10.8,1542,54.3333333333333,104.333333333333,269,387,1.39321977984692,0.240174615415328,0.826744881901363,0.424858944260192,0.696537260726297,0.563108063517044,0.319709275406579,0.285657243956536,0.633496134316562,0.169742354938458,0.218143818489555,5.78902005697403e-16,2.34287401119025,3.3112932095398,0.555960847319883,0.0771107092728854,18.2465166513718,1.83196212324786,10.7773023148831,26.8131868131868,0
84,84,"Plot_084",2014,"Broadleaf Forest",80101,"Xiangxi",110.143803299863,28.3354629162807,18,2,17.676095505133,0.430323800840403,0.579408602150538,499,15.3,1446,55,115,323.666666666667,283.666666666667,2.3058229856561,-0.518929894850143,0.306552420966295,0.363536026408933,0.422795747886108,1.06106305479486,0.348542824683468,0.555766595778034,0.650741330938093,0.409347564905303,0.362179719493155,1.4706903322801,2.66116914048054,3.38543093038252,0.510869565217391,0.0868190607875725,20.4449312981351,2.01775946191426,14.7068016988501,28.2608695652174,0.391304347826087
85,85,"Plot_085",2014,"Broadleaf Forest",80101,"Shaoyang",110.155645012687,26.747453590338,45,3,33.0583033359193,0.631404346261402,0.470967741935484,773,15.4,1413,55,119.333333333333,304,322.666666666667,1.71411339107652,0.101470038303596,0.217223375210191,0.69374865442873,0.409345808152348,0.574203845321526,0.357007799299718,0.280826364689444,0.527000479801406,0.320941573338063,0.176909576742271,0.820994787786492,2.23703024685334,3.06573317031251,0.508938440514469,0.0631368700281177,18.7915694398261,2.14006554293792,11.7187490532601,28.6842105263158,0.157894736842105
86,86,"Plot_086",2014,"Broadleaf Forest",40118,"Shaoyang",110.157682973068,26.4585746705921,28,2,26.8391001434787,0.394724320574174,0.388118279569892,1169,13.4,1515,53,111,288,307,2.39607868771878,-0.213219669314624,0.485074825289476,0.434469142476729,1.00477775480729,1.1743549412453,0.373857654020988,0.534445753994143,0.468640603179868,0.508037385477744,0.458873234347977,0.803789522263351,1.99414016431458,3.17949872694059,0.487581174870146,0.0872131605814442,20.2597849494772,1.82277246461603,13.1565149111835,30.7692307692308,0.153846153846154
87,87,"Plot_087",2014,"Broadleaf Forest",80101,"Shaoyang",110.158090892071,26.8192401355629,53,4,61.6757239744536,0.633757584713863,0.418198924731183,784,13.7,1462,51,99.3333333333333,234.333333333333,344,1.89796632753627,0.148595487498947,0.322194283083865,0.617358705481484,0.762417882171771,1.00277541650472,0.242010964416346,0.49931981300277,0.439429975317015,0.254080226654498,0.22208908523656,0.0823124986400406,2.24308384052765,2.95009436563422,0.502621552967759,0.077872234428037,18.9466612418668,1.81966593463627,10.3975133512486,27.9054054054054,0.0135135135135135
88,88,"Plot_088",2014,"Broadleaf Forest",40118,"Shaoyang",110.159141417929,26.2418194307691,15,2,16.0772051631634,0.383741586640216,0.254139784946237,1433,13.4,1546,53.3333333333333,102,240.666666666667,371.666666666667,1.65691056731731,0.345507082102477,-0.133206744798208,0.466273960624286,0.53842084535663,1.17396561199101,0.28201189253108,0.47549771390362,0.442765379331519,0.19071582007815,0.11171607674162,3.52892318541568e-16,1.81174892309356,2.64594905356895,0.437341169039963,0.0705210657998944,20.4639983289156,1.96002251510905,7.81885362012826,29.2857142857143,0
89,89,"Plot_089",2014,"Broadleaf Forest",40118,"Shaoyang",110.160207155374,26.1700299067748,47,3,74.8133787598241,0.613199204096049,0.24505376344086,1395,12.4,1585,52,93.6666666666667,165.666666666667,396.666666666667,1.20517340620993,0.158185882190555,1.04964569714183,0.343181114600938,0.527185914726148,0.924744992326283,0.111860351440389,0.286847590430361,0.174250404645272,0.0965628270092177,0.145272367900197,2.92856906816187e-16,2.31636870845204,3.45822819156153,0.547069079272817,0.0854213997798395,18.5695849856413,1.59078474961555,9.39646018999143,25.9935897435897,0
90,90,"Plot_090",2014,"Broadleaf Forest",80101,"Zhangjiajie",110.172707680167,29.7429996572056,19,2,16.2322775631601,0.352281301625885,0.497688172,676,14.7,1439,56.3333333333333,120.333333333333,314.333333333333,307,2.07301302635748,0.0515503956179543,0.35863653174813,0.33486883831094,0.768023952293752,0.792805848541335,0.265373770724988,0.379431794140725,1.07852683484502,0.170212118930107,0.159798930704105,0.707799900037657,2.6206108371566,3.16494504139309,0.538029296851301,0.0790043016066913,18.6083609668464,2.10116268432358,11.4987962290695,26.1320754716981,0.132075471698113
91,91,"Plot_091",2014,"Broadleaf Forest",80101,"Xiangxi",110.18159837036,28.5895223776873,32,3,58.2379033688709,0.692288277277319,0.574274193548387,349,16.6,1428,61.3333333333333,124.666666666667,288,324.333333333333,1.85637057450551,-0.20249789684445,0.313012990612673,0.58304124759239,0.532939232370019,0.705808629984081,0.395353829735133,0.349376292476653,0.638757899007217,0.425229914373692,0.256552246367907,0.743417621963899,2.51130695577801,3.18755192877242,0.520906531189711,0.0766828461300774,17.4845870377192,2.07925254470126,14.625476964838,28.7,0.14
92,92,"Plot_092",2014,"Broadleaf Forest",80101,"Shaoyang",110.194571023406,26.9287476194134,74,5,57.3351870410232,0.749276023041506,0.386747312,851,14.1,1445,54,116,256.333333333333,344,1.79369817256196,-0.109096236428797,0.560330583562819,0.348338170735561,0.596658512897736,0.787923092019827,0.252804077638406,0.2280712754012,0.873149452666968,0.246832854359864,0.177576376308588,0.774491280397273,2.66294992309073,3.34270771743442,0.544702556270096,0.0799975009125496,17.8804093596323,1.96859742230312,12.8837122394971,26.3235294117647,0.147058823529412
93,93,"Plot_093",2014,"Broadleaf Forest",40118,"Shaoyang",110.198527902714,26.4229082103402,20,2,37.5915013431459,0.428769125383385,0.333333333,1023,13.8,1511,53,100.666666666667,232,339.666666666667,1.77263483357533,-0.917142118594531,-0.98066673864681,0.688639413532592,0.269490512021543,0.456639101605172,0.161123673206121,0.128560106240155,0.415690448489331,0.404204744381115,0.0523134078839032,1.32766999162649,2.74944057598287,2.73151906899761,0.417480052772391,0.0631852969847147,21.3620019768091,2.25091116003438,17.1575139098512,29.6946564885496,0.687022900763359
94,94,"Plot_094",2014,"Broadleaf Forest",40118,"Shaoyang",110.198877737433,26.3504388807111,45,3,48.5049796364225,0.638187702818061,0.364435483870968,651,15.2,1483,55,118.333333333333,275.666666666667,353.666666666667,1.1545105193719,-0.01623310559549,0.874838783231979,0.321376459956526,0.529519894938083,0.644822897023609,0.101851890181137,0.269844539751079,0.437044348990173,0.263943844044657,0.184748962325722,6.49053460550091e-16,2.58552483428829,3.42341315563752,0.556589678456592,0.0857912925657155,17.261220621608,1.7213816789085,12.6354170562114,26.4102564102564,0
95,95,"Plot_095",2014,"Broadleaf Forest",80101,"Zhangjiajie",110.215576821632,29.5629783895113,15,2,29.1722890563171,0.401660302772526,0.527903225806452,1121,13.3,1501,56,119.333333333333,329.333333333333,305.333333333333,2.37918556305592,-1.68298913588952,0.374729816617945,0.265908573569361,0.538226523472969,0.920663121500256,0.628831213149076,0.220972120999802,0.872689079954047,0.556130730333758,0.760038631187619,1.42882495092043,1.95319003993423,3.4430645994832,0.463818181818182,0.118265461492303,18.3487006442677,2.38177230738055,20.8873620084162,38.4545454545455,0.636363636363636
96,96,"Plot_096",2014,"Broadleaf Forest",80101,"Xiangxi",110.220199930825,28.9855012634399,9,1,6.02073460383037,0.231365237477698,0.545913978494624,626,15.2,1477,58.6666666666667,124.333333333333,333,308,0.672485250243937,0.202148510010213,1.25588010982134,0.272985226910372,0.256621203168708,0.333990822336491,0.236334639795733,0.085460279259022,0.345047827809812,0.0522530231393904,0.123956698736685,3.75075346157147e-16,2.36344844844845,3.611991991992,0.575171125401929,0.0819572658068079,17.894152192805,1.65565894136518,9.88006086028076,25.8108108108108,0
97,97,"Plot_097",2014,"Broadleaf Forest",80101,"Huaihua",110.222068455069,28.6254435957362,12,2,4.43107942191488,0.444615707197418,0.570779569892473,369,16.2,1445,58,124,338.666666666667,265,1.43502124739501,0.401398606296352,0.635529428088335,0.537300219948831,0.427669663472718,0.597741857421638,0.452804467953535,0.337768667532256,0.565744997367467,0.143367088533373,0.227455170097205,0.307873045419934,2.11115854596603,3.26314197725583,0.531947234726688,0.0686853921944618,19.6169119732224,2.03073935639445,9.02328501706618,27.6315789473684,0.0526315789473684
98,98,"Plot_098",2014,"Broadleaf Forest",80101,"Huaihua",110.231099769378,27.4698012994423,9,1,3.72116108954509,0.168177119378149,0.551612903225806,390,16.4,1359,57,119.666666666667,295,298,1.98765747214791,0.203296407210508,0.510293154522752,0.536133674590335,0.880154554221062,1.58426335470002,0.123538048316152,0.497729338764118,0.200470910471741,0.159390642145727,0.224032110191668,4.36687723019228e-16,2.07845061728395,3.06673897707231,0.486,0.0835150248738874,19.9425893798434,1.63628044346409,8.05930997969527,27.1666666666667,0
99,99,"Plot_099",2014,"Broadleaf Forest",40118,"Huaihua",110.232381228917,27.1812500211849,21,2,17.8575228457817,0.536480493236871,0.460645161290323,594,15.6,1383,59,118.666666666667,328,311.333333333333,1.71800681250142,0.412444654662055,0.0544581073820738,0.665497503856051,0.458831811051442,0.530536355627551,0.322347019998762,0.270037650527831,0.804582711858181,0.160579170082914,0.220983934961798,0.341844427209831,2.158667771713,2.91107253017241,0.506124000378286,0.0627099863857446,18.6548882748048,2.41197368426891,9.47832976010646,27.9411764705882,0.0588235294117647
100,100,"Plot_100",2014,"Broadleaf Forest",80101,"Shaoyang",110.235532496014,26.8203023207107,41,3,37.4885257649223,0.359111109189712,0.374354838709677,1089,13.4,1484,53,106.333333333333,247.666666666667,325.666666666667,0.268819498988699,0.11378027325081,1.37454701764483,0.0856658250246816,0.116091383478611,0.192569864384824,0.0419639052070216,0.0580048690881342,0.0631678959169732,0.0217641829140697,0.0370636122616185,9.75650536791804e-17,2.47204489337823,3.69291261824596,0.582519186787489,0.0877501580234504,17.7848462419298,1.54021894472065,10.2097430672925,25.2121212121212,0
101,101,"Plot_101",2014,"Broadleaf Forest",80101,"Shaoyang",110.235815282666,26.7480617585591,32,3,37.8631643173723,0.50888323551524,0.431344086021505,773,14.9,1435,53,106.666666666667,215.333333333333,335,2.39922762669251,-0.449919936183657,0.124981439203253,0.426512018343925,0.644255187290683,1.07044963412246,0.322513508903714,0.354102135416079,0.923893281977049,0.348698516807286,0.28710968831204,1.39040682300114,2.70667371547278,3.21577084672929,0.509254147029027,0.0784823659623672,18.7441615680753,2.12493727834134,14.7206967209989,27.6712328767123,0.342465753424658
102,102,"Plot_102",2014,"Broadleaf Forest",40118,"Shaoyang",110.237316726855,26.531294071898,47,3,67.7973727045063,0.702042954570299,0.488575268817204,449,17.1,1404,58.6666666666667,119.333333333333,251.666666666667,314.333333333333,2.26332454927675,-0.551382741212893,-0.0404686081256967,0.518123327596564,0.532348667033762,0.992160433023149,0.324857940216755,0.407560130626223,0.648297411677709,0.391744242788887,0.217476253454468,1.47183017270899,2.76398848675255,3.15232521892634,0.496775543786646,0.0725970796756521,18.9526459889128,2.05667980862706,15.9671835033318,28.0392156862745,0.392156862745098
103,103,"Plot_103",2014,"Broadleaf Forest",40118,"Shaoyang",110.239080088706,26.31482805151,25,2,28.1358796840284,0.376232861126258,0.440456989247312,807,14.9,1503,55,116.333333333333,280,320,1.73437868871732,-0.262785301634057,0.730890607115996,0.28385646282511,0.463136515722397,0.943164516563134,0.239150294442833,0.285482966434551,0.510455279411776,0.258314604982855,0.198435681312303,1.09073261343592,2.61939917499147,3.46934400152898,0.541606940916399,0.0814942281907848,18.6528279132594,1.75186963417125,12.897747842231,26.5,0.229166666666667
104,104,"Plot_104",2014,"Broadleaf Forest",40118,"Shaoyang",110.240354431162,26.2421815027536,55,4,57.0937671193772,0.604881871165935,0.401747311827957,712,16.4,1480,55,116.666666666667,288,355.333333333333,2.32833765328658,-0.102783803176061,-0.181065706143762,0.50774214674149,0.645089026025558,0.720048122382556,0.311708895653935,0.326448188752915,1.08408584931871,0.308661270320642,0.248331397411847,1.00676667435006,2.70458166018582,2.95836678349156,0.511653243466073,0.0730081872902088,17.8635337826205,2.48753712977416,13.7499311667294,27.3076923076923,0.205128205128205
105,105,"Plot_105",2014,"Broadleaf Forest",40118,"Shaoyang",110.28006098137,26.2788482645561,29,2,64.4303136264853,0.65655531145301,0.443844086021505,801,14.9,1512,55,116,268,338.333333333333,2.24521837357646,-0.298397676782413,0.50684631775427,0.505705969038213,0.70302261801799,1.33859429448868,0.230908175456515,0.412736613060354,0.531679408321825,0.335533899841184,0.372878034124017,0.930124094075957,2.29987463404491,3.26501776997093,0.499285011883126,0.0882235480693742,19.028204256996,1.82682584366321,12.3831453017636,28.7228260869565,0.184782608695652
106,106,"Plot_106",2014,"Broadleaf Forest",80101,"Zhangjiajie",110.300739274933,29.2025195401342,9,1,12.7890076057829,0.449143836804906,0.611612903225807,554,15,1475,57,121,312.666666666667,269.333333333333,0,-2.85227720784253,0.148786168177943,0,0,0,0,0,0,0,0,0,1.80279069767442,3.70906976744186,0.41,0.1422916243106,17.680600495,2.83949676825,28.1560210855065,45,1
107,107,"Plot_107",2014,"Broadleaf Forest",80101,"Xiangxi",110.30311197478,28.7697441787292,10,1,21.066743528883,0.499866026063896,0.539865591,626,15.5,1469,56.6666666666667,115.666666666667,337.666666666667,287,2.23054095426508,0.165268966197055,-0.451693689549496,0.604101681794071,0.68575081879126,0.447415906693652,0.296906996240541,0.617463211945595,0.936788626615186,0.356332916046615,0.218963510413576,0.891452817035199,2.53352664012536,2.50554796306694,0.501102700160772,0.0702560972442189,20.4513249132296,2.31360711304398,11.2827118459263,28,0.175
108,108,"Plot_108",2014,"Broadleaf Forest",40118,"Huaihua",110.308029761418,28.1200084777789,9,1,2.0913406744062,0.307680046041212,0.533333333,816,14.8,1460,56.3333333333333,112.666666666667,285.666666666667,319,1.50513743120323,-0.288828764479121,1.01884969748417,0.219063435963246,0.243260998632698,0.766176580294344,0.199099157131136,0.137080177288655,0.562124372975685,0.266181322126022,0.352498075476401,0.918530325591704,2.46995684484101,3.61887783856287,0.553116148786904,0.0890418481173337,18.0496717289697,1.76100533409194,12.9269645350389,27.5,0.181818181818182
109,109,"Plot_109",2014,"Broadleaf Forest",80101,"Huaihua",110.311399263483,27.5425743432782,12,2,6.98234364003091,0.395746918686758,0.558817204301075,272,16.9,1351,60,123,313.666666666667,299.333333333333,0.797839835711137,-0.0235146269010769,1.17181041721973,0.123775842720772,0.212335114941074,0.429563444980975,0.137196223393185,0.124844754789349,0.274828886333235,0.110730829742646,0.092351956773073,0.483884274923956,2.54650053147271,3.64109577036691,0.571958722094626,0.0850494632333714,17.9969316603224,1.62176752949319,11.3061448326819,25.5714285714286,0.0857142857142857
110,110,"Plot_110",2014,"Broadleaf Forest",40118,"Huaihua",110.313608958056,27.1815808598098,12,2,1.02748127096485,0.09857050095597,0.261801075268817,1426,10.7,1585,51.3333333333333,90,213,391.333333333333,0,0.0958511631270775,1.44865733140566,0,0,0,0,0,0,0,0,0,2.51314814814815,3.74592592592593,0.59,0.0888156702431478,17.6250158929608,1.5182011811778,10.3987823171093,25,0
111,111,"Plot_111",2014,"Broadleaf Forest",40118,"Shaoyang",110.31821851527,26.532236328353,27,2,47.3664671374181,0.539054493863267,0.478951613,629,16.2,1437,54,116.666666666667,230.666666666667,346.333333333333,1.95302125191909,0.148684730825995,0.551387252556799,0.489422663129349,0.666622723587141,1.15682647883407,0.27142778211866,0.516587283586992,0.441152482458798,0.161373060689781,0.258188266247301,0.532048681918702,2.32370135478156,3.23580138086455,0.515100502220181,0.0772665732994422,19.9066865151599,1.77587880748398,10.050092079993,26.2857142857143,0.0952380952380952
112,112,"Plot_112",2014,"Broadleaf Forest",40118,"Shaoyang",110.319193210703,26.3152307626448,31,3,34.8230096549531,0.444314317752846,0.455107527,802,14.8,1512,58.6666666666667,122.333333333333,279.333333333333,315,1.75351261459607,0.203844070442169,-0.178119039887645,0.582653286255713,0.367304487356687,0.92570208138407,0.28151864277684,0.312639185038259,0.455715061275374,0.266327697856873,0.0722464721619187,0.861538417588638,1.91986420217011,2.7697688585939,0.451280534170957,0.0604435377327068,20.4992865803759,2.14918848684537,9.36912698720763,29.5664739884393,0.167630057803468
113,113,"Plot_113",2014,"Broadleaf Forest",40118,"Shaoyang",110.320702523267,26.0985370763446,37,3,47.7189088215916,0.47319928679692,0.336854838709677,1087,13.4,1585,52.6666666666667,113.333333333333,256.666666666667,351.333333333333,2.20864873770448,-0.274829971897449,0.0874306647834046,0.571136321437976,0.649385203901186,1.10947298529787,0.238004267994228,0.500395650890757,0.592987109999563,0.405756313292356,0.220853606393877,0.957063363165786,2.56468989968564,3.05495137446409,0.492697046205347,0.0783791365595637,18.6825363748059,1.93659004250223,13.8749760211931,27.9452054794521,0.191780821917808
114,114,"Plot_114",2014,"Broadleaf Forest",40118,"Huaihua",110.348254944948,28.1562525525171,20,2,38.1124010798511,0.436928056289919,0.543548387,700,14.6,1470,56.3333333333333,112.333333333333,267,317.333333333333,1.97806382337759,0.0197961834255892,0.0693654176208884,0.627710042071149,0.387866499962081,0.650758705154649,0.364642165572747,0.382219334570773,0.521935549215201,0.313753303800421,0.202743991123682,1.17469192757308,2.34476576101931,3.08764319774072,0.498278893176134,0.064932340141208,20.2466536849434,2.17355929590886,11.839528451987,28.3333333333333,0.255555555555556
115,115,"Plot_115",2014,"Broadleaf Forest",80101,"Shaoyang",110.356500546393,26.712462256873,38,3,37.8512712552348,0.49629838857296,0.434112903225806,735,15.1,1446,56.6666666666667,117,250,302.666666666667,1.62676208222561,0.246500053710043,0.772887340046793,0.345117433441421,0.69850967483904,0.965488011684444,0.16913647834907,0.425067988867462,0.5630817610698,0.0997640099463223,0.148790631502338,3.55776014709425e-16,2.38877681737346,3.31700566499897,0.539565630907142,0.0830408424031772,18.8913802510492,1.78211824621271,9.46385858813207,25.5151515151515,0
116,116,"Plot_116",2014,"Broadleaf Forest",40118,"Shaoyang",110.357205973045,26.6404377543316,33,3,51.8874513362001,0.470495627656738,0.435833333333333,711,15.4,1448,56.3333333333333,114.666666666667,253,309.333333333333,2.23040923263724,0.108798888456049,0.0339005045106181,0.607174635889743,0.78396024719278,1.10425126291222,0.185199711519641,0.506352385335789,0.930069518943061,0.25023467382507,0.227016962851381,0.164531474055135,2.40585696684142,2.88646254785364,0.491756383737832,0.0798515498524647,18.5043885477997,2.09190095283838,11.0595776026888,27.3287671232877,0.0273972602739726
117,117,"Plot_117",2014,"Broadleaf Forest",80101,"Zhangjiajie",110.384837080009,28.913962812838,20,2,44.9776389708925,0.419293636508806,0.490833333333333,649,15.4,1474,54,107.333333333333,302,310.333333333333,1.63386043710366,-0.0525687654041894,0.752224709626592,0.257286292770646,0.422074558799282,0.757364880355562,0.271466751228562,0.431612770755561,0.593079358007544,0.209796656121979,0.168616798495353,0.877040248299671,2.59379897707871,3.47104322123565,0.548039662379421,0.0812769843209535,19.2517695901397,1.8130252434589,11.8721031191414,25.9571428571429,0.171428571428571
118,118,"Plot_118",2014,"Broadleaf Forest",40118,"Huaihua",110.389127725915,28.1926141617734,15,2,5.15222091512331,0.314775285091037,0.558091397849462,667,15.3,1458,55.6666666666667,110,252.333333333333,311,1.31996313435185,0.578503322545505,0.353388674630078,0.349621205438374,0.855004698353803,0.44944590575699,0.28993690926998,0.366682393517579,0.445644877101357,0.118627761036927,0.180961578854195,7.87249053825111e-16,1.92415404040404,2.64752525252525,0.528696892721426,0.0629674517787758,20.2286315023865,1.82046345931251,6.99050794244185,28.6363636363636,0
119,119,"Plot_119",2014,"Broadleaf Forest",40118,"Shaoyang",110.395676389206,26.9655706253738,41,3,29.3275371927457,0.423373885688324,0.401666666666667,907,13.8,1473,53.3333333333333,103.333333333333,226,335.333333333333,2.10505473518823,0.331183030898209,0.263374196480083,0.436482564105695,0.933427199195653,0.842274255964882,0.232619012989414,0.359216854001821,1.26887133052319,0.12412644073827,0.171065242510606,2.68060427656206e-16,2.42105569630321,2.95052243070939,0.528942904467761,0.0777939375481724,18.3726039649062,2.16791288863978,9.4105877926617,26.25,0
120,120,"Plot_120",2014,"Broadleaf Forest",40118,"Shaoyang",110.398029223663,26.6769509391229,45,3,43.2964478614487,0.475931266471075,0.417338709677419,917,14.6,1470,53.6666666666667,115.333333333333,256.666666666667,331.333333333333,1.34385908221784,0.512913479849477,0.214564036322736,0.474195526365561,0.388733693358069,0.52858565574953,0.360488949829512,0.351699270422929,0.584930936841063,0.16139124381924,0.169845152334029,5.70201922356027e-16,1.9353338969247,2.9477147096331,0.494663241344863,0.0616341012566581,19.7419897616094,2.14397484452177,8.81814192018996,28.8349514563107,0
121,121,"Plot_121",2014,"Broadleaf Forest",40118,"Shaoyang",110.399260374838,26.4603543517107,28,2,20.3555912172019,0.416671269593321,0.440376344086022,769,14.5,1499,55.6666666666667,117,266.666666666667,307.333333333333,1.7490693967336,-0.558945315217875,-0.623866145421544,0.632246962693259,0.281498293333409,0.730449846065113,0.172936840344841,0.714769064448402,0.41982885310948,0.418447437941485,0.0925613436038292,0.675343043208484,2.97096927610056,2.68456459294115,0.473278761722937,0.0818729590516347,16.4624317679272,2.24345566445961,19.5345086180842,29.4270833333333,0.125
122,122,"Plot_122",2014,"Broadleaf Forest",40118,"Shaoyang",110.400250357636,26.1710947039658,21,2,13.5777175424311,0.349693289107239,0.317177419,1465,12.2,1611,54,98,223.333333333333,346.333333333333,1.45558731738166,0.45404996968158,0.0606224048576678,0.312296427097598,0.558450596531123,1.03243279578441,0.325059566141822,0.301820487614689,0.270885044271954,0.206052195326795,0.0938629588535563,4.975443925172e-16,1.78775720164609,2.83790711346267,0.453695326902465,0.0629913102794678,21.350071718592,1.87762257863931,8.81817239685586,29.6296296296296,0
123,123,"Plot_123",2014,"Broadleaf Forest",80101,"Zhangjiajie",110.423661276949,29.3115992363687,42,3,67.006411988444,0.461016234587687,0.485376344086022,896,13.9,1498,56,109,311,317.666666666667,0.605096702999469,0.0017432475796559,1.39858975480416,0.143014581263279,0.173250820159258,0.268812772891221,0.0731806410524259,0.196901946688934,0.139540418572393,0.252449407311467,0.195583469247827,0.154262635585896,2.44726436093975,3.8181619841246,0.578936589784813,0.0883765756474933,18.1520002582967,1.56973062347452,12.7218539508214,26.1858974358974,0.0256410256410256
124,124,"Plot_124",2014,"Broadleaf Forest",80101,"Zhangjiajie",110.424129239312,29.2391669123369,12,2,18.51823532505,0.429901890308364,0.613790323,456,16.1,1435,58,127,316,287.333333333333,1.34190395442266,0.018354258893004,1.06447971857373,0.409110075966954,0.339818397741891,0.659734492664585,0.355530657225462,0.113297636412099,0.625380420777442,0.162435136491952,0.344973674647428,0.448981524570737,2.23842694591777,3.54740219411578,0.554131512100186,0.0830205759269766,18.0224847994732,1.82327466674665,11.0430632500358,27.7631578947368,0.0789473684210526
125,125,"Plot_125",2014,"Broadleaf Forest",40118,"Huaihua",110.431043235715,27.9401544847744,10,1,0.769593992983819,0.293737095855259,0.54510752688172,678,14.5,1465,59.3333333333333,121.333333333333,281.666666666667,349.666666666667,0,0.0958511631270775,1.44865733140566,0,0,0,0,0,0,0,0,0,2.51314814814815,3.74592592592593,0.59,0.0888156702431478,17.6250158929608,1.5182011811778,10.3987823171093,25,0
126,126,"Plot_126",2014,"Broadleaf Forest",40118,"Shaoyang",110.443344208576,26.279574342278,5,1,0.0710443366891754,0.032991443953693,0.355645161290323,1100,13.7,1553,53,113.333333333333,221,345.666666666667,2.22205824880093,-1.05046286946806,0.204325316573468,0.115784624970105,0.451125477340965,0.595142283824165,0.984716722433274,0.151984954131643,0.354762654007081,0.629891974096579,0.684260970042425,1.54364124161939,1.69639534883721,3.31453488372093,0.454277636655948,0.094406900264826,18.4826451185,2.602677068625,17.6780105427532,37.5,0.5
127,127,"Plot_127",2014,"Broadleaf Forest",80101,"Zhangjiajie",110.464197403583,29.4922692540726,8,1,6.0413301384595,0.321903794230168,0.576774193548387,719,14.4,1464,57,119.333333333333,283,301.666666666667,0,0.751351468906414,0.259864464968992,0,0,0,0,0,0,0,0,0,1.59,2.92,0.498555273311897,0.0465221762190519,19.284689742,2.365857369,7.2,30,0
128,128,"Plot_128",2014,"Broadleaf Forest",80101,"Zhangjiajie",110.464248233331,29.4198187604121,14,2,17.2303109728136,0.392241499302654,0.542983871,1073,13.3,1503,56.3333333333333,116.666666666667,303.333333333333,317.333333333333,0.395624848783991,0.14409597812221,1.32648248774759,0.0836968565910216,0.162378366816289,0.256328279597713,0.0707477204528756,0.169567519636373,0.0729879854827021,0.024408432808381,0.0431692987902804,1.31288278308848e-16,2.48088477366255,3.67010749979004,0.579818337671617,0.0869788922427884,18.1027641868549,1.544214145773,10.1848171802405,25.031746031746,0
129,129,"Plot_129",2014,"Broadleaf Forest",80101,"Huaihua",110.467474686174,28.7708348542805,20,2,17.4350045656615,0.29975849511011,0.52741935483871,747,14.4,1508,55.3333333333333,116,325.666666666667,320,0.326686943515402,0.136368409627256,1.34585034200904,0.0919319226371463,0.250101542171412,0.12243911096743,0.0737361694338729,0.102106731793599,0.0266749888067761,0.0381884728095548,0.0519426754118522,1.02611521972931e-16,2.46818462401796,3.62950617283951,0.585151515151515,0.0869071863518047,17.9118128645555,1.52767895688708,10.0606650908061,25.3030303030303,0
130,130,"Plot_130",2014,"Broadleaf Forest",80101,"Huaihua",110.468138731193,28.6983609740978,27,2,26.0683043678035,0.333811669714136,0.541962366,660,15.1,1490,57,115.666666666667,313,341,0.854403344144421,0.125280596079244,1.14699825938007,0.221227313313132,0.445324566447107,0.58223069340382,0.0924339881194962,0.217815045077459,0.132208711106894,0.0720642764211608,0.117065740142466,2.51736616048727e-16,2.42046444266095,3.51651700452116,0.564484486278322,0.0862032853681558,18.1685429563761,1.57018708482411,10.1006288776,25.7558139534884,0
131,131,"Plot_131",2014,"Broadleaf Forest",40118,"Huaihua",110.470304155245,28.1206863095035,56,4,56.3715794417498,0.576973852744776,0.484139785,803,14.5,1482,54.6666666666667,106.666666666667,277.666666666667,315.666666666667,0.358681967967563,0.0842748828918123,1.44649549000302,0.0976985968288687,0.154515829722532,0.132444181529038,0.0622843393219612,0.176254705488339,0.0301205427387826,0.179370965132861,0.098310147532626,3.1720657846433e-18,2.46553968253968,3.8175873015873,0.584774587046394,0.0872095108323256,18.1182609754429,1.52886387239599,11.981082980281,25.5714285714286,0
132,132,"Plot_132",2014,"Broadleaf Forest",40118,"Huaihua",110.471074921212,28.048575861185,14,2,12.2220966884237,0.394915279166714,0.524543011,477,15.4,1448,60,120,258.333333333333,331,0.231858365813691,0.812212110750342,0.543559392434826,0.00150150487370081,0.0475072393306387,0.0705245439236118,0.0302197760987048,0.190136642758535,0.0930310815899073,0.0283802443211248,9.25185853854297e-18,1.85037170770859e-17,2.5007304526749,3.37199588477366,0.542777777777778,0.102041393393987,26.6554008829423,2.07712228784321,6.14993235095052,25,0
133,133,"Plot_133",2014,"Broadleaf Forest",40118,"Shaoyang",110.476488766622,26.965938935187,10,1,1.57614492093643,0.330598858512256,0.457661290322581,776,13.8,1484,58,109,267.666666666667,326.666666666667,2.02072078571919,-0.585724048032319,-1.05087875334286,0.92499817391033,0.354262073608017,0.403234451139711,0.181058459975002,0.148040064132568,0.489279616561351,0.512513785365361,2.77555756156289e-16,1.54364124161939,2.35998766815873,2.48839375747536,0.38,0.0677789157512448,22.1920354818257,2.11730748435193,13.5254695522462,30,0.5
134,134,"Plot_134",2014,"Broadleaf Forest",40118,"Shaoyang",110.478048058689,26.5327304732728,15,2,8.9542120875218,0.278338525541026,0.33989247311828,1116,13.9,1519,52.3333333333333,102,217.333333333333,311.666666666667,1.87675568381399,0.163530742171079,0.660011977814827,0.493859108402584,0.851033651985021,1.39939143708164,0.147825201201848,0.463606708636623,0.209652926490855,0.161506390979959,0.237583672578646,0.0823124986400406,2.14812642584445,3.15922130602363,0.506486486486486,0.0842944783023267,19.5521773915088,1.63077172187113,8.66161556651154,27.0945945945946,0.0135135135135135
135,135,"Plot_135",2014,"Broadleaf Forest",40118,"Shaoyang",110.479644873073,26.2439694110916,42,3,58.3193980521973,0.528832519355835,0.312123655913979,1183,13.9,1558,54,113.333333333333,244,373,2.54326344883449,-0.33920214225734,-0.118274050531772,0.416058176969337,0.738031233187076,0.906056501995684,0.336814891976973,0.326228642080595,1.15818440563442,0.322792205441445,0.307406717940474,1.322459412208,2.75265106631043,3.06151031186371,0.509398545606482,0.077925822925649,18.2937679771794,2.41977871495965,14.520901603807,27.5706214689266,0.310734463276836
136,136,"Plot_136",2014,"Broadleaf Forest",80101,"Changde",110.504647649752,30.0329730634326,12,2,4.84015949927989,0.254784634774608,0.375483870967742,1607,10.6,1496,55.6666666666667,103.333333333333,317,351,2.06739253821517,-0.754365858846686,-0.854235185674308,0.722880654507024,0.419198980450568,0.666680959217656,0.189340140276008,0.151052637465833,0.539564120386016,0.454366697237009,0.082111316405091,1.48189559195462,2.65642501660529,2.67173653013445,0.426,0.0653154698499269,21.4393557994538,2.14377083279664,15.752426502717,29.5,0.6
137,137,"Plot_137",2014,"Broadleaf Forest",80101,"Huaihua",110.50893217299,28.6621546942389,27,2,26.2134979439726,0.50629430705611,0.596129032258064,328,16.1,1458,57.6666666666667,120,257.666666666667,299.333333333333,0.649504484319208,-0.107468034870826,1.35901104428651,0.0992734122957645,0.0054119001176227,0.310696699570194,0.141221436710904,0.00135264653772116,0.254183768082395,0.13708515823905,0.234324803058524,0.396464337918892,2.46415797914996,3.74338412189255,0.577586206896552,0.0925036670753859,17.6288493137911,1.60932501476899,11.6234194735505,26.3793103448276,0.0689655172413793
138,138,"Plot_138",2014,"Broadleaf Forest",80101,"Huaihua",110.511748193285,28.8046733597382,38,3,35.4346470185982,0.552268366940839,0.550833333333333,478,15,1488,56,113.666666666667,307,354.666666666667,1.10764280862935,-0.556635215396715,-0.536095180302958,0.520254311189742,0.212246426867673,0.163537729033844,0.243010754736516,0.452612684889615,0.16488794031584,0.314823124664813,0.0567683175146308,0.384195153469716,3.09287989210767,2.7479950594369,0.498747903536977,0.0802156917254189,14.922869560711,2.34372590995751,21.3586645296633,29.6666666666667,0.0666666666666667
139,139,"Plot_139",2014,"Broadleaf Forest",80101,"Huaihua",110.513571970082,27.6518506164505,15,2,14.5676975284212,0.346523686149149,0.481505376,575,14.7,1447,55,116.333333333333,280,292.666666666667,2.23137624742576,-0.429241634084308,0.381101764679869,0.392288882406773,0.657960958421813,1.11785469048191,0.311401331954528,0.382483382663069,0.626403909169721,0.364198895134525,0.303754374335123,1.32154779306298,2.56899881906102,3.2659867139909,0.514630263332964,0.081036837775078,19.1352972144937,1.86613499974256,13.9161890060587,28.0172413793103,0.310344827586207
140,140,"Plot_140",2014,"Broadleaf Forest",40118,"Shaoyang",110.517319299881,26.7858143718505,12,2,17.6506564793257,0.563723921938645,0.450322581,925,14.4,1474,53.6666666666667,101,218.666666666667,329.333333333333,0,0.0958511631270775,1.44865733140566,0,0,0,0,0,0,0,0,0,2.51314814814815,3.74592592592593,0.59,0.0888156702431478,17.6250158929608,1.5182011811778,10.3987823171093,25,0
141,141,"Plot_141",2014,"Broadleaf Forest",40118,"Shaoyang",110.518890306805,26.3527283322231,25,2,19.7215635659635,0.410694193362517,0.227016129,1464,11.5,1625,52,97.3333333333333,213,377,0,0.0958511631270775,1.44865733140566,0,0,0,0,0,0,0,0,0,2.51314814814815,3.74592592592593,0.59,0.0888156702431478,17.6250158929608,1.5182011811778,10.3987823171093,25,0
142,142,"Plot_142",2014,"Broadleaf Forest",40118,"Shaoyang",110.519626211855,26.2081686584428,7,1,7.57466581795222,0.494105115123107,0.257983870967742,1483,11.3,1646,52,105.333333333333,217.333333333333,405.666666666667,1.35416952104718,0.471078717197433,-0.420881551716651,0.316503015150126,0.312386834034348,0.974970290043933,0.236980764713124,0.357527082532299,0.293962833567615,0.199125741102859,5.55111512312578e-16,9.99200722162641e-16,1.80858532972851,2.12552005567265,0.449737322420345,0.0660886588308093,21.4779925464374,1.84610798042852,6.92414786028268,30,0
143,143,"Plot_143",2014,"Broadleaf Forest",80101,"Huaihua",110.548614287404,28.8425599201356,35,3,37.5251773693467,0.51054229328017,0.551290323,564,15,1489,55,116,310,327,1.89585894156041,0.0537146679270239,1.00102554843571,0.468594087979579,0.878132225436844,0.597598440434789,0.303172256948939,0.655760066427178,0.344100753276171,0.777626595252937,0.33344897329057,0.341844427209831,2.07415159930408,3.99572295061491,0.524275973614526,0.0670222088399318,21.7314934299998,1.77659723189846,21.2903749641242,30.2205882352941,0.0588235294117647
144,144,"Plot_144",2014,"Broadleaf Forest",80101,"Huaihua",110.549793131498,28.7709718402978,20,2,31.6980156980762,0.453786276191915,0.590645161290323,280,17.2,1418,59.3333333333333,123.666666666667,308,335,1.46962072411784,-0.0256397558873828,0.650338587827697,0.395211446888647,0.641708792786914,0.846123130088862,0.143352439506022,0.344750073247966,0.440515496762988,0.307859276973803,0.217613607819615,7.45435459391177e-16,2.56080893859286,3.28375230054057,0.538158649517685,0.0842269273194762,17.5393626582895,1.7603711221615,12.9171047013076,26.9642857142857,0
145,145,"Plot_145",2014,"Broadleaf Forest",80101,"Huaihua",110.550768999916,28.4820279784522,12,2,19.9147673297905,0.297403553080815,0.577903225806452,489,15.8,1473,56.6666666666667,121.333333333333,264.333333333333,306.333333333333,1.5284368109224,0.129469659158251,0.621136684340808,0.428437555703403,0.883067317342144,0.678666630604257,0.23111103071536,0.429708182424326,0.345551128789758,0.250919867919168,0.22343215348324,6.24150591154815e-16,2.42810058285982,3.07016991344903,0.545819749520387,0.0807629743772521,18.287478501449,1.70746571866898,11.0691445090806,27.1428571428571,0
146,146,"Plot_146",2014,"Broadleaf Forest",40118,"Huaihua",110.552545568662,28.1924518833008,18,2,18.7651825792877,0.391125386321317,0.429354838709677,863,13.1,1536,54,102,236.333333333333,351.333333333333,1.28041130980027,0.535221232702442,0.563851943125285,0.422587051036067,0.571495669808374,0.527630413035846,0.359620416168595,0.211345441153232,0.59302032769749,0.102808768483659,0.202743991123681,8.49488829448036e-16,1.93067059483726,2.9962177328844,0.531117708272435,0.0625842820725872,19.2900971587943,1.95761932664366,7.83350587838913,28.3333333333333,0
147,147,"Plot_147",2014,"Broadleaf Forest",80101,"Huaihua",110.590356204176,28.8070550159275,13,2,16.9130411102844,0.643426733330208,0.596801075268817,303,16.4,1442,58.3333333333333,120.666666666667,278.333333333333,308.666666666667,0.682008722108526,0.00862879989547595,1.27774740884987,0.148381488384854,0.140630014901511,0.382956069087375,0.151576981830171,0.118011336378748,0.230516473263023,0.092657096449158,0.214891874889357,0.26790467829758,2.43420934147678,3.67643919818339,0.573505024846536,0.0874354877716113,17.970313875116,1.60728954471825,11.2015545941307,26.3636363636364,0.0454545454545455
148,148,"Plot_148",2014,"Broadleaf Forest",80101,"Huaihua",110.590566497653,28.7348405058664,14,2,12.6057217575266,0.433130664745587,0.574731183,167,17.2,1415,61,122,293.666666666667,312,1.64712854079902,0.105062903902369,-0.0365901959570784,0.672321544820419,0.179664176893471,0.507812819827621,0.195751496067223,0.20495438753248,0.34149759526956,0.315704939261519,0.0821113164050911,1.15773093121454,2.12830864889418,2.98014661418742,0.485560927652733,0.0539019374979926,19.861333227586,2.24777500528895,11.5476788058486,29.5,0.25
149,149,"Plot_149",2014,"Broadleaf Forest",80101,"Huaihua",110.591623899753,28.3738827669605,25,2,37.1722366199462,0.411092141175865,0.536102150537634,408,15.8,1466,57,112.333333333333,281,299.333333333333,2.36002877228119,-0.535095608533009,0.393660962521584,0.7250771841928,1.28227209333691,0.610943036159757,0.099074452909101,0.46118354639361,0.481551401562273,0.578371574066689,0.226483349738217,1.35579955456457,2.1618747933572,4.0488028601448,0.465306034173334,0.0625855643569162,24.163800197138,1.93197350523235,29.8149937966744,32.906976744186,0.325581395348837
150,150,"Plot_150",2014,"Broadleaf Forest",40118,"Huaihua",110.591695766712,28.1571944123711,12,2,14.9384285982346,0.253767872152748,0.499569892473118,847,14.8,1484,54,105,244.666666666667,349.666666666667,0,0.0958511631270775,1.44865733140566,0,0,0,0,0,0,0,0,0,2.51314814814815,3.74592592592593,0.59,0.0888156702431478,17.6250158929608,1.5182011811778,10.3987823171093,25,0
151,151,"Plot_151",2014,"Broadleaf Forest",80101,"Zhangjiajie",110.629563882883,29.348181252596,18,2,39.2586354568272,0.558207235871257,0.571290323,687,15.9,1416,56,123.333333333333,311.666666666667,259.333333333333,2.0808275071641,-0.261931016167714,0.644520043496525,0.28631503732551,0.215822356028875,0.739263160422805,0.340392036813828,0.903311903030619,0.520619035255172,0.467919460193074,0.684260970042425,1.15773093121454,2.32898471145564,3.53874892334195,0.52,0.109186512192808,22.4197040969902,2.14442448735695,12.588700850654,30,0.25
152,152,"Plot_152",2014,"Broadleaf Forest",80101,"Huaihua",110.632018108684,28.6986351726828,30,2,25.4929423607199,0.43750571675745,0.58155914,358,16.2,1451,54.3333333333333,111,325.666666666667,326.333333333333,2.32092188131269,-0.614497883676134,0.194593821135195,0.440543358985167,0.546142063445491,1.15123018843074,0.345885224458035,0.382643444857389,0.698952284989051,0.384651471723158,0.294231642447066,1.49658138013389,2.70162984700695,3.30158559496477,0.504126086612566,0.0790245657772872,19.2384648849884,1.98300275924895,15.5412935485968,28.1746031746032,0.412698412698413
153,153,"Plot_153",2014,"Broadleaf Forest",80101,"Huaihua",110.632029732711,28.5545533366534,13,2,15.3633945287203,0.457947351788166,0.589569892473118,329,16.4,1450,60,119.666666666667,283,300.333333333333,1.35575790598042,0.405560855487442,0.796250214274545,0.461050429377902,0.719786650789946,0.58151456641809,0.38890994273365,0.272627312118118,0.488673662282186,0.124277863616886,0.227196025209399,6.53990750443256e-16,2.1144068287037,3.15346064814815,0.549281170618971,0.0710162530100282,18.9790772938743,1.78592635260336,8.45307462154678,27.34375,0
154,154,"Plot_154",2014,"Broadleaf Forest",40118,"Huaihua",110.633108111592,28.265724686012,53,4,44.8851420778048,0.490668071912091,0.421854838709677,669,15,1484,54.6666666666667,105,253,322.333333333333,1.22047148609853,0.519458821995905,0.173876385432555,0.373837770922299,0.399801704634693,0.657566266871957,0.335393100723823,0.280253237773515,0.481640426856315,0.133011943651344,0.107445937444678,4.9455389278757e-16,1.79222195779355,2.8344771995535,0.484535173925753,0.06010843765241,19.5963899498454,2.11607917430563,7.9310264128187,29.3181818181818,0
155,155,"Plot_155",2014,"Broadleaf Forest",40118,"Huaihua",110.633763501156,28.1931805320395,12,2,4.13044310662693,0.227317121539317,0.476075268817204,653,14.1,1511,53.3333333333333,103.333333333333,227.333333333333,341.666666666667,1.69469419178434,-0.0938657160044372,0.128625241261879,0.505925144728897,0.688050266600587,0.602019006950173,0.190977363720938,0.361268156767585,0.925839831053503,0.401632853765402,0.223432153483241,8.72318090776909e-16,2.84616820124506,3.04389699349814,0.537745870463941,0.0823037427350199,15.9633925557671,2.23924653243868,15.5129749409377,27.1428571428571,0
156,156,"Plot_156",2014,"Broadleaf Forest",80101,"Changde",110.669297713021,29.7453889039805,40,3,40.3827482505112,0.611745573434255,0.545564516129032,805,14.3,1412,57.3333333333333,115,267,326,1.27071592224619,0.502757353558509,0.96126008397912,0.0772522869813064,0.292767796860099,0.365034045226455,0.188588732723722,0.984648291025738,0.450270362975222,0.147502022890911,0.168113671813912,2.3985006852751e-16,2.52970649895178,3.56750524109015,0.566010476854941,0.0893181019985974,22.214920777021,1.78116384625827,9.1945506433607,24.2075471698113,0
157,157,"Plot_157",2014,"Broadleaf Forest",80101,"Huaihua",110.672303784491,28.8074141457601,14,2,7.01806579368817,0.409480812160919,0.570887096774194,393,16,1453,59,119,297.333333333333,305.333333333333,1.77267445178376,-0.353550077608552,0.852706097359223,0.267580087283069,0.332633729582173,0.898953415239478,0.309368873488495,0.246967204260592,0.569548605784572,0.305716837152296,0.405487982247363,1.0672087596381,2.45462832476453,3.5536490454863,0.539839474812433,0.0867839723995329,18.4707784234348,1.80335026935038,13.6611457858667,28.3333333333333,0.222222222222222
158,158,"Plot_158",2014,"Broadleaf Forest",80101,"Huaihua",110.673017289784,28.518504130898,7,1,1.46885388040219,0.536883571813861,0.582016129032258,222,16.9,1434,59,121.666666666667,266,294,0,0.751351468906414,0.259864464968992,0,0,0,0,0,0,0,0,0,1.59,2.92,0.498555273311897,0.0465221762190519,19.284689742,2.365857369,7.2,30,0
159,159,"Plot_159",2014,"Broadleaf Forest",80101,"Huaihua",110.673081100595,28.5904694595853,32,3,31.1585235099103,0.321854751772622,0.603037634408602,161,17.1,1425,60,125.333333333333,253.666666666667,305.666666666667,0.447116726822569,0.051950153077911,1.30257062448339,0.0594612430265977,0.130899186989177,0.244074271101052,0.0924774521224838,0.0696354867685662,0.170869808785591,0.0532284399817358,0.0583152050593634,0.232644124073357,2.51332328842494,3.68446889518118,0.580251625685644,0.0864014988330525,17.8222922873262,1.57943506909697,10.7616478092486,25.343137254902,0.0392156862745098
160,160,"Plot_160",2014,"Broadleaf Forest",80415,"Huaihua",110.673661726648,28.3018025408528,48,3,53.6826846715114,0.352542572298009,0.436935483870968,985,13.4,1534,54.6666666666667,107,263.333333333333,323.666666666667,0.829797034348306,0.176682065258803,1.15521894296623,0.229325428561869,0.556219553097665,0.423545693591386,0.14355755353174,0.241821754500538,0.0872339490949273,0.0883340733205898,0.122981530126438,1.92060479442454e-16,2.39642500484709,3.45617352936097,0.571230330462131,0.0846819058903387,18.3412565220983,1.5528874986993,9.65579504996241,25.8029197080292,0
161,161,"Plot_161",2014,"Broadleaf Forest",80101,"Changde",110.710232630253,29.8537916945193,10,1,3.09559758593813,0.32477724133257,0.557634408602151,757,14.2,1394,57,113.333333333333,290.666666666667,335.333333333333,1.63820468054465,0.852645573524477,-0.708391091554914,0.661833025255676,0.313361530541301,0.932651111479605,0.311404672532483,0.795339096274281,0.306955664103842,0.0678366030819088,0.670296460449722,3.1720657846433e-16,1.93571428571429,2.37040816326531,0.398571428571429,0.0659833390790798,25.9112388263147,1.93412628595693,5.78990504730177,24.8571428571429,0
162,162,"Plot_162",2014,"Broadleaf Forest",80101,"Zhangjiajie",110.71101914324,29.6374937364151,13,2,19.028206648311,0.311269934979982,0.516290322580645,1145,12.8,1478,55.3333333333333,109.333333333333,277.666666666667,363.333333333333,1.20005661828257,0.209021474550286,0.908082794335696,0.189964943413982,0.484601988066847,0.449740770750703,0.172931623917858,0.474317091915286,0.57585439405301,0.133310918882051,0.131720236733167,4.28823643261467e-16,2.51905647255181,3.4260678157129,0.564747172829582,0.0858550444122723,18.7416892865075,1.80115612626592,10.5978689858825,25.875,0
163,163,"Plot_163",2014,"Broadleaf Forest",80101,"Huaihua",110.71257038528,28.9159091124217,18,2,24.7280068160817,0.428206457331835,0.575,442,16,1448,56.6666666666667,116.666666666667,317.333333333333,317,1.29137966828665,0.139213818809687,0.91583592364945,0.340772712876521,0.569260608240244,0.909183213940332,0.17924667050702,0.342920346431472,0.238824454997196,0.0912362205420456,0.186193461236034,5.49824736004839e-16,2.36359099282075,3.39743038441508,0.542650753330271,0.0830127454634987,18.5419227348572,1.62979927229505,10.3118779411671,26.4285714285714,0
164,164,"Plot_164",2014,"Broadleaf Forest",80415,"Huaihua",110.714384779555,28.3381303440827,26,2,61.1877540610035,0.565642443720114,0.430295698924731,634,15,1489,55,113.666666666667,250.666666666667,336,1.81824348087825,-0.122709549478892,-0.181549464357568,0.800822567280704,0.156276289664218,0.49893171100699,0.333181285569964,0.267627389950432,0.118967653777101,0.460648631985168,0.135875840662408,1.23344460685878,2.18402550902634,2.93111171837567,0.477279498835791,0.0599633383790654,19.0013429322145,2.38273947914345,13.550450905769,30.6034482758621,0.275862068965517
165,165,"Plot_165",2014,"Broadleaf Forest",40118,"Shaoyang",110.715894212199,27.6165878041817,23,2,15.1871548244635,0.332296171235837,0.336639785,957,14.2,1481,54,102.333333333333,234,332,1.8956549983098,0.315836837998753,0.411483903149014,0.36458800171699,0.975182517741786,0.587558461905935,0.284438702144177,0.324081980312279,1.18333977484959,0.127484221953828,0.189239087967886,0.0571669042227812,2.45405394130438,2.97845586751013,0.55002277669261,0.077446370520236,18.2463751028844,2.08849583560262,9.74210450307684,26.3785046728972,0.00934579439252336
166,166,"Plot_166",2014,"Broadleaf Forest",80101,"Changde",110.751687780088,29.7457585942372,15,2,13.0548358180131,0.233272275175809,0.543951612903226,797,13.9,1422,56,116,286.666666666667,274.333333333333,0.512030627267103,0.165699729438126,1.28138746625511,0.135892902560875,0.373942303674827,0.191396010074391,0.109568983863408,0.18275528238395,0.0553850599862409,0.0608209657168259,0.0767966398517163,1.73973092518581e-16,2.44417668957618,3.56361397479955,0.582061855670103,0.0860382872431596,18.162654391815,1.53881199057625,9.83477004470585,25.4639175257732,0
167,167,"Plot_167",2014,"Broadleaf Forest",80101,"Zhangjiajie",110.752700056,29.168057196542,12,2,25.5532220043651,0.38554010303397,0.587150537634409,546,15.7,1436,60,125,343,273,1.53203763456113,-1.1053430307847,-0.84403634383499,0.526630709527829,0.479152651596839,0.516241198578664,0.0647249173168764,0.162681174545336,0.299916781322576,0.21948086923694,0.0788268637488873,1.09351545556318,2.89573841637184,3.05552268280835,0.434939949196141,0.0595055269686626,21.4874160163653,2.31880659775191,21.6066827591513,30.2,0.77
168,168,"Plot_168",2014,"Broadleaf Forest",80101,"Zhangjiajie",110.753303488435,29.0961621660942,11,2,26.5801515079629,0.387921121045739,0.516424731182796,738,14.1,1499,54.6666666666667,113,263.333333333333,344,2.13546197192916,-0.924456290369092,-0.404424767042796,0.705336320200834,0.329790298735042,0.712120163051067,0.514532740571691,0.410846164246325,0.308797596717276,0.402524743995185,0.241282105138927,1.53088387598617,2.48119080188937,2.77657800897132,0.458565553931599,0.0736085253444645,18.0059807978652,2.20292130764634,15.2051850658179,31.3636363636364,0.545454545454545
169,169,"Plot_169",2014,"Broadleaf Forest",80101,"Changde",110.753344616253,30.105849040194,35,3,46.0995669461168,0.493392301637976,0.339005376,1449,10.6,1474,57,98.3333333333333,295,402.666666666667,1.83802538737168,0.338310633219285,0.597145997721355,0.460045171614213,1.03986312563853,0.886807071245638,0.266979394715476,0.563889258345759,0.185894694153334,0.271769377129397,0.260360892287248,4.2877578882075e-16,2.10274744572158,3.07120324758256,0.519555536090476,0.0781329341114254,20.9440858536883,1.65661248983582,9.72073084653078,27.7586206896552,0
170,170,"Plot_170",2014,"Broadleaf Forest",80101,"Huaihua",110.753878130724,28.8797213222118,20,2,29.1813238906289,0.586017940935143,0.578978494623656,566,15.5,1464,56.6666666666667,117.333333333333,322.666666666667,308.333333333333,1.74246616332371,0.067650076759536,0.858735591193581,0.465359223900867,0.550639068388935,0.692265272480722,0.504088487522768,0.279926774066042,0.676138886097519,0.433975352406453,0.363598727882966,0.510294625328724,2.00916503536659,3.53121734137238,0.529299526454253,0.0744607936013583,19.0685880345953,1.98920749911296,13.2702468928451,29.6969696969697,0.0909090909090909
171,171,"Plot_171",2014,"Broadleaf Forest",80101,"Huaihua",110.754722201715,28.5183243061225,30,2,19.7042872194933,0.313058933387413,0.544758064516129,644,15.4,1478,59.6666666666667,114,305,329.333333333333,0.478542702308811,0.123575822503074,1.30515192877095,0.132242706717269,0.255613432960155,0.332828435861349,0.050879797650614,0.129278355277771,0.0464579323500114,0.0435315694440129,0.060512874901711,1.13665690616385e-16,2.44771494708995,3.62555366591081,0.576666666666667,0.0874834202122894,17.9923645369535,1.53490033617197,10.0088656773897,25.3571428571429,0
172,172,"Plot_172",2014,"Broadleaf Forest",80101,"Huaihua",110.754861074039,28.5907050586136,19,2,48.7239794053985,0.424306941603909,0.583360215053763,229,16.3,1449,61.3333333333333,122.333333333333,241.333333333333,315.666666666667,2.14790937894981,-0.411236207938707,0.466130441771764,0.514311038405672,0.728605724475295,0.832524760251945,0.278014562941046,0.621862273240639,0.603584529087993,0.516818598858687,0.291992074512493,1.00529528191271,2.67560709552083,3.54873141502411,0.522188005924501,0.0777204641959944,19.0388915077381,1.89334851400938,19.6507544928208,28.503937007874,0.204724409448819
173,173,"Plot_173",2014,"Broadleaf Forest",40118,"Huaihua",110.756219649229,27.7966454987904,13,2,11.1772450896581,0.33046091514384,0.363172043010753,881,13.6,1512,57.6666666666667,111.666666666667,300.666666666667,341.666666666667,1.53763873103153,-1.05617722123657,-0.974959262401033,0.471511790656756,0.269009016541504,0.594946068499408,0.130673353446755,0.129571571708937,0.439514386604903,0.326363397739053,0.0786150169663256,1.1201024882499,2.92563817511312,2.76628003154723,0.433809523809524,0.0624979448151235,21.2147887159819,2.25138257264624,18.488204117729,29.5238095238095,0.761904761904762
174,174,"Plot_174",2014,"Broadleaf Forest",80101,"Zhangjiajie",110.794669036335,29.0600984905698,20,2,42.7552548091313,0.386543318663151,0.565430107526882,470,15.6,1447,57,121.333333333333,352,327.666666666667,1.43170915132116,-0.24680119612155,1.14979588369969,0.316036330844854,0.168823824148918,0.697427567422869,0.286450496167767,0.0563188569643734,0.610820180842865,0.260006111500754,0.454284502004497,0.736563489492235,2.32247614788313,3.65823017292785,0.555932450408113,0.0919906837116162,17.7986796073778,1.78591541970848,12.5375986840995,28.2692307692308,0.138461538461538
175,175,"Plot_175",2014,"Broadleaf Forest",40118,"Huaihua",110.79647564788,28.2661107662841,12,2,12.9440531477232,0.33019716250051,0.508010753,594,15.4,1477,56.6666666666667,109.666666666667,284,354,1.43389671485077,-0.0967203712233035,0.913259106902937,0.22825867882237,0.390814564303058,0.741748166247445,0.26842067940377,0.254372717723023,0.486252098349995,0.241716148033253,0.190575519066636,0.796623929985055,2.52080139980998,3.5571520453508,0.552669051446945,0.079985876354859,18.5330818283166,1.73683761281068,12.4957438355604,26.4130434782609,0.152173913043478
176,176,"Plot_176",2014,"Broadleaf Forest",80101,"Zhangjiajie",110.834693207338,29.6739440839758,32,3,39.1522333219608,0.573220059907645,0.528924731,728,12.9,1467,55.3333333333333,109,283.333333333333,371.666666666667,1.71206368935659,-0.117600037780047,0.250154604704555,0.647733935022873,0.506938915574945,0.608513607883022,0.387321832029981,0.420110599379278,0.5899079429941,0.441122434972244,0.220633166811065,0.446296891079501,2.53194244373233,3.11580357331417,0.522091337242292,0.0752799770650579,17.0632132967723,2.10888548921439,14.746743696147,28.6274509803922,0.0784313725490196
177,177,"Plot_177",2014,"Broadleaf Forest",80101,"Huaihua",110.836785209235,28.6633977745941,24,2,13.1076184808257,0.489905458223124,0.542365591,310,16.1,1449,59,122.333333333333,272.666666666667,304.666666666667,0.998462112856909,-0.0685228966529375,1.07407246235202,0.203164989605097,0.30778016056842,0.522736799162758,0.149588430187447,0.217153766295025,0.325327315461044,0.244035297941469,0.156691339400297,0.448981524570737,2.57983936462032,3.62529530944918,0.5661637129802,0.0845472260898804,18.0223400707107,1.65130556745612,12.8075669247837,26.0526315789474,0.0789473684210526
178,178,"Plot_178",2014,"Broadleaf Forest",80101,"Changde",110.836878464839,29.8174014683926,17,2,3.02573702754156,0.395638246791806,0.627715053763441,735,14.8,1372,57.6666666666667,120.666666666667,276.333333333333,252.666666666667,0,0.764385730380016,-0.24765799363862,0,0,0,0,0,0,0,0,0,1.77125,1.825,0.51,0.057325686035987,22.3571659242739,1.67458448038084,4.81984808310648,30,0
179,179,"Plot_179",2014,"Broadleaf Forest",40118,"Huaihua",110.837956618536,27.6525641367532,6,1,1.93343257346289,0.105164431346203,0.251478494623656,1355,11.4,1612,54,97.3333333333333,264.333333333333,456.666666666667,0.455953341687189,0.12365185446372,1.27843563312028,0.0633933569062604,0.202784912623786,0.128981952877956,0.0455875313764322,0.032503468458584,0.378049979901832,0.00775766441714285,5.24271983850768e-17,6.16790569236198e-18,2.54398777306975,3.65203637067591,0.584919737406217,0.0876420560876056,17.5342084952072,1.65180618939304,10.4671006615084,25,0
180,180,"Plot_180",2014,"Broadleaf Forest",80101,"Zhangjiajie",110.87591474246,29.6375430286345,35,3,74.9125979794262,0.500745470811943,0.568844086021505,663,14.5,1414,55,116.666666666667,257.333333333333,267,1.64168073474411,-0.267491093439222,0.776027940719199,0.273559324834974,0.394000471874058,0.866362969372442,0.227130848964685,0.273959091516009,0.508232534548599,0.251084231576087,0.165999038101029,1.09977548657277,2.66794650847512,3.51731312362633,0.547235907777622,0.0816909615386696,18.5841943232603,1.74329218872095,13.044952263211,26.195652173913,0.231884057971014
181,181,"Plot_181",2014,"Broadleaf Forest",80101,"Zhangjiajie",110.876403014072,29.1322578048359,13,2,26.0324131046607,0.412842663298496,0.567311827956989,578,15.2,1453,54.6666666666667,120.333333333333,305,297.333333333333,2.54647205273677,0.149046611013262,0.0304883454180896,0.494283668567863,0.611504179675115,0.778792403653285,0.417749572350617,1.05598068471662,0.588641279290216,0.461758034795639,0.608442580010023,1.26997631235723,2.65974093276924,3.28907383210301,0.506238263242511,0.0652958536247348,23.3860301332769,2.08480321355739,14.8887693744681,24.6710526315789,0.289473684210526
182,182,"Plot_182",2014,"Broadleaf Forest",80101,"Changde",110.876528786208,29.7097408905282,31,3,22.0842954703057,0.50295573839751,0.61239247311828,668,14.6,1397,56.6666666666667,118.666666666667,241.333333333333,323.666666666667,1.4230208755022,-0.0103456413660172,1.02657438793281,0.383042545138364,0.436726360055593,0.889963881087083,0.208730833382282,0.212195764478993,0.439643708374761,0.139734156441534,0.312225746330469,0.384195153469715,2.2731613551536,3.50414080636562,0.54485552733119,0.0869281585907903,18.3295135688197,1.71830223295911,10.7228417715806,27.3333333333333,0.0666666666666667
183,183,"Plot_183",2014,"Broadleaf Forest",80101,"Changde",110.876664815065,30.0699759297572,14,2,11.5896271779753,0.430525490381022,0.500672043010753,680,16,1271,56,113.333333333333,255,317.666666666667,1.40362800310549,1.14662883810851,-0.02068429763128,0.378552931104799,0.285197953620753,0.187619226604671,0.607591938959746,0.743510454592687,0.181465305162156,0.151317609041919,0.587957574258676,9.91799235331807e-16,2.63321257513424,3.0827623265409,0.525044387995713,0.0732040189065344,27.3707759751067,2.18950575314358,8.16935882370027,21.6666666666667,0
184,184,"Plot_184",2014,"Broadleaf Forest",80101,"Huaihua",110.87706076027,28.6272143317397,13,2,20.510858763849,0.407939494870316,0.522553763,485,15.4,1476,58,115.666666666667,318.333333333333,388.666666666667,2.21833040673462,-0.281905002054333,-0.390371986389779,0.723514444570876,0.675738951533895,0.665677208845327,0.356215201430325,0.415199601020169,0.620835782508258,0.516787442598307,0.186969267324517,1.37212554810613,2.33737272632336,2.52428892502194,0.479657363726841,0.0684264597731048,20.4386900684758,2.05164459279254,13.3447417411137,30.6547619047619,0.333333333333333
185,185,"Plot_185",2014,"Broadleaf Forest",80101,"Huaihua",110.877099512603,28.6992150288583,48,3,59.2057138137799,0.400457051454299,0.547473118,538,15.7,1463,58.3333333333333,114,313.333333333333,313.666666666667,2.42579110241608,-0.593884926063614,-0.0789633522878971,0.5419923604509,0.687633722737699,1.1643393286936,0.2803217044652,0.396432785194453,0.624654129523689,0.443359386185725,0.230894177114854,1.52513629839576,2.6507000213341,3.20865729192704,0.476234365010444,0.0716273787471766,20.4674393007467,1.98196382726343,16.5887596246036,28.4671532846715,0.445255474452555
186,186,"Plot_186",2014,"Broadleaf Forest",40118,"Yiyang",110.877822984741,28.3385280019559,13,2,34.1523583762213,0.288303254161392,0.47005376344086,831,14,1528,55.6666666666667,108.666666666667,264.666666666667,347.666666666667,0.552980034688453,0.147849720214979,1.24732782806739,0.138102780801413,0.407557914062961,0.216590240120597,0.111359564405487,0.152415241989175,0.100630643516198,0.0584027470973666,0.0864511159245766,1.52463807068339e-16,2.45970239571599,3.54554802916807,0.580941111028791,0.0857977035710875,17.9937553718379,1.55596558298602,10.0902747443468,25.5299539170507,0
187,187,"Plot_187",2014,"Broadleaf Forest",80415,"Huaihua",110.877932344789,28.554374572526,24,2,13.8045464283445,0.382665038884627,0.573118279569892,273,16.5,1437,58.3333333333333,115.666666666667,276.333333333333,323,1.40445706150562,0.211525437271915,0.820704406960797,0.486334035792465,0.471438549685285,0.699185094105139,0.40488074213379,0.197815651170369,0.612595654258892,0.118775321742119,0.223432153483241,0.409537472266369,2.24298765629781,3.38516358288953,0.54448402618282,0.071588226150861,18.5384277357669,1.87447920113342,10.1636726405773,27.1428571428571,0.0714285714285714
188,188,"Plot_188",2014,"Broadleaf Forest",40118,"Yiyang",110.87823192345,28.1942028289094,29,2,34.8121944393781,0.393810376494146,0.546102151,429,16.4,1434,58,112.666666666667,285.333333333333,313,1.99661896396525,-0.230228230729608,0.555202801040429,0.366873210602208,0.712190450592729,0.898740137920101,0.346074681439838,0.352294446097819,0.566929436058403,0.309387505103298,0.302980247579831,1.1174880577078,2.46248114965343,3.2463401310844,0.531984924519047,0.0797339289119066,19.1117815056887,1.81056712764361,12.5146716090781,27.8813559322034,0.23728813559322
189,189,"Plot_189",2014,"Broadleaf Forest",80101,"Changde",110.917076036411,29.8896263991142,19,2,29.937247181291,0.532490972181266,0.613629032258065,361,16.2,1298,58.6666666666667,124.666666666667,276.333333333333,249.666666666667,0.956397964023357,0.246274328247981,1.14234871909216,0.17719899949651,0.306150917949899,0.492459224022469,0.0917221177229226,0.512420867879085,0.305291796889506,0.0990361750192599,0.0766547497304043,1.95317013591463e-16,2.42127914951989,3.56960513423477,0.56587241753007,0.088644297858763,19.4001410796083,1.6524081208454,9.31389027780521,25.462962962963,0
190,190,"Plot_190",2014,"Broadleaf Forest",80101,"Zhangjiajie",110.917388689523,29.4573807917633,19,2,30.9454214286843,0.420584133690082,0.539811828,592,14.8,1425,58,123.333333333333,321,247,0.849633942803008,0.131204134962306,1.14357462812925,0.142959416463212,0.275840453540968,0.395696432858807,0.132065704986764,0.391315390515758,0.308812209640786,0.113992201680548,0.15041970441494,0.128578537101842,2.54585306122612,3.60675634104846,0.5727044797154,0.0864879426854366,18.5534411993176,1.6393118115308,11.1092359332277,24.9148936170213,0.0212765957446809
191,191,"Plot_191",2014,"Broadleaf Forest",80101,"Zhangjiajie",110.91776382671,29.5289849030218,17,2,44.4835031797961,0.705601725579708,0.647365591397849,210,17,1323,61.6666666666667,131,271.333333333333,201,1.91341569043172,-0.712013152095822,-0.658578328771499,0.722601044658771,0.166634093531135,0.692001999186484,0.13712463794136,0.223366056559564,0.212574637176281,0.399799635442897,0.0718704546417925,1.45370257236927,2.67508366979602,2.9156104955049,0.451473097350039,0.0578971458599314,20.461274367738,2.34123820241188,16.6935813680564,29.5689655172414,0.620689655172414
192,192,"Plot_192",2014,"Broadleaf Forest",80101,"Huaihua",110.918316514221,28.6625241134841,13,2,1.8744360386923,0.269920204586352,0.539596774,578,14.4,1507,58.6666666666667,113,280,373,1.27568236899547,0.258154552864949,1.08410817901371,0.416920258325866,0.469876058631214,0.58997862681117,0.381545667440195,0.357503802225056,0.405745949912736,0.307380774254555,0.27370438801697,6.60582699651968e-16,2.19388888888889,3.63155555555556,0.553422109324759,0.073354194047327,19.1971781073811,1.73832454891496,12.5232395805415,27.5,0
193,193,"Plot_193",2014,"Broadleaf Forest",80415,"Huaihua",110.918366210568,28.5188369736131,26,2,24.1911722267657,0.459736293651867,0.549166666666667,429,16.2,1444,58.3333333333333,118.666666666667,263,315.333333333333,1.61620675946897,0.126270332462018,-0.222785911932764,0.64565538225185,0.137610841324195,0.546927740173755,0.129531219667605,0.216382832621409,0.277729294039009,0.333989516047105,2.48689957516035e-16,1.18798629955028,2.06901858744254,2.84797903960147,0.46981758585209,0.0512305705390937,20.3419866968524,2.2753559218329,11.3667332460506,30,0.26
194,194,"Plot_194",2014,"Broadleaf Forest",40118,"Yiyang",110.918440321384,28.3022854655649,25,2,26.9655157869831,0.380768385678698,0.544193548387097,553,15.8,1462,60.3333333333333,117.333333333333,282.333333333333,286,0.901069926658868,-0.0839592147287537,1.13240550365004,0.150376641738007,0.214889096534416,0.479773133231839,0.121690979197535,0.142261025467975,0.274996837134408,0.138905872726268,0.0904602021141865,0.612214220109732,2.5909190396849,3.64015473847653,0.569910714285714,0.0854851735423265,18.0475373962576,1.62151836879747,11.6992462442726,25.5580357142857,0.111607142857143
195,195,"Plot_195",2014,"Broadleaf Forest",40118,"Shaoyang",110.91898932532,27.2915764718371,14,2,17.4191895780001,0.602613458586119,0.550752688172043,335,16.7,1375,60.6666666666667,124.666666666667,278.666666666667,287,0,-3.53400533773727,2.86899215168675,0,0,0,0,0,0,0,0,0,1.385,4.71,0.498555273311897,0.187528797158596,10.5651806760882,1.21915988629037,19.4035879956178,35,1
196,196,"Plot_196",2014,"Broadleaf Forest",40118,"Shaoyang",110.919243441896,27.2194709317197,32,3,51.850284494993,0.418118140386727,0.560967741935484,372,16.7,1374,61.6666666666667,126,266.666666666667,304,2.5612806605536,-1.34296762320277,0.865238207696629,0.413187168671518,0.0872161330438519,1.17929028315731,0.589509939696301,0.086395589151401,0.983327183063999,0.514952193891655,0.869276440308308,1.54248889216015,2.1583914033546,3.7337344884037,0.502739517157767,0.115262031024507,17.5179744712089,2.10632751995496,18.6221261600152,34.2896174863388,0.486338797814208
197,197,"Plot_197",2014,"Broadleaf Forest",80101,"Huaihua",110.958851407995,28.988116981954,24,2,44.7542690816004,0.469808691209343,0.589811827956989,387,15.9,1429,57,121.666666666667,271.333333333333,280.333333333333,2.00766185770539,-0.385352507269274,0.451445136385738,0.383155159820823,0.526343648958409,1.00628132200323,0.29921358353973,0.36416865830377,0.607327763419442,0.343634223246997,0.225869757564819,1.27685108131426,2.71414567532764,3.38981384171224,0.527141041945157,0.0773633956677381,18.8214355200479,1.85449422478362,14.7260348264843,27.0786516853933,0.292134831460674
198,198,"Plot_198",2014,"Broadleaf Forest",80101,"Huaihua",110.959026184241,28.6995984715028,17,2,5.5349240454977,0.416913769380117,0.555564516129032,501,14.9,1488,57.3333333333333,114.333333333333,298.666666666667,315,1.73083910514679,0.113313486358735,-0.381427353212856,0.530134637635707,0.351160234061622,0.830362380322331,0.231093062437825,0.162072822897458,0.416796621489884,0.284257674194538,2.26670534194303e-16,1.01837443023502,2.04082819506614,2.70504501799569,0.436777636655948,0.0580087572485924,21.5070687397396,2.03825379104668,10.7024983068179,30,0.208333333333333
199,199,"Plot_199",2014,"Broadleaf Forest",80415,"Huaihua",110.959054309763,28.6272548795467,35,3,30.5280606016829,0.506572817924654,0.563360215053763,677,15.6,1466,57,110.333333333333,307.666666666667,342.333333333333,1.14602152933888,-0.107252644749829,0.915181029590056,0.301200907734397,0.422745111602003,0.575913054785207,0.135119620927184,0.198497724209937,0.48296604882854,0.26141544403036,0.164675036757318,0.416400414268239,2.64417170830158,3.50385086402183,0.561945408360129,0.0849388570814774,17.4095222643311,1.72929714822593,12.9712239285382,26.1818181818182,0.0727272727272727
200,200,"Plot_200",2014,"Broadleaf Forest",40118,"Yiyang",110.9591319814,28.2662110991922,37,3,14.0637810394467,0.501022796397065,0.555860215053763,219,17.2,1404,58.3333333333333,116.666666666667,304,302,2.27661076861209,-0.518027781325664,0.105483737139149,0.517911275374893,0.613647327859451,0.948379252710341,0.326014956483128,0.438416637963093,0.659383309992871,0.426930904661564,0.237512072246131,1.42882495092043,2.72611423990455,3.28099690093612,0.50376256211634,0.0727213914318514,19.1512042701236,2.02104503818566,16.919016804895,28.1818181818182,0.363636363636364
201,201,"Plot_201",2014,"Broadleaf Forest",40118,"Loudi",110.959396946948,27.8329947983063,21,2,37.9136678863681,0.463684975808267,0.286639785,1078,11.8,1612,57.6666666666667,112.666666666667,261.666666666667,329,2.33648210295723,0.0760434822212261,-0.192969417586682,0.518274878843836,0.834125241855751,0.5468000606045,0.359178920292326,0.603571639651315,1.15610117024902,0.320455894059928,0.301931873020731,0.723706551658387,2.54332659155764,2.70330599678289,0.514995208185732,0.0775791747204166,19.150475031768,2.34498422868223,11.9493610086105,28.0508474576271,0.135593220338983
202,202,"Plot_202",2014,"Broadleaf Forest",40118,"Yongzhou",110.960550074697,25.0167726378597,79,5,166.959710587819,0.618769167667265,0.421102150537634,946,16.8,1616,51.3333333333333,109.666666666667,220.666666666667,337.666666666667,1.12213483288564,-0.0100183141944775,0.964301351425516,0.296818400683414,0.493214851793941,0.586598210749451,0.119231020431236,0.252858631372974,0.426584221934001,0.322495378922377,0.203581776210969,5.89805981832114e-16,2.55097866204172,3.51880752407457,0.559996144767612,0.0853072658230299,17.4880780048847,1.71356531153575,13.3149841446468,26.5340909090909,0
203,203,"Plot_203",2014,"Broadleaf Forest",40118,"Shaoyang",110.999298287517,26.4255153229168,15,2,8.93525808888099,0.30988848500156,0.279112903225806,1245,12.2,1622,51,100,228.333333333333,351.666666666667,0.178192991112153,-0.714277254250954,-0.748079713674716,0.131752607352748,0.0227322812580165,9.57088814332031e-19,0.0560996028458863,0.0755867408047188,0.00396839667936854,0.0707175150079804,1.53134210293125e-17,6.69962170032422e-17,3.34549246746139,2.63173024645439,0.498555273311897,0.0860782760924902,13.5009125152217,2.40426902320118,24.2572003217986,30,0
204,204,"Plot_204",2014,"Broadleaf Forest",40118,"Yiyang",110.999592202126,28.3021293614779,15,2,18.1738277284634,0.563712483682214,0.54405914,179,17,1411,61,123.333333333333,277,326.333333333333,1.92891747171452,-0.0982060347233985,0.152353305410157,0.671910511452191,0.392733169660982,0.629326788153952,0.405601943226632,0.177839070401331,0.468016989358011,0.363922620849117,0.191480436061255,1.23872445315136,2.16696025752982,3.12031321203682,0.494277636655948,0.0640084205816563,19.2992281108246,2.22115058572007,12.3752725984396,29.7222222222222,0.277777777777778
205,205,"Plot_205",2014,"Broadleaf Forest",80415,"Yiyang",111.000102087329,28.4462272250877,14,2,35.5207542328501,0.380436547577314,0.507338709677419,754,14.3,1519,57,106.666666666667,290.333333333333,359.333333333333,0.291438260253448,0.699787230895404,0.312552875153503,0.140860066963516,0.096482863718651,0.125058097177378,0.104435815054043,0.0544726415827347,0.12926714110422,0.0407088230618071,0.046413816906566,1.7847133567899e-16,1.65918203621241,2.9611942422338,0.503471656467171,0.0492365449055738,19.1310476995875,2.3207122352353,7.56193868422713,29.7311827956989,0
206,206,"Plot_206",2014,"Broadleaf Forest",40118,"Shaoyang",111.00018077915,26.6419268200817,36,3,36.2585415765681,0.59959962551918,0.497607527,379,17.4,1388,59.3333333333333,125.333333333333,313,288,2.59059819047372,-1.27197332656044,0.601228544811169,0.414511784045522,0.203428271861886,1.06762831393947,0.664319949210071,0.25593622549351,0.852944883890993,0.556134583277112,0.923367573068495,1.54299832565037,2.09523334915362,3.62313083372884,0.487841246800971,0.110633218205672,18.4268656570355,2.29314071454856,19.0899580444233,35.0816326530612,0.510204081632653
207,207,"Plot_207",2014,"Broadleaf Forest",40118,"Shaoyang",111.000361331007,26.5696068687287,28,2,32.2763913475222,0.450488303669714,0.377876344086022,589,15.6,1465,59.6666666666667,122.666666666667,262.666666666667,258,2.13695624765497,0.232807685183726,-0.0704647566762395,0.349987381132683,0.901341759008918,0.610498331994467,0.222774506003893,0.24869184434327,1.62499123567815,0.16353859964608,0.0958788388800223,0.0482357979897187,2.81378343978835,2.93292237822743,0.540272819201458,0.0793161862739561,16.8292114116046,2.62343415216344,12.37882493942,25.5905511811024,0.0078740157480315
208,208,"Plot_208",2014,"Broadleaf Forest",40118,"Shaoyang",111.000403265395,27.0754158915206,25,2,38.2325028271028,0.469629403269032,0.57252688172043,312,17.2,1355,61.6666666666667,124,311.333333333333,284.333333333333,2.23488831945325,0.0394494849827565,-0.236381420173966,0.666625938619399,0.162276849952527,0.529075977699296,0.470584621332743,0.739030306951722,0.481590623558991,0.386025606588506,0.512981985038053,1.35783852657233,2.40532381278586,2.96948718584324,0.478884215499705,0.0610348963502925,22.6396213488083,2.14417178961029,13.7444601683351,27.3061224489796,0.326530612244898
209,209,"Plot_209",2014,"Broadleaf Forest",80101,"Huaihua",111.000614199293,28.7348649104635,11,2,7.956407997445,0.556634018127489,0.585188172,309,16.9,1406,56,116.333333333333,281,315,1.2186832032214,-0.191639603655568,0.704412314252157,0.432900820952066,0.571459455023442,0.546276506306639,0.0121071402064947,0.364732381488399,0.590848854521789,0.386546130724494,0.202743991123681,8.14163551391781e-16,2.81149497443663,3.37109558332178,0.559518424437299,0.0883741114771362,16.1814602762528,1.81401441011656,15.2213168939319,26.6666666666667,0
210,210,"Plot_210",2014,"Broadleaf Forest",40118,"Shaoyang",111.039709094341,26.4611606623787,12,2,2.10049552246266,0.383400630301106,0.328413978494624,1544,11.5,1655,51,102.333333333333,245,353.666666666667,0,0.0958511631270775,1.44865733140566,0,0,0,0,0,0,0,0,0,2.51314814814815,3.74592592592593,0.59,0.0888156702431478,17.6250158929608,1.5182011811778,10.3987823171093,25,0
211,211,"Plot_211",2014,"Broadleaf Forest",40118,"Shaoyang",111.040135330162,26.5335447619912,15,2,38.5991318891795,0.444477383210415,0.383817204301075,983,14.7,1502,52.6666666666667,119,279.333333333333,352.666666666667,2.35613490743836,-0.338705396736301,-0.119152373485529,0.454426756418514,0.624090592125578,0.967072237019012,0.335864648146024,0.465751551387585,0.68405104103854,0.387884533162331,0.227974354463517,1.46741204450239,2.71362198504839,3.02301824477112,0.498269123258307,0.074348611246802,20.7784801462315,2.07782275043752,13.755112074996,27.5555555555556,0.388888888888889
212,212,"Plot_212",2014,"Broadleaf Forest",40118,"Shaoyang",111.040512617659,26.7499257591895,15,2,8.52201549448206,0.418480852942973,0.541586021505376,355,16.7,1398,60,125.333333333333,289,290,0.948230915134999,0.517622824612285,0.468945151438804,0.326727505044265,0.319975567232353,0.383598672977596,0.391125545823504,0.12400351700379,0.378361799452271,0.122611315297822,0.169234579986712,0.205574101143129,1.78788039442811,3.10443791024385,0.512697103891784,0.0590578354984215,19.2157053201312,2.227219475591,8.42930802313976,29.4827586206897,0.0344827586206897
213,213,"Plot_213",2014,"Broadleaf Forest",40118,"Shaoyang",111.040579114651,27.3277729680302,15,2,17.4006567641854,0.507492804912287,0.470913978,667,14.9,1459,59,114.666666666667,265,346.666666666667,1.6606599848625,0.147121094981772,0.624867011170162,0.543185446702981,0.551927802848278,0.74232874834954,0.391806558163569,0.254017719025735,0.624384219627015,0.236796607143756,0.237177905142605,0.66116698034858,2.23197418283908,3.31387007376803,0.530411813975375,0.0682587695931158,19.071328617636,1.93669145522175,11.2656368178879,27.8048780487805,0.121951219512195
214,214,"Plot_214",2014,"Broadleaf Forest",80101,"Zhangjiajie",111.040967617311,29.5651349748063,27,2,39.9282887431911,0.563912877672051,0.649247312,201,16.9,1315,59.3333333333333,128.666666666667,283.333333333333,207.333333333333,2.72846819832232,-0.882269614540491,0.433930792225493,0.507783819909353,0.479278116981965,1.15540813693418,0.598122032290477,0.56639513979573,0.843504507971104,0.534752372478668,0.856585252737909,1.48189559195462,2.27979046895529,3.45270724031487,0.489542210932476,0.101895194937329,19.3015842228277,2.15015421674436,17.1935469369533,31.96,0.4
215,215,"Plot_215",2014,"Broadleaf Forest",80415,"Huaihua",111.041040263513,28.5548202500725,13,2,10.4364077378271,0.475980549586392,0.56991935483871,333,16.2,1441,59,116,282,287.333333333333,2.16997338337443,-0.246528482992244,-0.512643358707675,0.757216270875112,0.448329880981729,0.878099292981462,0.255698189035795,0.220389402391948,0.491903304838319,0.399429127860251,0.0940225258836072,1.37212554810613,2.25619239605643,2.71323957729398,0.425235133440514,0.0666731942030513,21.39850540106,2.02045330662227,12.0844144028439,29.4166666666667,0.333333333333333
216,216,"Plot_216",2014,"Broadleaf Forest",80101,"Zhangjiajie",111.041054087202,29.4213948642475,28,2,25.6859524634218,0.52667572734048,0.608387096774194,202,16.6,1348,57.6666666666667,124.333333333333,331,246.333333333333,0,0.0958511631270775,1.44865733140566,0,0,0,0,0,0,0,0,0,2.51314814814815,3.74592592592593,0.59,0.0888156702431478,17.6250158929608,1.5182011811778,10.3987823171093,25,0
217,217,"Plot_217",2014,"Broadleaf Forest",80101,"Zhangjiajie",111.04136653554,29.2766050490791,3,1,15.3950427435624,0.338337795710939,0.633790322580645,158,17,1349,57.3333333333333,123.666666666667,280,226.333333333333,0.559879773885105,-1.34289421363478,-1.25494206067463,0.196214676039632,0.0343815305775894,0.177368920233937,0.0370136959293594,0.000432238652172666,0.135364381265344,0.104811819353908,3.60072332310862e-17,0.460047937604611,3.11186922796739,2.81457694424043,0.417180157295559,0.057995063010713,21.4095674408634,2.39475579341243,21.1022676619778,30,0.918918918918919
218,218,"Plot_218",2014,"Broadleaf Forest",80415,"Changde",111.041722731147,28.6268756892845,19,2,27.8093545163763,0.497248391294305,0.595887096774193,307,16.8,1412,58,123.333333333333,288,256,1.57074057934238,-0.262171278114755,0.818964803252254,0.262135808082008,0.374593595900372,0.836338120882364,0.212131104934593,0.247988706481383,0.479373108011129,0.242140021040475,0.157689770873975,1.0672087596381,2.66799863440799,3.53532373936001,0.55,0.0821842812566236,18.4663031528584,1.72391718141607,12.9881504920833,26.1111111111111,0.222222222222222
219,219,"Plot_219",2014,"Broadleaf Forest",40118,"Yongzhou",111.078923556415,26.5004503489821,15,2,1.87950966855898,0.32948539651863,0.308037634408602,691,14.8,1505,51,112.666666666667,228,337.333333333333,1.00417018310402,0.162572822335021,1.04012525552075,0.139614546033552,0.44660394874321,0.284063783279452,0.10039983380786,0.0715841093581993,0.832599485148505,0.0170851150457546,7.40148683083438e-18,1.48029736616688e-17,2.58716324796,3.52059099332587,0.57780736977492,0.0859989962698464,17.4070781383521,1.83885320089438,10.5627463436672,25,0
220,220,"Plot_220",2014,"Broadleaf Forest",40118,"Yiyang",111.081545452877,28.230054978784,14,2,20.4039939374117,0.292961162593819,0.506908602150538,674,14.5,1508,58.6666666666667,119.666666666667,290.333333333333,340,0.0676940435539389,0.0850702593727283,1.4207481432624,0.0240462877888219,0.0317427869157552,0.0303439528112516,0.000672513803657644,0.0202597440029884,0.032819807466015,0.0214714296050871,0.0112617951319483,7.70217223333702e-17,2.52433615413397,3.73186978807827,0.588856940916399,0.0887991117894224,17.5708825573343,1.529294177263,10.5796273637401,25.0625,0
221,221,"Plot_221",2014,"Broadleaf Forest",80101,"Changde",111.085096593152,30.0339141545434,42,3,65.9758218111169,0.487071294399054,0.586129032258064,803,13.4,1374,55,106,287.666666666667,341,0.33370468508398,0.15547022175601,1.35596945943601,0.113956349888664,0.124448803460821,0.15467040591306,0.115932141448002,0.0901927934512326,0.163291608063247,0.0244056527129401,0.0528796877648786,1.95399252334028e-16,2.46262777777778,3.68741111111111,0.583813316398714,0.0857847354745709,17.8809079638658,1.5768056659825,10.1805142315672,25.17,0
222,222,"Plot_222",2014,"Broadleaf Forest",40118,"Shaoyang",111.120917017757,27.1110565692464,30,2,35.7602921932245,0.548224755470009,0.568548387096774,375,16.7,1372,57.3333333333333,124.333333333333,310.333333333333,281,1.43169819996885,0.327014010040317,0.559459369202955,0.361002462154904,0.612131112405817,0.402395446338692,0.36327381113877,0.32217850340218,0.537289653448159,0.422269845346466,0.203535959839008,0.361790916004545,1.85778937635416,3.33020185322076,0.510166454983923,0.0602186065664597,19.8970961883621,2.10438827632842,12.5281360759018,30.2083333333333,0.0625
223,223,"Plot_223",2014,"Broadleaf Forest",80415,"Changde",111.122426368267,28.5552765278869,16,2,33.2234147452026,0.353776533206651,0.535725806451613,550,14.9,1494,57.3333333333333,118,290.666666666667,309.333333333333,0.601149595961884,0.0554710144086334,1.40493433534898,0.143964163675289,0.227404124128194,0.251849302508003,0.104959806167117,0.270812015115021,0.0787866301008567,0.274838861753068,0.152492444752312,0.0869479556503984,2.45169012385216,3.83987927742447,0.579590451998163,0.0859801275492094,18.418966269106,1.5474198180204,12.9386926945437,25.9285714285714,0.0142857142857143
224,224,"Plot_224",2014,"Broadleaf Forest",80101,"Zhangjiajie",111.164782597004,29.5295216644878,9,1,31.280334099033,0.467923064414836,0.622284946236559,381,16.4,1337,61.3333333333333,127.333333333333,269.333333333333,249.666666666667,2.12552705542592,-0.307617181245555,-0.0641158583330169,0.804050194456306,0.503324324916191,0.559547642356915,0.409602206441745,0.381246403508811,0.339064553815336,0.539107609525032,0.216457164300621,1.27217883804637,2.2992776678087,3.11900546805711,0.481695167513743,0.0658070717971875,19.1775445515008,2.29449565095974,16.4873740286878,30.8064516129032,0.290322580645161
225,225,"Plot_225",2014,"Broadleaf Forest",40118,"Shaoyang",111.201494828835,27.1111897299395,21,2,18.5860800788687,0.376560460661706,0.551666667,317,17.1,1355,59.6666666666667,125,300,291.333333333333,0.994072103848988,0.322529916625425,0.310999379716179,0.148211353074703,0.248185059921757,0.24390144637414,0.435481882097689,0.0870583038963221,0.177897897926337,0.246010211845319,0.269239281126993,0.595356154547143,1.67398538072957,3.05211164653025,0.493924688450508,0.0591718597384533,19.0786115519343,2.35696313221466,9.72357586368623,31.3513513513514,0.108108108108108
226,226,"Plot_226",2014,"Broadleaf Forest",80415,"Changde",111.204301830387,28.5548351382161,35,3,58.4025385919292,0.47953946370387,0.489596774,707,14.4,1515,56,111.333333333333,296.666666666667,330,1.01027456761301,0.431711453927528,0.6808782562736,0.280824302249235,0.397436752069265,0.56773152214733,0.418540682547451,0.350097734170228,0.254894485633164,0.0264093445896408,0.217307831695893,8.42321381726478e-16,2.18268518518519,3.27979871175524,0.533251035928981,0.0635873469623018,20.0361801293739,1.74840858411469,10.134704497275,28.0434782608696,0
227,227,"Plot_227",2014,"Broadleaf Forest",40118,"Yongzhou",111.240465095993,26.424879911219,26,2,28.0356945285003,0.297069372067699,0.530887097,269,16.9,1421,56.3333333333333,122.333333333333,280.333333333333,227,0,0.0958511631270775,1.44865733140566,0,0,0,0,0,0,0,0,0,2.51314814814815,3.74592592592593,0.59,0.0888156702431478,17.6250158929608,1.5182011811778,10.3987823171093,25,0
228,228,"Plot_228",2014,"Broadleaf Forest",40118,"Shaoyang",111.242279213651,27.3636751896192,30,2,26.0119345035436,0.381692162731298,0.553172043010753,436,16.1,1402,61.6666666666667,122.333333333333,337,286.333333333333,0.592412890965303,0.0415045029810333,1.32650989526756,0.0564002166620125,0.0637688508444346,0.253273361395236,0.112766058948738,0.254260016632258,0.252525008953422,0.0795562022834319,0.133321797720171,0.225572955032348,2.48517395523283,3.71445600148279,0.579367088607595,0.0919099753494253,18.3533229619273,1.61332370869868,10.731428170306,25.7594936708861,0.0379746835443038
229,229,"Plot_229",2014,"Broadleaf Forest",40118,"Loudi",111.244389795086,28.1576751192137,18,2,14.9841617354802,0.275727469167262,0.330887097,1359,11.7,1645,53,98.3333333333333,241.666666666667,382.333333333333,0,0.0958511631270775,1.44865733140566,0,0,0,0,0,0,0,0,0,2.51314814814815,3.74592592592593,0.59,0.0888156702431478,17.6250158929608,1.5182011811778,10.3987823171093,25,0
230,230,"Plot_230",2014,"Broadleaf Forest",40118,"Shaoyang",111.281222322424,26.6053853010044,14,2,4.55734576496254,0.222310908277328,0.358870967741935,1038,13.3,1579,51,103,225,348.666666666667,0.197641717764625,0.123163675867883,1.39912429530413,0.0802296692029467,0.0754203239263469,0.0981590597269743,0.0694581541521826,0.0251165603814668,0.101408685728864,0.0153570316195302,0.0364305609050365,5.78241158658936e-17,2.47468364197531,3.71151234567902,0.586189803054662,0.0870534413254772,17.6941689700041,1.55352018900373,10.2654997205631,25.2083333333333,0
231,231,"Plot_231",2014,"Broadleaf Forest",80101,"Changde",111.287244143355,28.91558470705,16,2,14.7831607893628,0.402962948177208,0.628037634408602,87,17.3,1357,60,124,305.666666666667,261.333333333333,2.30324211397134,-0.592632960869455,0.580774616292427,0.513824519640496,0.434117086753995,0.959650804829104,0.511531157596136,0.197906492756504,0.778771453694841,0.448555206232183,0.563177753121337,1.37212554810613,2.22757214713988,3.44889548055186,0.509678949624866,0.0879849668706316,18.4268280675937,2.1030484646068,14.928678949327,31.1111111111111,0.333333333333333
232,232,"Plot_232",2014,"Broadleaf Forest",80101,"Zhangjiajie",111.288445082109,29.4926476656791,11,2,9.98867345623612,0.343596040210727,0.612768817204301,205,16.7,1316,62.3333333333333,130,261.333333333333,196,0.188537352259844,0.789501572307468,0.233552322415976,0.082878217438376,0.0043231770782503,0.015568613212816,0.0078184287174497,0.143000590945633,0.00591829716861278,0.00183346743913946,0.0887004961166107,7.70988211545248e-18,1.62916666666667,2.91805555555556,0.499150960164344,0.0463266479221345,19.672786690534,2.36382556804763,7.21568521293212,29.5,0
233,233,"Plot_233",2014,"Broadleaf Forest",80101,"Changde",111.289559224369,29.709635249767,25,2,32.6465930097852,0.447255403232456,0.616102150537634,500,15.6,1338,59,124,239.666666666667,217.666666666667,1.2519160834375,0.432633243873239,0.335453440438688,0.293776595989719,0.249313162626387,0.688186796611775,0.156900071319011,0.415963453274363,0.206271903857417,0.241910243883278,0.364939184022626,0.555710846982981,2.33127906976744,3.26876411960133,0.508,0.104143005287924,25.8146662896151,2.15101885547039,8.03560210855065,27.5,0.1
234,234,"Plot_234",2014,"Broadleaf Forest",80101,"Changde",111.291395297387,29.5649840464758,14,2,47.2275111496149,0.333095792677921,0.65247311827957,200,16.5,1317,60.3333333333333,126.333333333333,282.333333333333,224.333333333333,0,0.751351468906414,0.259864464968992,0,0,0,0,0,0,0,0,0,1.59,2.92,0.498555273311897,0.0465221762190519,19.284689742,2.365857369,7.2,30,0
235,235,"Plot_235",2014,"Broadleaf Forest",80101,"Changde",111.328601821954,29.0234673784956,30,2,24.5367492873101,0.500074830430008,0.63188172,128,17,1357,59,124.666666666667,285.666666666667,202,0.0899625210222231,0.107990057678547,1.42664264869387,0.036518926185775,0.0343298092804842,0.0446800228923639,0.0316159499307841,0.0114325513706301,0.0461591870628431,0.00699021084989888,0.0165824560641283,7.91547897186454e-17,2.49605281207133,3.73063100137175,0.588306579135406,0.0880324573908497,17.6557505938689,1.53389851798932,10.3395456075332,25.0925925925926,0
236,236,"Plot_236",2014,"Broadleaf Forest",80101,"Changde",111.330835831039,29.8174759016523,18,2,30.1149584583143,0.560330181806433,0.61002688172043,502,15.8,1305,62.3333333333333,129.666666666667,270.666666666667,174.333333333333,0.635801481072584,0.21952358010102,1.26753309983716,0.128807035952178,0.185318547186804,0.255376924656082,0.115799410285729,0.346140905500062,0.296745055886194,0.0682578600640411,0.0585812007646309,1.78018519465758e-16,2.44812260536399,3.64800766283525,0.578521053331855,0.0873475368827544,18.7286055487951,1.63788079607818,9.71278536588356,25.3448275862069,0
237,237,"Plot_237",2014,"Broadleaf Forest",40118,"Shaoyang",111.364192791103,27.3996426791785,19,2,16.563479040509,0.396265396399559,0.407016129,377,16.6,1384,61.6666666666667,122,341,248,2.15760187709269,-0.935050009940957,-0.58937903419295,0.735721184310746,0.855514305028897,0.598608219517869,0.113741233085646,0.363196860319489,0.444199410736378,0.366677176213203,0.153557579075924,1.46143549502428,2.71817778137934,3.23956729877945,0.438786237942122,0.0618219988125613,21.8626528834903,2.22910573902673,23.5504216487432,30.8974358974359,0.615384615384615
238,238,"Plot_238",2014,"Broadleaf Forest",80101,"Changde",111.372702366534,29.8537821068916,18,2,24.3858872903452,0.515857712955789,0.633333333333333,275,16.4,1274,61,125,239.666666666667,186,1.39972184599102,-0.0620599236845416,1.06705821247679,0.326844137710367,0.361351059233421,0.633108488622994,0.247232091148599,0.266588600695843,0.548005924043981,0.202051912247775,0.376343533523334,0.555710846982981,2.31204527347115,3.54380512489234,0.55635552733119,0.0890596023804051,18.5112284449863,1.7725054645685,11.3507421346825,27.75,0.1
239,239,"Plot_239",2014,"Broadleaf Forest",40118,"Yongzhou",111.397407348323,25.4131243557997,12,2,36.6426193509551,0.375754994968788,0.448252688172043,743,16.3,1549,52.6666666666667,115.333333333333,280.333333333333,302.666666666667,1.11494466668494,0.302902664413942,-0.359609877020563,0.300735609374757,0.49370861923548,0.888667188737704,0.0692966922283229,0.279193311465275,0.112450950723621,0.0894076312795615,0.125667228848263,2.2090004510583e-16,1.67546773577701,2.43710412916599,0.389587628865979,0.0786011038297435,22.0910774101097,1.7457448824908,5.89052079457473,29.1752577319588,0
240,240,"Plot_240",2014,"Broadleaf Forest",40118,"Yongzhou",111.3992482926,25.919218701568,7,1,2.69152339837924,0.196830592034917,0.433629032258064,1007,15.1,1546,52,113.333333333333,269.333333333333,333.333333333333,1.81316719461719,0.0025137683152771,0.635253277575063,0.325736593950999,0.48157489674553,0.832605061319323,0.358981111705762,0.459803984975661,0.614073440535966,0.226151701264627,0.242342426890026,0.940656381611817,2.55883796815212,3.40899421989982,0.540444409163987,0.074850466988186,19.5192589993957,1.84613803945266,12.0190817593829,25.75,0.1875
241,241,"Plot_241",2014,"Broadleaf Forest",40118,"Yongzhou",111.439589191091,26.6044337250328,10,1,16.2222098043227,0.315087283695634,0.572096774193548,165,17.9,1365,57.6666666666667,126.666666666667,290.333333333333,205.666666666667,0,0.751351468906414,0.259864464968992,0,0,0,0,0,0,0,0,0,1.59,2.92,0.498555273311897,0.0465221762190519,19.284689742,2.365857369,7.2,30,0
242,242,"Plot_242",2014,"Broadleaf Forest",40118,"Yongzhou",111.441243440884,26.5330842977566,8,1,2.1327021592429,0.323925796413092,0.548091397849462,157,18,1368,55.3333333333333,127.666666666667,271,183,1.09991912495096,0.314351265053523,1.05239304259344,0.446495550346834,0.419730498372713,0.546276506306639,0.386549727455625,0.139779118644685,0.564361381447591,0.0854652194478202,0.202743991123682,6.10622663543836e-16,2.20543209876543,3.47061728395062,0.559518424437299,0.0747178389017825,18.1782405093072,1.8007532437852,9.33252154473953,26.6666666666667,0
243,243,"Plot_243",2014,"Broadleaf Forest",40118,"Yiyang",111.449131645241,28.3375276099431,7,1,10.6752790961883,0.362994879020442,0.56002688172043,246,16.4,1434,60.6666666666667,119.666666666667,291.666666666667,267.666666666667,2.19630686750939,-1.10259685196068,-0.365819234993584,0.643871300108069,0.573111835614697,0.738675771130311,0.515682994976968,0.319704170795373,0.568291760882756,0.350002618780694,0.403607056548461,1.3928950266175,2.61831723318887,3.22814093509318,0.451871466036977,0.0739439284564479,20.6552224905588,2.24907134280896,20.7225511910564,32.03125,0.65625
244,244,"Plot_244",2014,"Broadleaf Forest",40118,"Yongzhou",111.47977562758,26.1353875691809,21,2,6.04479718112398,0.385108816956001,0.566182795698925,153,18.3,1395,54,126.333333333333,289.666666666667,217,1.55220126704983,0.041496638485034,0.439483559909928,0.274707608493463,0.410365461337896,0.407549736866557,0.630926740364823,0.137438427825295,0.392143936072198,0.339256833178233,0.405487982247363,0.857578467566328,1.77932314097043,3.18916594889463,0.499036848874598,0.0695326665716592,18.7407292259935,2.3035212375713,11.2258005671026,31.6666666666667,0.166666666666667
245,245,"Plot_245",2014,"Broadleaf Forest",40118,"Loudi",111.487683818539,28.0126984455513,8,1,3.56292177255264,0.214256468617698,0.501155913978495,247,16.7,1424,63.6666666666667,122.333333333333,329.333333333333,274.333333333333,2.17093495232682,-0.292789688422001,0.670853872412189,0.256707894136499,0.764035242593336,0.15581074850372,0.988982800357848,0.611327553296355,0.643504543500286,0.333386680747002,0.224032110191668,1.20747048233339,1.6949255344664,3.1829095284607,0.496940533762058,0.0835245048310743,18.4946464227708,2.04568116979219,10.4302626832044,31.1666666666667,0.266666666666667
246,246,"Plot_246",2014,"Broadleaf Forest",40118,"Loudi",111.488020085133,27.9406004931985,21,2,10.2898121606333,0.406500249091632,0.489327957,504,15.5,1480,65.3333333333333,122.333333333333,345.333333333333,235,2.50609172251204,-0.247858311573845,0.486636070576989,0.399068512994464,0.373561900248894,0.920885289241931,0.515139972263628,1.01611359389427,0.64491757857987,0.476817414894559,0.809803065372523,1.22470710078894,2.33721732832198,3.4524759779411,0.509090909090909,0.0992995094271876,22.1878871040703,2.13105537583374,13.6146184422488,28.9090909090909,0.272727272727273
247,247,"Plot_247",2014,"Broadleaf Forest",80101,"Changde",111.49710312802,29.8890678577276,15,2,27.7946134658558,0.312459427734427,0.644005376,198,16.3,1267,61,127,297,192.333333333333,2.41273671899634,-1.06234212546813,0.937993660137628,0.368774370075539,0.0201037721040766,1.15415575045601,0.524600143783393,0.00502472276662385,0.944225213884495,0.509234967422067,0.870454431278459,1.47275975603483,2.23407914974776,3.73144672080719,0.519285714285714,0.109824080769647,17.6468527009048,2.03728159038474,17.3748404046939,32.8571428571429,0.392857142857143
248,248,"Plot_248",2014,"Broadleaf Forest",40118,"Yongzhou",111.519713290216,26.0992996432598,10,1,22.8894618473931,0.488208627878213,0.567903226,152,18.3,1397,55.6666666666667,127,283.333333333333,183.333333333333,1.71496292787348,-0.00393126530934099,0.748339787070226,0.509178784517917,0.465096723393557,0.771057217969236,0.502311205283921,0.172602865644462,0.703563992642592,0.247883076208728,0.353126983181695,0.735832606349126,2.12124132224475,3.38575700977831,0.530084998289663,0.0764683596046604,18.4270551553217,2.00873491574735,11.3697143665686,29.0425531914894,0.138297872340426
249,249,"Plot_249",2014,"Broadleaf Forest",40118,"Yongzhou",111.522695907103,26.7492659359821,20,2,45.6084332369583,0.297868682310256,0.542795699,364,16.5,1415,56.6666666666667,120.666666666667,312.333333333333,243,0.851669081172452,-2.56925064795195,0.135533013267778,0.232306987074719,0.131433008571194,0.266973718959479,0.329014987163203,0.107753618344937,0.272715208741296,0.154075432719538,0.337445561210235,0.390233924913836,1.91954371274217,3.66116317124341,0.420653479208676,0.133126968820763,17.985331363209,2.7352160350768,26.7975295200329,42.8813559322034,0.932203389830508
250,250,"Plot_250",2014,"Broadleaf Forest",40118,"Shaoyang",111.525998382855,27.4708675388744,25,2,11.0462953571602,0.310776995529464,0.377043010752688,797,14.2,1545,56.6666666666667,111.666666666667,313,359.666666666667,0.35427240344089,0.0533735399498142,1.33442333575764,0.0505116639328103,0.0856720666164194,0.18020088928261,0.0412047748980806,0.10616380435223,0.119680501036051,0.0469644832849892,0.0303754374335123,0.20557410114313,2.53694997966867,3.7064199672187,0.582931034482759,0.0880281048291284,17.9204153661697,1.56032605740136,10.7230156146551,25.1724137931034,0.0344827586206897
251,251,"Plot_251",2014,"Broadleaf Forest",40118,"Yongzhou",111.555930398876,25.2688341119021,12,2,16.5457931221571,0.265044670916985,0.66755376344086,204,19,1488,61.6666666666667,125.666666666667,261.666666666667,171.333333333333,2.00921822856183,-2.84349890035413,2.35852149473339,0.400333882322862,0.64789755557425,0.267391065899402,0.676830200339859,1.02383758070358,0.475776282095176,0.301861075597167,0.328445265620364,0.987930394636411,1.69155813953488,4.23781395348837,0.515133163987138,0.185101485838028,13.6792855485101,1.31599593177422,18.453357014472,32,0.8
252,252,"Plot_252",2014,"Broadleaf Forest",40118,"Yongzhou",111.559639658483,25.8464172504416,13,2,4.98624053272544,0.391706663686898,0.406612903225807,501,16.7,1487,50,112,225.666666666667,312,1.18545169179516,0.607628203888741,-0.14819963562162,0.372010984444014,0.345440706743998,0,0.136842737390558,0.327754936079604,0.99975589534475,0.0245820807481863,0.145975673609051,6.10622663543836e-16,2.2136522793474,2.8111827862851,0.498555273311897,0.0510546719066935,20.3144976631981,2.25463857507975,10.6062288873754,29,0
253,253,"Plot_253",2014,"Broadleaf Forest",40118,"Loudi",111.56909877148,27.9401087811254,25,2,37.8026068758009,0.398384568582862,0.448010753,566,15.5,1489,62.6666666666667,120.666666666667,333.333333333333,251,2.0005311998155,0.292759120424807,0.273781454790342,0.544461638216747,0.852554564413052,1.54831689892748,0.153464097425891,0.550004733552233,0.233699917584417,0.152072358704167,0.228086990014142,4.76114874021942e-16,2.01030982905983,2.92417887667888,0.465192307692308,0.0840460512464622,21.2185222342714,1.71135021639489,7.26681593575568,27.5,0
254,254,"Plot_254",2014,"Broadleaf Forest",40118,"Yongzhou",111.598156456885,25.7379331834812,20,2,63.6318647807681,0.44261184967232,0.420295699,629,16.1,1512,54,109,229.333333333333,375.666666666667,2.79887605385209,-0.800565199655004,-0.0784530717272229,0.499874999089878,0.844395770829439,0.830858328058666,0.606530586874313,0.151275135919147,1.17032745146411,0.468351882002508,0.816461754214612,1.44197296029729,2.46824311446514,3.15467846135926,0.493155266482657,0.0995626740459922,17.2095066060956,2.78624214905729,17.2393911640071,32.0353982300885,0.371681415929204
255,255,"Plot_255",2014,"Broadleaf Forest",40118,"Yongzhou",111.638066925376,25.7729654029098,39,3,35.1650481675092,0.446434256723468,0.405752688172043,781,15.7,1521,51,112,244.333333333333,323,1.6369084650102,0.0121913148631995,0.541958821227783,0.423100684061791,0.702220312390138,0.830405905863715,0.154129779755373,0.334448733150629,0.708038957003698,0.292918567892147,0.209467643890538,7.04991620636974e-16,2.57666800627446,3.22166724660363,0.537260228755168,0.0837089279077824,17.3252982367771,1.90125036993113,12.6849169673269,26.7857142857143,0
256,256,"Plot_256",2014,"Broadleaf Forest",40118,"Shaoyang",111.64719111856,27.4345320834321,14,2,11.1137354222192,0.315880357965511,0.376801075268817,690,15,1516,57,115,320.666666666667,326,2.27811847960595,-0.472641512175628,0.562080605746836,0.413802358943585,0.592988017151676,1.01228858660619,0.315314418131205,0.510866059785976,0.588574801806021,0.513241178885184,0.325610881740156,1.34285587184143,2.58308319934898,3.65320814746047,0.518217624532181,0.0762646672741335,20.1183723511766,1.84967372252095,18.5361532119826,28.4016393442623,0.319672131147541
257,257,"Plot_257",2014,"Broadleaf Forest",40118,"Yiyang",111.652225163492,28.2286594314799,7,1,2.15861344805728,0.396571463109982,0.485645161290323,506,15.3,1497,56,108.333333333333,321.333333333333,329.666666666667,2.14380626611379,-1.0457444619708,-0.45303099456998,0.73999734622932,1.11893310327677,0.529015363399258,0.015843306303198,0.408133856247122,0.49210229135579,0.428506854147714,0.202743991123681,1.37212554810613,2.69998355754497,3.53214405758619,0.439518424437299,0.0595522400537792,23.0261406537993,2.19754821399871,27.396974043866,31.6666666666667,0.666666666666667
258,258,"Plot_258",2014,"Broadleaf Forest",40118,"Yongzhou",111.678844832253,25.8091103622846,42,3,68.4923407940493,0.539580307537032,0.457715054,230,17,1472,52,116,309.333333333333,273.666666666667,1.31113198964477,-0.0899538019987367,0.681525196127562,0.418585843840013,0.555720650678578,0.543266525934371,0.0581156684069657,0.393876980970474,0.641978018837727,0.365511205977732,0.195660755744461,7.66235890765887e-16,2.75567527867384,3.3558395054688,0.557559106003901,0.0877380307274965,16.8668693365336,1.86216782716729,14.2695737114598,26.5573770491803,0
259,259,"Plot_259",2014,"Broadleaf Forest",40118,"Loudi",111.690433709223,27.8311387803961,17,2,11.7757735631268,0.360390950100446,0.610913978,239,16.7,1440,63.6666666666667,121.333333333333,315.333333333333,246.666666666667,2.52412030107958,-0.511309017866851,0.65791808253436,0.398072806517184,0.681967341932852,0.402458939937742,0.807604590320016,0.756847380590682,0.844786258521333,0.543145304102614,0.493343711734291,1.37212554810613,1.96177098286917,3.44277729926309,0.494913454805287,0.0804592893066799,18.4844027791806,2.00965743146881,14.6035014710206,30.2222222222222,0.333333333333333
260,260,"Plot_260",2014,"Broadleaf Forest",40118,"Yiyang",111.693611588889,28.2640057744686,15,2,4.62486712315032,0.265115024278291,0.503844086021505,660,15.1,1512,58.6666666666667,115.666666666667,296.666666666667,304,0.909382995498564,-0.120299707087766,1.17641510103625,0.11943358063438,0.165361886107028,0.477907497647065,0.0988455600391411,0.109553387133183,0.303190724695413,0.156489712234623,0.157689770873975,0.609833576936056,2.55148492909354,3.6659263237836,0.57,0.0878143425417416,17.9420426321457,1.6320473364636,11.86305201518,25.9722222222222,0.111111111111111
261,261,"Plot_261",2014,"Broadleaf Forest",40118,"Yongzhou",111.717625757684,25.701578477193,12,2,6.7502237590852,0.369575267831878,0.498091398,501,17.2,1478,55,120.666666666667,328.666666666667,263.333333333333,1.13768326424858,-1.41196383290714,-1.03178474264953,0.569385810213953,0.204081151061682,0.235117939288559,0.344764548800785,0.191809623037813,0.119940463819444,0.185412261248542,0.270325321498242,0.609833576936057,2.87362422798851,2.91295359689965,0.419839474812433,0.066848304350686,20.7601055749444,2.47920182366667,21.0791772018837,31.6666666666667,0.888888888888889
262,262,"Plot_262",2014,"Broadleaf Forest",40118,"Loudi",111.730056175372,27.7226991999972,17,2,30.7049907863678,0.364189183185841,0.630806452,213,16.9,1433,58.3333333333333,132.333333333333,314.666666666667,197,0.717861766157737,0.169165991930053,1.24197469618636,0.269657544577343,0.269172271616984,0.355609360061108,0.222516858722117,0.127219728502112,0.340455401650253,0.0876982220358114,0.145178176469451,4.17794454003677e-16,2.38466932613994,3.63227988450232,0.573957065493315,0.0823633822048989,17.9334108558665,1.65601322127801,10.6894420855145,25.9649122807018,0
263,263,"Plot_263",2014,"Broadleaf Forest",80415,"Changde",111.739099485216,29.0220979900063,7,1,23.7078987636918,0.12596873493788,0.634354838709677,32,17.2,1323,64.3333333333333,126.666666666667,185.333333333333,192,0,0.343801726396532,-0.716798461401051,0,0,0,0,0,0,0,0,0,1.51,2.17857142857143,0.35,0.0765834116987007,22.9732624011514,1.79069178645386,5,30,0
264,264,"Plot_264",2014,"Broadleaf Forest",40118,"Yongzhou",111.753835345267,25.1593394924884,30,2,24.3200295720106,0.514381748779564,0.335725806451613,837,16.8,1511,54,118.333333333333,264,274.666666666667,2.01732146696584,-0.0556889116150969,0.41879869348409,0.35365016763639,0.688154579515077,0.899474033230462,0.2331570238315,0.380262579036204,0.944265980020346,0.233040080764601,0.178952604410188,0.756069179568682,2.6852235263683,3.25983221197255,0.535949688409126,0.0802175950280754,18.3918828818133,2.01041914983319,12.5789042193803,25.8809523809524,0.142857142857143
265,265,"Plot_265",2014,"Broadleaf Forest",40118,"Yongzhou",111.757446613342,25.6654536318475,10,1,4.43863356622832,0.281741661641694,0.514327956989247,498,16.8,1487,51.3333333333333,114.666666666667,329.333333333333,268.666666666667,2.08126128014788,0.348654825419753,-0.0314162381687815,0.572223379224666,0.87420682128462,0.850940136978404,0.247442285794131,0.502622060482486,0.852938304892123,0.20764208697365,0.226201973567743,0.267904678297581,2.20207029834389,2.57621477620105,0.500257537269804,0.0723349730401226,20.0522990494516,1.98752108846056,8.33940406613105,27.7272727272727,0.0454545454545455
266,266,"Plot_266",2014,"Broadleaf Forest",40118,"Loudi",111.769911980749,27.5425086999874,26,2,54.4622055464951,0.646784070716057,0.519569892473118,847,15.4,1524,57,117.666666666667,312.333333333333,266,2.47195155808491,-0.0586764523370726,-0.921227238098274,0.480625242360559,0.714214509261513,0.539765109729426,0.134159072426303,0.564794961199319,1.38413632845181,0.389916079093978,0.257114979141075,1.23872445315136,2.81913825939514,2.60029924640844,0.482283793815251,0.0647393564438132,19.0447760032853,2.89786215298621,15.4146960602756,27.6543209876543,0.277777777777778
267,267,"Plot_267",2014,"Broadleaf Forest",40118,"Loudi",111.771840048608,27.9031190997101,12,2,13.9469617658142,0.361635915445685,0.573333333333333,448,16,1489,63,122.666666666667,281,236,0.736669657679543,0.0338543924072782,1.12087397086319,0.213179072056434,0.336752424498741,0.353169310315445,0.0946271272701839,0.172459672932863,0.376277384340252,0.180878448786279,0.131074565149904,5.10058983777065e-16,2.56340512261671,3.56767039076356,0.574096569271634,0.0862102878303846,17.219122568253,1.67023222821866,11.8907489921137,25.8695652173913,0
268,268,"Plot_268",2014,"Broadleaf Forest",40118,"Yiyang",111.774653989391,28.1912980108247,15,2,14.2159466174848,0.291770536166245,0.350483870967742,1081,13.2,1623,53.6666666666667,113,311.333333333333,330,0.812187605938815,0.23147191604694,1.20270018662566,0.329695287473702,0.3099317948745,0.403374209769825,0.285430892687209,0.103213831959987,0.416728201996378,0.0631080871309112,0.149707513065168,4.49831742736055e-16,2.32215197956577,3.57504469987229,0.571080401374875,0.0800652921691969,17.9683966893137,1.69357832348584,9.73696528598324,26.0344827586207,0
269,269,"Plot_269",2014,"Broadleaf Forest",40118,"Yongzhou",111.799008086479,26.0616683949662,14,2,40.2901253427606,0.3950021106189,0.400994624,509,16.8,1455,51.6666666666667,122,313,254.666666666667,1.92213799173466,0.244526443499227,0.542725316868948,0.543815358081056,0.793001437834718,0.884722144828598,0.291623387026442,0.419453307214985,0.828839119057107,0.244658726187086,0.26465630907426,0.0556221141608309,2.23805757995158,3.23687339281917,0.522033233265127,0.0764877888092711,18.9607039643247,1.99545570497631,11.2078035575731,27.4545454545455,0.00909090909090909
270,270,"Plot_270",2014,"Broadleaf Forest",40118,"Yongzhou",111.80383650524,26.7118161540074,7,1,13.0752018046127,0.307392526696935,0.585672043010753,185,17.9,1381,58,126.333333333333,286,179.666666666667,0.940844309062256,0.138868194511294,1.1257301891743,0.294769596614229,0.325695154481057,0.491495019924177,0.274199481361005,0.132349651139348,0.433213912263253,0.0644673679342563,0.152815185704359,0.251566703025342,2.38566876923652,3.56501471131953,0.56677536567011,0.0803469371990737,18.0686111297989,1.7018755110655,10.3501451902559,26.063829787234,0.0425531914893617
271,271,"Plot_271",2014,"Broadleaf Forest",40118,"Yiyang",111.815461129674,28.2275579835683,8,1,17.7465697979766,0.420167520839929,0.33516129,997,12.8,1645,53,107.666666666667,250.333333333333,360,1.54221946923652,-0.897085833906374,-0.93637081521549,0.699346684200611,0.0552405176450891,0.472179002042313,0.101582243164142,0.159825276274525,0.0463913301209434,0.354157976805069,0,1.22470710078894,2.76816388095815,2.83142988100312,0.434151438175972,0.0555783533715879,20.8309579750909,2.42263250590909,18.0006829850854,30,0.727272727272727
272,272,"Plot_272",2014,"Broadleaf Forest",40118,"Yiyang",111.817935736578,28.5160385976963,10,1,35.3469236675616,0.448930958291993,0.59,66,17.5,1368,59,127.666666666667,279.666666666667,190.333333333333,2.01869348655455,-0.615166040887531,-1.0614604820469,0.924070164440384,0.353906658247832,0.4028299039743,0.180876812086163,0.147891542129691,0.488788744113787,0.511999603111048,2.75797484397833e-16,1.54209257511299,2.38691035448049,2.49820713440897,0.380950226244344,0.0675000403139951,22.1672907377747,2.12765277795051,13.7955070493762,30,0.515837104072398
273,273,"Plot_273",2014,"Broadleaf Forest",40118,"Yongzhou",111.837410811726,25.664023911583,7,1,4.32942418238571,0.276229160151944,0.606102150537634,275,18.2,1446,60,124,328,154.666666666667,2.36698805190556,-3.66105334321183,1.42204942479169,0,0,0.873674644136042,1.21134156165617,0.773745587842233,1.51824944104488,0,0.684260970042425,0,1.80279069767442,3.70906976744186,0.475,0.201196642458104,13.5974431046429,1.825998384125,28.1560210855065,37.5,1
274,274,"Plot_274",2014,"Broadleaf Forest",40118,"Loudi",111.851997899147,27.685944948119,22,2,20.9994081878038,0.516302051926074,0.462392473,576,17.3,1437,60.6666666666667,129.333333333333,320,210.666666666667,2.31509678536559,-1.64859453006999,0.189792742180149,0.511657114082283,0.379880118540829,0.868457326949842,0.746263532862177,0.243822426635977,0.670336505986563,0.438754991988627,0.783456697001484,1.33411653015305,2.17370660938364,3.49416050722422,0.457216344559147,0.107816844512186,18.5378255445785,2.42120656366041,21.4136218640592,36.8421052631579,0.684210526315789
275,275,"Plot_275",2014,"Broadleaf Forest",40118,"Yongzhou",111.883438513881,26.0660230771218,26,2,38.3660783503966,0.398457062928041,0.257956989247312,834,14.9,1547,52,116,251.333333333333,322.666666666667,0.949439298136673,0.144554624358686,1.13072278133547,0.233809167560697,0.392927396849574,0.545445920773927,0.152849464452902,0.189339195194797,0.394616007255591,0.0765442233877765,0.120846674037198,0.0551255698654763,2.42029414912518,3.56971608620446,0.565519489006691,0.0843317822753241,18.1345542718935,1.67711431220299,10.5822617134139,25.7657657657658,0.00900900900900901
276,276,"Plot_276",2014,"Broadleaf Forest",40118,"Loudi",111.891802709493,27.6496100749471,10,1,15.8374591006106,0.303410766259739,0.629731182795699,194,17.2,1455,56.6666666666667,129,328.666666666667,184.333333333333,1.85018486418755,-1.78756873516671,0.181604755866208,0.0964074459978351,0.37562720530663,0.495542025580865,0.81991908913349,0.126549455609612,0.295391218109202,0.5244761685143,0.569746220923754,1.28530458754672,1.73992071881607,3.4759355179704,0.43616405802397,0.113996105556279,18.1545359543409,2.69955785483523,21.9644694011523,40.5681818181818,0.704545454545455
277,277,"Plot_277",2014,"Broadleaf Forest",40118,"Yiyang",111.897347649224,28.3711348710532,12,2,20.8336079840229,0.390718239391477,0.490994623655914,575,15,1517,56,114.333333333333,326,332,0.660820569217794,-0.0313410199456789,1.22495077535116,0.110282204577437,0.157593912402684,0.351852775925233,0.0892449073737985,0.104330428800166,0.201675320717978,0.101869849572083,0.0663410912783516,0.448981524570737,2.56816082089836,3.67110672806698,0.575789473684211,0.0864597820505668,17.9238942616086,1.59128449705192,11.3186894319027,25.3947368421053,0.0789473684210526
278,278,"Plot_278",2014,"Broadleaf Forest",40118,"Yongzhou",111.911824971719,25.086925393986,30,2,55.1148348744443,0.473873496688632,0.377231183,1050,15.1,1546,54.6666666666667,122,238.666666666667,262.666666666667,1.54859971535452,-0.115198823253777,0.569906305761248,0.439308477464816,0.637708736586718,0.62600229404414,0.148988547209427,0.32065558312821,0.848085520219989,0.356085137390077,0.246189132078756,0.143513131307018,2.70469664702933,3.29404824142996,0.550878199356913,0.0857313358021613,16.525710364857,1.9937541147926,14.3359088109924,27.0238095238095,0.0238095238095238
279,279,"Plot_279",2014,"Broadleaf Forest",40118,"Yongzhou",111.918661580917,26.0234744943515,41,3,23.7979929358707,0.3468236401541,0.228897849462366,1172,12.8,1654,51,99.3333333333333,198,419.666666666667,1.65188861793332,-0.210485519536818,0.313266117078789,0.567453576558976,0.702757642231261,0.851762814339737,0.0512782462291837,0.487016330365468,0.593822812791358,0.444801432665581,0.227951304713717,8.02880797076485e-16,2.74009709744342,3.11595936661443,0.525045960316838,0.0868069845482504,16.5872247451308,1.89774966935928,15.3862883683761,27.5609756097561,0
280,280,"Plot_280",2014,"Broadleaf Forest",40118,"Yongzhou",111.924219818008,26.6744076289254,20,2,43.6915780442517,0.441617690476676,0.533145161,328,17.6,1404,58,122.666666666667,290,231,1.89845318504154,-0.203840813117457,0.7867399927413,0.19889899638475,0.521065281654364,0.724477056217816,0.265256348450197,0.0842387589755092,1.1872364464213,0.236857645177468,0.410129363938019,0.693915729843472,2.51102351721426,3.46858771281501,0.552025044082564,0.0923085264454383,17.3685537191005,2.07657644207007,12.8883825128999,27.5806451612903,0.129032258064516
281,281,"Plot_281",2014,"Broadleaf Forest",40118,"Loudi",111.935671362533,27.9743777645779,16,2,10.1727298400663,0.347648792563743,0.380134408602151,452,15,1563,53,111.333333333333,313.333333333333,340.333333333333,0.654129921020633,-0.0372515222666068,1.32299725981833,0.122780248621194,0.0777783737187885,0.332068559022389,0.0827994928793426,0.0949210403079117,0.235634909201781,0.15754539668528,0.187081674970659,0.329720450328101,2.46635222344863,3.73473207671147,0.576360576351392,0.0889422622050735,17.8927220187362,1.60504205776944,11.7508221965918,26.1320754716981,0.0566037735849057
282,282,"Plot_282",2014,"Broadleaf Forest",80415,"Changde",111.948650992002,29.4899206010527,5,1,19.9908931924558,0.369138191034896,0.622661290322581,35,17.1,1261,67,131.333333333333,337.666666666667,163.333333333333,0,0.343801726396532,-0.716798461401051,0,0,0,0,0,0,0,0,0,1.51,2.17857142857143,0.35,0.0765834116987007,22.9732624011514,1.79069178645386,5,30,0
283,283,"Plot_283",2014,"Broadleaf Forest",40118,"Yongzhou",111.950196856569,24.977996791552,40,3,23.0492543419989,0.662647779142207,0.446236559139785,508,16.9,1506,55,120.333333333333,241.666666666667,281.666666666667,1.54008958400302,-0.25249499591903,0.835983520229372,0.257020562740117,0.36728388052592,0.820018051112459,0.207991637479436,0.243149523750295,0.470018754343376,0.237414967932412,0.154612656488768,1.04638354435559,2.6638134861307,3.54101569034828,0.551081081081081,0.0823635079859891,18.4435656593477,1.71835728951774,12.9181675684354,26.0810810810811,0.216216216216216
284,284,"Plot_284",2014,"Broadleaf Forest",40118,"Yongzhou",111.950852115435,25.1220729117126,29,2,31.6667523234845,0.420348115915327,0.312741935483871,1031,15,1544,54.3333333333333,107.333333333333,199.333333333333,393.333333333333,0.180583545415362,0.0664486983424887,1.37254136374223,0.0641469127120992,0.0846784251858729,0.0809468350964447,0.00179402678033996,0.0540457654646098,0.0875515315810631,0.0572781101506142,0.0300424496144659,1.65902645157055e-16,2.54366089174583,3.70759100452323,0.586882566135633,0.0887705108238966,17.4773795230702,1.54845480686472,10.891996080648,25.1704545454545,0
285,285,"Plot_285",2014,"Broadleaf Forest",40118,"Yongzhou",111.951631279125,25.1944049003271,65,4,138.464194345592,0.357183890384735,0.273924731,1200,13.5,1616,55,110.666666666667,206,350.333333333333,1.47043112792959,-0.0266964611001232,0.951362280508618,0.240223420053658,0.422223462902227,0.603321982783594,0.210874290728763,0.112465660730426,0.874654389924697,0.1552263579669,0.300700621600675,0.444701334255586,2.44377320049621,3.51514610850439,0.559439187600482,0.0879334700570115,17.7881641595028,1.91410065927353,11.6303844907746,26.953125,0.078125
286,286,"Plot_286",2014,"Broadleaf Forest",40118,"Yongzhou",111.954179538071,25.2667066985175,18,2,12.085565068104,0.446792753651757,0.302150538,700,16.8,1498,54,116.333333333333,238.333333333333,353.333333333333,2.11726286593496,0.483646706809893,-0.420192018845351,0.60533580004243,0.712892977070972,0.523486836753448,0.220016784679421,0.364734228784054,1.52699979310268,0.11654614286299,0.202743991123681,6.07538710697655e-16,2.46603798702714,2.64156433401393,0.502370182207931,0.0686898134775981,17.9788900479422,2.77633424575681,9.80966040994057,26.6666666666667,0
287,287,"Plot_287",2014,"Broadleaf Forest",40118,"Yongzhou",111.958238139269,25.9889213738667,7,1,0.42184006370249,0.150662867465522,0.300967741935484,1172,14.2,1584,51,105,230,376.333333333333,1.62936267691157,0.220954274141971,0.682659689121445,0.226538025415019,0.724657849523237,0.460920802196227,0.162908384183427,0.116152100521117,1.35097272229625,0.0277222419612604,1.38777878078145e-17,2.77555756156289e-17,2.65192646029536,3.32342292730082,0.567138818327974,0.0835344065432077,17.2163826030695,2.11942371814638,10.7062148669053,25,0
288,288,"Plot_288",2014,"Broadleaf Forest",40118,"Hengyang",111.96529993535,26.7833477482102,21,2,11.9620034454278,0.360419577327137,0.591424731,181,17.9,1395,55,124.666666666667,318.333333333333,221.333333333333,2.36549517766429,-0.697649268077083,0.381654195406889,0.312080133032282,0.443074149929929,0.725579268886008,0.82170052804923,0.267037429367454,0.495864708313117,0.574462312513521,0.743194689355743,1.46143549502428,1.8733525475386,3.35978466838932,0.480176522384368,0.0911263010323458,18.9732543216407,2.4091817705008,15.7332737910464,34.4102564102564,0.384615384615385
289,289,"Plot_289",2014,"Broadleaf Forest",80415,"Changde",111.986821691838,29.1648397283675,3,1,19.7897879811041,0.201738997542237,0.621666666666667,29,17.2,1301,65.6666666666667,127,287.666666666667,170,0,0.343801726396532,-0.716798461401051,0,0,0,0,0,0,0,0,0,1.51,2.17857142857143,0.35,0.0765834116987007,22.9732624011514,1.79069178645386,5,30,0
290,290,"Plot_290",2014,"Broadleaf Forest",40118,"Yongzhou",111.989991829035,24.9414328657018,25,2,37.5644339659272,0.356030574647739,0.438763441,403,18.1,1498,56,120.333333333333,227.333333333333,267.666666666667,0.997337899319539,0.103553910195805,1.10462146400945,0.194750292890883,0.391172062628443,0.543691006736805,0.117368490960214,0.139405021267408,0.494961254757818,0.0500024220800876,0.133486768473397,0.11869598167008,2.44553873352864,3.5453046451034,0.565824957863102,0.0868294322836302,17.9370185984991,1.71567185140233,10.3950346403716,25.8169934640523,0.0196078431372549
291,291,"Plot_291",2014,"Broadleaf Forest",40118,"Yongzhou",111.995314307543,25.5187110441563,11,2,1.44855086744604,0.426268262919078,0.614516129032258,278,18.6,1444,58,125.333333333333,344.333333333333,178.666666666667,0,0.0958511631270775,1.44865733140566,0,0,0,0,0,0,0,0,0,2.51314814814815,3.74592592592593,0.59,0.0888156702431478,17.6250158929608,1.5182011811778,10.3987823171093,25,0
292,292,"Plot_292",2014,"Broadleaf Forest",40118,"Hengyang",112.005258143325,26.7468463044074,24,2,41.2131885678368,0.591137626278863,0.589569892,144,18.1,1393,55,126.666666666667,272,187.333333333333,2.4695332037803,-0.880238428750688,-0.328016654182994,0.774299910673946,0.450072325039815,0.695471933871561,0.653921676295839,0.577653272440384,0.301475843740066,0.459890000162658,0.571058223750031,1.54180575857347,2.51384833342439,3.08310439031611,0.463589931256237,0.0821460257340925,19.2633636020647,2.43327412579478,19.2028579490787,32.0344827586207,0.482758620689655
293,293,"Plot_293",2014,"Broadleaf Forest",40118,"Yongzhou",112.031022306218,25.1221778052877,23,2,7.09090893979887,0.238052184260378,0.307661290322581,894,15.6,1523,54.3333333333333,111.666666666667,226.333333333333,347.666666666667,2.39289695327943,0.416361944771201,0.293214851515404,0.624703462671995,0.964079975246396,1.15581895472477,0.312222000915672,0.763078766418932,0.353989415241663,0.507835449320322,0.488025181000672,0.228349296097543,2.14250617390395,3.25054595855224,0.480876014098442,0.0703635924574145,23.2128332138416,1.81811413619793,12.9175401536171,26.4615384615385,0.0384615384615385
294,294,"Plot_294",2014,"Broadleaf Forest",80415,"Changde",112.03133829221,29.4893413012126,3,1,16.9832366506795,0.105744163055926,0.605483870967742,30,17,1259,64,130.333333333333,343,196,0,0.343801726396532,-0.716798461401051,0,0,0,0,0,0,0,0,0,1.51,2.17857142857143,0.35,0.0765834116987007,22.9732624011514,1.79069178645386,5,30,0
295,295,"Plot_295",2014,"Broadleaf Forest",40118,"Yongzhou",112.040697955238,26.2050701784453,60,4,48.1262917188435,0.434254163791197,0.315564516129032,435,16.5,1474,54.3333333333333,117,332,266,0.511659004176429,0.162617197423115,1.30366454083891,0.0705531536235075,0.124586283553678,0.1864253077326,0.122008746205964,0.323787374014836,0.148278001260498,0.0720634273761872,0.10798493433482,0.0949701154511931,2.53383931370404,3.70871633931264,0.582477426145498,0.0855977549577086,18.5517514179883,1.57188638677156,10.8900334802066,24.625,0.015625
296,296,"Plot_296",2014,"Broadleaf Forest",40118,"Yongzhou",112.042823171155,26.1358514151949,10,1,4.5547595211144,0.330879290370738,0.289220430107527,1090,13.7,1619,50,102.666666666667,254.333333333333,384.666666666667,1.52612482134968,0.48253350626402,-0.91897174474555,0.212184376421781,0.678742889360608,0.431716453847705,0.152586365350868,0.108792601039062,1.26537389967142,0.0259657362722549,1.26161707343768e-17,5.55111512312578e-17,2.94209929478499,2.44000756653924,0.519338165741011,0.0724917642615146,16.3619675423876,3.37652538635342,11.3490283801152,25,0
297,297,"Plot_297",2014,"Broadleaf Forest",40118,"Yongzhou",112.068823786162,24.8688574598078,25,2,44.5347796845224,0.489110610537745,0.444650537634409,528,18.2,1502,54.6666666666667,119.666666666667,254,221,2.16760846662487,0.223470121771382,-0.872534146135363,0.661932305246743,0.616714214374032,0.567034477120597,0.24183972495099,0.433790586997526,1.47847499322919,0.174280635263584,0.261601270133053,0.526704831945099,2.58646217018396,2.44579253788732,0.478534430089542,0.0722974766898963,17.2822833441767,3.09568823530585,11.5453859552292,27.1748878923767,0.094170403587444
298,298,"Plot_298",2014,"Broadleaf Forest",40118,"Yongzhou",112.109096850251,24.9047775069675,33,3,17.2569764696829,0.604091190907437,0.405268817204301,660,17.2,1499,54,119.333333333333,235.666666666667,282.666666666667,1.82053870862241,-0.0345959910649863,0.414840451124398,0.551133141077876,0.744275348930217,0.959835305967565,0.168173332419558,0.465196257099209,0.519996707275784,0.410632090158876,0.237512072246131,7.15336880639163e-16,2.47264059109683,3.15201817618782,0.515189297719965,0.0827379934387015,17.8240942385225,1.85164043247263,13.4453117978467,27.7272727272727,0
299,299,"Plot_299",2014,"Broadleaf Forest",40118,"Hengyang",112.129938253156,27.1428398012482,22,2,19.4731151183931,0.503795282707829,0.592392473,162,17.8,1465,55.3333333333333,125.333333333333,308,202.666666666667,2.35410236490727,-0.776365473293597,0.238372810201555,0.41054155248666,0.512334725227856,1.20596970109377,0.362956898050248,0.340301769922913,0.743364037564853,0.381440612412766,0.347762262552426,1.53887691679958,2.72494004489673,3.37430075289523,0.505,0.0816670690223515,19.1019006479515,1.98831214718412,16.4099465206803,28.6111111111111,0.472222222222222
300,300,"Plot_300",2014,"Broadleaf Forest",40118,"Yongzhou",112.146286550496,24.8680391871492,26,2,30.1379145947957,0.659414461412199,0.290752688,1118,15.1,1547,56,117.333333333333,201.666666666667,274,2.02396870354711,-0.28674182306157,0.0370482741092841,0.753332160962741,0.585109823230265,0.801614205836722,0.304215116225689,0.512870781538608,0.603725555648258,0.51379576273875,0.228086990014142,0.471668157161481,2.43124913751443,2.9691441662347,0.489277636655948,0.0837428155546667,17.3540790526277,2.11081350788895,15.2681593522619,30,0.0833333333333333
301,301,"Plot_301",2014,"Broadleaf Forest",40118,"Hengyang",112.200590993533,26.2034903578779,25,2,6.41732485760171,0.330577007105145,0.365268817204301,515,15.6,1532,53,113.666666666667,259.666666666667,290,0,0.59626360718665,-1.6153332377312,0,0,0,0,0,0,0,0,0,3.068261396737,2.05591393142551,0.498555273311897,0.0676906154433872,15.9904827333955,3.92309132905213,11.6285125162934,25,0
302,302,"Plot_302",2014,"Broadleaf Forest",40118,"Loudi",112.216101625607,27.6476860539844,17,2,16.6993916016332,0.398259430993058,0.566989247,205,17,1538,57,122,307.666666666667,253.666666666667,1.92649892683886,-0.22473052857664,0.537898586865698,0.368434079410325,0.49879154139202,0.959224603769663,0.341271985603342,0.275655785966537,0.649067012137336,0.283816234147064,0.220265076776345,1.185787510709,2.55704436017009,3.37786397849889,0.529785966416577,0.074813346940485,18.8523953034397,1.88378187594796,12.9458181779702,27.037037037037,0.259259259259259
303,303,"Plot_303",2014,"Broadleaf Forest",40118,"Xiangtan",112.217758596178,27.7914396963057,6,1,0.951709138252472,0.281904303692048,0.552688172043011,354,16.6,1541,58,127.666666666667,326.333333333333,190,1.74531720377684,1.43805333012538,-0.213754100985289,0.767215498572394,0.0400202678100886,0.144120876598639,0.0723763115558197,1.32377689903958,0.0547865223608726,0.0169726700080338,0.82111316405091,1.38777878078145e-16,2.295,2.885,0.509277636655948,0.0430026668745397,26.2704348156115,2.32928495185729,7.4823338327781,21,0
304,304,"Plot_304",2014,"Broadleaf Forest",40118,"Xiangtan",112.218551014088,27.8642269977909,11,2,13.1884116228296,0.478509202275774,0.524704301075269,293,16.7,1525,56,122,339,265,2.30466157008646,-1.77162575657637,0.277936631335348,0.493175161291025,0.394288924746077,0.691044906048446,0.58948688301036,0.624302818237902,0.593566639216727,0.319361286332218,0.651923495087679,1.4706903322801,2.08768625202742,3.70596553758489,0.452231810429191,0.118744947317637,19.0513080200289,2.51402058144123,26.3151898880335,39.1304347826087,0.608695652173913
305,305,"Plot_305",2014,"Broadleaf Forest",40118,"Yongzhou",112.234756450717,25.5891279393017,7,1,30.0358588076623,0.34600327252249,0.527688172043011,545,16.6,1489,58,123,340.666666666667,186.666666666667,2.080773047256,-2.76350380629246,0.780605425547579,0.174714334521137,0.00952456962724626,0.869900059545343,0.772732006373512,0.45991316638134,1.11389156051083,0.241260390275536,0.668757671513887,0.697749793816827,1.89504491202166,3.7138562815307,0.457012987012987,0.156766701810023,16.18859720993,2.29935507180556,25.8498861805198,39.6753246753247,0.87012987012987
306,306,"Plot_306",2014,"Broadleaf Forest",80415,"Changde",112.277545775583,29.4146893686261,11,2,25.8576146961228,0.233985583417715,0.606236559139785,31,17.1,1264,68.3333333333333,131,228,179.333333333333,0.333344306439054,0.220238072210611,-0.730624798556145,0.132126919030219,0.0187676462157599,0.065714985246852,0.0462935606840258,0.121261651048272,0.0366166306617492,0.0783227419813797,0.0371712613875469,0.251566703025342,1.57340425531915,2.18714285714286,0.352553191489362,0.0777590172015451,22.6390852435551,1.80345657599233,5.68038697019046,30.2127659574468,0.0425531914893617
307,307,"Plot_307",2014,"Broadleaf Forest",40118,"Yongzhou",112.310016009001,25.2286878230138,7,1,5.207097691681,0.337271712034408,0.357231182795699,632,16.8,1489,53.6666666666667,112,265.666666666667,260.666666666667,1.02963962279803,0.353160258095671,0.833620548155718,0.279216462640414,0.426459361743486,0.614561069594969,0.431027956083982,0.357247620262893,0.239178376585499,0.00144651188736053,0.228086990014142,8.88178419700125e-16,2.25657407407407,3.37296296296296,0.544277636655949,0.067855678132834,19.5102586443047,1.67786328388223,10.3747201486276,27.5,0
308,308,"Plot_308",2014,"Broadleaf Forest",40118,"Hengyang",112.324750904493,26.5994343898753,18,2,44.5937067273254,0.385144731145718,0.581774194,80,18.4,1387,55,127.666666666667,308,191,2.07099810687986,-0.384271261530147,0.535199092222154,0.230783677644386,0.437085770762005,0.466474687437248,0.944563709380238,0.259052757024618,0.545189636738709,0.477634015638202,0.470270085920018,1.20252686102923,1.76473276794982,3.23495770666313,0.494593370984143,0.084367693785415,18.1583130081745,2.26140438764673,13.1625503282679,32.4358974358974,0.264957264957265
309,309,"Plot_309",2014,"Broadleaf Forest",40118,"Changsha",112.342178623035,28.0428013729511,13,2,14.7898761209918,0.364484777587234,0.585376344086022,151,17.3,1466,58,132,329.666666666667,207.333333333333,1.05200001118031,0.345321068961571,1.07150567553456,0.208729106790647,0.292587439004178,0.410915804150059,0.230000996173846,0.607684787664096,0.429022937444262,0.105235691114269,0.11171607674162,4.07081775695891e-16,2.39797619047619,3.54690476190476,0.5662221819017,0.085792323034879,20.011537877839,1.74095028907081,9.12781996481531,25.7142857142857,0
310,310,"Plot_310",2014,"Broadleaf Forest",80415,"Yiyang",112.388328994286,28.4396418643924,10,1,5.66441777285997,0.303349358540276,0.568790323,422,16,1468,59.3333333333333,121,322.333333333333,270.333333333333,1.66433867712221,-0.00544128893149275,1.42974121913253,0.453336292103652,0.716976861401903,0.614561069594969,0.28900877147501,0.817848538724299,0.139763882026548,0.832308455635436,0.456173980028283,2.77555756156289e-17,2.09657407407407,4.37296296296296,0.544277636655949,0.0747617753984537,21.9409103646794,1.61149972933696,24.2439131198613,30,0
311,311,"Plot_311",2014,"Broadleaf Forest",80415,"Xiangtan",112.418817970153,27.6095165268588,14,2,26.6031873977224,0.424223809532332,0.57260752688172,157,17.6,1559,58,125.333333333333,293,204.666666666667,2.11696230976562,-0.404745887564093,0.444668396911129,0.389924983843036,0.535774995237851,1.05659713554771,0.313760483463148,0.352079722970438,0.643595490270554,0.364998140323898,0.23661284759744,1.36559219844222,2.66739926373864,3.42174500406305,0.522801862828369,0.0757729523319185,19.2132814906817,1.87712569488926,14.8488160762816,27.2169811320755,0.330188679245283
312,312,"Plot_312",2014,"Broadleaf Forest",80415,"Yiyang",112.434837930905,28.8355485238061,9,1,31.6588292934407,0.102005745024964,0.543629032258064,32,17.4,1333,59.3333333333333,129.666666666667,326.333333333333,193.666666666667,0,0.343801726396532,-0.716798461401051,0,0,0,0,0,0,0,0,0,1.51,2.17857142857143,0.35,0.0765834116987007,22.9732624011514,1.79069178645386,5,30,0
313,313,"Plot_313",2014,"Broadleaf Forest",40118,"Hengyang",112.44689892864,26.706789091792,16,2,14.2941369290216,0.441288279144451,0.584274193548387,93,18.2,1393,54,127.333333333333,314.666666666667,197.666666666667,2.44992902821585,-0.574598126427106,0.923254969194355,0.39342446393715,0.409676199648625,0.526250888427133,1.19606394548364,0.584527807636427,0.831222737978183,0.46805894159112,0.276582852088479,1.185787510709,1.93432776661244,3.34059559128465,0.520495764558771,0.10585688435868,18.0476706072619,1.94972067261492,13.1402018645425,29.8148148148148,0.259259259259259
314,314,"Plot_314",2014,"Broadleaf Forest",80415,"Xiangtan",112.462772176462,27.9338756119529,26,2,11.3559874186761,0.409399234753963,0.561075268817204,319,16.7,1537,58,122.666666666667,294.333333333333,256.333333333333,0,0.854350990022299,0.490318337201248,0,0,0,0,0,0,0,0,0,2.5,3.35,0.54,0.102819377108742,27.1866,2.11,5.9,25,0
315,315,"Plot_315",2014,"Broadleaf Forest",40118,"Chenzhou",112.468773586525,25.2262834460349,26,2,22.912730045905,0.515407638060063,0.358709677419355,1146,14.9,1561,54.3333333333333,117.666666666667,232,274.666666666667,1.94964948763051,-0.532846369542475,-0.225437361749781,0.884272218214333,0.395672326632311,0.35751985371679,0.505749788510281,0.475471696362269,0.383069559406839,0.517347692936065,0.4027139716609,0.874209674016455,2.49735513738347,2.92906247206646,0.487896798682456,0.0829558324258992,16.2853683193156,2.49783177929535,18.475007318882,32.0731707317073,0.170731707317073
316,316,"Plot_316",2014,"Broadleaf Forest",80415,"Yiyang",112.470906177165,28.5109445128329,14,2,30.9643146276027,0.389555870072333,0.608387096774194,49,17.6,1362,58.3333333333333,130.666666666667,307.333333333333,189,1.99606479973324,-0.279950256182899,0.717777461407245,0.290560445169293,0.401436939262473,0.888050491817276,0.335341711641836,0.535434378185866,0.636166368160386,0.31260574237955,0.347484553926367,1.167438977799,2.61966140185244,3.50713313782323,0.540759493670886,0.0853333054111222,19.3839434142601,1.8157702051071,13.612313199697,26.2278481012658,0.253164556962025
317,317,"Plot_317",2014,"Broadleaf Forest",80415,"Yiyang",112.476539701921,28.8722190058841,12,2,47.1026081269972,0.0929753712684772,0.549327956989247,30,17.4,1327,61,129.666666666667,312,160,0,0.343801726396532,-0.716798461401051,0,0,0,0,0,0,0,0,0,1.51,2.17857142857143,0.35,0.0765834116987007,22.9732624011514,1.79069178645386,5,30,0
318,318,"Plot_318",2014,"Broadleaf Forest",40118,"Chenzhou",112.478211228247,26.0205762720305,8,1,0.666797378722255,0.306258206837329,0.560376344086022,254,17.9,1440,61.3333333333333,126.666666666667,305.666666666667,174,0,2.12475519134434,-0.687372666939571,0,0,0,0,0,0,0,0,0,3,2.85,0.52,0.0394831575300274,33.256179889223,2.29271253471459,7.7646676655562,12,0
319,319,"Plot_319",2014,"Broadleaf Forest",80415,"Yiyang",112.509190533254,28.3300545491462,15,2,10.365315112736,0.452561218841281,0.613064516129032,68,17.7,1385,59.3333333333333,133.666666666667,305.666666666667,179,2.26152823795787,0.304752684441585,-1.03616585611212,0.114252717972126,0.0296058013050758,0.739263160422805,0.20041226387729,1.12233045706856,0.113258928034145,0.429413946590022,0.82111316405091,1.54364124161939,3.10498766815873,2.82410804318965,0.465,0.0492287886669081,27.3334942258615,2.36831785848229,14.9078033850243,21,0.5
320,320,"Plot_320",2014,"Broadleaf Forest",80415,"Yiyang",112.55788831557,28.8707620035414,3,1,5.01394567097762,0.0637203892046313,0.533655913978495,29,17.4,1328,61.3333333333333,131,316.666666666667,178.666666666667,0,0.343801726396532,-0.716798461401051,0,0,0,0,0,0,0,0,0,1.51,2.17857142857143,0.35,0.0765834116987007,22.9732624011514,1.79069178645386,5,30,0
321,321,"Plot_321",2014,"Broadleaf Forest",80415,"Changsha",112.585376391313,27.9683343751483,22,2,19.506112207,0.577405401373374,0.601747312,94,17.7,1469,57.3333333333333,132.333333333333,337,203,1.39956023372494,-0.25898608513709,1.1690535976432,0.297243923430825,0.143306834124493,0.682041973224247,0.283177499700298,0.0478052500737573,0.592240245943778,0.259791617043019,0.453358091262677,0.738470347071005,2.33755837879223,3.67197985453154,0.557379606109325,0.0927184282505082,17.771042130664,1.7723524728119,12.5985002862942,28.1944444444444,0.138888888888889
322,322,"Plot_322",2014,"Broadleaf Forest",80415,"Yiyang",112.599867900437,28.9058108398005,4,1,13.0651209302055,0.16414039665698,0.541962365591398,31,17.4,1326,61.3333333333333,131,324.666666666667,203.666666666667,0,0.343801726396532,-0.716798461401051,0,0,0,0,0,0,0,0,0,1.51,2.17857142857143,0.35,0.0765834116987007,22.9732624011514,1.79069178645386,5,30,0
323,323,"Plot_323",2014,"Broadleaf Forest",40118,"Hengyang",112.608699329413,26.7772133893742,18,2,33.7975762252051,0.413011723166325,0.587983871,94,18.3,1389,55.3333333333333,130.666666666667,296.333333333333,177.333333333333,2.17409934082872,0.333953737879089,-0.208117928440743,0.356352501592365,0.892128211090126,0.620855485134817,0.235331240787236,0.1947270447576,1.70451768320503,0.0647121175187474,0.0677675048384023,0.122218712733053,2.76853707032307,2.83804584444052,0.535561010425801,0.075611338700905,16.9538843229517,2.77364006897073,11.2592413419563,25.4040404040404,0.0202020202020202
324,324,"Plot_324",2014,"Broadleaf Forest",80415,"Changsha",112.628869763247,28.1479837120799,15,2,7.63575758966935,0.420790186331097,0.588440860215054,189,17.5,1433,57.6666666666667,123.666666666667,345.666666666667,253,1.27722005621424,-0.217644826576294,0.964796590560534,0.261097295971903,0.353614168937836,0.635559401905513,0.11604254336997,0.164389962437522,0.534999610319092,0.293606164651134,0.274841663867456,0.581537974682098,2.5823574440088,3.55400429347232,0.559020430698934,0.0888071757178834,17.4150096032687,1.75218671042454,13.3853724149073,26.9736842105263,0.105263157894737
325,325,"Plot_325",2014,"Broadleaf Forest",80415,"Xiangtan",112.665502805297,27.8952159193811,8,1,5.52380413392512,0.305607709873621,0.617634408602151,80,17.8,1494,57,130.666666666667,289.333333333333,196.333333333333,0.638744020112985,-0.113276082396677,1.42995748191803,0.12007621662615,0.0538890677954301,0.20036620582809,0.307422745293187,0.119104762428152,0.157520759073285,0.119266734926836,0.115402721591161,0.34184442720983,2.45300366485957,3.71980003715526,0.581736377908076,0.0960266143144002,17.5280626027798,1.54465898963586,11.2923931341872,25.6862745098039,0.0588235294117647
326,326,"Plot_326",2014,"Broadleaf Forest",40118,"Chenzhou",112.674958847867,25.7657899593208,30,2,21.4672970619537,0.445291939999506,0.576263440860215,255,18.4,1439,62,128,296.333333333333,154,2.03363902546785,0.135418060281768,-0.976224574144855,0.248581867842526,0.656681977811478,0.436540934831921,0.163309450323479,0.298293534252215,1.3433653218048,0.189462480982351,0.159944127402174,0.87599541931684,2.9531856530265,2.51125633369886,0.499873690796906,0.0703741623343871,17.2385463360442,3.21209230129689,13.1661661932351,26.0810810810811,0.171171171171171
327,327,"Plot_327",2014,"Broadleaf Forest",80415,"Changsha",112.790830415984,28.0739933011163,10,1,24.1829193796328,0.401002507039879,0.600456989,81,17.8,1432,60,131,311.333333333333,177,1.15684577212557,0.155460606950495,1.04635117167281,0.35939201496511,0.369463964011965,0.544978253544996,0.312916761838465,0.244653064541667,0.543077926522239,0.117123897869998,0.245813367497123,0.183231051170981,2.33915318416468,3.52137221387377,0.560783380471159,0.0817099158606321,18.3065970991604,1.77943490980739,10.5999973939631,26.6530612244898,0.0306122448979592
328,328,"Plot_328",2014,"Broadleaf Forest",80415,"Changsha",112.795456994004,28.3630215776691,20,2,31.3526826039764,0.536663624703158,0.625,38,17.8,1366,59,133,315,172,1.71607472553287,-1.13013395420397,-0.686285111621063,0.378942435506652,0.381819792640197,0.820854864652558,0.278316218951046,0.256896099994231,0.495658830904455,0.268616641695433,0.165051230078593,1.15773093121454,2.96774019987309,3.02864244602138,0.450713528436495,0.0670733957941246,20.5245329009443,2.23982267867299,19.3264278912582,29.453125,0.75
329,329,"Plot_329",2014,"Broadleaf Forest",40118,"Hengyang",112.803362465291,26.3779618708616,12,2,3.64224880725747,0.294104209305178,0.580403225806452,99,18.5,1428,59.6666666666667,126.666666666667,281.333333333333,160.333333333333,2.74865332060942,-1.20754228218255,1.46794482592669,0.395035717026787,0.410365461337896,0.422484346168027,1.75877694435169,0.752982033543325,0.799285929407263,0.517171367250827,0.202743991123681,1.37212554810613,1.96864628194086,3.45833189778926,0.542851757770632,0.131813169022603,15.4746637830822,1.56551951672593,15.2516011342053,28.3333333333333,0.333333333333333
330,330,"Plot_330",2014,"Broadleaf Forest",80415,"Hengyang",112.816472897709,27.1716498782856,7,1,11.0090291927097,0.802762018118796,0.600376344086022,76,18.2,1655,59.3333333333333,132.666666666667,326.333333333333,185,1.77999061307154,-0.937706250536324,-0.960957867750096,0.540941803348548,0.0981052774158638,0.491066162124006,0.122727413599099,0.295774452734947,0.518247799063925,0.287381480325928,0.150801315711829,1.2736953848205,2.85434838972351,2.85253358067083,0.43576153405437,0.0571531492526163,20.5474478573705,2.43213251067066,18.1843741465247,30.9090909090909,0.709090909090909
331,331,"Plot_331",2014,"Broadleaf Forest",40118,"Chenzhou",112.820907567682,24.8976510216995,10,1,5.85443737729236,0.2671429021866,0.29508064516129,1210,14.5,1664,53,111.333333333333,235,330.666666666667,1.08127425378624,0.616739385797821,0.131759596245964,0.315231914425065,0.596294527839784,0.179320868331704,0.204080059084704,0.318281526746201,0.528925681126625,0.142460242733387,0.0696932469487654,1.0377501327399e-15,1.82835615829088,2.60724021038902,0.509990576098607,0.0559238494225972,19.837745609829,2.06700525153032,7.65464711232666,29.5833333333333,0
332,332,"Plot_332",2014,"Broadleaf Forest",40118,"Chenzhou",112.821910395188,24.9698974595805,49,3,60.4589674561262,0.562461475052254,0.348091397849462,924,15.8,1566,55,117.666666666667,234.333333333333,255.333333333333,1.51437423889842,-0.0389524977092564,-1.11032920442915,0.263394512004744,0.395721893159139,0.106327052596447,0.240289269036162,0.281579106415868,1.16575181893722,0.404499473110685,0.263094397260635,0.148693989438112,3.10186286937079,2.38472672438037,0.496792602119805,0.0774637038038294,15.1749792448699,3.17269316073222,17.0448331606422,27.6543209876543,0.0246913580246914
333,333,"Plot_333",2014,"Broadleaf Forest",80415,"Hengyang",112.853537024543,26.9906088589135,10,1,6.81349289018826,0.275044841049686,0.591021505376344,96,18.1,1551,56,128.333333333333,259,158.333333333333,1.24757702341841,0.376564299877384,0.410869988938985,0.34572471720534,0.332471512257366,0.378558461838286,0.446914326622178,0.298892599366983,0.518130193380596,0.177660870187251,0.242873896804774,0.432332946459058,1.90209974421215,3.13470506094537,0.507737168469258,0.0607035973432979,19.8216459265211,2.13016611965184,10.1016147565028,29.7575757575758,0.0757575757575758
334,334,"Plot_334",2014,"Broadleaf Forest",80415,"Hengyang",112.859615493961,27.3517892903095,28,2,12.0040709354188,0.433803302029693,0.588736559139785,122,17.6,1711,56,127,286,225.333333333333,2.42818925761003,-0.535803717301715,0.311002118794277,0.597370794303132,0.674005439640483,0.86522642588264,0.437076576858753,0.438240599613008,0.678111107405163,0.533389480990989,0.334210797867944,1.44716366401818,2.39919141394817,3.48554414778942,0.495828621382637,0.0740059123220996,20.0894233978492,2.06291206542336,18.2052502586322,30.2083333333333,0.375
335,335,"Plot_335",2014,"Broadleaf Forest",40118,"Chenzhou",112.861016707849,24.9331179486083,47,3,59.5948960894355,0.640302217242785,0.325913978,1041,14.6,1652,55,121.333333333333,242,268,1.9645590689016,0.30945595293393,-0.177026959782253,0.744497422960354,0.572986239088631,0.907347679571667,0.2932536598254,0.50554942844245,0.81390831720856,0.260664043285644,0.204151656207857,5.9185833073327e-16,2.18911602163969,2.71932320531226,0.476128174448621,0.0712782304316458,18.8558713527867,2.27750324523102,10.0417854889232,28.3098591549296,0
336,336,"Plot_336",2014,"Broadleaf Forest",40118,"Chenzhou",112.865667860697,25.22199467047,5,1,4.723390747981,0.232533624220803,0.585,244,19,1424,61,127,284,175,1.90154961566132,1.29761814184216,-0.0660650820903177,0.752780461057492,0.399730183793801,0.142929794973857,0.095887196900411,1.20364700231214,0.154627904436878,0.304122476862882,0.852027433771835,2.57369882981286e-16,2.23909090909091,3.07727272727273,0.508302876351944,0.0446122317544687,26.2691957265921,2.27251343600628,10.2647620227631,22.2727272727273,0
337,337,"Plot_337",2014,"Broadleaf Forest",80415,"Xiangtan",112.901303030741,27.4593043915557,15,2,8.24220811876173,0.444858216302797,0.607096774193548,56,18,1633,54.3333333333333,129.666666666667,335.333333333333,182,2.20016140153907,-0.968281138853116,-0.863896466666602,0.501282493136874,0.351460323319537,0.574067707161751,0.633418160269787,0.867854148715279,0.222100623320763,0.328083406367241,0.678675166205344,1.26011529928114,2.87759914816136,2.99186834322101,0.439896805236564,0.0746883055781084,22.5700250095004,2.49355221804556,20.4989304308723,29.3571428571429,0.714285714285714
338,338,"Plot_338",2014,"Broadleaf Forest",80415,"Xiangtan",112.90433418504,27.6035400658485,19,2,12.4425134583558,0.259089833940292,0.598279569892473,112,17.8,1607,57,125.333333333333,331.333333333333,200,0.356974841095741,0.159957677781844,1.34899295294367,0.121999750245241,0.133057797689715,0.165370039777402,0.123951978593189,0.0964320598540948,0.174587630783834,0.0260939624235613,0.0567092453840225,1.54595571708557e-16,2.45882516925528,3.68300677021108,0.583347652041628,0.0855566005995167,17.9001686573747,1.58121675623662,10.164085450935,25.1827956989247,0
339,339,"Plot_339",2014,"Broadleaf Forest",40118,"Chenzhou",112.908406934216,25.4739501039248,11,2,7.43246062817742,0.721639868773723,0.298521505376344,919,16.8,1497,55,107.333333333333,241,282,0.586351767780553,0.527186785615452,0.316586284424025,0.116427324375346,0.173922203835729,0.129166111208129,0.267401083866532,0.0582495275824657,0.1305604501753,0.136761062399794,0.13900038172607,0.307873045419934,1.64978625504329,3.00499977333515,0.498707349805382,0.0537886468567174,19.1129127369453,2.34617227486462,8.47130544224294,30.5263157894737,0.0526315789473684
340,340,"Plot_340",2014,"Broadleaf Forest",40118,"Chenzhou",112.91319855436,25.7626001217982,5,1,3.63399756870809,0.320838539386436,0.539408602150538,330,17.9,1472,61.6666666666667,125,307,188,2.04589272345348,-0.432003736754441,-0.527689384719679,0.38347671921164,0.313147156100547,0.867255810015859,0.447508682926127,0.543226637864061,0.248275651608334,0.481895103937096,0.226411248863017,1.53230020392586,2.88541518257233,3.05046016117733,0.469428571428571,0.0790178288574817,24.0511703625,2.29127258465,14.6676526567244,27.7142857142857,0.542857142857143
341,341,"Plot_341",2014,"Broadleaf Forest",40118,"Hengyang",112.930523120458,26.7730486114531,8,1,38.9727648604972,0.321813956354637,0.580725806451613,100,18.2,1487,57,126.333333333333,273.666666666667,166.666666666667,2.30801007088657,-0.39567171477517,-0.883235044166564,0.651849175854687,0.816570150677934,0.508924738051151,0.64718623896282,0.202052675888032,0.904712133650623,0.422585212785132,0.736240190811994,1.2716629951155,2.57748995224393,2.64617004971093,0.475253580643881,0.0881135716616135,16.8717780956965,3.42392039532274,16.0412778675898,31.0925925925926,0.290123456790123
342,342,"Plot_342",2014,"Broadleaf Forest",40118,"Chenzhou",112.948484865431,25.4373745714336,8,1,1.90207097852994,0.277518167521009,0.547983870967742,249,18.8,1431,61.6666666666667,126.333333333333,283,149.666666666667,0,2.12475519134434,-0.687372666939571,0,0,0,0,0,0,0,0,0,3,2.85,0.52,0.0394831575300274,33.256179889223,2.29271253471459,7.7646676655562,12,0
343,343,"Plot_343",2014,"Broadleaf Forest",80415,"Changsha",112.959858673057,28.504410209784,9,1,5.12765943858886,0.395938258709728,0.582123655913979,141,16.8,1416,56,126,296,214.333333333333,2.8259738159057,-0.989042180256104,1.07168053711447,0.102919666640093,0.40100042430308,0.247584320277224,1.9520518080795,0.822871592865668,1.03421047736694,0.559903976974737,2.96059473233375e-16,1.37212554810613,1.66093023255814,3.18302325581395,0.512370182207931,0.117715337681237,16.0278883994286,1.84807157933333,14.1853403618355,30,0.333333333333333
344,344,"Plot_344",2014,"Broadleaf Forest",40118,"Hengyang",112.961668512383,26.2315200826297,11,2,7.55109207284743,0.337837922367685,0.528091397849462,148,18.5,1448,60.6666666666667,119,268.666666666667,177.333333333333,0.967504836527792,-0.0709834637929206,1.41750138177933,0.263531131741916,0.416789317354739,0.357253493743788,0.168005098988933,0.475427524241115,0.0812468241538413,0.483833289089112,0.265180721954158,6.53072367426563e-17,1.82702614379085,4.77869281045752,0.514692578021562,0.06566807873424,24.7335479640266,1.67186937814583,33.2025271687007,33.2352941176471,0
345,345,"Plot_345",2014,"Broadleaf Forest",80415,"Yueyang",112.963570300894,28.6493330120354,8,1,14.9792056058444,0.287410641460825,0.610887097,62,17.4,1365,58,132.666666666667,311,188,0.522988285572978,-0.0535129239943092,1.35246833331461,0.0643498603023671,0.0325979053590085,0.260703416573593,0.0909714298460271,0.0201913134022554,0.197320420047161,0.105140373380075,0.159753989740517,0.33267043901022,2.49265893153027,3.73080766428309,0.579714285714286,0.0906811932683335,17.681480842613,1.58805273492478,11.3262662184318,25.9285714285714,0.0571428571428571
346,346,"Plot_346",2014,"Broadleaf Forest",40118,"Hengyang",112.967361203611,26.5923176240315,9,1,13.1139131459801,0.366100942248602,0.572688172043011,146,18.2,1471,56,129,247.666666666667,159.333333333333,1.55809560502939,-0.117371720487843,0.833491194642798,0.240545920485963,0.426563000533123,0.779299897663142,0.284157830282085,0.206229959499754,0.630854324224645,0.209832727840491,0.218872313616236,0.843505751355536,2.51532784966977,3.4910184430802,0.549414931425947,0.0808971942446111,18.3029744516229,1.81298731753623,12.1244589475933,26.6326530612245,0.163265306122449
347,347,"Plot_347",2014,"Broadleaf Forest",40118,"Hengyang",112.97374894959,26.8789288061755,6,1,38.8184056254259,0.436378337111079,0.556263441,226,17.6,1556,57,125.666666666667,281,177,2.46826366531396,-1.17120859038728,0.379205800326432,0.349842208833924,0.443033729264988,0.828330352623327,0.794657209509356,0.157997073447041,0.676361824495779,0.585290669925033,0.77973261725784,1.54299832565037,1.94210960326951,3.45915426655298,0.472910341557845,0.10284404605976,18.107953803585,2.46944224553685,18.7475255268225,36.2755102040816,0.489795918367347
348,348,"Plot_348",2014,"Broadleaf Forest",40118,"Chenzhou",112.980411046706,24.9677556609947,15,2,22.1192138113044,0.42049929371075,0.22005376344086,1445,13,1767,52,106.333333333333,233.666666666667,417,2.01054786527891,0.222564160199516,0.249871863725087,0.348032586191931,0.8670931253436,0.631655422088248,0.211136349845969,0.204442555878986,1.50346582827913,0.105422036935992,0.0849411492580915,3.34508755471476e-16,2.71449346197417,3.0823939603314,0.548880113584165,0.0806134754629293,16.9256773340844,2.38219150730585,11.584300845429,25.5194805194805,0
349,349,"Plot_349",2014,"Broadleaf Forest",80415,"Xiangtan",112.987872087195,27.7466206982851,28,2,23.8114627033468,0.405185372540462,0.612365591,45,18,1537,56,132.333333333333,284.333333333333,193,1.76060311888265,1.36878507233524,0.0674222105234543,0.364829409344779,0.609476916630341,0.318376228709488,0.452150062377472,1.00807677867184,0.431744424908457,0.324042153160119,0.678786882282086,8.49320613838245e-16,2.72062962962963,3.29418518518519,0.53385552733119,0.0578057543328962,28.8230515957658,2.06074758481393,11.1374614550169,18.2,0
350,350,"Plot_350",2014,"Broadleaf Forest",80415,"Zhuzhou",113.02872357737,27.782190993471,8,1,15.6815606425542,0.380042360577663,0.615349462,98,17.7,1539,56,129,346,204.333333333333,0.948327520391634,-1.20032846312407,-1.14739714747868,0.332349525509556,0.0582356305062834,0.300428477979826,0.062694007032343,0.00073212826816005,0.229280952844449,0.177530851071654,6.57909940518611e-17,0.779231792751628,3.03071973093709,2.82810999950828,0.423119299749911,0.0571849777621194,21.4085408340776,2.35408647178136,20.3175641231077,30,0.851851851851852
351,351,"Plot_351",2014,"Broadleaf Forest",80415,"Changsha",113.038832813809,28.3598149243529,19,2,11.5001260848651,0.315996223099401,0.615456989247312,70,17.5,1389,59.3333333333333,131,321,164,1.7344810323235,-0.525888392530137,1.1736549832359,0.253540244058804,0.129535839936165,0.706318374676655,0.490425908441266,0.120089794900642,0.733286380903812,0.337585793914598,0.502186120252878,0.979281328512464,2.39209306777272,3.67968649944069,0.555763556045764,0.102759230285385,17.2941135024239,1.79256984535339,13.951831731764,28.4302325581395,0.197674418604651
352,352,"Plot_352",2014,"Broadleaf Forest",40118,"Chenzhou",113.07269980081,25.7609931554949,23,2,23.3731046622972,0.403013099293597,0.573198924731183,554,17.2,1510,61.6666666666667,125.666666666667,303,195.333333333333,1.82083610431927,0.178738520235929,0.136452290972741,0.723712332604749,0.54307084696316,0.860449608956714,0.315987873724129,0.480499675055409,0.596593382297827,0.320956211519113,0.190950019340863,5.9211894646675e-16,2.20769660814486,2.90996388064767,0.49034294127602,0.0735277446371567,18.4462460277007,2.03173808603039,11.0831451949718,28.5087719298246,0
353,353,"Plot_353",2014,"Broadleaf Forest",40118,"Chenzhou",113.080576166804,26.1933256151219,12,2,11.7885239578898,0.338459107120295,0.540537634,370,17.8,1491,57.3333333333333,125.333333333333,285,206,0.853421688163382,0.14948511774508,1.31615095683243,0.302496517291636,0.245550187011164,0.386859803733695,0.232937542920611,0.283805506236524,0.261139446226293,0.2679599016717,0.207391006043104,2.42559595597453e-16,2.34035829307569,3.76520128824477,0.572108640430589,0.081774395702321,18.5560055672857,1.62656355779485,12.4589374222499,26.4130434782609,0
354,354,"Plot_354",2014,"Broadleaf Forest",80415,"Changsha",113.081287386336,28.3950718507848,5,1,43.258244258268,0.448198208678899,0.611102151,54,17.6,1380,62.3333333333333,133,347.333333333333,187.333333333333,2.07472458390355,-3.12900697151449,0.893520619493052,0.0762481546186031,0.00415667586523109,0.805507825814636,0.976216324062983,0.603834591289527,1.24188401417109,0.105289927077209,0.625892222121736,0.304509268285639,1.83974570954878,3.71098713984855,0.45393063583815,0.170834850223683,15.5063187532011,2.23178860857861,27.2322340975552,39.971098265896,0.947976878612717
355,355,"Plot_355",2014,"Broadleaf Forest",80415,"Yueyang",113.09150875548,28.8989374387673,11,2,5.3428019612909,0.245915499315343,0.615349462365591,65,17.2,1365,57.3333333333333,135,277.666666666667,170.333333333333,1.83187873514803,-0.142736665673805,0.500697439716747,0.334586737770735,0.446330371731523,0.537029868073894,0.68194512604946,0.17957338635136,0.573908340676367,0.385328570747756,0.486382919147191,1.00294891167274,1.87413340013008,3.2729772012164,0.50101117658639,0.0755919099822031,18.7570559012891,2.22909916485311,12.4520295564051,31.9387755102041,0.204081632653061
356,356,"Plot_356",2014,"Broadleaf Forest",40118,"Hengyang",113.128992174386,26.661947295067,11,2,9.00935572595303,0.322235146029634,0.554112903,168,18,1507,58.6666666666667,127.666666666667,269.333333333333,175.666666666667,2.0193620551708,0.414870366164833,-0.416911179630053,0.546372573302524,0.754622962242874,0.468153893622643,0.265611403939736,0.224887221792255,1.46306515758941,0.106344561800709,0.223921778363043,0.162369860331039,2.57940785321651,2.69850723778,0.518405199443817,0.0702684259371811,17.1460117135719,2.97213247575245,10.8185621553801,26.6216216216216,0.027027027027027
357,357,"Plot_357",2014,"Broadleaf Forest",40118,"Chenzhou",113.159350032265,26.1201331708896,20,2,12.9910055003161,0.300839041467897,0.562661290322581,181,18.3,1474,59,128,298,160,0.538414331148228,0.0805528593402452,1.2248520234931,0.122092842058532,0.248978344631469,0.190183548614987,0.0357168686931091,0.087453054810163,0.381567447139649,0.0730064196291319,0.0369210442078039,1.32914024074843e-16,2.57442224930819,3.6270032630113,0.582272276617907,0.087867090055917,17.372965188326,1.65731370940416,11.0620499479397,25.2112676056338,0
358,358,"Plot_358",2014,"Broadleaf Forest",40118,"Hengyang",113.168789139916,26.625575439636,12,2,9.48268101204117,0.45101261785837,0.547849462365591,398,16.4,1603,57,127,282,184.333333333333,1.74546002533462,0.562519895835537,-0.103953515589586,0.698787760121473,0.587581084461925,0.330388031014255,0.278522231905814,0.310814875460642,1.17060637903254,0.182625884491258,0.245239131663205,7.28306304154103e-16,2.21434735065954,2.85884060620431,0.513186429581993,0.0606304639880829,18.2438802871762,2.70210488250497,10.3644909328559,27.8,0
359,359,"Plot_359",2014,"Broadleaf Forest",40118,"Chenzhou",113.192407808526,25.7232580335179,33,3,50.3160712661955,0.469041594097981,0.312338709677419,1005,14,1691,53,120,248.666666666667,270.666666666667,1.30205351155685,0.182802092973374,0.932379479229906,0.271866504772433,0.536333763292855,0.590624067500397,0.217815930342951,0.126838231268247,0.792724257653896,0.0591646849376569,0.143923203575453,0.0752880959180315,2.43087554208157,3.43893304921039,0.560825732999881,0.0827592602165214,17.8262683576818,1.8658448612824,10.223578303204,25.9259259259259,0.0123456790123457
360,360,"Plot_360",2014,"Broadleaf Forest",40118,"Chenzhou",113.193684490385,25.794893480778,43,3,37.6975388157143,0.530606894842996,0.476344086,953,15.3,1615,55,119.666666666667,321,240,1.4782275147545,0.313362937113037,0.748200487793154,0.479706745235956,0.561737720971651,0.630025928917222,0.376396567049647,0.17049023778356,0.851785347844939,0.097098364019036,0.204854951646925,0.128578537101842,2.28059618985671,3.31833769812939,0.549203195594171,0.0728849493920874,18.0961386114048,2.01309746649487,9.73047046237483,26.7021276595745,0.0212765957446809
361,361,"Plot_361",2014,"Broadleaf Forest",40118,"Chenzhou",113.198557654121,26.0833806510356,10,1,4.43063456889697,0.395014505246122,0.556155914,154,18.6,1463,59.3333333333333,128.333333333333,274.333333333333,174,0.668866216986251,-0.0330369157199823,1.22196802127043,0.111624916675835,0.159512655808547,0.356136667246593,0.090331485369862,0.105600676611387,0.204130765765653,0.10311013924535,0.0671488098601634,0.454447981532749,2.56889432320169,3.6701091387622,0.5756,0.0864283702079991,17.9278793065239,1.59225894126358,11.3309548600999,25.4,0.08
362,362,"Plot_362",2014,"Broadleaf Forest",40118,"Chenzhou",113.199542038377,26.1562260202254,20,2,13.8675587907736,0.503293449083879,0.54494623655914,171,18.6,1463,59,126.666666666667,267,173.333333333333,0.460767569119204,0.0159926167985648,1.24192260441858,0.163673921501939,0.216061059383863,0.206539728464701,0.00457754529412221,0.137900360284966,0.223391928021355,0.146147842635032,0.0766547497304042,3.50542640182573e-16,2.59602226656162,3.64180638631367,0.581532895677027,0.0886930150303668,17.224028221653,1.60037152254968,11.7383752551156,25.462962962963,0
363,363,"Plot_363",2014,"Broadleaf Forest",80415,"Changsha",113.202825920233,28.3564244124022,19,2,27.8786822025211,0.382162657162665,0.60741935483871,58,17.5,1407,63.3333333333333,133.333333333333,298.333333333333,181.333333333333,2.17909085561283,-0.830007333541064,1.04043332973084,0.333062804279064,0.0181569524807252,1.04238901077357,0.473798640013694,0.00453813602890512,0.852787837568403,0.459921404656753,0.786160908686131,1.33013987461719,2.29006068436301,3.73435126458383,0.533471074380165,0.105609771520529,17.6424722142624,1.93315351430791,15.9754358146225,31.2809917355372,0.31404958677686
364,364,"Plot_364",2014,"Broadleaf Forest",80415,"Yueyang",113.224596041497,29.3665742181055,18,2,36.7929813585342,0.458153000924544,0.610430107526882,120,16.8,1334,59,126,260.333333333333,204.666666666667,0.981502966026996,-0.00384134864465722,1.16509338027905,0.266049003826701,0.257989858392311,0.500921699596666,0.201761731708243,0.0830916039430191,0.4601442167036,0.146982563764973,0.246837245548025,0.338115036698677,2.4016829953868,3.61100295164259,0.566775154415613,0.0860072780686527,17.7638942170055,1.70962380444775,11.324695063049,26.6860465116279,0.0581395348837209
365,365,"Plot_365",2014,"Broadleaf Forest",40118,"Chenzhou",113.231372949014,25.6859371371892,6,1,7.27178934192003,0.366652751080249,0.19752688172043,1523,11.1,1876,51.3333333333333,102.666666666667,258.666666666667,424.333333333333,0.356060384626368,0.742976851801123,0.146288250770692,0.172270037293385,0.144586577383892,0.00559190965888491,0.0524043348757218,0.0667048645825815,0.246928741119068,0.0282313644401532,0.0478701090153137,2.19988636360911e-16,1.67548211463354,2.85171744063475,0.49876721269501,0.0478982656170138,19.1585759486011,2.43956901699143,7.40195158577753,29.7222222222222,0
366,366,"Plot_366",2014,"Broadleaf Forest",40118,"Chenzhou",113.235344188452,25.9025678830678,28,2,15.7498065475552,0.494492822872769,0.465456989247312,344,17.1,1534,53,121.333333333333,310.333333333333,216,2.23250614325375,0.436973837321937,-0.346705874674655,0.539634765804376,0.756550592122251,0.625476534004303,0.230352798921193,0.440985295637575,1.59418421800328,0.100957728016108,0.202743991123681,6.20902506364439e-16,2.48047823707941,2.68410446079436,0.50025497677742,0.070620186247527,18.371487638788,2.61704218329556,9.9743609562806,26.6666666666667,0
367,367,"Plot_367",2014,"Broadleaf Forest",40118,"Chenzhou",113.247547376517,26.5518852671821,7,1,11.0261962029047,0.441200932331027,0.56344086,149,18.1,1497,57,130.333333333333,299.666666666667,146,2.16328664233094,-0.468736249942987,-0.704858364258957,0.890549510448999,0.3039368979463,0.661390824359352,0.256609712394377,0.30396034289889,0.383698443799406,0.488776301863355,0.0550980650596427,1.52756834239387,2.36207751352074,2.707005315233,0.424281098497277,0.0637105949660525,20.7880963266112,2.25244808934923,14.2399448304512,30.2040816326531,0.448979591836735
368,368,"Plot_368",2014,"Broadleaf Forest",40118,"Zhuzhou",113.255014957551,26.9126965481095,5,1,5.38206944395431,0.203164931295158,0.591209677419355,111,18.1,1543,59.6666666666667,130.333333333333,280.333333333333,139,1.56883094666444,0.676230785885903,-0.648434422276413,0.803572688644041,0.493531220151367,1.38777878078145e-17,0.217444708554002,0.311816170196293,1.16525135579941,0.132981369596845,0.227864248812956,7.48533179883992e-16,2.30603286404448,2.50145831053423,0.498555273311897,0.0567756389683393,17.6890582222072,3.12014256840025,9.34506075007961,27.578125,0
369,369,"Plot_369",2014,"Broadleaf Forest",80415,"Yueyang",113.266970224779,29.4018421822656,8,1,22.6258291209949,0.341359606204842,0.611075269,120,16.5,1349,59,127,275,212.333333333333,2.07982469475066,-0.286192420584582,0.366920196966391,0.431859861514064,0.516039426032499,0.993116112598929,0.352797902165632,0.285442933988495,0.671461018683532,0.319524704022963,0.227833560025237,1.3168117369481,2.56645227190776,3.30917835502868,0.518497172829582,0.0722132565701287,19.0827448896506,1.95197196437728,13.4317437543916,27.4166666666667,0.308333333333333
370,370,"Plot_370",2014,"Broadleaf Forest",40118,"Zhuzhou",113.273521854908,27.8509159559982,15,2,16.8797527701681,0.333847570253713,0.583817204,117,17.5,1534,58.3333333333333,124,259.333333333333,186,2.02005115151073,-0.52914521008594,0.718426862718764,0.285839239948561,0.364193336582769,1.03350943943901,0.259301847429456,0.237799627886177,0.679812140510474,0.350530687600246,0.384453293168281,1.3168117369481,2.57959183273481,3.53791804412259,0.533737960610932,0.0875938926914925,18.4331117747274,1.85025329167358,14.5753823386779,28.0833333333333,0.308333333333333
371,371,"Plot_371",2014,"Broadleaf Forest",40118,"Chenzhou",113.273648505001,25.7941700611954,12,2,23.5032496912604,0.375996010840817,0.306881720430108,1086,13.8,1712,52,112.333333333333,238,310.333333333333,1.72509111746502,-0.107579125345126,0.342284967877283,0.519360951258787,0.732500113935714,0.840550347714246,0.0977166284265366,0.426852337207991,0.74437128349234,0.391283798438274,0.223432153483241,7.77766129888503e-16,2.69866540113218,3.12575801767624,0.529460212006643,0.085438392333122,16.8086510724075,1.96265529338451,14.2894960529425,27.1428571428571,0
372,372,"Plot_372",2014,"Broadleaf Forest",40118,"Chenzhou",113.273994777506,25.8659967081431,14,2,21.2304008652694,0.30170450906657,0.350376344086022,686,16,1587,55,121.333333333333,279.666666666667,212.333333333333,0.646708834234879,0.689705289367104,0.11213393829117,0.0223536367462867,0.217676334572627,0.512689472258832,0.158727107281968,0.179469378743398,0.221229435603284,0.0339578258086179,8.39664472405581e-17,1.53005526082795e-16,1.57789915966387,2.80785114045618,0.476084727768921,0.051069253854629,19.8426251022078,2.27885753298462,6.8672268907563,30,0
373,373,"Plot_373",2014,"Broadleaf Forest",40118,"Chenzhou",113.289855401279,26.6596165832503,32,3,36.2073715284966,0.377214118635962,0.566962365591398,170,18.1,1512,59.3333333333333,126,275.666666666667,143.333333333333,2.1288245822768,-0.679700183011908,0.617724444247318,0.613215383513664,0.996245104880516,0.525342334980085,0.254565956858819,0.48329511898602,0.554070680783524,0.385035836316652,0.206472441326369,1.36259868654112,2.06734657862686,4.35099052273258,0.469441210853191,0.0669859650611784,24.3570081380616,1.98031114366178,33.3180298986568,34.5890410958904,0.328767123287671
374,374,"Plot_374",2014,"Broadleaf Forest",40118,"Zhuzhou",113.33495623135,26.9110357377653,15,2,9.75511199879827,0.29966754923348,0.590349462365591,116,17.9,1549,61.3333333333333,130.666666666667,301,136.666666666667,2.50376984536155,-1.50816521530954,0.0345264126610201,0.51668749450711,0.625996006707173,0.82807784997034,0.677386350791685,0.105258662550911,0.725168508459193,0.510435677927653,0.861470332794433,1.49695265964224,2.16467144767451,3.35772861980798,0.462480608835454,0.114231719777391,17.410001404201,2.80112084547047,20.9230313150476,36.9565217391304,0.58695652173913
375,375,"Plot_375",2014,"Broadleaf Forest",80415,"Yueyang",113.349161966818,29.4000573800984,16,2,18.1414530770657,0.413329089200311,0.612983870967742,193,16.2,1379,59,125.666666666667,253,231.333333333333,2.18512236717961,-1.91445286003826,0.410624699567104,0.424611747230464,0.139878682392715,0.98751294156664,0.561319693401046,0.0941974360552872,0.783706272083461,0.425843222394425,0.795977046784045,1.26011529928114,2.10626315771284,3.65453912121855,0.461428571428571,0.121061551397984,17.9311626135245,2.43372848722937,22.6464470101777,38.2142857142857,0.714285714285714
376,376,"Plot_376",2014,"Broadleaf Forest",40118,"Chenzhou",113.351405018843,25.7195602108112,12,2,12.6293438730351,0.569068494293601,0.451801075268817,545,16.9,1549,59,123.666666666667,302.333333333333,224.666666666667,1.43171956749652,-0.0544080863389853,0.376392696518854,0.532177785446436,0.524831667357953,0.58997862681117,0.332316789565317,0.491753757581872,0.505807653958055,0.387060446062222,0.218963510413576,8.62273215792205e-16,2.67465546826379,3.17218200307487,0.535133163987138,0.0771954490183022,17.1869230769696,1.89916753155892,15.2084837374083,28,0
377,377,"Plot_377",2014,"Broadleaf Forest",40118,"Chenzhou",113.361418704428,26.2253164694272,70,4,97.9301970046686,0.501728380486826,0.490430107526882,571,16.4,1587,53.6666666666667,123.333333333333,279.333333333333,194,0.266552227389924,0.0886099660013102,1.34272281899371,0.0606001247327565,0.123579060705205,0.0943965802897874,0.017727875454224,0.0434068528539601,0.189388947793819,0.0362363432714293,0.0178820200171087,9.2148511043888e-17,2.54215122269724,3.68963586547967,0.586342210932476,0.0883666756211919,17.505711892767,1.58404777787161,10.7127289957023,25.1,0
378,378,"Plot_378",2014,"Broadleaf Forest",40118,"Changsha",113.371086473864,28.5708430171021,12,2,9.48381926714456,0.2998503182088,0.601720430107527,124,17,1442,57.6666666666667,127.666666666667,310,247.666666666667,1.8700551781384,-0.416068416097115,0.778652049072912,0.265471721474485,0.362146890238893,0.957747618778501,0.259839568859005,0.225171154600825,0.638908007807677,0.318587071471406,0.340794037814098,1.20446225786513,2.559458190482,3.53954075844418,0.539329852290997,0.0860765730090347,18.3910593733162,1.8214895299883,13.870884046115,27.65625,0.265625
379,379,"Plot_379",2014,"Broadleaf Forest",40118,"Changsha",113.372553225753,28.6424784343617,6,1,15.5444855536,0.540238529045838,0.574516129,251,16.5,1473,56.6666666666667,125.666666666667,296,232.666666666667,2.49265398389966,-0.655399866749331,0.150159650785821,0.737137359851667,1.08395398875815,0.724425928052859,0.138471205232296,0.524391960399384,0.582137841248632,0.561170198353428,0.263873795630727,1.51737891425725,2.44996512207039,3.78869298441612,0.471980553613868,0.0630036656508792,22.7208289814549,2.03055987967385,26.1611797086857,31.304347826087,0.434782608695652
380,380,"Plot_380",2014,"Broadleaf Forest",80415,"Yueyang",113.37275239601,29.4358449607472,8,1,6.19164053707058,0.259951183748511,0.62233871,137,15.9,1395,57,125.333333333333,292,244.333333333333,2.12856211455117,-1.22681895161463,-0.361159185905164,0.515727956363105,0.514142256147734,0.959320632889006,0.491319765479728,0.346378880055883,0.608429751267306,0.321563935150337,0.377747876382731,1.27825616200725,2.78758064758482,3.19069692137951,0.460452567641754,0.0788787673182412,19.8488506372126,2.23865737026323,19.5328046191393,30.8536585365854,0.707317073170732
381,381,"Plot_381",2014,"Broadleaf Forest",40118,"Chenzhou",113.389195529169,25.6114983882077,24,2,22.3867653857373,0.563625405812243,0.348198925,1044,14.5,1681,53,113.333333333333,229,291,1.80543568235282,0.229404527877978,0.700970235473293,0.470701240386569,0.815899517898268,0.71034768496275,0.323979576484517,0.550878810031551,0.647489306189843,0.446632114781335,0.29716476413271,6.45515387174912e-16,2.26270266250271,3.44988955326708,0.532196696371153,0.0729476645405294,19.6685900828916,1.89044099616279,14.2157370933459,28,0
382,382,"Plot_382",2014,"Broadleaf Forest",40118,"Zhuzhou",113.390002810973,27.5957085996641,30,2,12.028087055069,0.338699333760649,0.598870967741935,75,17.9,1565,56,128,287.666666666667,167.333333333333,0.450773689927748,0.222657664890656,1.31515545650908,0.0620878135387983,0.120050877768607,0.110259420233515,0.118885489439859,0.347116033011292,0.135965632445547,0.0185568051259603,0.138990509539868,2.0122792321331e-16,2.54357638888889,3.68993055555556,0.585625,0.0857323881985778,18.6019636427272,1.56660814077385,10.2341501513872,24.1875,0
383,383,"Plot_383",2014,"Broadleaf Forest",40118,"Chenzhou",113.392018446262,25.755859970858,35,3,31.631783859549,0.552405270317474,0.404489247311828,717,16.5,1571,54,120.333333333333,273.666666666667,235,0.879311352634621,0.116656352610499,1.15329696006749,0.251299125982313,0.32584046784512,0.532660094184586,0.198302423094786,0.152640055984889,0.319870397956097,0.0602566914907939,0.130180446143624,0.20557410114313,2.40708727213355,3.57375895645424,0.566057442066748,0.0829896705515584,18.1116731593348,1.6472074284128,10.2835074039695,25.8620689655172,0.0344827586206897
384,384,"Plot_384",2014,"Broadleaf Forest",40118,"Chenzhou",113.398433094487,26.0437771509033,25,2,30.0357884978692,0.312676203741293,0.311962365591398,1065,13.8,1733,51,110.333333333333,237.666666666667,309,2.41941517697283,-0.157554222751376,0.265852524926681,0.33674774196861,0.84543178016048,0.791108605119373,0.306902902814419,0.137103575371637,1.54930331818669,0.252239656738093,0.442807823713655,0.749205838914515,2.59378674164279,3.18962712271609,0.534746284775619,0.089483450231018,17.0998702955646,2.48910930148398,13.3089563384646,27.8260869565217,0.141304347826087
385,385,"Plot_385",2014,"Broadleaf Forest",40118,"Chenzhou",113.403679292582,26.3327038342907,9,1,5.97946712051396,0.733670283107069,0.516666666666667,280,17.7,1512,57,126.333333333333,314.666666666667,176.666666666667,0,0.0958511631270775,1.44865733140566,0,0,0,0,0,0,0,0,0,2.51314814814815,3.74592592592593,0.59,0.0888156702431478,17.6250158929608,1.5182011811778,10.3987823171093,25,0
386,386,"Plot_386",2014,"Broadleaf Forest",40118,"Chenzhou",113.428470772442,25.5746927582339,49,3,48.8503301071035,0.637655594434729,0.359166666666667,525,17.6,1524,53.3333333333333,115.666666666667,241,260.333333333333,1.15122328220069,0.124656347884468,1.05125326190344,0.334435682825931,0.494410637770558,0.780298644417,0.143400065129629,0.276821385693539,0.268477138608312,0.126576230070226,0.17311550826278,4.11620423280836e-16,2.36538587411512,3.50296719491733,0.552477955469271,0.0844565914577812,18.3238641163467,1.63403870316033,10.6749413399858,26.2264150943396,0
387,387,"Plot_387",2014,"Broadleaf Forest",40118,"Chenzhou",113.434172523117,25.8628384064381,5,1,4.96404885080129,0.354805094425646,0.417204301075269,528,16.2,1593,59.6666666666667,114.666666666667,278.333333333333,217.666666666667,2.15063290626734,-0.709434449715398,-0.747664808606698,0.82490630799343,0.54499709180363,0.491107643362823,0.135682070642152,0.223986927891806,0.49046293681834,0.479332572680127,0.0901084404994139,1.52458394234014,2.52776407573192,2.92758036544881,0.416345616291533,0.061738054332514,22.294763760761,2.14925812758228,18.7438219361357,30.5555555555556,0.555555555555556
388,388,"Plot_388",2014,"Broadleaf Forest",40118,"Changsha",113.445585757099,28.2800913145596,12,2,12.5903107889564,0.419272694839103,0.635107527,87,17.4,1466,60.6666666666667,133,299.666666666667,165.333333333333,2.52840816284876,-1.39786721149752,0.79005594203695,0.386454153993342,0.021067587313523,1.20948829504519,0.549750528240532,0.00526561806729938,0.989493266943063,0.533648714466276,0.912185764863668,1.54336681650977,2.15323370657479,3.72725213896067,0.4988,0.115910153637324,17.653178757994,2.18765761196105,19.3957832930972,35.1333333333333,0.506666666666667
389,389,"Plot_389",2014,"Broadleaf Forest",80415,"Yueyang",113.460926661958,28.9295491901352,21,2,19.4109148508719,0.27525897438595,0.57327957,329,16.1,1477,60,119.666666666667,294.333333333333,205.666666666667,2.09376324032276,-0.825739183120097,-0.411733806539884,0.485671760581863,0.432698951502904,0.992943531536351,0.264498586106121,0.300694836725413,0.557291100419095,0.35628384609383,0.18555630644229,1.46390770641178,2.84633377119143,3.07990700923443,0.470193152952353,0.0661785228574405,20.1178553111025,2.1729499737721,17.2218212451173,28.5795454545455,0.613636363636364
390,390,"Plot_390",2014,"Broadleaf Forest",40118,"Zhuzhou",113.469349497663,27.522390373936,16,2,20.1211191992911,0.479876531494567,0.604462365591398,65,17.9,1565,57.6666666666667,129,285,192.333333333333,2.22797039340719,-0.630158237530875,0.104974229536859,0.356664939334589,0.40834764519324,0.617295603761255,0.860663499578432,0.297702243612081,0.33014107097987,0.582140481022055,0.633574972261504,1.50076231824107,1.87176151058459,3.20870792967889,0.465110969989282,0.0841744459557702,19.5856624162083,2.50892120577083,15.3145852872099,34.5833333333333,0.416666666666667
391,391,"Plot_391",2014,"Broadleaf Forest",40118,"Zhuzhou",113.471206550485,27.5944664473829,25,2,14.8617309198078,0.339577813920712,0.60236559139785,85,17.7,1567,55,124.666666666667,309.666666666667,160.666666666667,1.10672286037307,0.388019604805339,-1.30218345204145,0.396014876171807,0.379990043240017,0.160650692675003,0.158052836922567,0.170283536427038,0.656564033815262,0.121334801092312,0.242282813482254,0.411625099563109,2.8553259703741,2.25912489478078,0.493205388783287,0.0693357121329342,16.5399697811572,3.65508572015094,12.2266594653766,26.6022099447514,0.0718232044198895
392,392,"Plot_392",2014,"Broadleaf Forest",40118,"Chenzhou",113.471435970395,25.7539825393665,15,2,8.80413736264141,0.649374545240451,0.410994623655914,423,17.4,1535,60.6666666666667,125.666666666667,302,220,1.52280747781078,-0.0535428207661299,0.660863278548878,0.394825871160846,0.683420614436771,0.931143456349457,0.059935786730463,0.338390158167958,0.441241268049543,0.312738333612723,0.209467643890538,6.78029061467506e-16,2.56163565816958,3.2810557774869,0.536118987138264,0.0867843455300765,17.4610510691043,1.74729405767787,12.7277284997654,26.7857142857143,0
393,393,"Plot_393",2014,"Broadleaf Forest",40118,"Chenzhou",113.474611940686,25.8981210006964,7,1,49.3035108275821,0.45814163704842,0.404462366,541,17.1,1548,54,125.333333333333,250.666666666667,221,2.2979759216634,-0.463765576314622,-0.650908353258714,0.842772538916934,0.562665396537817,0.658130260953234,0.203948486950544,0.255458081662101,0.513931411068824,0.54240355927174,0.081974827907976,1.4934448991749,2.31099272536791,2.75582250627191,0.407438352748933,0.0692201367783923,21.9931399581531,2.03421920154443,14.5026186632597,29.8360655737705,0.409836065573771
394,394,"Plot_394",2014,"Broadleaf Forest",40118,"Changsha",113.479204880252,27.9547956238248,15,2,12.5130515736686,0.374820809111045,0.538844086021505,271,16.6,1583,56.6666666666667,121,280.333333333333,228,2.15268044784094,-0.129474035632545,-0.404612588500745,0.742171586188535,0.509246923807914,0.988162777346188,0.255786617390726,0.303738874152784,0.496167109101679,0.358838076823179,0.12028024864027,1.20446225786513,2.14361034685747,2.706411895299,0.426649261454984,0.0691319177618479,21.212195469539,1.99498896671024,10.8149234985587,29.21875,0.265625
395,395,"Plot_395",2014,"Broadleaf Forest",40118,"Changsha",113.482656698269,28.0999259001637,14,2,9.42692379210905,0.269857962118461,0.577580645,221,16.9,1535,60,130.333333333333,261,186.333333333333,2.23406508366247,-0.308206377868552,0.320979949764189,0.403331825893803,0.648487785725746,1.30594767088718,0.247276982018233,0.396940063339678,0.538077212188002,0.310320914897998,0.224930076657545,1.243192038017,2.54675236793619,3.23848536929568,0.50306698931341,0.0780568490987892,19.4937247113754,1.82939647913301,12.8135525152281,27.2058823529412,0.279411764705882
396,396,"Plot_396",2014,"Broadleaf Forest",40118,"Changsha",113.491127035979,28.4599411860104,14,2,8.00828804542792,0.437675280540378,0.58505376344086,197,16.8,1491,59.3333333333333,128,273,218,0.993984272865099,-0.105536460071453,1.09445528431937,0.165882816051895,0.237047509905704,0.529245217120871,0.134239214841422,0.15693035332025,0.303353294913293,0.153229232064676,0.099788058131187,0.675343043208484,2.60025154666931,3.6274621959826,0.5675,0.0850855139382279,18.0982399766532,1.63391643131183,11.8553019155322,25.625,0.125
397,397,"Plot_397",2014,"Broadleaf Forest",40118,"Yueyang",113.494609565721,28.603500297588,9,1,9.87607108321619,0.273945096995852,0.58260752688172,273,16.2,1513,58,125,317.666666666667,248.333333333333,1.84488936950043,-0.301482115932048,0.712765034721574,0.315000543506456,0.458374818770198,0.938168356999633,0.270427180450532,0.352393597364403,0.538562413565766,0.352173150473516,0.22409870143639,1.15773093121454,2.63106267465907,3.54556851434845,0.539036213476863,0.0792138560375935,18.9828390980828,1.776171907108,14.4462071855616,26.7934782608696,0.25
398,398,"Plot_398",2014,"Broadleaf Forest",40118,"Yueyang",113.497121699348,28.7473629550833,15,2,26.929588158428,0.426169328802266,0.614005376,251,16.7,1465,60.3333333333333,129.333333333333,292,199,0.54278737884403,0.0126480533495163,1.37081200929367,0.103376639103945,0.133100350025544,0.260266378320679,0.077185395455075,0.173547615230014,0.126678215605475,0.199764381902336,0.143383639809978,0.204216002128293,2.47779013189146,3.78607439635682,0.579451280227283,0.0875874074280184,18.1174204807468,1.56426924180512,12.2090753249002,25.8561643835616,0.0342465753424658
399,399,"Plot_399",2014,"Broadleaf Forest",80415,"Yueyang",113.503440922801,28.9651331373901,30,2,30.4891611093505,0.476179816192099,0.559489247,323,15.2,1530,57,123.666666666667,277,224.333333333333,1.66442308283676,-0.11496063322328,0.53523962176752,0.425427998304749,0.536797662785429,0.697533622323312,0.237054561110663,0.458154754814239,0.618820834552806,0.359396038385369,0.216368387327193,0.588367435027907,2.66975492526208,3.3115713906888,0.541348072883173,0.0827022811918741,18.1812386025923,1.89984178068547,13.6521074435933,26.9333333333333,0.106666666666667
400,400,"Plot_400",2014,"Broadleaf Forest",40118,"Zhuzhou",113.512302678293,27.6297685412565,30,2,10.3443255141636,0.500858710996185,0.610403226,79,17.7,1564,59.6666666666667,127,322,162.333333333333,1.85437060091026,-0.670009662539109,-0.744503582418417,0.601925110343032,0.156392013827365,0.644987253682617,0.212998579336769,0.252101711277965,0.25680862478773,0.401104104682316,0.099788058131187,1.44716366401818,2.76748458519841,2.90763505398706,0.448388818327974,0.0613886672961573,21.8651042437686,2.31662483335458,16.713169187826,29.375,0.625
401,401,"Plot_401",2014,"Broadleaf Forest",40118,"Changsha",113.520648328618,27.9899186076535,10,1,9.19430800000341,0.277830554606613,0.549301075,291,16.6,1584,55.3333333333333,121.666666666667,295,223.333333333333,1.48232029105776,-0.181036677299619,0.858822911320831,0.247190472733256,0.367849857542444,0.775701379708412,0.226355597722545,0.276882245401244,0.45970296920769,0.218639229915467,0.157559448749285,0.957589914197113,2.63729231108524,3.53911517108589,0.552900106531553,0.0817396121693532,18.564322802751,1.71547602731052,12.5756505762472,25.9292929292929,0.191919191919192
402,402,"Plot_402",2014,"Broadleaf Forest",40118,"Zhuzhou",113.545354394541,27.3042444815615,22,2,22.5892475039098,0.39516332901765,0.573897849,134,17.7,1577,56,128.333333333333,316.333333333333,173,1.32942248500412,-0.214676998748914,0.978680818136045,0.205341747728491,0.286379853870403,0.703218558388978,0.16908752504284,0.189696213023873,0.422209053802545,0.215451413331515,0.176787147969439,0.897341621425806,2.60852579628307,3.59654288916402,0.558235294117647,0.0851832379010415,18.2199556176344,1.68932023207289,12.5747527694125,26.1764705882353,0.176470588235294
403,403,"Plot_403",2014,"Broadleaf Forest",40118,"Chenzhou",113.549350064419,25.6800206951561,14,2,3.2617283920325,0.52344969461023,0.432123655913978,361,17.7,1530,55,121.666666666667,280.666666666667,267.333333333333,1.88094420380146,-0.012766793759432,-0.140360354773551,0.378750779579728,0.77236912940753,0.58997862681117,0.177553998501808,0.288919092256401,1.27379566289048,0.351979417393242,0.191593071611879,7.82707232360735e-16,2.94819426638443,2.90157501923207,0.535133163987138,0.0820807509138092,15.835455890054,2.50590013158498,15.1079824960049,26.5,0
404,404,"Plot_404",2014,"Broadleaf Forest",40118,"Chenzhou",113.552012941168,25.7525466376902,20,2,48.3486821421956,0.332549898869133,0.325026882,744,16.1,1610,53,120,219.333333333333,271,1.54314167513792,-1.03805291299241,-1.17682353363122,0.683357634672184,0.261792186734224,0.309458414634308,0.141042744386724,0.112426317823901,0.372328771554369,0.382978354365312,0.0117449709035637,1.17760275891857,2.78767489980317,2.6661547203978,0.399030915420103,0.0633896581797621,21.7097776565763,2.27780234310779,17.7665518861719,29.9347826086957,0.743478260869565
405,405,"Plot_405",2014,"Broadleaf Forest",80415,"Yueyang",113.553723800135,29.3608559862993,14,2,16.8054670507734,0.344758613925458,0.623360215053763,229,16.3,1409,59,126.333333333333,281,228,0.376412193319257,0.0266673667974172,1.34196302888396,0.0438928109383469,0.0782868148811015,0.20150087637312,0.0514207253683427,0.0460288903399846,0.136888241637711,0.0592877627631993,0.0674220756606983,0.230476739252061,2.51758480801112,3.70994620162447,0.582121895857397,0.0880550751822282,17.7519346935404,1.56622174213033,10.8795097619,25.3883495145631,0.0388349514563107
406,406,"Plot_406",2014,"Broadleaf Forest",80415,"Yueyang",113.55762657119,29.5042857190946,13,2,15.5460950027191,0.260101312753662,0.642150537634409,106,16.8,1356,60.3333333333333,129,305,193.333333333333,0.130158435531085,0.1135673876076,1.41652779447494,0.0528358503697494,0.0496686199681369,0.064643384968353,0.0457421883475612,0.0165406992114237,0.0667834505438347,0.0101134883495594,0.0239916191103261,3.75075346157147e-17,2.4881981981982,3.72360360360361,0.587528520900322,0.0876726028370912,17.6698719429348,1.5411108078757,10.3123287409712,25.1351351351351,0
407,407,"Plot_407",2014,"Broadleaf Forest",40118,"Chenzhou",113.557738499181,26.0405015434335,34,3,32.7551486141129,0.657132896957859,0.463978494623656,452,17.5,1533,53,124.666666666667,267.666666666667,211.666666666667,2.35746784293483,-0.916948534043041,-0.0884204282021215,0.468625619008125,0.557655606958695,1.07313422684247,0.372154861972042,0.423988565418469,0.692590018935028,0.371357002838994,0.305523931068326,1.54364124161939,2.84374529777537,3.22303203203977,0.489839474812433,0.0806909591436987,18.7258763498694,2.11263105686015,18.3411290681596,29.3055555555556,0.5
408,408,"Plot_408",2014,"Broadleaf Forest",40118,"Chenzhou",113.561536816574,26.2579960292452,19,2,45.471357436111,0.402615541065545,0.329408602,904,14.2,1730,52.3333333333333,120,270.666666666667,269.333333333333,1.57115803636606,-0.681681147966202,-0.569844782999316,0.320326074027875,0.32570653063098,0.438818447702749,0.208350256810794,0.548882554948122,0.375604371306514,0.284893516977234,0.137665672985216,0.895163696700409,3.17688330305784,2.79960973042393,0.495147959985709,0.081077412281946,15.6642335798225,2.33067433786913,21.2263323080034,29.0740740740741,0.175925925925926
409,409,"Plot_409",2014,"Broadleaf Forest",40118,"Chenzhou",113.563593703143,26.3301298950963,15,2,43.0168731635334,0.352069090865507,0.31755376344086,831,14.9,1686,51,120.666666666667,249,225.333333333333,2.26356247645812,0.0991002981484316,-1.09570878990956,0.87216998730643,0.215563604568653,0.775444375025159,0.12386937442794,0.51955060642889,1.22763362557443,0.313173786706704,0.189414801395827,0.877608414473155,2.25997461066339,2.24880727756417,0.403986845091734,0.0709467328181089,20.6514356147879,2.52994213649681,9.87496872370019,28.5294117647059,0.17156862745098
410,410,"Plot_410",2014,"Broadleaf Forest",40118,"Zhuzhou",113.58035588875,27.0513166489484,17,2,4.46753751377583,0.221855054891795,0.383736559,659,15.3,1716,50,113.666666666667,241,269,1.58267200060465,0.0106748673113144,-0.73698223899719,0.86759473506474,0.212682175852534,0.838636457369657,0.094208938621391,0.770332032752774,0.386908719201103,0.501597547677372,3.33066907387547e-17,3.94129173741931e-16,2.07945658810407,2.31143046943405,0.394566581993569,0.0798556863726244,20.069588393657,1.97517651091593,10.9599158142731,30,0
411,411,"Plot_411",2014,"Broadleaf Forest",40118,"Zhuzhou",113.584510586042,27.267746942252,12,2,4.69881316809682,0.470118406945071,0.545537634408602,140,17.7,1577,56,126.666666666667,308,163.666666666667,1.63037258167074,-0.0199116392255742,1.42703891737923,0.444084531040312,0.702344680556966,0.602019006950174,0.283110633281642,0.801157752219721,0.136911557903558,0.815322568785733,0.446864306966482,3.1720657846433e-17,2.03706349206349,4.46253968253968,0.537745870463941,0.072754076134926,22.557466717782,1.6248280933597,26.2217889488258,30.7142857142857,0
412,412,"Plot_412",2014,"Broadleaf Forest",40118,"Zhuzhou",113.607569590598,26.5095984937265,20,2,15.5161246918006,0.31862369007966,0.50094086,405,16.9,1565,57,125,307,177,1.06328182522141,0.13442125074677,1.11180865252462,0.286800517729571,0.470831797733137,0.847489295827463,0.0660857131263882,0.266256418524395,0.107240346275481,0.0852647778999767,0.119844225864221,2.52884133386841e-16,2.35710288065844,3.50211522633745,0.552666666666667,0.0869128744695672,18.4569653497904,1.56058860866519,9.55897173444785,25.7777777777778,0
413,413,"Plot_413",2014,"Broadleaf Forest",40118,"Changsha",113.612741222785,28.4216505433741,20,2,15.6571842689275,0.320409428502672,0.593225806,362,15.8,1578,59.3333333333333,127.333333333333,263.666666666667,217.666666666667,1.24558093701067,-0.168263752543127,0.984130056538393,0.207870968477516,0.29704882417638,0.663207428372758,0.168217759144009,0.196652464098474,0.38013788712596,0.192014517395132,0.125046347656235,0.846285442865778,2.62738211342181,3.59056365714779,0.560491803278689,0.0839236619744004,18.2456376420656,1.6699588862716,12.3089719543852,25.8196721311475,0.163934426229508
414,414,"Plot_414",2014,"Broadleaf Forest",40118,"Zhuzhou",113.6188063057,27.0144567740537,21,2,20.2399106898957,0.475254980258829,0.356639785,559,16.2,1651,53.6666666666667,118.666666666667,245.666666666667,254.666666666667,1.81828036225018,-0.990149688749594,-0.998554826684623,0.197695852892142,0.108924867162191,0.614208826180679,0.264100476369365,0.755835008691091,0.076830097920313,0.13349368044984,2.26768958221309e-16,1.42554465047694,3.25572047391015,2.66653177601635,0.460203141547513,0.0767123359686165,16.6419583737071,2.39331961648919,23.0026547682666,30,0.361702127659574
415,415,"Plot_415",2014,"Broadleaf Forest",40118,"Zhuzhou",113.621348154172,27.0865448967942,20,2,8.66807852697556,0.222729214619912,0.389435483870968,698,15.4,1709,51,115.333333333333,316.333333333333,298.333333333333,0.575707407627353,0.251266487761749,-0.722405066288867,0.315593322940216,0.0773645480945063,0.305059557905629,0.0342691244985219,0.280213371702398,0.140740605529502,0.182459425411743,9.25185853854297e-18,1.71159382963045e-16,1.66818238558446,2.21547671769993,0.362379606109325,0.0774923768859017,22.1666862879585,1.84193754324888,6.65553217063142,30,0
416,416,"Plot_416",2014,"Broadleaf Forest",40118,"Zhuzhou",113.624667593235,27.2311216033508,10,1,6.57053394675395,0.329424924034299,0.519543010752688,204,17.6,1577,53.6666666666667,116.333333333333,334,231.666666666667,2.16036477341319,-0.0590038643098894,0.883680369059796,0.461299811708287,0.745678252296022,0.701649476431827,0.334310042311347,0.704424551051661,0.869879473121633,0.663239725141306,0.365840268427621,0.384195153469715,2.35788260351419,3.77724118341381,0.538977664880314,0.0807118352624383,19.8157574492374,1.92012872494021,18.7393221057139,28.1111111111111,0.0666666666666667
417,417,"Plot_417",2014,"Broadleaf Forest",40118,"Chenzhou",113.630637498009,25.7513359572854,13,2,21.5344799181529,0.357612645301973,0.367069892,558,17.2,1561,55.3333333333333,125.666666666667,280,223,2.58131666758859,-0.569416554026988,0.0121692596614682,0.543306819886977,0.703493514933874,0.843929390580543,0.673370941369847,0.265090559842296,0.931971657599394,0.504120536919644,0.691452290964941,1.33702656026046,2.05966209473082,3.09134321201195,0.471596088934201,0.0906558664592407,18.2901522888805,2.58106942426036,14.9321789742781,33.0487804878049,0.317073170731707
418,418,"Plot_418",2014,"Broadleaf Forest",40118,"Chenzhou",113.636020202498,25.9671305977675,17,2,11.1619374117292,0.328900937547511,0.290322581,1047,14.5,1709,51,116.333333333333,204.666666666667,291,1.97537020131812,-0.283424155825658,0.35039487424294,0.6280669215773,0.577646808395237,0.665638889702656,0.425654779902579,0.327154383427361,0.720046500955755,0.460890055316508,0.357005723500396,0.700328729657191,2.39838094826145,3.20772631007504,0.518811446945338,0.083551255537402,17.0527084794898,2.20915389726934,15.0790767194597,30,0.130434782608696
419,419,"Plot_419",2014,"Broadleaf Forest",80415,"Yueyang",113.636740634183,29.3589692979742,7,1,12.2699808632051,0.372212754343975,0.594677419,357,15.6,1466,57.6666666666667,127.333333333333,258.333333333333,210,2.16574605282277,0.594565896487415,0.589943925475204,0.385818693047831,0.677857740084994,0.582681365534264,0.422408760906336,1.16810073006571,0.502498657164237,0.522013681547886,0.6273039690423,0.326822112820806,2.51574143968157,3.60249361557014,0.538460995883042,0.0660882793582698,24.1406879474292,1.85473353511979,14.9769348099402,23.4953271028037,0.0560747663551402
420,420,"Plot_420",2014,"Broadleaf Forest",40118,"Zhuzhou",113.639866353235,27.8799039139646,7,1,4.89090811198495,0.330435153920116,0.547043010752688,365,16.4,1628,54,120,267,234.333333333333,1.45405699344837,-0.226369033990572,0.881934056067594,0.242662862338773,0.346766643062059,0.774210146188246,0.196372794282309,0.229566688285623,0.44376253427316,0.224152476620325,0.145975673609051,0.987930394636411,2.65251358578201,3.5563839580166,0.554,0.082847420155276,18.3821744268686,1.70334558139224,12.7292136745859,26,0.2
421,421,"Plot_421",2014,"Broadleaf Forest",40118,"Chenzhou",113.642160838899,26.2564082633891,18,2,20.8724841616942,0.306189165806194,0.391155913978495,564,16.5,1588,51.3333333333333,116.333333333333,217.333333333333,287.666666666667,1.36893495357094,0.0213808925827311,0.930746032952546,0.286952452342238,0.53682933320221,0.980971824974844,0.115549811902883,0.306086224444423,0.255114373980597,0.111134839701186,0.156731996585414,0.34455881779324,2.4251341884566,3.44484137179476,0.543195852090032,0.0852606998963073,18.5467057711453,1.62741536482891,10.5574349067852,26.1016949152542,0.0593220338983051
422,422,"Plot_422",2014,"Broadleaf Forest",40118,"Zhuzhou",113.648592815932,26.5453716806998,22,2,19.7966921948082,0.553462095605047,0.537795698924731,371,17.3,1542,55,125,274,202,1.63226883974914,0.148223228412514,0.882321318127409,0.517953564684854,0.571468038440351,0.705152804462886,0.38098734601487,0.348261470707432,0.580133111297374,0.407071471685805,0.280337370442621,0.423495539538928,2.19866758321144,3.57034796798969,0.539411407645588,0.0709507138676052,19.3562878545054,1.85866358094361,13.3908134228279,27.962962962963,0.0740740740740741
423,423,"Plot_423",2014,"Broadleaf Forest",40118,"Zhuzhou",113.660420237212,27.0496983178171,32,3,55.8995994781818,0.41061443368042,0.303010752688172,683,15,1730,49.3333333333333,113.666666666667,244,305.666666666667,2.15045013556375,-0.565801850566622,-0.864090345000399,0.864081443234,0.410355871034477,0.559598339875275,0.2057881312361,0.194770030781049,0.51487840551644,0.486634437207841,0.0589576710298901,1.54245016041444,2.4082621876646,2.609226882084,0.399959868703108,0.0680379131631594,21.7398698704284,2.10528868911465,13.724677503372,29.6527777777778,0.486111111111111
424,424,"Plot_424",2014,"Broadleaf Forest",40118,"Zhuzhou",113.663647547784,27.1944451900243,27,2,22.5388623218736,0.571176414764893,0.486344086021505,368,16.3,1660,53,118,325,241.666666666667,1.90040013245634,-0.124043887257852,-0.524851778341563,0.913838970515897,0.296849902972509,0.705761918721388,0.30299222520273,0.660190179793619,0.427146673684303,0.513086857026069,0.0937512776694147,0.400728932383617,2.55302821289978,2.63365596748295,0.468992051147835,0.0726247069552295,17.4439729309545,2.34924299148354,15.2689414489625,29.4186046511628,0.0697674418604651
425,425,"Plot_425",2014,"Broadleaf Forest",40118,"Changsha",113.686809184036,28.1317513082711,30,2,28.5838764253281,0.422696808045207,0.608602150537634,357,16.1,1612,56.6666666666667,121,312,204.666666666667,0.0391026141775004,0.102623483010071,1.44010073324312,0.000253226859233241,0.00801203460424975,0.0118938733196504,0.00509652623993573,0.0320662994268081,0.0156895718520193,0.00478629157959243,1.48690583655155e-18,5.84849629043609e-17,2.51303075396826,3.74239087301588,0.589553571428571,0.088940703340162,17.7103871796308,1.523485099203,10.3586146178494,25,0
426,426,"Plot_426",2014,"Broadleaf Forest",40118,"Changsha",113.692458299839,28.3470816334834,21,2,64.0159459622683,0.668579519594548,0.509462366,441,16.3,1571,53,117.666666666667,279.666666666667,249.333333333333,2.13157088895793,0.246838633186949,0.220863666049142,0.309922476899937,0.907704870932829,0.67984726251846,0.209933099180086,0.171959704170143,1.63928064281447,0.0582296036530779,0.0395853453743551,0.137141680557095,2.70804567127185,3.07421555663257,0.547201917567963,0.0801776160208756,17.2382319980673,2.41993879418547,10.9880790820461,25.2272727272727,0.0227272727272727
427,427,"Plot_427",2014,"Broadleaf Forest",40118,"Zhuzhou",113.703462668328,27.1574904884411,8,1,9.56403601678215,0.485383759666323,0.485349462365591,447,15.8,1686,54,116.333333333333,281.666666666667,238,1.40491203911974,0.239746119467546,-0.720560485885564,0.61924424807937,0.202198539491206,0.78095246823841,0.100542653776907,0.556398162329882,0.576735586416468,0.293757144140431,0.0567683175146308,2.92358729817958e-16,1.87230924338428,2.27887129612921,0.389614739549839,0.0754408205492249,20.9713171315823,2.05318933900218,8.23741897409651,29.6666666666667,0
428,428,"Plot_428",2014,"Broadleaf Forest",40118,"Zhuzhou",113.70503806351,27.229438201289,14,2,10.2951382958398,0.345659370568583,0.497903225806452,341,16.9,1618,54,118,305.666666666667,207,0.673912091383693,0.686514009870751,0.104486272137394,0.0232939234664145,0.226832704473769,0.53425531891662,0.16540382806774,0.187018605538901,0.230535263677712,0.0353862328734129,1.64010219546898e-16,1.55178900032834e-16,1.57727272727273,2.80204545454545,0.474921479830459,0.0513046454999051,19.8715081195923,2.27435375359493,6.85,30,0
429,429,"Plot_429",2014,"Broadleaf Forest",40118,"Zhuzhou",113.719094818515,26.1104772234477,28,2,36.5258696186731,0.489795332150112,0.258494623655914,1234,13.2,1795,51,114.666666666667,230,294,2.00202026515155,-0.14439131483573,0.297737608427895,0.41056382972144,0.781367077019732,0.693651975847581,0.175039488295481,0.261418133464321,1.2316785490294,0.335140696205023,0.302744669367828,0.372658447508531,2.75030737835941,3.17455254620846,0.542005861425163,0.0874805641285554,16.4854622152062,2.28284689253045,14.4534844677762,27.2043010752688,0.0645161290322581
430,430,"Plot_430",2014,"Broadleaf Forest",80415,"Yueyang",113.72008423288,29.4295158232273,17,2,16.1964616505229,0.377312755589284,0.534435483870968,661,14.7,1516,59.3333333333333,121.333333333333,277.333333333333,245,1.99767340715844,-0.282610399891696,0.318845050130367,0.394998692640452,0.492821373454031,0.959909391614341,0.357902755362641,0.357416720596016,0.523910777446582,0.296992902265516,0.227655823681412,1.30728029536009,2.61367204277617,3.29533468651479,0.515338102893891,0.0706205104962499,19.5968844234049,1.86936096528865,13.9346290921904,27.6086956521739,0.304347826086957
431,431,"Plot_431",2014,"Broadleaf Forest",40118,"Zhuzhou",113.721921579422,26.2553507983863,65,4,39.7168530825195,0.6499836653748,0.394811827956989,394,16.9,1568,53.3333333333333,119.333333333333,292.333333333333,240,1.30303866495803,-0.117023431363472,0.703879037444885,0.410463171101337,0.605640196379634,0.611622320679584,0.0350029610902415,0.339766094659234,0.635243004270509,0.346724653677748,0.190600085154257,7.24645568775609e-16,2.7429419289345,3.35397249971027,0.55632724341705,0.0875561006127544,16.5549360239712,1.83041138715924,14.1962684032378,26.4864864864865,0
432,432,"Plot_432",2014,"Broadleaf Forest",40118,"Zhuzhou",113.724959575771,26.3996493932835,60,4,18.7227705982841,0.460820789070053,0.427258064516129,654,16.4,1592,51,119.666666666667,238.666666666667,226.666666666667,1.00417018310402,0.162572822335021,1.04012525552075,0.139614546033552,0.44660394874321,0.284063783279452,0.10039983380786,0.0715841093581993,0.832599485148505,0.0170851150457546,7.40148683083438e-18,1.48029736616688e-17,2.58716324796,3.52059099332587,0.57780736977492,0.0859989962698464,17.4070781383521,1.83885320089438,10.5627463436672,25,0
433,433,"Plot_433",2014,"Broadleaf Forest",40118,"Zhuzhou",113.727152092873,26.4714916602155,25,2,19.1022928987151,0.523463331513689,0.525403225806452,366,16.9,1563,53,123.666666666667,287.666666666667,204.666666666667,0.950767338925261,0.131715831513949,1.16418225600718,0.196407978201266,0.346392005678438,0.374498151784434,0.172180552852005,0.215398522821049,0.530181498466242,0.217563242919287,0.14968208719678,2.0122792321331e-16,2.46648340496352,3.66239435581194,0.572854113745981,0.0837354118630397,18.0724749215933,1.73376926285051,12.2823951920764,25.9375,0
434,434,"Plot_434",2014,"Broadleaf Forest",40118,"Zhuzhou",113.72899864497,26.5428257089894,17,2,17.6714696100538,0.584000856516114,0.448172043010753,726,15.7,1645,52,118.333333333333,262,229.666666666667,2.2032522191372,-0.0785134361498089,-1.11179910144121,0.160532591593641,0.592648371762944,0.586166936933191,0.121021199818544,0.393953897416716,1.31171688802658,0.261769676158297,0.186193461236034,1.26011529928114,3.02944920110444,2.50943054634094,0.48631729903537,0.0682181388034678,17.7726519930775,3.15691612312662,14.4306729416097,26.4285714285714,0.285714285714286
435,435,"Plot_435",2014,"Broadleaf Forest",40118,"Changsha",113.730592040257,28.1686512421833,33,3,25.4593434779934,0.44847902004243,0.589139785,226,16.9,1558,56.6666666666667,123.333333333333,303,220.333333333333,2.10658914093013,-0.145655436409066,0.324893720807805,0.408317009855917,0.612056069534972,0.901449940649601,0.32071900484903,0.290032596913721,0.907940592897789,0.26463431607505,0.211787076699731,1.08589055483391,2.6168340131652,3.24534202177319,0.527280460985005,0.0744717157212256,18.4960356255463,2.08500789040462,12.905518373641,26.8316831683168,0.227722772277228
436,436,"Plot_436",2014,"Broadleaf Forest",40118,"Zhuzhou",113.747970960155,27.3284447364758,18,2,16.554629541771,0.524739697178319,0.398575269,344,16.1,1673,53,120.666666666667,288.333333333333,254.333333333333,2.34166062038595,-0.623528434819287,-0.51457050407435,0.664679935136559,0.492406712266666,0.997891324652706,0.240807517924383,0.30334508433773,0.586120898521974,0.434980801247426,0.168249772526791,1.54272295414669,2.5839265416544,2.86311870002758,0.43780487804878,0.0709771372486089,20.9066394290798,2.04288012457977,14.6343074453888,28.780487804878,0.48780487804878
437,437,"Plot_437",2014,"Broadleaf Forest",40118,"Chenzhou",113.749304829733,25.7132791690607,70,4,89.9987981911441,0.706886610553172,0.435510753,1105,15.2,1685,53,120.333333333333,243.666666666667,261.666666666667,1.81776347760073,-0.200630633623651,0.4244448037432,0.386051195592652,0.657100000166756,0.76606140596865,0.183005567396543,0.293024645734859,0.910757524915474,0.325202782334527,0.188488554247798,0.675343043208484,2.80339430342636,3.27574030299298,0.543368752679528,0.0828109097830232,17.2175492222304,2.01563181015788,14.3861263066419,26.4583333333333,0.125
438,438,"Plot_438",2014,"Broadleaf Forest",40118,"Zhuzhou",113.769618122223,26.578992622824,22,2,31.5300143906832,0.469552170658468,0.402150537634409,744,15,1693,49,117.333333333333,260.333333333333,250.666666666667,2.4203771323168,-0.295840399403397,-1.290786438166,0.685433139432944,0.375697982492114,0.686369207664318,0.122721295378456,0.519727888206399,1.18287774658698,0.379822781105747,0.206959839710374,1.4706903322801,2.71721170438057,2.37837760001071,0.425149660282399,0.0665997900858001,19.9330744928945,2.78800826049523,13.9776761769904,28.2608695652174,0.391304347826087
439,439,"Plot_439",2014,"Broadleaf Forest",40118,"Zhuzhou",113.773602816357,26.7231093350926,20,2,37.1706370402776,0.383844834217101,0.454596774,446,16.5,1601,53,118.666666666667,308.333333333333,222.666666666667,2.16771770126544,0.0238424438539646,-1.20838018806085,0.639636015052658,0.315711056656846,0.772874839742915,0.157645896418139,0.628223851951285,1.31830757636511,0.380367891154225,0.229204502754074,0.64268262333847,2.79338336761485,2.29811670706077,0.454887322801622,0.0724195716340878,17.7361500407736,2.96576315720658,14.089594910488,27.7329192546584,0.118012422360248
440,440,"Plot_440",2014,"Broadleaf Forest",40118,"Zhuzhou",113.781775526357,27.0839738305537,30,2,22.9057920717708,0.278356328274921,0.316666666666667,936,13.6,1817,48.6666666666667,108,238,363,0,-0.76662113722086,-0.784077720054849,0,0,0,0,0,0,0,0,0,3.40818862701358,2.62143489811348,0.498555273311897,0.087490993945113,13.2943490428368,2.40564086799408,24.8663860475771,30,0
441,441,"Plot_441",2014,"Broadleaf Forest",40118,"Chenzhou",113.781903422986,25.3879249883533,10,1,48.625967100562,0.510643681699108,0.493817204,363,19.2,1530,57,123.666666666667,280.333333333333,194,1.17372562559765,0.182612250316298,0.957211005674081,0.162570001825637,0.519682764755879,0.3452562882549,0.132217649889513,0.0824785677856065,0.957350696862216,0.0201969490312049,0.0126689857575798,9.06942752510691e-17,2.58614952260349,3.47246032218747,0.574544553235814,0.0849470914146765,17.3951540492118,1.90272861518399,10.5442506251926,25.0704225352113,0
442,442,"Plot_442",2014,"Broadleaf Forest",40118,"Yueyang",113.784025659614,28.7064360594611,7,1,5.52524873770207,0.408018427665188,0.617822580645161,290,16.6,1519,59,128.333333333333,308,204.333333333333,0.777872881720201,0.54303903548881,0.226940273744775,0.21851704585932,0.297209910721992,0.148124301751792,0.0633003220452001,0.199227824690855,0.124275018935131,0.317741595972618,0.0567683175146308,0.384195153469716,1.7039983557545,3.05054773909195,0.492651588424437,0.0482980394136815,19.8912386696599,2.32699115044974,10.249332201807,30.3333333333333,0.0666666666666667
443,443,"Plot_443",2014,"Broadleaf Forest",40118,"Zhuzhou",113.785644299038,27.2277219998317,11,2,6.27541804083138,0.364713481538419,0.411048387096774,458,16.2,1661,48.3333333333333,111,281,294,0,0.751351468906414,0.259864464968992,0,0,0,0,0,0,0,0,0,1.59,2.92,0.498555273311897,0.0465221762190519,19.284689742,2.365857369,7.2,30,0
444,444,"Plot_444",2014,"Broadleaf Forest",40118,"Chenzhou",113.790835172774,25.7491184178802,14,2,16.2215751722491,0.364364287653097,0.357365591,1127,13.3,1805,52,116,212.666666666667,288,2.23751507688407,-0.465771927194801,-0.0181119175726645,0.549578356694277,0.480806810311688,0.970080888374688,0.322103580851049,0.296470079571724,0.624408569368307,0.377695326101079,0.211121841996561,1.51493716894465,2.62522504000914,3.1677481921823,0.493568124086524,0.0672787337757687,19.5992687421107,2.09132899278625,14.7760990922524,28.1818181818182,0.431818181818182
445,445,"Plot_445",2014,"Broadleaf Forest",40118,"Zhuzhou",113.800416361644,26.1816330268619,60,4,59.5696069568736,0.716984975221913,0.283709677,804,15.4,1661,52,119,236,296.666666666667,2.27702881680262,-0.631266920406353,-0.463035474152189,0.557744651665058,0.446908022791631,0.944695340061325,0.267575432251219,0.693201666157348,0.513026376696287,0.429059984072279,0.174277079716928,1.39116729040638,2.89238935265664,2.89796312038439,0.471872935231971,0.0776081448517405,18.8432729723914,2.15410463660002,17.6533315985556,28.7142857142857,0.342857142857143
446,446,"Plot_446",2014,"Broadleaf Forest",40118,"Chenzhou",113.800863585104,26.0391013113532,9,1,3.6303582428318,0.359574234765027,0.225591397849462,1539,12.6,1846,50.6666666666667,106,210.666666666667,367,1.22720568650385,-0.315620331651005,-0.862098221429484,0.225342425321989,0.316414504342651,0.163046814382339,0.167308326083396,0.26304644873136,0.982091834986416,0.372208780689531,0.209467643890538,8.76283173007713e-16,3.24713509844417,2.54017826676066,0.505087039503904,0.0819283626801938,14.3740063008624,2.77580959352379,20.0507362007483,28.2142857142857,0
447,447,"Plot_447",2014,"Broadleaf Forest",40118,"Zhuzhou",113.810789026019,26.6136743289145,18,2,19.5483112880142,0.448270692792947,0.458521505376344,313,17.1,1547,53.6666666666667,117.333333333333,264.666666666667,255,2.21678052201495,-0.691424398236037,-0.202359523860205,0.455273561100572,0.514822533741458,0.896750307622846,0.310327915053018,0.488924119681026,0.613272840386015,0.37338945452356,0.205812869895573,1.46977559626846,2.93786380383415,3.09102907974127,0.495397494473473,0.0748866513176986,18.2343049927086,2.11367265314186,17.9652514571062,28.28125,0.390625
448,448,"Plot_448",2014,"Broadleaf Forest",40118,"Chenzhou",113.824176262753,25.4957174992333,12,2,8.53403585918274,0.289091206739833,0.355295698924731,1054,15.4,1710,53.3333333333333,120,240.333333333333,239.666666666667,2.20511442205776,0.353756081991926,-0.0326855293416424,0.642695962399673,0.780310490210559,1.04494347666963,0.227306592949712,0.448702807404428,1.14815423923282,0.16192018220232,0.224523130795171,5.53376788836601e-16,2.23661105375923,2.80170134410511,0.488208227491961,0.0747860211257791,18.9373810602224,2.2539767802782,8.92560581643889,27.1875,0
449,449,"Plot_449",2014,"Broadleaf Forest",40118,"Chenzhou",113.82735877047,25.6396914794133,28,2,33.4987735624312,0.514855857466742,0.37252688172043,875,16.1,1656,51,120.666666666667,216.666666666667,249.333333333333,2.20605133751957,-0.231668405807844,-0.115643952869404,0.491472820151041,0.703467778414387,0.847783270080699,0.214607241632811,0.427833974883207,0.976837915571122,0.384084395877254,0.225559710346395,0.764337595400184,2.82266469163173,2.96664399663703,0.510106617447961,0.0798989931278406,17.3684035777922,2.25192541925437,15.0894014824609,27.2368421052632,0.144736842105263
450,450,"Plot_450",2014,"Broadleaf Forest",40118,"Zhuzhou",113.840975876558,26.2168504499461,65,4,87.4358170199011,0.617616873310206,0.304247312,1223,13.8,1761,50.6666666666667,113,211.666666666667,299.333333333333,1.66165320274292,-0.292779652052289,0.034751688277096,0.630843127364866,0.639941530141059,0.754422565983335,0.0548995439967188,0.567516700911054,0.603446858877219,0.481127000315595,0.212291492090725,8.03450873083995e-16,2.82850220824363,2.97224000544772,0.512040794550685,0.0867280836917768,16.2892094309112,2.0055618781594,16.8630235838142,28.1578947368421,0
451,451,"Plot_451",2014,"Broadleaf Forest",40118,"Zhuzhou",113.842923892017,26.2886299436696,28,2,14.7483151480294,0.418863585408988,0.351236559139785,648,15.8,1637,53.6666666666667,122.333333333333,300.333333333333,228.666666666667,2.3355274078444,-0.35371953070448,-0.660205583222899,0.807162953584236,0.514254165663546,0.850222120874431,0.196788206492752,0.349076631545338,0.637427278193643,0.432965132795312,0.143578388799072,1.40065745931438,2.36296421388269,2.63690500425964,0.417079691737732,0.0721704536384469,21.1019263213779,2.08251822694392,12.4723894124306,29.0217391304348,0.347826086956522
452,452,"Plot_452",2014,"Broadleaf Forest",40118,"Changsha",113.849643339795,28.1290105248183,26,2,13.3251359586201,0.542399337415417,0.528682796,371,16,1631,55.6666666666667,116.666666666667,264.333333333333,236,2.11307770527006,0.0771604604773403,0.543717727432681,0.545438310846097,0.84398864141258,1.34000816273553,0.198163815053131,0.541672435017843,0.297983269452445,0.314350259044666,0.261023294142739,0.400728932383617,2.1785857039119,3.26503365583574,0.495214444029014,0.0804166872519256,20.3692300185767,1.71166141762907,11.3323990711098,27.6744186046512,0.0697674418604651
453,453,"Plot_453",2014,"Broadleaf Forest",40118,"Changsha",113.859218357902,28.4885311307404,31,3,31.7865102515504,0.448557423497076,0.549973118,470,16,1593,54.3333333333333,123,299.666666666667,237.333333333333,2.35686858371353,-0.583087101871513,-0.879028924402705,0.471220731792995,0.421856860682319,0.836073997082551,0.203186228533065,0.484816063289334,0.821287329951894,0.37771986855632,0.204730882236694,1.5411714156328,2.89517249914133,2.72712794554931,0.456966581993569,0.0675170580499017,19.3496964060359,2.55247764841127,16.545965960665,28.3,0.48
454,454,"Plot_454",2014,"Broadleaf Forest",40118,"Chenzhou",113.904956137013,25.5659413664375,25,2,70.3404683841304,0.388829489380378,0.460215054,477,17.6,1596,54,121.666666666667,263.333333333333,216.333333333333,1.9177938933365,0.115919851199919,0.396589145506946,0.329850276009477,0.79394385816857,0.660684129144474,0.200787468547188,0.206701062260436,1.33195424874888,0.144523141261241,0.101710112342786,0.223399942254828,2.71216843909639,3.18961011877904,0.55061770217344,0.0815964621590607,17.1861529604044,2.2182683881274,11.981274287705,25.6390977443609,0.037593984962406
455,455,"Plot_455",2014,"Broadleaf Forest",40118,"Zhuzhou",113.920722824648,26.2151250975186,25,2,73.8317658757526,0.598688860529756,0.256827957,1419,12.3,1874,52,119.666666666667,205.333333333333,258.666666666667,2.23734005298552,-1.23214506029428,-0.49592083573214,0.534670094050075,0.50776593226606,0.865316800994884,0.447699485238726,0.504097741217955,0.479009554987037,0.271873527320362,0.360538247666138,1.46839881982347,2.88716458158778,3.07276747328005,0.460386673069696,0.0821036280640325,18.6850013128608,2.30465429438686,20.9436516769483,31.1688311688312,0.61038961038961
456,456,"Plot_456",2014,"Broadleaf Forest",40118,"Zhuzhou",113.925491543888,26.3589548483391,42,3,16.0638408074985,0.5524801850255,0.306935484,747,15.1,1680,51.3333333333333,121,245.333333333333,227.666666666667,2.04353772908654,-0.0277699517047074,0.496932912597057,0.382324641325312,0.740329857152714,1.23012206095465,0.188780977236995,0.396688386370748,0.618872177898198,0.172612392018398,0.196012257043403,0.675343043208484,2.44685584692834,3.22795747807236,0.516784704581994,0.0814716495361591,18.9988778744661,1.83531405404323,10.9198883685232,26.5625,0.125
457,457,"Plot_457",2014,"Broadleaf Forest",40118,"Changsha",113.934778038626,28.2708574775317,26,2,41.3612523313169,0.491687706603442,0.594247312,253,16.8,1572,57.3333333333333,127.666666666667,276.666666666667,182.666666666667,1.87100905921162,-0.0248978171434261,-1.4400838052773,0.0752755566356263,0.422780163081934,0.51091456106442,0.0820260172248435,0.413289629523725,1.03381723874322,0.257243595838091,0.186193461236034,1.26011529928114,3.0889256205961,2.32835783264446,0.476519649747359,0.065954740074922,17.597523440267,3.41458292468458,14.5624297486651,26.4285714285714,0.285714285714286
458,458,"Plot_458",2014,"Broadleaf Forest",40118,"Zhuzhou",113.967609520559,26.4666218698006,35,3,40.677661716128,0.41115716040975,0.274865591,1093,13.7,1778,50,108,251.666666666667,336.333333333333,2.09993251734737,-0.368122127768968,-0.721055505256831,0.931444916619784,0.377627139004626,0.795798488639301,0.222958726047229,0.740507514497493,0.512877120829927,0.581961600942512,0.164954430647966,0.857578467566329,2.25137248873537,2.48523809247008,0.404977128370022,0.082222747543133,19.6752203417786,2.09487467445333,13.9057294054779,30.8974358974359,0.166666666666667
459,459,"Plot_459",2014,"Broadleaf Forest",40118,"Changsha",113.978258713537,28.3779948772287,28,2,35.4736238161093,0.446887440986593,0.588494623655914,174,16.9,1558,52.6666666666667,120.666666666667,317.333333333333,249.666666666667,2.27527245642993,-0.316046936462186,-0.103343776814298,0.622830391836744,0.482443263335926,0.809658364637038,0.362623863760278,0.328685689925361,0.638362792333441,0.392949194436408,0.232914094179538,1.37927124348131,2.51212454301639,3.05103069388999,0.490625627009646,0.0686175723250315,19.0462076204053,2.26057286889284,14.2478974402075,28.7894736842105,0.336842105263158
460,460,"Plot_460",2014,"Broadleaf Forest",40118,"Changsha",113.985343608472,28.5263996659968,40,3,59.1955110597175,0.543073777805492,0.577741935,391,16.6,1563,53,120,275.666666666667,228,1.97504949419786,0.253814831100233,-0.909907912993672,0.44158028483972,0.664371613271333,0.434748535839218,0.225900690258334,0.279651863840676,1.34533518330958,0.1426512638272,0.229919683140625,0.528829614550398,2.79044051701955,2.47877485380627,0.496977282958199,0.0732920312405307,17.1280475200557,3.23082865209731,12.1246730846201,26.5540540540541,0.0945945945945946
461,461,"Plot_461",2014,"Broadleaf Forest",40118,"Yueyang",113.986951422874,28.6662844164142,21,2,27.4192117032068,0.43394074891297,0.598870967741935,199,16.7,1544,59.3333333333333,129.666666666667,275,175.666666666667,1.56106925072059,0.42871078103026,-1.0380863437746,0.19588031112229,0.60410458019137,0.375049589292249,0.132106511394176,0.229392229242845,1.20348157300582,0.0571066824822673,0.051563202718178,0.273831437128805,2.96481528320229,2.4054204508961,0.51063544230913,0.0704000183748266,16.7912968790697,3.39162656693438,11.8390015160393,25.1395348837209,0.0465116279069767
462,462,"Plot_462",2014,"Broadleaf Forest",40118,"Zhuzhou",114.012340969054,26.3588846696437,82,5,114.232826718093,0.761784690968406,0.160994624,1257,11.8,1907,49,101.333333333333,215.666666666667,388.666666666667,1.1070401209734,0.0818908854691663,0.931563036790904,0.325441949783064,0.47101846006056,0.525373068565313,0.240296386066212,0.215951319858599,0.554523115103704,0.222151794523722,0.194985930238847,6.83315837775245e-16,2.487153049009,3.4476300295365,0.561695679834635,0.0815775151013173,17.2829615082591,1.78625431059811,11.9324524638484,26.547619047619,0
463,463,"Plot_463",2014,"Broadleaf Forest",40118,"Changsha",114.014091938273,28.196954070538,33,3,45.9755070787098,0.533733833257007,0.508387096774194,374,16,1637,53.3333333333333,120.666666666667,299.333333333333,258,2.41940282177858,-0.550334642304755,-0.049070183482098,0.38573724590251,0.62404450480488,1.07975533412684,0.310310182826853,0.370330254514232,0.912070588716572,0.34405437212918,0.250597358826477,1.5064727099395,2.8327030945096,3.17935571355014,0.503717401319437,0.0750968683971462,19.0050908981908,2.17214827761618,15.5257118569102,27.4137931034483,0.422413793103448
464,464,"Plot_464",2014,"Broadleaf Forest",40118,"Chenzhou",114.039881151255,26.1774828666537,70,4,34.1508792759158,0.762283337209863,0.245645161290323,1295,13.3,1809,51.3333333333333,109.333333333333,231.333333333333,331,2.58247651498545,-0.491591679356999,-0.352655048184446,0.653925898554242,0.78585499460629,0.601600894138381,0.66119945511817,0.192865029234827,1.07189127625406,0.45476574318527,0.72435943898631,1.30728029536009,2.35362312603471,2.92976050142176,0.483531241437159,0.089469244555232,17.2909719440192,3.0087970590762,15.7280481389789,31.9565217391304,0.304347826086957
465,465,"Plot_465",2014,"Broadleaf Forest",40118,"Zhuzhou",114.047827663251,26.4658961042136,84,5,67.2939580169007,0.568361235676601,0.205860215053763,1066,13,1832,49,113.333333333333,247.333333333333,289,0.291091835060213,0.126186114916221,1.3701390520616,0.106316708906686,0.11977827103969,0.179025595737075,0.0740823238330005,0.0506781649542667,0.109220124892625,0.0233437607682433,0.0472523995075272,1.18626569754469e-16,2.46146879756469,3.69051315503371,0.582954326300489,0.0869100162620966,17.766485318376,1.55676911499619,10.1933695874047,25.2739726027397,0
466,466,"Plot_466",2014,"Broadleaf Forest",40118,"Changsha",114.063615633741,28.52048111115,20,2,33.5680119820715,0.353072115360801,0.568602150537634,521,15.8,1616,51,117.333333333333,260.666666666667,282,2.33624653938382,-0.610961671655119,-0.2545869638631,0.452776032380632,0.529537784362429,1.04097762578394,0.311251690476267,0.520655652033004,0.636495046055986,0.397136792144873,0.221234243114161,1.52141280774007,2.86478113115467,3.07881252677465,0.485674036441586,0.0748789256629601,19.7164793294088,2.13413193099922,16.35031324566,27.9333333333333,0.44
467,467,"Plot_467",2014,"Broadleaf Forest",40118,"Yueyang",114.068759461553,28.6648683199412,26,2,16.9650091336739,0.309727220264735,0.607956989,411,16.1,1583,57,129,275,198.333333333333,1.65111795219232,0.00113636826327703,-0.603758799458158,0.67355370812782,0.425971744876311,0.771927448105801,0.126418334893434,0.332593265336578,0.321089286225732,0.345169328557414,0.0714982891146371,0.756069179568682,1.96130566800168,2.4502126369033,0.391876166283877,0.0748913904122843,21.6934739314382,1.89713227006431,9.18669921568829,29.5714285714286,0.142857142857143
468,468,"Plot_468",2014,"Broadleaf Forest",40118,"Yueyang",114.110310341818,28.7001073306272,23,2,24.8880540832237,0.410879253784555,0.572849462,587,15.2,1635,51,121.333333333333,243,251,2.25844423709716,-0.520541912903767,-0.15680490691847,0.642678786445834,0.742483337949319,0.720073594785134,0.151222499041745,0.28040930932933,0.529625521011433,0.456487926010807,0.143081524588956,1.52679151543553,2.55051410857774,3.32707298505651,0.469822431732015,0.0595771192620234,21.7502725722499,2.04912750638716,20.149399380045,30.2238805970149,0.447761194029851
469,469,"Plot_469",2014,"Broadleaf Forest",40118,"Changsha",114.14476161107,28.4401369223104,44,3,36.2410469900286,0.649342267116529,0.319005376344086,1293,13.1,1770,49,108.333333333333,271,340.333333333333,1.86532911141545,-0.287612865233014,0.613043300572921,0.315970557065744,0.486861733103783,0.946235905802221,0.264170736068158,0.280189434591043,0.665324954926035,0.268667836409089,0.184748962325722,1.17726748210289,2.68238499384389,3.43841217423637,0.539156680682661,0.07953795092988,18.5963765951368,1.83896442082956,13.3360263108505,26.4102564102564,0.256410256410256
470,470,"Plot_470",2014,"Broadleaf Forest",40118,"Changsha",114.181194406548,28.337443058854,35,3,31.0544769288103,0.691586515297452,0.546236559139785,720,14.1,1725,53.3333333333333,120,274.333333333333,273,1.09782932374811,-0.027130463976351,0.953753561992073,0.247541601251456,0.429813158110206,0.556822886089834,0.0832442906058045,0.199835978167446,0.485963523417795,0.20272300047097,0.126714994452301,0.280025622062475,2.62059179681703,3.50671934954203,0.563637532537131,0.0868076985157795,17.7089257833,1.72463885549642,12.1251369376237,25.8333333333333,0.0476190476190476
471,1,"Plot_471",2014,"Conifer-Broadleaf Mixed Forest",40118,"Huaihua",109.144081121599,27.1353437198307,6,1,2.9680168566793,0.299131431054566,0.490322580645161,706,15.5,1210,58.6666666666667,118.333333333333,300.666666666667,335,0.394307810723345,-1.44201795947989,-1.25615830088966,0.0658047534751321,0.0940353758303619,0.20994851588266,0.053251919937093,0.0622533633005951,0.120338497155686,0.0607851499099539,0.0395853453743552,0.267904678297581,3.17830137321885,2.84129380635868,0.418181818181818,0.0603308402783052,21.2387270775209,2.40184490947399,21.5212956141568,29.7727272727273,0.954545454545455
472,2,"Plot_472",2014,"Conifer-Broadleaf Mixed Forest",80101,"Huaihua",109.220454993869,27.4244027942713,10,1,8.72201485521436,0.451404344601786,0.517876344086022,542,15.9,1220,56.6666666666667,115.666666666667,298.666666666667,340,1.7992560474426,-0.0728671824999802,-0.338253175123249,0.815904464900713,0.0644472705859373,0.550875502382699,0.118512617024832,0.186462822320279,0.054123218474434,0.413184306272581,0,1.42882495092043,2.17908194047907,2.87571494050156,0.466353355743934,0.0510502647953199,20.0578238585455,2.39424493745455,12.6003414925427,30,0.363636363636364
473,3,"Plot_473",2014,"Conifer-Broadleaf Mixed Forest",80101,"Huaihua",109.262374930315,27.3168760461415,13,2,28.988885274158,0.592208498851726,0.505510753,722,15.3,1239,58,121,298.333333333333,299.666666666667,2.42528965587922,-1.06679564269629,0.0513386472467364,0.47599594377368,0.520919096088138,1.17610048249082,0.45104499938252,0.347271186727326,0.756421279900042,0.391483115004424,0.443502480583053,1.50076231824108,2.68509990147307,3.34490413303415,0.485,0.085294474904657,19.2116936056087,2.12413461280325,18.2133874399185,30.4166666666667,0.583333333333333
474,4,"Plot_474",2014,"Conifer-Broadleaf Mixed Forest",40118,"Huaihua",109.317153707262,26.3430117304018,15,2,37.2999493030297,0.621458470647086,0.473387097,576,15.9,1333,53,114,292.333333333333,329.333333333333,1.75359791052518,-0.34596407952662,0.212028090082997,0.522032853282118,0.625006659911345,0.782009927388023,0.14543095902027,0.496747460006667,0.643980573867503,0.436308727438685,0.227297761674992,0.546001515682369,2.85721309808339,3.148662404892,0.526100107181136,0.0843621524763468,16.8125461707608,1.97848353945362,16.5683926219596,27.6470588235294,0.0980392156862745
475,5,"Plot_475",2014,"Conifer-Broadleaf Mixed Forest",40118,"Huaihua",109.357515663101,26.3073594188786,30,2,44.3483080558887,0.571438659436932,0.492204301,607,15.9,1348,54.6666666666667,117.333333333333,299.333333333333,313.333333333333,2.59356152719742,-1.05123660168627,-0.166146336271194,0.54813645821548,0.773808828068319,0.787700741775014,0.634802883466303,0.510359446350007,0.724622252922147,0.621699978363524,0.683890899209519,1.49021071730158,2.00079798311568,3.00650969057833,0.424515454647424,0.102068196110165,19.0231342266141,2.30468652750931,17.2715471353808,35.2325581395349,0.406976744186047
476,6,"Plot_476",2014,"Conifer-Broadleaf Mixed Forest",80101,"Xiangxi",109.393502276624,29.3391503779484,10,1,5.57601784425888,0.490205950924903,0.585752688172043,604,15.7,1434,61.3333333333333,130.333333333333,340.666666666667,259.666666666667,1.0095514539121,-1.79672927201514,-1.06206531613465,0.509041722930359,0.346206014264463,2.22044604925031e-16,0.569538462124191,0.234968241176283,0.19697966648231,0.121998021605666,0.45491034019441,1.35564074585809e-15,2.91372593870839,2.98997475607667,0.41,0.076514883910486,20.6255016009211,2.52720183193421,23.336219521548,33.1578947368421,1
477,7,"Plot_477",2014,"Conifer-Broadleaf Mixed Forest",80101,"Xiangxi",109.396926820717,29.1228912831969,8,1,5.73572411135518,0.480167936222963,0.503817204,819,14.4,1461,58,122.333333333333,307,284.333333333333,1.26648622265808,-1.91140608479639,-0.930516019073525,0.638594819859046,0.434316790459982,2.22044604925031e-16,0.714488214304494,0.294768571783836,0.247111757183753,0.153046992262142,0.570686789829622,1.72701359386135e-15,2.79303173968248,3.06809865854598,0.41,0.0836609989169181,20.3055617276852,2.56113017069444,23.8598522840521,34.4444444444444,1
478,8,"Plot_478",2014,"Conifer-Broadleaf Mixed Forest",80101,"Huaihua",109.422316586792,27.4632841333406,10,1,16.6914225210786,0.270935377418782,0.53508064516129,353,16.6,1238,57,122,303.333333333333,291.666666666667,2.19442095545791,-1.37663963704633,0.172187315284611,0.139243060739316,0.43655387876722,0.588272336178788,0.94542872956276,0.212290790357386,0.354195583677754,0.600746361910692,0.702991292401202,1.48271070710523,1.76097941010812,3.39096613376392,0.446512403590213,0.103508893343127,18.6145899261499,2.64004082168508,19.7517060368947,38.5,0.599337748344371
479,9,"Plot_479",2014,"Conifer-Broadleaf Mixed Forest",40118,"Huaihua",109.425955356278,27.1744271033762,25,2,18.6007894376071,0.462944667611351,0.513870967741936,727,15.5,1266,63,121.666666666667,316.666666666667,287.666666666667,2.28827611703015,-0.540845189068398,0.0295421126721423,0.460320716876207,0.557464293676421,1.02369951868957,0.328749019988272,0.441049607736708,0.658452471317116,0.386188519129055,0.254178411853737,1.49929647742464,2.78563839533088,3.24099571116578,0.500893556324595,0.0718309470132766,19.5862536628085,2.01076737468536,16.2605381640507,27.6610169491525,0.415254237288136
480,10,"Plot_480",2014,"Conifer-Broadleaf Mixed Forest",80101,"Xiangxi",109.436420363266,29.2316902299104,18,2,27.1716698970772,0.557920904792544,0.52502688172043,651,14.8,1462,60,125,291.666666666667,290.333333333333,1.29288097033363,-2.37364856873594,-0.153139712882353,0.392435430841969,0.470410946035641,0.129760567321776,0.567706021817318,0.29432821934842,0.345301666938469,0.27039857999374,0.49247848362915,0.496742683289285,1.98389514179771,3.44007672562056,0.404705882352941,0.124241310770313,18.696160084881,2.68878256603269,25.2150365807538,41.4705882352941,0.911764705882353
481,11,"Plot_481",2014,"Conifer-Broadleaf Mixed Forest",80101,"Xiangxi",109.456752178073,27.860326423803,12,2,3.59829668403381,0.508533363464269,0.57,582,16,1279,61,121.666666666667,289.666666666667,290.333333333333,0.895391294345343,-1.43778533029565,-1.12007831830831,0.457542168921927,0.163993782103137,0.181849031168495,0.265320122876425,0.154132732798243,0.0921573649262547,0.141493281668809,0.209079740846296,0.471668157161481,2.95771200507074,2.88426921926956,0.417379606109325,0.0648798332139617,20.9227813218333,2.4703821633125,21.3221176775359,31.25,0.916666666666667
482,12,"Plot_482",2014,"Conifer-Broadleaf Mixed Forest",80101,"Huaihua",109.479408808666,26.2007156548924,30,2,33.3644975294009,0.543596273471949,0.515779569892473,593,16.4,1381,56.6666666666667,120.333333333333,281.333333333333,301.666666666667,2.20860059880558,-0.176560926595239,0.257689748088984,0.530973230538994,0.719081606600628,0.941759212106658,0.474141769671689,0.375715617372074,0.667985286282995,0.388108888266445,0.359095633038793,1.00464254361593,2.05734738063496,3.00611289478109,0.48876256211634,0.079430042835468,19.5063718622586,2.01353137049008,11.7922406476171,30.5681818181818,0.204545454545455
483,13,"Plot_483",2014,"Conifer-Broadleaf Mixed Forest",80101,"Xiangxi",109.492882195019,28.1857161583889,8,1,4.05152407607138,0.249440478506425,0.463682795698925,844,14.1,1382,63.3333333333333,120,266.333333333333,369,1.48933957504514,-1.73916784531068,-0.804910960597076,0.66148394756024,0.434952725689007,0.224578264044768,0.693644012494324,0.29929148029848,0.283304788953636,0.177198820478883,0.556384607590978,0.433337518877932,2.73919536452308,3.08608110304958,0.419040773332248,0.0823205725240862,20.2753985436205,2.49994322917661,22.8636779084184,34.0506329113924,0.924050632911392
484,14,"Plot_484",2014,"Conifer-Broadleaf Mixed Forest",80101,"Huaihua",109.505171769254,27.3192512149531,8,1,22.3321268971281,0.370530526730262,0.533897849462366,521,15.8,1264,55.3333333333333,118,305.666666666667,284,1.38829841233511,-1.73836633460439,-0.861034993260956,0.651160094429857,0.498560611373347,0.156158839194654,0.633537519069334,0.287993632262698,0.243918941170251,0.18942612571464,0.506085794705102,0.352965679747224,2.77990708337763,3.10693188108384,0.416185492520621,0.0793635705208365,20.6012444659352,2.5051206358275,23.7356406674881,33.7826086956522,0.939130434782609
485,15,"Plot_485",2014,"Conifer-Broadleaf Mixed Forest",80101,"Huaihua",109.5177210086,26.3094568048344,31,3,31.5825067343737,0.59297929768348,0.526827956989247,499,17,1352,59,125,298.666666666667,307.666666666667,2.51457209923832,-0.767436350807072,0.367424076777008,0.435773387932838,0.684852321698624,0.861939441129711,0.67512460501701,0.339411348727525,0.745176800750143,0.602935927570804,0.683702389658717,1.39116729040637,1.99139430889444,3.28546449343084,0.481587220946256,0.0944146810615741,18.6863910507109,2.2257654079702,16.6783963380011,34.1428571428571,0.342857142857143
486,16,"Plot_486",2014,"Conifer-Broadleaf Mixed Forest",80101,"Xiangxi",109.535812927465,28.0055847236087,30,2,49.289086455025,0.468288784642989,0.598252688,690,15.5,1320,63.3333333333333,123,288.333333333333,289.666666666667,2.71383979832638,-1.07967823559931,0.273256199074419,0.292281542544447,0.932099254934143,0.930448666081911,0.75111511863604,0.584377056812822,0.786915316800761,0.571057580109209,0.615834873038182,1.50076231824107,1.74335594315246,3.17618955334072,0.42480736977492,0.109318348504137,19.1312552268302,2.04395876929975,14.6562494908719,34.5,0.416666666666667
487,17,"Plot_487",2014,"Conifer-Broadleaf Mixed Forest",40118,"Huaihua",109.547346396193,27.1396002768476,15,2,9.54964753144142,0.481871752587919,0.542177419,535,16.2,1266,56,118.666666666667,340.333333333333,278.666666666667,2.44399700513814,-1.58549363094946,0.278667313881604,0.541599719944883,0.361912055309561,1.0039488542423,0.691512643208606,0.277674247938271,0.764535732126035,0.435446509063525,0.796093095340217,1.38970471890942,2.25880761952609,3.56515667378405,0.466766067016416,0.106796647517494,18.6195562696965,2.34182296693952,21.6010684916152,35.7894736842105,0.657894736842105
488,18,"Plot_488",2014,"Conifer-Broadleaf Mixed Forest",80101,"Huaihua",109.557678473377,26.3460051092342,22,2,25.2269518686311,0.522758418398195,0.511424731182796,473,16.9,1352,55,121.666666666667,279,310,0.967533587324968,-1.19345218125971,-1.13029174642856,0.181351935778995,0.148092022533392,0.410138378896359,0.211633619097934,0.25690008651866,0.117413307693167,0.227895477256288,0.107073301210723,0.724647923211055,3.11355893262002,2.8731497042784,0.427654320987654,0.0649286732649554,22.1951753009259,2.39857558959877,19.8576016952403,29.320987654321,0.864197530864197
489,19,"Plot_489",2014,"Conifer-Broadleaf Mixed Forest",80101,"Xiangxi",109.560067057496,29.196095083449,21,2,31.3865990060838,0.500589641494464,0.545161290322581,494,15.7,1439,58,122.666666666667,286.666666666667,314,1.4746980933939,-1.14040102047509,-1.01518509078258,0.47703006444925,0.114580640675969,0.480944771390552,0.189091115001648,0.325723559617409,0.0842708383476421,0.234546709435774,0.0599221129321104,1.14038878887043,2.96484176560784,2.84004146969641,0.433678949624866,0.0623635595816343,20.2388407460846,2.4183304588812,20.1978075120261,30.2222222222222,0.755555555555556
490,20,"Plot_490",2014,"Conifer-Broadleaf Mixed Forest",80101,"Huaihua",109.598216257343,26.309905296616,22,2,10.5571881111927,0.466715121806485,0.528978495,407,17,1363,54.6666666666667,118.333333333333,258,300.333333333333,0.221385594080286,-1.49221509368454,-1.36647038912375,0.012865742340364,0.0120565158785611,0.070994487821865,0.0349772371598191,0.0917365745157043,0.00342051958017972,0.0100950487058655,1.36642833800019e-17,0.184140872373059,3.21607420680041,2.79277666520188,0.412724777640366,0.0598518528542912,21.1610713465104,2.44274526488828,22.1375682412027,30,0.969230769230769
491,21,"Plot_491",2014,"Conifer-Broadleaf Mixed Forest",80101,"Huaihua",109.626371209502,27.2848997307003,19,2,26.5759128235651,0.612648702786423,0.55,328,16.9,1262,60.3333333333333,124.333333333333,290.333333333333,270.333333333333,1.0227875908141,-1.52067179527967,-1.06430144277999,0.524119745280599,0.232342563578658,0.163276346728166,0.391540439001076,0.193459037374369,0.135962577586659,0.129513680836173,0.3088091346282,0.423495539538929,2.9075643397291,2.92531074234079,0.416559649874955,0.0688524097520987,20.7697727892685,2.48941858686111,21.742269057254,31.9444444444444,0.925925925925926
492,22,"Plot_492",2014,"Conifer-Broadleaf Mixed Forest",80101,"Xiangxi",109.644657798486,29.0533239085356,18,2,40.5149498795603,0.450974550019603,0.543467741935484,568,15.9,1429,57.6666666666667,125,287.333333333333,300.333333333333,2.25209307721167,-1.85381573390296,0.574812109009995,0.341664610160422,0.0242189495381046,1.06472961712469,0.502178075624666,0.00654655613103124,0.867693263836041,0.479151271085643,0.809017130630781,1.37865887518892,2.03297687669781,3.71353168687471,0.469697646858768,0.123888240787668,17.6778525409391,2.40298052440668,22.1492697469391,38.3173076923077,0.663461538461538
493,23,"Plot_493",2014,"Conifer-Broadleaf Mixed Forest",80101,"Xiangxi",109.654783144816,28.3313640146536,21,2,30.9485774433672,0.539601922809987,0.630887097,410,16.4,1346,57,125.333333333333,316.666666666667,293.666666666667,2.03143278536523,-1.15111161670529,-0.838955490865853,0.394914247845601,0.233756829731246,0.619740951721132,0.375961253161223,0.679128641964621,0.114880974065043,0.154004604156948,0.215603942375057,1.53537665436504,3.10785881779741,2.81946341375767,0.45974782291585,0.0799218904523721,17.0619875925007,2.43404956522713,23.0836326869212,31.1585365853659,0.463414634146341
494,24,"Plot_494",2014,"Conifer-Broadleaf Mixed Forest",80101,"Xiangxi",109.656567358606,28.1158044214559,13,2,11.4134241075105,0.220455760862929,0.627150537634409,357,16.5,1319,65.3333333333333,125,287.333333333333,267,1.07409245881254,-2.38874139361749,0.125016996026134,0.144245277794478,0.223331396288274,0.289648081144634,0.47525123806495,0.0993087560882751,0.221931115598711,0.267834233096504,0.377075762037989,0.640958301018432,1.85104115334869,3.59671290389577,0.422211301305088,0.128586573260819,17.9830569218228,2.75164108677309,25.5139130824093,42.5490196078431,0.882352941176471
495,25,"Plot_495",2014,"Conifer-Broadleaf Mixed Forest",80101,"Xiangxi",109.683626779394,29.2340814788644,45,3,54.0686065319525,0.748435445498054,0.562204301,517,16.4,1420,58.3333333333333,124.666666666667,294.666666666667,300,2.14006790581493,-1.07087009805544,-0.505766987771764,0.645393005707727,0.501780397735763,0.791635722580292,0.454179600001515,0.360425386005085,0.476257700434953,0.372651410054421,0.312939805891278,1.38355664287633,2.70707129208881,3.04301027569137,0.454549867567715,0.0732685024361183,20.0656893204498,2.29008390067758,19.2303830519216,31.1016949152542,0.661016949152542
496,26,"Plot_496",2014,"Conifer-Broadleaf Mixed Forest",40118,"Huaihua",109.711234059014,26.9246833963078,6,1,2.14254965737935,0.217166049494192,0.538817204301075,502,16.4,1307,56,121.333333333333,316.333333333333,258,0.639400496535242,-1.35395733741952,-1.26212140187787,0.159840092132898,0.0286918712200235,0.208083046165369,0.0376472411240365,0.0960156325837888,0.109412219894346,0.0856065273168594,4.29763751467803e-17,0.539712234322702,3.13830638851297,2.80553178441076,0.418569865159216,0.0591150361450401,21.1479997285205,2.40356583045701,21.3869031268921,30,0.903225806451613
497,27,"Plot_497",2014,"Conifer-Broadleaf Mixed Forest",80101,"Huaihua",109.743671285653,27.6106046813084,7,1,10.1077335453689,0.34862374378055,0.536693548387097,521,15.7,1320,56,116.333333333333,323.666666666667,293.333333333333,2.26030393025308,-0.984781072828653,-0.234979428754422,0.47191190316547,0.554837153946396,1.07470471831633,0.388255318657589,0.376164276343414,0.656206479492074,0.356746717696914,0.272577385365938,1.46869859013026,2.82833093462428,3.21761266526334,0.475519759659927,0.075040379432958,19.7831260586517,2.14243811937366,18.5828002033586,29.4067796610169,0.610169491525424
498,28,"Plot_498",2014,"Conifer-Broadleaf Mixed Forest",80101,"Huaihua",109.749582768263,27.105390771447,8,1,5.78657661876354,0.285848718876297,0.550752688172043,350,17.2,1283,58,123,302.333333333333,247,1.22379135605347,-1.18961969084138,-1.04814650032795,0.415867505525238,0.220657851138279,0.402046718457778,0.0680502434460665,0.196547149579033,0.133463748653478,0.182502540066204,0.0337786357585912,0.94519862427389,2.99374462007218,2.90400164974457,0.428433914335982,0.0595042330546995,21.015387557527,2.38975590856431,21.141509882088,30.0943396226415,0.811320754716981
499,29,"Plot_499",2014,"Conifer-Broadleaf Mixed Forest",40118,"Huaihua",109.759010457438,26.2395523240066,20,2,23.9761933664671,0.585919836502328,0.525725806,381,17.2,1403,60.3333333333333,121.666666666667,258.666666666667,305,2.04309256910642,-0.224044784323994,0.0045781652940253,0.760447312227182,0.429666263254856,0.590052081347225,0.407282932730891,0.31679167520325,0.399546587519715,0.477214606117066,0.168358610229105,1.24479229724188,2.28834455566623,3.09422810581495,0.488390953054662,0.0654213894770214,19.0423353695558,2.25927294871113,14.6682430280263,30.1333333333333,0.28
500,30,"Plot_500",2014,"Conifer-Broadleaf Mixed Forest",80101,"Huaihua",109.787879008871,27.2863024595692,26,2,20.7149708625706,0.45890813551477,0.548064516,342,16.6,1295,59.3333333333333,122.333333333333,318.666666666667,279.333333333333,1.78487197543191,-1.95614782812179,-0.348577449210714,0.699905074450054,0.498278155887049,0.260374749173072,0.885408001850869,0.296418600040351,0.310068953701335,0.303127390066757,0.679509157750463,0.675343043208484,2.24525340667946,3.3068181528241,0.421069409163987,0.102548041796886,19.1245143400417,2.64843398134375,23.5014911228135,38.125,0.875
501,31,"Plot_501",2014,"Conifer-Broadleaf Mixed Forest",40118,"Huaihua",109.796345485715,26.5651895389662,15,2,16.3513811915002,0.257225669562171,0.455134408602151,923,14,1431,53.3333333333333,106.666666666667,277,344.333333333333,2.28084336693691,-0.575162641124912,-0.378275600758097,0.639256651740697,0.501222794630388,0.882412660363835,0.290531138173002,0.301232173687305,0.616115767667066,0.44511697132917,0.167344246641769,1.54325231714431,2.59318678429839,2.84891522481428,0.47462431174399,0.0662771562800308,20.4889649843933,2.11148352917272,15.1438501972299,29.4444444444444,0.507936507936508
502,32,"Plot_502",2014,"Conifer-Broadleaf Mixed Forest",40118,"Huaihua",109.797012083124,26.4202745025598,28,2,41.3617529626992,0.63880989098173,0.49758064516129,493,16.3,1389,55,117.333333333333,302.666666666667,304,1.73600144068579,-0.330014811194213,0.708244525894401,0.322847600094936,0.447833644701124,0.877121071142095,0.220261091286824,0.242833547841976,0.618862028206728,0.31042030612882,0.244135959065756,1.05049309448579,2.6663743646244,3.47689931338245,0.543580492800224,0.0839006111968742,18.1010479766832,1.81206838693298,13.9100723675025,26.8840579710145,0.217391304347826
503,33,"Plot_503",2014,"Conifer-Broadleaf Mixed Forest",40118,"Huaihua",109.835602256613,26.6010352100776,30,2,27.4037465483371,0.561095775092354,0.484704301075269,533,16.3,1365,54.3333333333333,112.333333333333,283.333333333333,307.333333333333,2.30918240522017,-0.447404812322063,-0.132324183741811,0.564756623669062,0.653639216414396,0.829560067785764,0.29661505750895,0.730378730731973,0.552023539302128,0.487685960024197,0.224647081577486,1.24669578886097,2.78881809835666,3.09787347905651,0.493103234613866,0.0783830619830345,19.6083128178864,2.07239575243901,17.4731197309467,28.5087719298246,0.280701754385965
504,34,"Plot_504",2014,"Conifer-Broadleaf Mixed Forest",40118,"Huaihua",109.837461796367,26.3844661462235,23,2,48.5000538633192,0.51118247954155,0.509596774193548,519,16.5,1397,56,122.333333333333,258.666666666667,301.666666666667,2.41272875679366,-0.275097579363464,-0.831195208201623,0.504210360291238,0.549215505552725,0.663453636108895,0.239912177547881,0.407731828413712,1.16897223723568,0.343757191105798,0.284132033651998,1.42317908109636,2.80765743496814,2.69223588480491,0.47849378314696,0.0681635366085097,18.3959083573105,2.88683275568735,15.0231978557405,28.0769230769231,0.360323886639676
505,35,"Plot_505",2014,"Conifer-Broadleaf Mixed Forest",80101,"Xiangxi",109.847302327541,29.3801511899811,17,2,24.1709098870029,0.428743828959055,0.52258064516129,657,15.2,1467,56.6666666666667,112.666666666667,329.666666666667,324.333333333333,2.22950737639278,-0.800576878835854,-0.63669380452721,0.842115270901143,0.368363658901875,0.596861796556702,0.459886853668137,0.316001517673978,0.36776411215005,0.511179668703791,0.331558405602411,1.51826909760855,2.35903860290925,2.78828090956086,0.432487114354027,0.0707850132804731,20.5057249364802,2.33829803263768,16.4239606546887,32.1153846153846,0.564102564102564
506,36,"Plot_506",2014,"Conifer-Broadleaf Mixed Forest",80101,"Huaihua",109.864229603098,27.7200094770704,29,2,43.2658684818048,0.612391076973163,0.585430107526882,250,17.2,1303,57,117.666666666667,257.666666666667,290.666666666667,2.29402325626429,-0.673901915426565,0.24065870544081,0.437683364715266,0.536261485721316,1.10851385842145,0.343317563350785,0.35427079399292,0.725004209119581,0.388082389599405,0.31674890922169,1.48799001916075,2.73395742266461,3.33472962292356,0.509564674386422,0.0808551383075177,18.7177459177744,1.99022349675537,16.2481630671627,28.3860759493671,0.40506329113924
507,37,"Plot_507",2014,"Conifer-Broadleaf Mixed Forest",80101,"Huaihua",109.868337083249,27.3593080475414,11,2,13.4828192176389,0.404433321602224,0.546129032258065,297,16.7,1305,57.6666666666667,122.666666666667,310.666666666667,308.333333333333,2.29378327369672,-0.53336127468103,-0.0741503135190455,0.545110624605217,0.506066865879779,0.982249598726726,0.328447393294524,0.384103699225544,0.663352188203179,0.386681509069648,0.22205294265927,1.49658138013389,2.70911976703806,3.13977792820324,0.493035215127852,0.0704755599361697,19.0844645966841,2.11075201656777,15.5027085596966,28.3333333333333,0.412698412698413
508,38,"Plot_508",2014,"Conifer-Broadleaf Mixed Forest",40118,"Huaihua",109.871722150044,26.9982483274757,21,2,34.6293989110541,0.38667201829244,0.505,584,15.5,1348,51,119.666666666667,357.666666666667,291.333333333333,2.12839819730181,-0.733624017037049,-0.937762339236977,0.817702496430899,0.360699116858604,0.516721647708197,0.21164739386194,0.263247061279311,0.500850947962393,0.47713011334842,0.0556204569221631,1.53553558502614,2.59704360316618,2.63873666705193,0.406437986858661,0.0685709883990474,21.225529723612,2.15885338423467,15.6470262533843,29.6739130434783,0.536231884057971
509,39,"Plot_509",2014,"Conifer-Broadleaf Mixed Forest",80101,"Huaihua",109.873317124728,26.7818221934981,35,3,33.0942755247534,0.54864644874854,0.512177419354839,451,16.4,1344,54,119.333333333333,335.333333333333,290.333333333333,1.63252676115913,-1.05096734516833,-1.19142915928448,0.551142588537792,0.266327751458404,0.288049917336678,0.149992093449925,0.258096087269828,0.329666649747223,0.319365693690394,0.0364787189360394,1.26011529928114,2.9075556213393,2.70086259202118,0.411047584487171,0.0639864097958794,21.0466370679267,2.38021937163191,19.3413897092891,29.8979591836735,0.714285714285714
510,40,"Plot_510",2014,"Conifer-Broadleaf Mixed Forest",40118,"Shaoyang",109.876473431778,26.492475893278,45,3,29.4523239107555,0.666661843406561,0.501209677,501,16.2,1391,55.6666666666667,120,273.333333333333,294,1.82824792269189,-0.267667465473171,0.666486439762233,0.310197541196153,0.463513549114134,0.926779297631446,0.287161517199044,0.26197226263115,0.650052759699943,0.270824565309522,0.22159415558766,1.13398805628605,2.61321740614909,3.45431654032157,0.539436005553932,0.0799604909489194,18.5620861487444,1.8364230069705,13.1408155218046,26.7424242424242,0.242424242424242
511,41,"Plot_511",2014,"Conifer-Broadleaf Mixed Forest",40118,"Huaihua",109.879497219433,26.2039832110968,15,2,25.5133685351773,0.700885041545688,0.461075269,582,16.2,1454,54,116.666666666667,310.333333333333,339,2.76216472806047,-0.588184973411819,0.445216583693554,0.510162250925489,0.750725577709555,1.14301610759323,1.07314750187399,0.658305819761339,0.827311751023401,0.43857530870307,0.229350629848015,1.02624348473311,1.96112965682923,2.97202645735368,0.473980923591132,0.106709945778261,18.076773513369,1.877776800489,12.3888285715208,29.3421052631579,0.210526315789474
512,42,"Plot_512",2014,"Conifer-Broadleaf Mixed Forest",80101,"Huaihua",109.905800729739,27.6121132456407,19,2,8.98320943715435,0.500078643821033,0.568870967741936,274,16.9,1312,58.3333333333333,126.666666666667,289.333333333333,256,1.94884686831807,-0.87288277825803,-0.777495398002362,0.654227996373883,0.516256752742069,0.598850905369699,0.126378678370383,0.309948518882094,0.407876658035964,0.36942079226816,0.148287960449965,1.37212554810613,2.76956829379637,3.00843394054274,0.432205344441197,0.0611960594816716,21.9940479165695,2.25192757080061,19.9196977080742,29.6060606060606,0.666666666666667
513,43,"Plot_513",2014,"Conifer-Broadleaf Mixed Forest",40118,"Huaihua",109.916700715263,26.457103964758,8,1,10.918646775164,0.285037988752676,0.487768817204301,597,16,1410,55,117.666666666667,256,294.666666666667,2.04010099662418,-1.85647647713252,0.181356528452693,0.221099098152822,0.498898321516079,0.648216628134438,0.6514581637595,0.232221390760799,0.576747525104209,0.494500219119387,0.633841740670878,1.30948668651945,1.88883725225884,3.42870035456976,0.441922771365713,0.119492305016526,18.26825364898,2.56241028264092,22.3502907428191,40,0.694736842105263
514,44,"Plot_514",2014,"Conifer-Broadleaf Mixed Forest",80101,"Zhangjiajie",109.925847021596,29.6671683351501,26,2,45.5640471261209,0.481774081698216,0.508978494623656,874,13.7,1492,57.3333333333333,125.333333333333,296.666666666667,301.333333333333,2.40946742350877,-0.538116378259531,-0.293626138283794,0.74336908519083,0.695456957903661,0.75451184333326,0.27997069175866,0.383585452143611,0.577174893839768,0.51910162872046,0.202831683161365,1.5316232734753,2.46933938405272,3.07862501938072,0.467767882542084,0.0649311032446253,20.7522066410867,2.22805657974239,17.9433885846511,30.4411764705882,0.455882352941176
515,45,"Plot_515",2014,"Conifer-Broadleaf Mixed Forest",80101,"Huaihua",109.946518678116,27.5762905198369,45,3,63.4453752116106,0.704334545061515,0.578736559,521,16.1,1337,60,119,309.666666666667,308,1.99179829281295,0.0956067084250977,0.0610345548718026,0.414377455127317,0.763435143968235,1.31377799316759,0.272816061202416,0.462211552354532,0.402810325698846,0.236774393487924,0.235250052510454,0.416400414268239,1.81506154568945,2.81170435249505,0.438725216603332,0.0808722858851873,20.6602741491237,1.86585578510598,8.43646943815756,29.7272727272727,0.0727272727272727
516,46,"Plot_516",2014,"Conifer-Broadleaf Mixed Forest",80101,"Huaihua",109.949719494181,27.0711327248898,5,1,1.67017444532807,0.346374199834083,0.521693548387097,301,16.8,1321,57.3333333333333,121.666666666667,339.333333333333,302,1.36416437865818,-1.64944065821321,-0.904492956773785,0.677080968554081,0.364820548789074,0.169034494813964,0.617385348173219,0.268773152012093,0.21453549507773,0.161995753248517,0.485865777544917,0.438430648507283,2.76062693229849,3.01778108305686,0.416811944100915,0.0772436021065348,20.3864437145769,2.52920433184615,22.3174242459193,33.4615384615385,0.923076923076923
517,47,"Plot_517",2014,"Conifer-Broadleaf Mixed Forest",80101,"Xiangxi",109.97487637538,28.9119534350992,5,1,3.89509665770595,0.239056514471814,0.559516129032258,535,15.7,1447,58.6666666666667,125.666666666667,335.333333333333,291.333333333333,1.2839006404425,-2.29681967151663,0.232098663156722,0.200812228885617,0.0901421661803143,0.496167391050817,0.229213970381067,0.394129188724847,0.334893136700997,0.3385137739915,0.48112099456108,0.814029561010225,1.91214053079242,3.66533780146425,0.431875,0.13568646984576,18.8671134143113,2.70701918512274,24.8191047383058,41.875,0.84375
518,48,"Plot_518",2014,"Conifer-Broadleaf Mixed Forest",80101,"Xiangxi",109.976316784829,28.6239907031313,34,3,23.110513186371,0.469382043483419,0.530510752688172,460,15.9,1429,56.6666666666667,117,344,281.333333333333,1.67048674605616,-0.8069369189088,-0.870951698330401,0.757511748592947,0.0598349031458444,0.511450400161392,0.110030896526264,0.173118036068842,0.0502497236254685,0.383613498638954,0,1.32656669201667,2.70373304371825,2.83627355938576,0.437673522909968,0.0550830936835586,20.7463964310937,2.41952761560938,17.4100206343385,30,0.6875
519,49,"Plot_519",2014,"Conifer-Broadleaf Mixed Forest",80101,"Huaihua",109.989215675853,27.3961852275376,24,2,10.5782166055458,0.39449696671181,0.539354838709677,641,15.3,1360,57.3333333333333,121.666666666667,333.666666666667,287.666666666667,1.57497765667818,-1.35187428017995,-1.0698437364645,0.280176056222242,0.420372301511204,0.436487843623103,0.163119279140902,0.542058838874242,0.617865931013212,0.155823657006941,0.2415198347562,0.874209674016455,3.0688282513056,2.99104849153849,0.4295799113795,0.0642184659403032,20.0326027169095,2.56364255905078,22.1725078866164,31.3414634146341,0.829268292682927
520,50,"Plot_520",2014,"Conifer-Broadleaf Mixed Forest",80101,"Huaihua",109.99083455413,27.1792686926218,22,2,25.873922513512,0.552444673485582,0.516962365591398,548,15.6,1355,54,115,328,307.333333333333,2.24489206898495,-0.65687135966894,-0.71312473762495,0.679736660669938,0.470501065959277,0.796254315320719,0.232236864901238,0.464350177064018,0.549862045211904,0.46218110979666,0.081308788106893,1.54245016041444,2.75433069553172,2.65920387778024,0.458529277867095,0.0664951547524187,20.2667256204404,2.14177029105499,16.9947912572497,29.5833333333333,0.486111111111111
521,51,"Plot_521",2014,"Conifer-Broadleaf Mixed Forest",40118,"Shaoyang",109.997247661609,26.4575025323201,25,2,26.8309442934408,0.466093880689723,0.470887096774194,604,15.9,1420,55,113,245.333333333333,303,2.28662377624226,-0.617794893515053,-0.503890158732929,0.707176253976482,0.458411933859219,0.820340215425594,0.296280488277223,0.307817314624662,0.575248654748315,0.462626695694477,0.144640530252871,1.53996809172857,2.55323296744124,2.84163943624769,0.460485046663007,0.0660281350439861,20.5467936655576,2.22852586355923,15.7995330826196,30,0.524390243902439
522,52,"Plot_522",2014,"Conifer-Broadleaf Mixed Forest",40118,"Shaoyang",109.999068309271,26.2415154728646,9,1,17.8577925622826,0.16019567554974,0.346048387096774,1365,13.1,1540,54,109.666666666667,253.666666666667,317.666666666667,1.69830313586651,-2.088457058408,0.194788529047008,0.166075802810328,0.33729402939465,0.541335110526345,0.525947701744916,0.142654363507137,0.508167940467706,0.433308382997771,0.564298262491735,1.11099438843195,1.851209802422,3.5399615162977,0.430166641762814,0.125569023955052,18.0801220903789,2.64232624052845,23.4431515127248,40.9558823529412,0.764705882352941
523,53,"Plot_523",2014,"Conifer-Broadleaf Mixed Forest",80101,"Xiangxi",110.061466959796,28.407578478794,20,2,56.8073644987787,0.784132626734473,0.626209677,338,16.1,1416,57,120,298.666666666667,260.666666666667,2.17977916851262,-0.629172518724787,-0.336735687946797,0.870410173922579,0.286307798935771,0.592307649358557,0.543472544665517,0.419888683926802,0.174598383072395,0.497658383418614,0.330866929958786,1.46741204450239,2.40372777923534,2.96403510631509,0.466657242765273,0.0720775276309101,18.3825387532866,2.43534674735101,17.3472789449476,31.9444444444444,0.388888888888889
524,54,"Plot_524",2014,"Conifer-Broadleaf Mixed Forest",40118,"Shaoyang",110.074590404334,26.7470470107295,46,3,37.4274561127772,0.650444921486243,0.516774193548387,466,17.2,1354,57.3333333333333,120,270,303.666666666667,2.39776283505732,-0.0575533184720168,-0.0268870722264867,0.378277910046362,0.787063603977775,0.82446182936635,0.284254490461988,0.250617367231699,1.34638852050745,0.220010060169775,0.199748663380131,0.945198624273889,2.75081990143448,3.04293935086437,0.524981036219135,0.076783912418032,17.8381203415066,2.45832096114678,12.9630232304597,26.4150943396226,0.188679245283019
525,55,"Plot_525",2014,"Conifer-Broadleaf Mixed Forest",80101,"Xiangxi",110.099212469032,28.732766611613,19,2,26.2265092342692,0.492295585083902,0.547204301,717,14.3,1493,56,118,337.333333333333,295.666666666667,1.50585931882134,-1.68323754971831,-0.844343793308801,0.712754515925522,0.401347455456368,0.203395013339693,0.675796911720117,0.315808906457855,0.235600379190417,0.181735622604824,0.532013513197813,0.527552720524962,2.71974377036318,3.0446746901735,0.41835427106716,0.0805809945754442,20.1118680389781,2.54180025086781,22.5958983169323,33.9622641509434,0.905660377358491
526,56,"Plot_526",2014,"Conifer-Broadleaf Mixed Forest",80101,"Huaihua",110.109731094572,27.433146197751,15,2,39.7873910403264,0.474468562359937,0.491908602150538,481,15.9,1361,55,113.666666666667,318,328.666666666667,2.16566589533898,-1.01258655564297,-0.397801533522487,0.565417434549992,0.788362347303608,0.833014349040316,0.234779925091682,0.291266575235251,0.574852528298038,0.307961960005368,0.192712656708235,1.3993846129293,2.79900693785809,3.32478337757819,0.455785793779051,0.0665647534291451,21.4164107396522,2.16258543288349,22.3806598645975,30.1813471502591,0.652849740932642
527,57,"Plot_527",2014,"Conifer-Broadleaf Mixed Forest",40118,"Shaoyang",110.115516519571,26.7112552347831,19,2,40.1184764287687,0.412163523713653,0.491478494623656,757,15.2,1418,53.3333333333333,117.333333333333,302,298,1.70596405622343,-0.956162018566971,-1.06966870464052,0.672472837212368,0.301933196227616,0.350352795964767,0.154529621795364,0.135878499709195,0.416818427759347,0.400096505314582,0.0337527598601546,1.28831723414017,2.77924828029465,2.68452380748241,0.412063787750581,0.0635715795890652,21.6249046720766,2.24904853123733,17.5587679760242,29.8325358851675,0.703349282296651
528,58,"Plot_528",2014,"Conifer-Broadleaf Mixed Forest",40118,"Shaoyang",110.119888046746,26.2779555503803,35,3,35.4317077731411,0.472018909940984,0.340564516129032,1257,12.7,1558,54,112,240.333333333333,348.333333333333,1.84105730466422,-0.212135574843719,0.911284212002725,0.408523646258384,0.504807297070476,1.17084800452869,0.253278628887084,0.277243366850083,0.47182357110038,0.24507041322737,0.428293204842894,0.66818185127253,2.24165683053137,3.46943182836666,0.527001364773133,0.0924101540894258,18.5312183414169,1.74598693568342,11.6455805013974,28.3950617283951,0.123456790123457
529,59,"Plot_529",2014,"Conifer-Broadleaf Mixed Forest",80101,"Xiangxi",110.139370661584,28.8408854277505,15,2,8.55811162804567,0.381282964904715,0.564677419354839,332,17.2,1405,57.6666666666667,123.333333333333,309,306.333333333333,0.436877247374323,-1.40766328737815,-1.25769164638801,0.078280930860327,0.0876700388331808,0.2130554562876,0.0774809830461901,0.0586109517068446,0.0964856865649927,0.0854623819647327,0.0466503704923008,0.31571917286591,3.17195364646646,2.838742944573,0.418378378378378,0.0609659389320135,21.4645923129854,2.40987871783589,21.2995040803877,29.7297297297297,0.945945945945946
530,60,"Plot_530",2014,"Conifer-Broadleaf Mixed Forest",80101,"Shaoyang",110.154572856406,26.8920282181674,31,3,34.7174538507032,0.591326281077124,0.375698925,1272,12,1523,52,102,250.333333333333,324.666666666667,2.00586836207762,-0.763950437419607,-0.725513312253501,0.622425240275163,0.264251379996442,0.736678266087135,0.204510378728573,0.227706860594115,0.496676345445737,0.376557076789388,0.0846172899933558,1.49775416547137,2.76024875133982,2.8608482906915,0.440735573788668,0.0627838553981955,20.8982909126178,2.1747117517956,17.1614478508967,29.4827586206897,0.586206896551724
531,61,"Plot_531",2014,"Conifer-Broadleaf Mixed Forest",80101,"Zhangjiajie",110.178009571867,29.3824649391646,40,3,58.5297774194054,0.414723967146092,0.586962366,839,12.8,1525,59,123.333333333333,309.333333333333,304.666666666667,0.80640012382679,-1.3723044128971,-1.15521674533831,0.308103406293315,0.317047095548698,0.185279334317267,0.0603400228382993,0.11714180194487,0.197431498344325,0.117432508077289,0.0727746673108418,0.550121435816034,3.05139313831054,2.92975398471073,0.415592261976129,0.0606179486455301,21.6680307807421,2.37451610822717,22.4407623500549,30.3672316384181,0.901129943502825
532,62,"Plot_532",2014,"Conifer-Broadleaf Mixed Forest",80101,"Huaihua",110.225973734386,28.3356651393656,21,2,18.3478597952099,0.389611769301274,0.598870968,517,15.9,1439,56.3333333333333,116,286,290.333333333333,2.05672605769952,-0.818226308512151,-0.617264804646449,0.654131907439836,0.553609717444612,0.731808756428351,0.116836661842087,0.207472564363347,0.493820843797024,0.402197889755619,0.0911967973400983,1.43498844285485,2.73492298299146,2.98529241443648,0.453029432377453,0.0609762045388648,21.3431010783115,2.20424835803118,19.2005804067509,29.8979591836735,0.63265306122449
533,63,"Plot_533",2014,"Conifer-Broadleaf Mixed Forest",80101,"Zhangjiajie",110.256772579459,29.5990738563585,17,2,7.92424468110792,0.390084811024563,0.514623656,954,13.7,1480,55.6666666666667,120.666666666667,314.333333333333,303,2.30092485001852,-0.69778308617979,0.221734429588884,0.395458071118877,0.523921411461162,1.20055625811918,0.337049721211058,0.34747054728523,0.716140768076827,0.364934492159805,0.291037274592714,1.53196909612511,2.770082967154,3.35287811574431,0.507826086956522,0.0788149778472149,19.1911295869896,1.9580122506238,15.9836835453065,27.9347826086957,0.456521739130435
534,64,"Plot_534",2014,"Conifer-Broadleaf Mixed Forest",80101,"Zhangjiajie",110.259707131761,29.1660683097887,9,1,12.5688537258193,0.384170853242372,0.572096774193548,622,15.4,1467,57,123.666666666667,352.333333333333,305.666666666667,1.74926848349661,-0.79328349341499,-0.84850683052869,0.568139371528181,0.161220891081509,0.584898346592907,0.149367864120319,0.14500459066666,0.38481867666674,0.355067799145804,0.0610882362456836,1.38597950995862,2.81434607909758,2.8623303213246,0.437507381575894,0.0599807581404983,21.7900045794004,2.24925371645257,17.5749830986374,29.639175257732,0.65979381443299
535,65,"Plot_535",2014,"Conifer-Broadleaf Mixed Forest",80101,"Zhangjiajie",110.260571127124,29.094188759244,11,2,0.34248308150362,0.109067954601202,0.584784946236559,539,15.5,1464,59.3333333333333,123,320.333333333333,283.666666666667,0,-3.53400533773727,2.86899215168675,0,0,0,0,0,0,0,0,0,1.385,4.71,0.498555273311897,0.187528797158596,10.5651806760882,1.21915988629037,19.4035879956178,35,1
536,66,"Plot_536",2014,"Conifer-Broadleaf Mixed Forest",40118,"Shaoyang",110.281550172869,25.9900402267642,17,2,25.5822909279072,0.358710307265145,0.465430107526882,756,15.4,1566,55,117.333333333333,284,341.666666666667,2.23775004555285,-0.446245575586214,-0.44142645078848,0.688748990165316,0.479107445891484,0.804994463163817,0.1671925404813,0.246754723152365,0.575833498182634,0.467750825734568,0.113818557147096,1.53958169857766,2.54286816760738,2.80099681807424,0.469887417346855,0.0613730836232923,20.996674879748,2.09690315225007,15.0925510701255,29.4230769230769,0.474358974358974
537,67,"Plot_537",2014,"Conifer-Broadleaf Mixed Forest",80101,"Zhangjiajie",110.298030892452,29.1260651686711,11,2,14.6765411322583,0.332026345615041,0.593655913978495,696,14.6,1492,56,120.333333333333,302.666666666667,276.333333333333,1.5979756469304,-1.77555060408723,-1.67869549703675,0.0650140102911017,0.0320522204418721,0.0287929393210505,0.168340637118923,0.816705865432322,1.25001123025512,0.143327095350717,0.412592399787564,0.110223639071004,3.15290101915844,2.75539019969816,0.408909090909091,0.0714808922625659,15.25508129393,3.6172811589628,18.4084249784017,36.5454545454545,0.981818181818182
538,68,"Plot_538",2014,"Conifer-Broadleaf Mixed Forest",40118,"Huaihua",110.30868785555,27.97582272316,15,2,13.0569927852247,0.347031362702418,0.58739247311828,371,16.7,1390,62,125,277.666666666667,307.333333333333,2.27638233202592,-0.843506263704922,-0.243804068855061,0.474845953941672,0.661412406513078,1.00355266262974,0.273074408404778,0.40401272846481,0.628050305852514,0.361693469674494,0.215316494479496,1.51952184721909,2.85296385769249,3.26666484594452,0.476366859927653,0.0687729219246494,20.4170584571026,2.08885464263313,19.7117523366947,28.90625,0.5625
539,69,"Plot_539",2014,"Conifer-Broadleaf Mixed Forest",40118,"Shaoyang",110.321066278559,26.0267851115735,31,3,42.465422036943,0.368864594570176,0.417096774193548,971,14.8,1567,54,118,276.666666666667,356.333333333333,1.878755869817,-1.07794371749611,-0.700747829359285,0.55256617309351,0.440174469158288,0.696113414392727,0.340486004951123,0.326805132567481,0.36400709125575,0.316460128873833,0.182543304334956,1.28126023956205,2.84908682135204,3.03092521472092,0.444327448242793,0.069064477423062,20.8304707990081,2.31300694773446,19.9609760645377,30.3289473684211,0.706140350877193
540,70,"Plot_540",2014,"Conifer-Broadleaf Mixed Forest",80101,"Huaihua",110.386643667468,28.6264687280627,34,3,32.3089674690029,0.450151027364266,0.591290322580645,411,16.1,1460,59,119.666666666667,272.333333333333,283.333333333333,2.50077345367065,-1.92225394347638,0.163728353192905,0.793933172972229,0.684293229808767,0.685899981481209,0.845871850981539,0.579528905599928,0.702129650761708,0.264143517258973,0.60512874901711,1.31962074396941,2.37706230038593,3.44026267060352,0.456592485071199,0.114083543818483,16.7120810189144,2.30794232286075,22.9999549615352,35.7142857142857,0.69047619047619
541,71,"Plot_541",2014,"Conifer-Broadleaf Mixed Forest",80101,"Huaihua",110.387914342892,28.4811217618452,26,2,17.636024144365,0.456625537914065,0.598629032258065,168,17.2,1437,62,126.333333333333,247.666666666667,261.333333333333,2.56492520409702,-2.4005896447784,1.1565185986095,0.833103088372857,1.05102282401979,0.529015363399258,1.33616341173581,1.01456172141245,0.793891359804587,0.11928939502721,0.225271101248535,0.609833576936057,2.06165844543915,3.88273869545976,0.469036848874598,0.129051436802985,15.3837589403989,1.69612159608761,19.2801572524125,32.7777777777778,0.888888888888889
542,72,"Plot_542",2014,"Conifer-Broadleaf Mixed Forest",80101,"Zhangjiajie",110.426060993959,28.9506028973014,7,1,2.3718493985786,0.304047439989711,0.527311827956989,910,14.1,1513,55.6666666666667,116.666666666667,318,269,2.43848678490024,-0.711027162937955,0.0126747547993702,0.53853117209297,0.680367823126221,1.08534179093029,0.346915307136492,0.414041504875763,0.670296188455634,0.449143859422426,0.275894023121106,1.5411714156328,2.64763410921999,3.33205405918075,0.483026632797428,0.0733949049346352,20.2638479814038,2.03810432456185,18.1073391973653,29.2,0.48
543,73,"Plot_543",2014,"Conifer-Broadleaf Mixed Forest",80101,"Huaihua",110.42733516324,28.5901057293553,14,2,10.1921707184598,0.39674210064414,0.593010752688172,290,16.3,1455,60,121.666666666667,288,268,2.22598681236102,-0.634201891182649,0.68967391248738,0.319554879269039,0.350640183866327,0.875646923046769,0.617042618588618,0.298192041457124,0.745217919263142,0.448865370142386,0.684260970042425,1.29665864296029,2.14609646856159,3.51109130060293,0.508566581993569,0.0922824611971952,18.7728369243789,2.01038711892211,15.7115166465394,32.5,0.3
544,74,"Plot_544",2014,"Conifer-Broadleaf Mixed Forest",40118,"Huaihua",110.433245670604,27.5072636010877,35,3,21.7601979725984,0.551024303852108,0.428387096774194,680,15.1,1424,60.6666666666667,120.333333333333,302.333333333333,320.333333333333,1.92195467174754,-0.885558052150315,-0.873178955307849,0.670933710664209,0.281802553370517,0.586145427821586,0.201755148251672,0.179627575502446,0.487362899166752,0.410959250890935,0.093515186832095,1.40065745931438,2.73730543941262,2.78590045354312,0.4212624716902,0.0656461792657333,21.2272690660334,2.20179061447864,16.8098915686816,29.4202898550725,0.652173913043478
545,75,"Plot_545",2014,"Conifer-Broadleaf Mixed Forest",40118,"Shaoyang",110.439484158444,26.2077161824677,20,2,17.0091604923073,0.423688127352427,0.294327956989247,1492,12.2,1609,54,112.666666666667,234.666666666667,349.666666666667,1.34479100909236,-0.120539766974655,0.935741642402915,0.208654201766164,0.370070601938867,0.70587842896156,0.196932741213334,0.194364381102198,0.507300511385825,0.182529880160271,0.15892346405736,0.768255797506871,2.57511763444409,3.54466427372913,0.557017246277277,0.0835179575994602,18.2086555406478,1.73088703619308,12.0332654716888,26.0679611650485,0.145631067961165
546,76,"Plot_546",2014,"Conifer-Broadleaf Mixed Forest",80101,"Zhangjiajie",110.462948940161,29.7086824234892,21,2,27.5858148796487,0.365855469187893,0.556881720430108,353,17.1,1324,62,128,311.333333333333,275.666666666667,2.25786503747529,-0.714305257905061,-0.185427624812108,0.450941802221821,0.517145690584214,1.00168691685112,0.316092986080663,0.443693465418047,0.634706766928207,0.369991723238998,0.211969963480536,1.53152164206173,2.89724423637798,3.1298984802866,0.491769288941349,0.0729080024596838,18.8860356777498,2.0953026198873,17.3780044991603,28.1645569620253,0.455696202531646
547,77,"Plot_547",2014,"Conifer-Broadleaf Mixed Forest",80101,"Zhangjiajie",110.463023446487,29.6363336086149,31,3,49.5975944969835,0.505279066561078,0.521639784946237,948,13.7,1462,57,118.666666666667,306.333333333333,308,2.42574687248622,-0.644101381402354,0.111159483142912,0.08661836624074,0.844955706252223,0.595740304531168,0.863857935164779,0.390807189314849,0.662577088054289,0.682908082490869,0.628055830280915,1.45140391310781,1.73077648578811,2.96987080103359,0.468661640585924,0.0866933131893369,19.944453731814,2.30034472819053,15.7490737658295,35.8888888888889,0.377777777777778
548,78,"Plot_548",2014,"Conifer-Broadleaf Mixed Forest",80101,"Zhangjiajie",110.466741831957,28.9146458381238,8,1,1.23521650035864,0.169150568272052,0.548064516129032,553,15.5,1470,57,119.333333333333,322,322.666666666667,0,-1.51524982246117,-1.38495904528467,0,0,0,0,0,0,0,0,0,3.20997533631745,2.79821608637929,0.41,0.0589744198037889,21.4108085625,2.44392318225,22.0509391044924,30,1
549,79,"Plot_549",2014,"Conifer-Broadleaf Mixed Forest",80101,"Huaihua",110.467992600377,28.6260004270479,29,2,43.3691952147981,0.473658654182621,0.579623656,408,15.9,1465,58.6666666666667,115.666666666667,300.666666666667,309.666666666667,2.35659794494788,-1.0029976142048,-0.0153791688752193,0.608651529184629,0.47323784175627,0.721738070782096,0.795903987680133,0.225267343441446,0.381523308352352,0.531738260373762,0.63804726618335,1.52880424391063,2.1008413980529,3.23772926718262,0.458901861168905,0.0852775245937363,19.0458548514373,2.45747134535076,17.7020901997759,34.5098039215686,0.549019607843137
550,80,"Plot_550",2014,"Conifer-Broadleaf Mixed Forest",40118,"Huaihua",110.470053454124,28.2644677919234,18,2,8.6523209388501,0.286103982220985,0.56094086,329,16.5,1438,58,116,318.333333333333,292,1.90108969132805,-1.0802050356297,-0.593171800958318,0.557593663298332,0.39439193814851,0.799382001894711,0.361667137272387,0.285124763603553,0.417471412119629,0.330321975447885,0.193175716032385,1.26011529928114,2.81145993535013,3.04555923997645,0.45163092214056,0.0689202744629391,20.2405322787787,2.29850674392461,18.8151020584794,30.1785714285714,0.714285714285714
551,81,"Plot_551",2014,"Conifer-Broadleaf Mixed Forest",40118,"Shaoyang",110.475698912504,27.1100400654578,14,2,4.08126448392326,0.34405465891305,0.452150537634409,642,16.2,1387,60.3333333333333,117.666666666667,263,310.666666666667,2.13046775627681,-0.809379583817143,-0.337577215411343,0.426623409503782,0.456829034089217,1.03765871521132,0.280629322910674,0.311099009704897,0.619063640542058,0.338970941663013,0.197926726871776,1.49261177908652,2.87825983678018,3.11810411838238,0.475323206664718,0.067371296418015,20.2048466070238,2.0942482004849,17.2797727517481,28.4090909090909,0.590909090909091
552,82,"Plot_552",2014,"Conifer-Broadleaf Mixed Forest",40118,"Shaoyang",110.47927465019,26.3157208829345,10,1,9.5143493198293,0.408733958197406,0.282661290322581,1279,12.8,1581,52,106.333333333333,213.666666666667,336,2.61052151229,-1.12164372374612,-0.00902133033185639,0.157279507666663,0.948604336148626,0.804640174609855,0.723114862791156,0.466682585337525,0.852365650988766,0.66696774369457,0.724085682584577,1.54014092134361,1.79472396538288,2.98930507948227,0.431904761904762,0.10536987553475,19.8262386875607,2.2420555666023,16.5065318010338,36.6666666666667,0.476190476190476
553,83,"Plot_553",2014,"Conifer-Broadleaf Mixed Forest",80101,"Huaihua",110.50965236728,28.5180668996925,10,1,20.7908440644764,0.31282596168561,0.585483870967742,481,15.8,1469,56.6666666666667,118,255.666666666667,292,1.24958225681447,-0.183470175059683,1.16657915679482,0.25134597960197,0.307946592329416,0.586424028522365,0.233764043999486,0.124503176228393,0.412145209061037,0.220593580268196,0.393291882876972,0.620803322168963,2.36953611577293,3.59460814086684,0.562871703848576,0.092171465204671,17.9899247042047,1.68806294138437,11.9769091675963,27.680412371134,0.11340206185567
554,84,"Plot_554",2014,"Conifer-Broadleaf Mixed Forest",40118,"Shaoyang",110.519529051225,26.2804813556275,20,2,19.9511110863477,0.488423139206797,0.218225806451613,1539,10.9,1652,52.3333333333333,99.3333333333333,207.666666666667,394.666666666667,1.968135206019,-0.210535220655673,0.84649448682382,0.455995265159227,0.526605421989374,1.10264997221306,0.303417012176765,0.288144953797321,0.599298731527183,0.317373776033435,0.456419168945256,0.740499762507555,2.16301030061705,3.46101574996924,0.521449871909757,0.0893488717736348,18.6661297793472,1.83838360320068,12.251979962687,29.1803278688525,0.139344262295082
555,85,"Plot_555",2014,"Conifer-Broadleaf Mixed Forest",80101,"Huaihua",110.548811545078,28.9155051634802,30,2,27.7892787669107,0.43345868369934,0.556586021505376,462,15.5,1467,58,121.666666666667,295.333333333333,326.666666666667,2.33937300740205,-0.916574908936855,-0.267456916996625,0.765949724353359,0.485973808826172,0.777091526959548,0.587831594969971,0.341760063702831,0.469847960626149,0.455731616054619,0.367928603929554,1.50440986370804,2.38061451563504,3.09076001760481,0.451776089752551,0.0761937261767626,19.7142423198278,2.29366313686819,16.9062985259291,31.7391304347826,0.579710144927536
556,86,"Plot_556",2014,"Conifer-Broadleaf Mixed Forest",80101,"Huaihua",110.55117353665,28.3377090728883,25,2,49.2185949059803,0.459907544958513,0.508548387,429,15.1,1481,57.3333333333333,119.333333333333,255.666666666667,309.333333333333,2.48464463965848,-0.988573885123824,-0.405477209235178,0.747831360704893,0.643364740588631,0.723799793483627,0.556987468042957,0.448176539229058,0.615067178084771,0.506511979616977,0.496387664218104,1.49261177908652,2.36649928099711,3.03317217781749,0.443568980804833,0.0790989049284295,20.2465015804833,2.36765387178684,18.1902860282001,33.1818181818182,0.590909090909091
557,87,"Plot_557",2014,"Conifer-Broadleaf Mixed Forest",80101,"Zhangjiajie",110.587178796465,29.6739364660473,26,2,27.251682475788,0.448788759162995,0.441424731182796,1017,13.1,1471,56,108,293.666666666667,334,2.42697486293066,-1.37944270441941,-0.0523121931317093,0.62742243551898,0.58020786866075,0.804071521320065,0.716372076634136,0.491340963754913,0.580113056942836,0.443495804496849,0.69020562410315,1.37212554810613,2.34759178465935,3.39008026319236,0.454866229010361,0.0965227735070552,20.1918626665272,2.37324802000916,21.3080324358486,34.8148148148148,0.666666666666667
558,88,"Plot_558",2014,"Conifer-Broadleaf Mixed Forest",80101,"Zhangjiajie",110.589239991588,29.0229977331011,26,2,76.6948812499986,0.505098846460361,0.515537634,730,14.2,1504,54,111.666666666667,270.666666666667,315,2.26578169120587,-0.449117276665018,0.00716598788403132,0.548410432508997,0.476674733031272,0.891114928210226,0.406517821596461,0.423073428631678,0.576843212671796,0.415332581901617,0.249618401871477,1.46433238493886,2.61637412194846,3.17480532745825,0.495729563772776,0.0733043956876299,19.669726790889,2.12869429281873,15.0036915683359,28.6,0.386666666666667
559,89,"Plot_559",2014,"Conifer-Broadleaf Mixed Forest",80101,"Huaihua",110.589583614754,28.9515889135262,13,2,11.0735916727686,0.369440092997775,0.566747311827957,316,16.6,1425,58,124,315,284.333333333333,1.61678468470123,-2.94176637456354,0.972411847867163,0.201352068717139,0.466282755679788,0.578806075797126,0.402145495484509,0.55013191971928,1.03713946498705,0.255760836785166,0.442209470435581,0.212644456753692,1.70879183585579,3.99636612526147,0.441730078089113,0.15330667533619,15.6456382395238,2.32935424529467,25.0211388180955,41.4285714285714,0.964285714285714
560,90,"Plot_560",2014,"Conifer-Broadleaf Mixed Forest",40118,"Huaihua",110.594742665098,27.6521567691031,12,2,6.22265053375704,0.375640364780692,0.518413978494624,571,15.7,1418,58.6666666666667,120.333333333333,293.333333333333,298,0.565466608563256,-1.40784309008862,-1.19605128683865,0.0943688909095227,0.134853694524134,0.301081723517651,0.0763671977764534,0.0892759343332978,0.172574318884007,0.087170407574571,0.0567683175146308,0.384195153469716,3.1635201904395,2.86139674234907,0.422,0.0609638364997462,21.1584223845307,2.38220838217852,21.2741286520002,29.6666666666667,0.933333333333333
561,91,"Plot_561",2014,"Conifer-Broadleaf Mixed Forest",40118,"Huaihua",110.596838603324,27.5779412796473,18,2,13.280881209695,0.52941668084156,0.41827957,574,15.6,1416,60.3333333333333,120,279.333333333333,297,0.74970566601673,-1.27021184501603,-1.20714028741941,0.339967288776849,0.026853589841349,0.229536249714507,0.0493812876740222,0.0776944641056949,0.0225518116840671,0.172163720645561,0,0.595356154547143,3.03484286752637,2.81138191487883,0.419573543060746,0.0576282313081417,21.1809578792027,2.43548363487162,20.445432174277,30,0.891891891891892
562,92,"Plot_562",2014,"Conifer-Broadleaf Mixed Forest",40118,"Shaoyang",110.598975680965,26.3522979750422,20,2,20.8352256403115,0.474735418794726,0.298064516129032,1006,14,1544,57.3333333333333,109.333333333333,257.666666666667,352.666666666667,2.00152302300756,-0.2751185296394,0.490804890857897,0.350332235977534,0.541276926835044,0.972910625273874,0.292942470585509,0.291881663087532,0.760585922228925,0.277909499896158,0.199252289054329,1.20747048233339,2.67235442336679,3.37220688418426,0.53285552733119,0.0775694735779907,18.6541187893594,1.91903639847048,13.3829686738691,26.6111111111111,0.266666666666667
563,93,"Plot_563",2014,"Conifer-Broadleaf Mixed Forest",80101,"Zhangjiajie",110.629882333245,29.0592942330632,21,2,25.3865761160577,0.437327978890983,0.513736559,915,13.2,1534,54,109.666666666667,287.666666666667,307.333333333333,1.97992442207839,-0.30661991023064,0.179769440705567,0.436517664732697,0.524214113066482,0.764570079983322,0.208260532752475,0.712279952479007,0.583142856454508,0.432995072129987,0.225271101248535,0.967157938422027,2.87021108531718,3.21453860140665,0.523805484994641,0.0850159869496961,18.8720728840134,2.01869573956072,15.531583349977,27.2222222222222,0.194444444444444
564,94,"Plot_564",2014,"Conifer-Broadleaf Mixed Forest",80101,"Zhangjiajie",110.630588856759,28.9877511760019,25,2,33.4612914068105,0.47137222789232,0.56577957,556,15.3,1468,56,120.666666666667,330,295,2.0390045139215,-0.734678671827684,-0.568990386251354,0.735895303814678,0.476842620897761,0.665809036737167,0.116263773062333,0.24770112484175,0.298868507351938,0.417464481522107,0.0779726630547749,1.47194268513811,2.65365279459779,3.08084269489878,0.450752305826588,0.0588962359557061,21.2552020128231,2.30330254379088,19.0398597513281,30.0431034482759,0.607758620689655
565,95,"Plot_565",2014,"Conifer-Broadleaf Mixed Forest",80101,"Huaihua",110.631152351798,28.9156205152164,22,2,26.292797469056,0.411515981531019,0.573548387,366,15.4,1469,56,117.333333333333,308.333333333333,311,2.00981156980934,-0.827768192681026,-0.540089783263718,0.61401058495551,0.304039185576828,0.775209496818372,0.278655909765106,0.246117942597943,0.463604883522534,0.366097025827108,0.126529087332412,1.44942037136968,2.72554499255708,3.00852413615215,0.456248299602799,0.0637364075354307,20.4956475214343,2.24278054068043,17.5707080595125,29.9117647058824,0.623529411764706
566,96,"Plot_566",2014,"Conifer-Broadleaf Mixed Forest",40118,"Huaihua",110.63533758529,27.6159031666385,14,2,21.1262916180227,0.374038187510913,0.404516129,971,12.9,1529,55.6666666666667,110.333333333333,273.666666666667,337,1.55635500509596,-1.16566337464633,-0.80176373954945,0.261992686735521,0.350273144901838,0.794357413157521,0.211700908758634,0.272682988076394,0.449941418489963,0.234526205559891,0.145975673609051,1.08233263234611,3.06324099558873,2.98009146613792,0.447371105466238,0.0656303946537866,20.5017371971232,2.25365825977847,19.6631437585142,29,0.773333333333333
567,97,"Plot_567",2014,"Conifer-Broadleaf Mixed Forest",40118,"Shaoyang",110.636298561288,27.2553454378525,23,2,36.7155092739636,0.409478682243579,0.437741935483871,620,15.1,1431,60,119.333333333333,281.666666666667,344.333333333333,1.09708831654681,-1.22941131099101,-1.07651045708063,0.251669245167707,0.203959598380078,0.475326841492643,0.0975858182942619,0.173292331991261,0.231901239535768,0.186216849881788,0.0871111794034099,0.805237372639276,3.07326651814995,2.87797197726891,0.430905020468292,0.0610926418786055,20.9257455675087,2.4000076348172,20.4039980295749,29.5154185022026,0.845814977973568
568,98,"Plot_568",2014,"Conifer-Broadleaf Mixed Forest",80101,"Zhangjiajie",110.640250069923,29.1311824657587,5,1,7.35036500114046,0.328151396677075,0.610537634408602,655,15,1471,57,123,332,291.666666666667,2.01366579507396,-2.42410015999379,0.0452460525288233,0.823943008989392,0.701443958706783,0.380891061647466,0.993063753710632,0.572600538464292,0.6766591917422,0.196589244361455,0.574441308183764,1.85530603226248e-15,2.31337718334437,3.52467314861596,0.427711054662379,0.11616068364399,17.8324932708288,2.34840943332474,23.8278331866561,36.6666666666667,1
569,99,"Plot_569",2014,"Conifer-Broadleaf Mixed Forest",80101,"Zhangjiajie",110.671851274913,28.9514988926407,21,2,69.3151528767598,0.507808086151833,0.5675,700,14.4,1503,54.6666666666667,118.333333333333,342.333333333333,327.666666666667,2.37287576640986,-0.685297112385735,0.154280078741707,0.494137369294502,0.538574513981077,1.06203899626046,0.429006125520255,0.32551339091509,0.709698698224294,0.415263628550689,0.32622592810436,1.53211275193194,2.59698558037385,3.31545003018461,0.496488305347148,0.0773384471491373,19.3229384347539,2.07173490868878,16.2354069560203,29.2592592592593,0.45679012345679
570,100,"Plot_570",2014,"Conifer-Broadleaf Mixed Forest",40118,"Huaihua",110.675164234951,27.5081199989846,30,2,19.1610530133381,0.419245830756197,0.277150537634409,1223,12.1,1563,58,108.333333333333,256.666666666667,356,2.09655591369447,-1.87628103004468,-0.427746130478077,0.6667121955415,0.696400697947766,0.467656261929211,0.744759120085873,0.204730762287508,0.62437398073523,0.355238429349844,0.762454824161169,1.07430635105453,2.30704611687699,3.23152301498601,0.432426735883643,0.112483000147403,17.7982504835064,2.98242037184933,23.2922500406804,38.177570093458,0.775700934579439
571,101,"Plot_571",2014,"Conifer-Broadleaf Mixed Forest",80101,"Zhangjiajie",110.712108711259,29.0604881606346,24,2,29.6320527686234,0.522506372558095,0.527903226,611,14.5,1490,58.6666666666667,119.333333333333,309,318.666666666667,2.08729354314087,-0.530589846733795,-0.475811968352073,0.751187325457813,0.224579333030293,0.763557308502224,0.176205481236381,0.262931764743412,0.306345570409465,0.423777898617181,0.0979353899465514,1.54164387962775,2.56703683444174,2.94296627060014,0.461731317402669,0.0591668599810815,20.1498880410094,2.29492081643826,15.5063286835213,29.3884892086331,0.517985611510791
572,102,"Plot_572",2014,"Conifer-Broadleaf Mixed Forest",80101,"Zhangjiajie",110.712266567409,29.276590383292,5,1,11.358654171095,0.293656673349708,0.646639784946237,255,16.9,1380,61.6666666666667,129.666666666667,287,188.333333333333,0,-2.85227720784253,0.148786168177943,0,0,0,0,0,0,0,0,0,1.80279069767442,3.70906976744186,0.41,0.1422916243106,17.680600495,2.83949676825,28.1560210855065,45,1
573,103,"Plot_573",2014,"Conifer-Broadleaf Mixed Forest",80101,"Changde",110.713090988637,29.9253610273687,30,2,22.5637869355105,0.547611563883179,0.512231183,954,12.6,1438,60.6666666666667,110.666666666667,324,359,2.34479950975192,-0.109137244481186,-0.25004223625366,0.484047815537208,0.410306546446575,0.851201460086033,0.392350970993358,0.747831838160067,0.448271633586072,0.411484155583388,0.381354607543844,1.46584840936785,2.75000921425565,3.06575101629754,0.49165982938513,0.0682190372392079,22.5504849924399,2.1643334627794,13.8067327812341,26.0612244897959,0.387755102040816
574,104,"Plot_574",2014,"Conifer-Broadleaf Mixed Forest",40118,"Huaihua",110.714871857757,28.1935539776981,16,2,17.0729228363238,0.491348430850897,0.538252688,378,16.2,1442,60,121,266.666666666667,300.333333333333,1.30957552197638,-0.184406084136673,0.971337671600565,0.217399621798872,0.355380522471611,0.724331258094303,0.133967314421473,0.171229927431036,0.453780551265971,0.242615809668117,0.233504056026978,0.675343043208484,2.55561609110791,3.55588672112389,0.555784704581993,0.0873092001534192,17.8962759174335,1.71053039260732,12.632668339452,26.625,0.125
575,105,"Plot_575",2014,"Conifer-Broadleaf Mixed Forest",80101,"Huaihua",110.754253675566,28.8071821911113,31,3,32.0499436916263,0.425740863755076,0.584462366,212,16.8,1420,58.3333333333333,123.333333333333,270.333333333333,321,2.36616790808378,-0.854350560084864,-0.13183208699105,0.485925510443798,0.587169346741188,1.15226111866297,0.354779717728053,0.403474102332708,0.686784516992526,0.389868699613091,0.278035857971827,1.53639953941626,2.78020308169841,3.21148427535493,0.480214600273092,0.076514384393469,19.6625539287113,2.0725080396928,17.5122558067957,28.972602739726,0.534246575342466
576,106,"Plot_576",2014,"Conifer-Broadleaf Mixed Forest",80101,"Huaihua",110.754268447062,28.7353183114106,15,2,14.634537413349,0.334641871459925,0.601747311827957,276,16.5,1436,59.6666666666667,121.333333333333,271,322,0.894624414574416,-1.29787147542972,-1.09537265860608,0.228905056148116,0.160990009219307,0.420813426399697,0.0911206837868722,0.128265022668145,0.201745709557328,0.160095388981088,0.0665412099090369,0.646449895519855,3.09062366452909,2.87810533757588,0.427764565279679,0.0608449250431545,21.0267410710315,2.36750695193735,20.5398399884822,29.6039603960396,0.881188118811881
577,107,"Plot_577",2014,"Conifer-Broadleaf Mixed Forest",40118,"Shaoyang",110.758751258436,26.7227863458731,20,2,14.2794075572438,0.403506598653913,0.509516129032258,369,16.3,1423,62,123.666666666667,269.333333333333,268.333333333333,2.34992703201861,-1.08194426888549,1.51210609583211,0.562377967773797,0.541365623105574,0.725078331769597,0.864703638447955,0.669346567346944,0.391821079761648,0.300553079208394,0.401088156051102,1.46741204450239,2.21746211590568,3.89836281804826,0.539023065827081,0.116665536804804,16.6204321166877,1.57135736312581,13.8554268287582,28.6805555555556,0.388888888888889
578,108,"Plot_578",2014,"Conifer-Broadleaf Mixed Forest",80101,"Zhangjiajie",110.794811949287,28.9878313916329,17,2,6.62493877769287,0.260697941430047,0.578870968,484,14.9,1478,54,121.333333333333,351.666666666667,320.333333333333,2.22120524792762,-1.0645989497872,-0.249528687617852,0.450147437466884,0.530167663456255,1.10505773461125,0.411033259029222,0.352694540759878,0.670306208746351,0.342799617563429,0.293592942163532,1.41010826224055,2.83987297825978,3.21307135454833,0.473529411764706,0.0768581438859283,19.7455104378832,2.15210132181275,18.4770968837408,29.5588235294118,0.647058823529412
579,109,"Plot_579",2014,"Conifer-Broadleaf Mixed Forest",80101,"Changde",110.795405110937,29.7817826345098,31,3,25.7264459897829,0.654620701193934,0.333521505,1588,10.4,1555,56,120,237.666666666667,321,2.14794356570593,-0.445037396034515,-0.309462053368512,0.666024522053468,0.341680937756239,0.686216516665687,0.364676690119657,0.54153364569314,0.385545171592458,0.44352180862164,0.157689770873975,1.37212554810613,2.73844727613353,2.97460077158375,0.486580121471954,0.0699536437398655,18.8245918996239,2.24522975472276,16.5370847649217,28.8888888888889,0.333333333333333
580,110,"Plot_580",2014,"Conifer-Broadleaf Mixed Forest",80101,"Huaihua",110.79551537164,28.8437917285865,23,2,32.8842635282057,0.430668927639165,0.592069892,242,16.8,1413,58,122,271,292.666666666667,2.2566995799958,-0.643670600749495,0.147980961777312,0.376613284065147,0.538182575566619,1.20157581140476,0.304770998919735,0.356287993778413,0.688720407263503,0.347885125633534,0.226554559283061,1.53327009648623,2.83300325091439,3.31091157334714,0.507377049180328,0.0751180470906552,19.3627567904542,1.94312275544045,15.7473133014819,27.2950819672131,0.459016393442623
581,111,"Plot_581",2014,"Conifer-Broadleaf Mixed Forest",80101,"Huaihua",110.795902169321,28.5550339458557,13,2,7.77921294088904,0.320327105223535,0.552715053763441,438,15.7,1466,58,110.333333333333,306.666666666667,336.666666666667,1.93395893568686,-0.941326934232314,-0.746809019435071,0.661116092468823,0.569757729726991,0.577460213635696,0.1307280092009,0.219046306209897,0.480956227818747,0.345906883750267,0.0910764022625913,1.37212554810613,2.75434698347089,3.03486561843275,0.429759212218649,0.0620994159120948,21.8407867094495,2.2031285803134,20.4859081635123,30.2083333333333,0.666666666666667
582,112,"Plot_582",2014,"Conifer-Broadleaf Mixed Forest",80415,"Huaihua",110.796031703072,28.4824365986701,22,2,24.3882440899689,0.355835501855437,0.510107527,740,14.6,1503,56,114,273.333333333333,322.666666666667,0.873052522766796,-1.32653492493365,-1.1121720886791,0.196743804705741,0.182042787313939,0.403234451139712,0.113485844101938,0.119801306462678,0.262911204080528,0.154184305383168,0.0754006578559146,0.621921574619383,3.10799160702212,2.87028869320608,0.425,0.0620874651140695,21.1021559070567,2.34492046861171,20.6041307805373,29.5454545454545,0.886363636363636
583,113,"Plot_583",2014,"Conifer-Broadleaf Mixed Forest",40118,"Shaoyang",110.79919799359,26.6056117412869,8,1,5.79236455563357,0.242816359077283,0.488844086021505,559,16.1,1440,57,120,259,274.666666666667,2.18303675048769,-2.30961767869622,2.12352709833882,0.0910575638774586,0.835408505889896,6.93889390390723e-18,1.1835530942445,0.674416231432606,0.701136932190164,0.299439229296054,0.186193461236034,1.26011529928114,1.44357142857143,4.19857142857143,0.498555273311897,0.147241191175869,13.0564689806344,1.54678773849312,15.9168485682984,33.5714285714286,0.714285714285714
584,114,"Plot_584",2014,"Conifer-Broadleaf Mixed Forest",80101,"Zhangjiajie",110.834782737248,29.0958361556881,21,2,30.6643255253823,0.499716229985254,0.549704301,574,14.8,1473,54.6666666666667,118,335,324,1.2943472637104,0.184982697200037,1.07390556595769,0.249467528651962,0.278137924555825,0.493610059483623,0.214393259707162,0.657578170993717,0.505275422961938,0.189251402391912,0.247423084323299,0.260389309788738,2.37294991640067,3.62097203222374,0.560271208624929,0.0897054779146613,20.1369590752081,1.78731883357662,10.7219854179461,26.6176470588235,0.0441176470588235
585,115,"Plot_585",2014,"Conifer-Broadleaf Mixed Forest",80101,"Zhangjiajie",110.835656434793,29.024246868416,20,2,40.850687703334,0.519845573093614,0.570456989247312,475,14.8,1477,57.6666666666667,123,349.666666666667,299,1.93317220154916,-0.185989187040026,0.705428643502348,0.175479522001823,0.297865410889047,0.747836732429204,0.301501770928991,0.729792528910801,0.613105710209278,0.341188396026822,0.394224427184936,1.0672087596381,2.50774903807043,3.51921831846298,0.535185185185185,0.0955909949027416,20.8848975474441,1.94321760025227,12.3335203960155,27.7777777777778,0.222222222222222
586,116,"Plot_586",2014,"Conifer-Broadleaf Mixed Forest",80101,"Zhangjiajie",110.835852657895,28.9520154055109,20,2,25.8682203625297,0.44102818200669,0.581908602,206,15.8,1442,58.6666666666667,120.333333333333,260.333333333333,350,1.41688222485282,0.313181206223881,0.795841365617288,0.188960938122208,0.240875285072093,0.419064520195691,0.241936535259115,0.886560299180224,0.477502627653766,0.21601713231192,0.270853300641793,0.409537472266369,2.40614510274394,3.49401424264797,0.546351175355995,0.0976215779806434,22.6694319475931,1.96445683577779,9.16606661936093,26.6964285714286,0.0714285714285714
587,117,"Plot_587",2014,"Conifer-Broadleaf Mixed Forest",80101,"Changde",110.876007224512,29.9983953796548,25,2,19.3106742975293,0.49620507295554,0.580967741935484,598,15.4,1312,57.3333333333333,118.333333333333,255.666666666667,262.333333333333,2.02715593636378,-0.437128833521884,-0.0992983729879733,0.669480201719572,0.504359519647161,0.47923934900029,0.336977727718024,0.876854160261978,0.41606188378881,0.541902396213719,0.346657731514877,0.700328729657191,2.70071976780241,3.02965137234277,0.497507099119251,0.0940658396675308,18.2965990103517,2.26762503865595,17.6513107107241,30.4347826086957,0.130434782608696
588,118,"Plot_588",2014,"Conifer-Broadleaf Mixed Forest",40118,"Shaoyang",110.887378869775,26.6785427765003,7,1,13.5881833741814,0.222524070630918,0.490161290322581,555,15.9,1442,56,118.333333333333,282.333333333333,305,2.28713547705993,-3.80960406195314,1.65591410457788,0,0,0.844200405829079,1.17047581134624,0.747642550518109,1.4670298639001,0,0.661176780715713,0,1.80279069767442,3.70906976744186,0.486938775510204,0.212015931505605,12.8474754206997,1.63984561969388,28.1560210855065,36.1224489795918,1
589,119,"Plot_589",2014,"Conifer-Broadleaf Mixed Forest",80101,"Changde",110.917106351668,29.0925290077112,25,2,45.2418684304652,0.511067092153931,0.573467742,445,15.5,1440,55,124.666666666667,293,282.666666666667,1.78303450710512,-1.11433981731324,-0.623526581605126,0.318864801296047,0.431571660683744,0.933003720595476,0.267996874996922,0.286074123257123,0.53926075157998,0.272902167685152,0.186263855739337,1.19055884041723,3.00780035043788,3.05864551816048,0.45695652173913,0.0679665895489378,20.3691494883086,2.20816343683986,19.0997254785231,28.9130434782609,0.739130434782609
590,120,"Plot_590",2014,"Conifer-Broadleaf Mixed Forest",80101,"Zhangjiajie",110.917772779523,29.3131244355171,15,2,6.6165802514862,0.359878313391771,0.585456989247312,706,14.7,1450,59,122.666666666667,339.333333333333,266.333333333333,1.11387807108921,-1.12090478873862,-1.09342209964672,0.446575541614632,0.0678014706551721,0.371471346998264,0.0694738576750299,0.106224176533299,0.0552488379512179,0.25923518419074,0.0303754374335122,0.881031862041984,2.96204855419375,2.83404089907252,0.426697279077503,0.058768764043996,21.3167160161379,2.42164089137931,19.4456047761316,29.8275862068966,0.827586206896552
591,121,"Plot_591",2014,"Conifer-Broadleaf Mixed Forest",80101,"Zhangjiajie",110.917872236036,29.2402552363856,32,3,43.3916059512399,0.470498305785959,0.546048387,628,14.7,1455,54.6666666666667,108.666666666667,271.666666666667,367.333333333333,2.30049965166505,-0.673303850923541,-0.298849828672282,0.419520594827647,0.483007436198639,1.05064235181924,0.344752935621955,0.464424026731608,0.595102239224555,0.377049248238645,0.319792738152971,1.52990288952239,2.87724164641689,3.13398671367767,0.481427656979919,0.0699103013024951,20.6722146909404,2.13592941813982,16.8079623480452,27.5660377358491,0.547169811320755
592,122,"Plot_592",2014,"Conifer-Broadleaf Mixed Forest",80101,"Huaihua",110.91824957501,28.8798761343573,23,2,14.8251398538952,0.368081471574684,0.560967742,307,16.4,1424,58.6666666666667,123.666666666667,269.666666666667,272.333333333333,1.31981536329452,-1.24119432055755,-0.888203952373698,0.289058789976629,0.423620436570432,0.607725889801782,0.138046604208375,0.172903650194367,0.380764366777452,0.169635955011892,0.108411717475857,0.895163696700409,3.04881369450303,3.02300180232148,0.43743311450518,0.0629229828584267,21.1444093402402,2.28970343652055,21.2829791884483,29.5833333333333,0.824074074074074
593,123,"Plot_593",2014,"Conifer-Broadleaf Mixed Forest",40118,"Loudi",110.918780239956,27.7967915770552,20,2,9.32482432281981,0.341105305095245,0.348897849,1090,12.6,1571,55,107,279.333333333333,341.333333333333,2.37661223470396,-0.345868552212965,-0.194830047456353,0.585108671252312,0.7855284092482,0.755874103421379,0.544718096826758,0.39134039535253,0.610877682720251,0.522077492502288,0.3661804737642,1.45613323472487,2.29307357480509,2.72667340886066,0.483809523809524,0.079354377716722,21.7030001656006,2.07148497244773,12.941862289431,30.9523809523809,0.380952380952381
594,124,"Plot_594",2014,"Conifer-Broadleaf Mixed Forest",80101,"Changde",110.919142734061,29.8173060128257,30,2,28.4407402293842,0.420895980385926,0.643575269,188,16.8,1286,62,128,272.666666666667,207,1.23541798443118,-1.52215065255995,-0.985290350245793,0.457680610149561,0.345769256630378,0.28497456224623,0.51104741495263,0.277063466801946,0.190328012719781,0.128836267777451,0.422620687282401,0.463857814423811,2.93203266751307,2.99236134880183,0.421545454545455,0.0735647432221347,21.1672606777087,2.47171369945031,22.0323624980838,31.5909090909091,0.918181818181818
595,125,"Plot_595",2014,"Conifer-Broadleaf Mixed Forest",80415,"Changde",110.958966909959,28.4835217622113,22,2,21.439778315748,0.542883063815342,0.53497311827957,513,15.4,1475,57.6666666666667,116.666666666667,286.333333333333,329.333333333333,1.94231179485508,-0.209196809145282,-0.363904084429737,0.853313024966241,0.112166004768264,0.602604745426226,0.181841550469541,0.237661951596867,0.107498035499575,0.437795654711582,0.0371712613875469,1.45908687754699,2.32706871497952,2.8958002383597,0.468531752753643,0.0548341976664047,19.7734154797148,2.36137735327327,13.7754732044731,29.7872340425532,0.382978723404255
596,126,"Plot_596",2014,"Conifer-Broadleaf Mixed Forest",40118,"Shaoyang",110.959688341971,26.7501965707568,23,2,8.25946989794087,0.507619554250508,0.522123655913978,539,16.6,1405,60.6666666666667,118.333333333333,275.333333333333,297,2.3824770311475,-0.772118690267451,0.696504207666792,0.417375804391322,0.346772641337059,0.923258305752703,0.652565889117235,0.116095337336183,0.808177378207363,0.51935860817576,0.750406197146526,1.40471352987365,2.03373600344531,3.52654478897502,0.504138818327974,0.0969588806607321,18.0593889659343,2.19256868360862,15.814120306771,33.25,0.35
597,127,"Plot_597",2014,"Conifer-Broadleaf Mixed Forest",40118,"Shaoyang",110.959889709935,26.4614313155774,23,2,12.4010446854304,0.24511882202851,0.390967742,1100,13.4,1568,54,115.333333333333,287.333333333333,309.333333333333,0.81790705881471,-1.35413972390235,-1.10159740761564,0.13649786006556,0.195056236722408,0.435493207230888,0.110459696783799,0.129131262160663,0.249616425528652,0.126085768098933,0.0821113164050911,0.555710846982981,3.14029261750052,2.89298707033395,0.428,0.0619585448477248,21.0322292955461,2.35135098214278,20.8857234257541,29.5,0.9
598,128,"Plot_598",2014,"Conifer-Broadleaf Mixed Forest",40118,"Loudi",111.000101676564,28.0136989309316,8,1,17.5442685516892,0.416420964875364,0.491075268817204,639,15.5,1462,63.6666666666667,123,289.666666666667,350.333333333333,0.591626346132011,-1.41102671819963,-1.22767451591609,0.297555002902269,0.0776658400221777,0.145129214769976,0.109186395445008,0.0890003524249187,0.0378837427255416,0.110415212948757,0.0863410581291717,0.376426692190741,3.05843831529752,2.8358602659979,0.415775343911645,0.0608791823256586,21.1505114198315,2.4517310722337,21.2814783579281,30.4891304347826,0.934782608695652
599,129,"Plot_599",2014,"Conifer-Broadleaf Mixed Forest",40118,"Yongzhou",111.000317117819,25.0524807576184,6,1,4.68256945787938,0.287900704720108,0.613602150537634,440,18.6,1597,57.3333333333333,124.333333333333,261.666666666667,240.333333333333,2.60823900634367,-1.38379834237231,0.232925915982426,0.501621491214392,0.51768596984886,0.955912984047418,0.666555696609857,0.0828021257483904,0.922768664274032,0.520287754768977,0.877946409909805,1.53088387598617,2.19139789865975,3.43712307811832,0.47519186787489,0.111287678794632,17.5926610578955,2.59638694860105,19.968088340323,35.7954545454545,0.545454545454545
600,130,"Plot_600",2014,"Conifer-Broadleaf Mixed Forest",80101,"Changde",111.000821775143,29.0961544208351,28,2,50.4153552966308,0.281172844239139,0.593682796,263,16.4,1396,57,122.666666666667,282,264.333333333333,1.6357741394431,-0.369036739363382,0.923738543168042,0.211651151258806,0.276410875095997,0.846497242428214,0.182042094043423,0.183384031275344,0.554306421426136,0.287884326126624,0.319210503194871,1.08017230061901,2.56462942338454,3.60034349980709,0.549315068493151,0.088348053702573,18.199665683045,1.75724320502289,13.4924609183065,27.2602739726027,0.226027397260274
601,131,"Plot_601",2014,"Conifer-Broadleaf Mixed Forest",80101,"Changde",111.00242599587,30.0337522159896,38,3,88.3830013180887,0.601766253063523,0.476424731,1086,12.2,1422,55.3333333333333,108,246,370,1.91283750399403,-1.1727353018622,-0.618211560718908,0.554929743951054,0.483765933073505,0.736716086276825,0.421805221422955,0.331173988824071,0.416214645694049,0.30071968107319,0.303305010721027,1.18302949600775,2.81557777244414,3.09587425116385,0.446950900053591,0.0715413740933375,20.5882135706111,2.3346929492785,20.1741892281352,30.6583333333333,0.741666666666667
602,132,"Plot_602",2014,"Conifer-Broadleaf Mixed Forest",40118,"Shaoyang",111.040361187957,26.6054317890499,24,2,37.5188353100844,0.372295190109512,0.427715054,745,15.3,1476,54,114.333333333333,291.333333333333,356.666666666667,2.02585073302125,-0.856373302301742,-0.771521977959902,0.584775331358518,0.3274990698031,0.798656947499379,0.221792905195077,0.28593457534215,0.523048973243352,0.400121435310139,0.117862228695137,1.44787963614642,2.81507628456969,2.79719614350917,0.442203209218375,0.0663046689996631,20.8203427284593,2.18003019974052,17.179818223271,29.2379182156134,0.62453531598513
603,133,"Plot_603",2014,"Conifer-Broadleaf Mixed Forest",80415,"Yiyang",111.040515125393,28.4106707260807,35,3,103.922476532239,0.675618309853554,0.54077957,496,15.6,1466,58.6666666666667,119,273.666666666667,316,2.1835814456273,-0.70306643355064,-0.313185789213233,0.779312698160733,0.314515295060532,0.633628205305768,0.545410071061015,0.230126716370934,0.201172903165643,0.497395534782003,0.394474667299848,1.53761139301932,2.2376004172815,3.03766545750681,0.454367932073955,0.0687792468363046,19.7211960460066,2.44882978651337,16.2388343121581,32.421875,0.53125
604,134,"Plot_604",2014,"Conifer-Broadleaf Mixed Forest",40118,"Yongzhou",111.07953180214,25.1974627870886,23,2,7.31464431593829,0.373369567343782,0.451182795698925,809,16,1604,51,116,249,314,2.1926004732082,-0.371317095869567,0.0161979889113219,0.561801129856028,0.461070526617575,0.900729907175501,0.322203066657422,0.286940592998945,0.609051319502838,0.370731086731557,0.205341473004421,1.47522500930385,2.55606726238652,3.15658627191385,0.494882966661025,0.0659161916371511,19.6117116873589,2.09278170517495,14.2394451228935,28.2894736842105,0.394736842105263
605,135,"Plot_605",2014,"Conifer-Broadleaf Mixed Forest",40118,"Shaoyang",111.080701833091,27.0026530899421,35,3,75.4885143947523,0.472790230989491,0.564059139784946,264,17.3,1357,59.6666666666667,123.666666666667,287.333333333333,280.333333333333,2.06886957343021,-1.60024876537915,-0.025453421081828,0.376559617312673,0.464248057395636,0.497328541048097,0.927453743590433,0.211011894799675,0.330345213004195,0.496877457791681,0.67176533508913,1.28993833485214,1.92968868466892,3.35139312292366,0.43632724341705,0.102560544539219,18.6615740640405,2.64522916495946,21.1008415761648,38.5135135135135,0.702702702702703
606,136,"Plot_606",2014,"Conifer-Broadleaf Mixed Forest",80415,"Changde",111.081562147556,28.5186655827188,6,1,4.46623631728332,0.292020372795118,0.500456989,730,14.4,1510,54.6666666666667,111,276.666666666667,346,0,-1.51524982246117,-1.38495904528467,0,0,0,0,0,0,0,0,0,3.20997533631745,2.79821608637929,0.41,0.0589744198037889,21.4108085625,2.44392318225,22.0509391044924,30,1
607,137,"Plot_607",2014,"Conifer-Broadleaf Mixed Forest",40118,"Loudi",111.121991288061,27.9050461349109,12,2,13.4804712166782,0.406560384270916,0.482069892,647,14.9,1483,63.3333333333333,120.666666666667,296,322,2.34628500796896,-0.774531797511017,0.120195322704817,0.419856589106257,0.545383037658815,1.19904372295898,0.361778749240908,0.355854584825593,0.726565825936883,0.375510122149294,0.308558029820131,1.54348991907831,2.76717144942002,3.31185369011521,0.50009900990099,0.0786805288655811,19.3244271316071,2.00152716997793,16.474617931181,28.4158415841584,0.495049504950495
608,138,"Plot_608",2014,"Conifer-Broadleaf Mixed Forest",80415,"Yiyang",111.122482863659,28.338437497005,14,2,4.64112049969898,0.287268070197991,0.55008064516129,317,16.7,1421,57.3333333333333,118.333333333333,255.333333333333,293,0.993128445760694,-1.38811252895632,-1.02006470551981,0.236558785224485,0.266769847889052,0.470284675577158,0.220898849416399,0.177686443979508,0.274259698726266,0.139070556347034,0.0995288683698073,0.60010647938658,3.08278747438469,2.93472456636847,0.429636363636364,0.0652595454701485,20.862169068823,2.35731982162394,21.0017977088148,30,0.890909090909091
609,139,"Plot_609",2014,"Conifer-Broadleaf Mixed Forest",40118,"Shaoyang",111.161307915879,27.147069432019,12,2,7.85226078051705,0.469892570510086,0.554596774,414,16.3,1389,58.6666666666667,120.666666666667,341,288,1.2584172830806,-2.23702353132442,0.167750755434951,0.0655722563780725,0.25548569567436,0.337046671148486,0.557674193787315,0.086073573071579,0.200912579782713,0.356726448149877,0.387517218013318,0.874209674016455,1.76646057855928,3.57435053885423,0.42511919300447,0.125940742929116,17.9544693908293,2.75863150496341,24.5781638270054,42.4390243902439,0.829268292682927
610,140,"Plot_610",2014,"Conifer-Broadleaf Mixed Forest",40118,"Shaoyang",111.161573540769,27.2194371436209,34,3,48.3787856670486,0.407378799866063,0.551048387096774,313,16.9,1362,61.6666666666667,127.666666666667,344,271,1.6646218996486,-2.01877159220819,0.235693245453596,0.0861045422986736,0.278381501840748,0.529374690121673,0.65259326208038,0.093716743616084,0.356870372413986,0.445442231193199,0.535041425061213,1.12786477516174,1.7983548664944,3.56111252848374,0.435928216451626,0.121399908644233,17.9823599924284,2.68266419436343,23.2779290430231,41.1392405063291,0.759493670886076
611,141,"Plot_611",2014,"Conifer-Broadleaf Mixed Forest",40118,"Loudi",111.162443267133,27.580191120283,11,2,11.3250745464953,0.363817220347108,0.393252688172043,646,14.9,1477,56.6666666666667,110.333333333333,277.333333333333,329,2.2968107133571,-0.70350056558531,-0.0222872517596728,0.406452594979632,0.557295771081386,1.22583273146472,0.300543789511552,0.364833108616467,0.683173992639789,0.358352021751563,0.227516772539106,1.54364124161939,2.8364830385291,3.23288714371875,0.494,0.0735892385598572,19.6516183904352,1.9878744468458,16.0898911528731,27.625,0.5
612,142,"Plot_612",2014,"Conifer-Broadleaf Mixed Forest",40118,"Loudi",111.162675095674,27.941098548569,10,1,7.05762080479584,0.481731765892516,0.563548387096774,234,16.9,1401,63.6666666666667,126.333333333333,315.333333333333,264.666666666667,1.31413547014065,-3.05416058496491,2.38084740071189,0.4094507258224,0.471711882327765,0.141738361468143,0.622134940029176,0.69508755487948,0.376571861570253,0.0832371773266386,0.279406562767323,0.361790916004545,1.59999845851984,4.47426350539871,0.49436086414791,0.170241296097135,12.6612198698099,1.36280463281436,18.8416149192936,33.25,0.9375
613,143,"Plot_613",2014,"Conifer-Broadleaf Mixed Forest",40118,"Yongzhou",111.198628839067,25.3060897972761,25,2,9.58848188850096,0.616504029845067,0.394489247311828,834,15.9,1586,52.3333333333333,119.666666666667,227.333333333333,306.333333333333,2.32932257806409,-0.483492961570686,-0.293207987635248,0.656334706978165,0.54463313419657,0.97726350954215,0.260531990039356,0.321211871189897,0.58204445579324,0.454154498689764,0.165198807582259,1.52458394234014,2.53147566387771,3.00647640288227,0.463436161724425,0.0657345583507362,20.7208565442052,2.07862373647748,15.4393893756456,29.0740740740741,0.444444444444444
614,144,"Plot_614",2014,"Conifer-Broadleaf Mixed Forest",40118,"Yongzhou",111.200125472011,26.3891016159234,13,2,30.1627681004221,0.358966626861467,0.552177419354839,290,17.7,1399,57.6666666666667,123.666666666667,292.333333333333,228.666666666667,1.3946333238449,-1.8669588282142,-0.818894263889419,0.381549852963474,0.299688635622144,0.414776164090372,0.917713240733635,0.504241010584084,0.563946688499823,0.107839356281336,0.0152014311069466,0.10287985293183,3.0051641477388,2.95132094267743,0.428026360564608,0.0845708226302908,19.9806742389795,2.22401133866307,23.0988411328945,30.0847457627119,0.983050847457627
615,145,"Plot_615",2014,"Conifer-Broadleaf Mixed Forest",40118,"Shaoyang",111.201927108237,27.183385934656,14,2,24.6402766687746,0.455492211077978,0.55747311827957,390,16.5,1381,61.3333333333333,129,355.666666666667,272,2.94764275144372,-2.76030893554674,1.56559285027151,0.0829204460458198,0.349853831247784,0.512319940999878,1.78676978195933,0.884234091133456,1.24227579335692,0.483052257576757,0.407163552421939,1.22470710078894,1.76960535588443,3.49871740662438,0.505060529085063,0.180455340677059,13.7916538428012,1.57266766562646,22.6316915761348,32.7272727272727,0.727272727272727
616,146,"Plot_616",2014,"Conifer-Broadleaf Mixed Forest",40118,"Loudi",111.202817672161,27.616865789549,14,2,42.2435881579106,0.510644143814981,0.463306452,296,16.6,1397,60.6666666666667,121.666666666667,307.666666666667,235.666666666667,1.99008877537793,-1.47916480562841,-0.500459390214597,0.61439315904522,0.50848438932594,0.722934535147756,0.599648473560605,0.36790829896143,0.425990808448535,0.260226012662891,0.523885298887801,1.05670918548087,2.72877548417765,3.16461384121947,0.444441384839008,0.0837225861462721,19.6391893041124,2.3806819588818,21.2275079799147,32.6712328767123,0.780821917808219
617,147,"Plot_617",2014,"Conifer-Broadleaf Mixed Forest",80101,"Changde",111.205741677779,29.1324185325082,5,1,6.97098420283359,0.190906057495801,0.628655914,172,16.9,1359,59.6666666666667,124.333333333333,281,242.333333333333,2.23047456993541,-0.600841154965138,0.223309709053085,0.372236677071894,0.531928378692712,1.18761234988701,0.301229268073666,0.352147586121116,0.680716816635234,0.343842367350389,0.223921778363044,1.51545202975636,2.81447882411325,3.33610545477063,0.512162162162162,0.0759113457288304,19.2621154257345,1.91851339785767,15.4375528197614,27.1621621621622,0.432432432432432
618,148,"Plot_618",2014,"Conifer-Broadleaf Mixed Forest",40118,"Shaoyang",111.241943953445,26.7853290433544,5,1,4.82313835447801,0.327956641839985,0.497231182795699,359,16.5,1404,56.6666666666667,121.333333333333,297.333333333333,252.666666666667,1.8843340735611,-2.32102256295995,0.663565128232462,0.158796916352441,0.400165318085907,0.550875502382698,0.647452703334343,0.421259125462677,0.725879428074697,0.413275784868657,0.527804604991402,0.918530325591704,1.68813953488372,3.74758985200846,0.442201917567963,0.133103937902681,16.678540391016,2.45877380803007,22.7544839627074,40.4545454545455,0.818181818181818
619,149,"Plot_619",2014,"Conifer-Broadleaf Mixed Forest",80415,"Yiyang",111.245111589595,28.4463674101077,23,2,24.0633545729251,0.470992521849376,0.56255376344086,520,15.3,1479,55,109.666666666667,278.333333333333,348.666666666667,2.11701400034043,-0.801886608514238,-0.563679825610885,0.799472700587259,0.483524065779258,0.645414024982071,0.242325409497993,0.270156434832026,0.330049058014335,0.442625031021772,0.183276118176277,1.47564667999342,2.54879809280957,3.04955546141759,0.442164525425747,0.06279331075859,21.0032980844856,2.31338672162658,18.8227868746704,30.8641975308642,0.604938271604938
620,150,"Plot_620",2014,"Conifer-Broadleaf Mixed Forest",40118,"Shaoyang",111.281005560395,26.9663870751744,25,2,20.4417065419886,0.385122031723355,0.567822580645161,335,17.1,1363,58,125.666666666667,303.333333333333,209.333333333333,2.46060482691023,-1.3907563741982,0.565835494831248,0.35126864591441,0.238895412263383,0.998903807556783,0.690693158043676,0.0801373118495897,0.776094444043212,0.562445171584615,0.831370330465747,1.53450726977549,1.98862519048566,3.59901477506129,0.479008503586446,0.111103723352684,17.9102805016033,2.36007668003548,19.468252066691,36.5384615384615,0.538461538461538
621,151,"Plot_621",2014,"Conifer-Broadleaf Mixed Forest",40118,"Yongzhou",111.320221613349,26.280413841174,23,2,45.3323175806145,0.519890584195521,0.405080645,480,17.7,1405,59,128,293.666666666667,207,2.28031474667272,-0.994185554305787,0.0186521999041539,0.332033426427646,0.467855004535003,0.594261895830343,0.93349204472207,0.191100961334203,0.374910604235432,0.589711399521513,0.675488393503419,1.54135774865842,1.86422179667618,3.22551017782775,0.45257465063072,0.088644436126015,18.7471209662288,2.60369640380389,17.5791475369211,36.25,0.519230769230769
622,152,"Plot_622",2014,"Conifer-Broadleaf Mixed Forest",40118,"Yiyang",111.326352763413,28.3732917521238,12,2,6.4170867031569,0.319731699236521,0.555,184,16.5,1422,59.6666666666667,120.666666666667,282,250,1.26426412593088,-1.28650564714253,-1.2089438795815,0.1498957396495,0.0601871366150889,0.40501176214877,0.17237242073841,0.446091578738535,0.0235692339628315,0.0768167120948236,1.49638755492956e-16,1.05049309448579,3.17401350268558,2.7727664846644,0.429251146372152,0.0633924221072915,19.9068104364499,2.43387122267288,21.8948890465727,30,0.782608695652174
623,153,"Plot_623",2014,"Conifer-Broadleaf Mixed Forest",80101,"Changde",111.327839258318,28.8072965075369,12,2,7.25827243840586,0.406181454170589,0.618817204,114,17.1,1373,61,123,266.666666666667,244.333333333333,1.45617861448757,-0.143698236743393,0.926053613041175,0.238042023106834,0.357401321515922,0.755548801020825,0.268950614025273,0.190302792810229,0.54260898365767,0.215377051765441,0.240191502491479,0.835268934070847,2.49080965968876,3.54252356158888,0.55211825225599,0.0825972983153326,18.2759119196483,1.76230286359159,12.1655409934513,26.7741935483871,0.161290322580645
624,154,"Plot_624",2014,"Conifer-Broadleaf Mixed Forest",40118,"Yongzhou",111.357632406033,25.3054919983823,5,1,4.92736954775289,0.212608739623768,0.586182796,291,18.5,1518,59,123.666666666667,250.666666666667,182,2.06280363942909,-0.0361549876023907,0.331559105727353,0.623323803013468,0.767702248726828,0.490857566816613,0.284034644402197,0.429882875909589,0.524265019411597,0.617491598223955,0.222072977582128,1.05522350501326,2.06010573301,3.4083748723546,0.493472045819936,0.0608962935178439,20.5722174748123,2.14923012951149,16.4482909022619,30.546875,0.21875
625,155,"Plot_625",2014,"Conifer-Broadleaf Mixed Forest",40118,"Yongzhou",111.361756339536,26.7496686150425,21,2,24.1738140338918,0.364493931701863,0.459596774193548,388,16.9,1389,55,116.666666666667,307.333333333333,298.333333333333,1.17853144321321,-1.20966785126056,-1.02366623815921,0.363349203666821,0.163281978830414,0.47626431261295,0.126108904998872,0.182167924272882,0.191750504069215,0.21181930400899,0.0598752093714696,0.874209674016456,3.01331745293559,2.88071077904345,0.431364198729511,0.0611528016216927,20.8310065745525,2.37199315108363,20.0826987232599,29.8048780487805,0.829268292682927
626,156,"Plot_626",2014,"Conifer-Broadleaf Mixed Forest",40118,"Shaoyang",111.362255208114,26.8940032897825,30,2,31.6706177267012,0.450341747361677,0.536989247311828,370,16.8,1383,57.6666666666667,124.666666666667,306.666666666667,231.666666666667,2.43836495436018,-1.31815990508166,0.0467335076703179,0.606495452021611,0.490570716444989,0.959736379261996,0.678450324527748,0.291200859089296,0.634782039400656,0.440212219608681,0.696277949888211,1.42882495092043,2.3824487168397,3.36888644960697,0.466102243861444,0.0939039050656861,18.9322342123988,2.32884374175102,19.5679209383581,33.8068181818182,0.636363636363636
627,157,"Plot_627",2014,"Conifer-Broadleaf Mixed Forest",40118,"Shaoyang",111.362386372163,26.9665624031336,18,2,30.5030439054386,0.447254649574543,0.542231183,449,16.5,1389,58.3333333333333,121.333333333333,297.666666666667,252.333333333333,2.4972710531363,-0.961222606954492,0.243917163643609,0.576786692844985,0.473015878681424,0.987947088580767,0.609728055508732,0.28175743124508,0.689015001921765,0.490736746053623,0.637485317793431,1.54364124161939,2.30691953483667,3.38010624284035,0.483501687600482,0.0902776224253924,18.9034474032221,2.24725501660244,17.3218308335031,32.578125,0.5
628,158,"Plot_628",2014,"Conifer-Broadleaf Mixed Forest",40118,"Yongzhou",111.400882259822,26.4967051354117,14,2,12.9500649378503,0.49740876430245,0.476397849,444,17,1411,56,118,302.333333333333,246.666666666667,2.72757484656204,-1.90613072534222,0.741340674899113,0.321528251189635,0.592422303534539,0.765974695284494,1.04674140445836,0.741985926914966,0.984839410553116,0.309444520149022,0.610178315685832,1.42261976827643,1.95061266945492,3.92061043075186,0.464795476527331,0.122089439946895,19.2014976765126,2.14650112916676,27.9187463822448,37.4,0.64
629,159,"Plot_629",2014,"Conifer-Broadleaf Mixed Forest",80415,"Yiyang",111.408754265989,28.445838948326,14,2,28.4699180616926,0.502901244057206,0.567822580645161,368,16.2,1437,60.6666666666667,123,282,237.666666666667,1.31417551887081,-1.27785225728581,-0.913073211220611,0.426947649853559,0.574375625430744,0.41304700609321,0.0840523925133621,0.196405950387331,0.310999794133836,0.210709046199209,0.123731692561509,0.857578467566329,2.97128788233208,3.10129035269313,0.428438023062424,0.0611887180217146,21.7482035223574,2.32537412157711,23.325107406813,30.5459770114943,0.833333333333333
630,160,"Plot_630",2014,"Conifer-Broadleaf Mixed Forest",80101,"Changde",111.412962913268,29.6732233522237,43,3,60.2519717907901,0.497300501779345,0.637258064516129,322,16.2,1306,57,123,245,254.666666666667,1.9761960961112,-2.07951625550903,-0.00778456338171441,0.637404773190372,0.440291129848574,0.604854144962707,0.459962930271033,0.340036800061702,0.366930817207606,0.208669634507293,0.643484602031733,1.33068175604088,2.22987525452694,3.44100227226967,0.442812633899862,0.125982324556455,17.219640574733,2.6608928732323,25.6249821928538,39.8571428571429,0.685714285714286
631,161,"Plot_631",2014,"Conifer-Broadleaf Mixed Forest",40118,"Shaoyang",111.444922142394,27.4715562783423,20,2,5.20038285494954,0.367697795011361,0.360618279569893,995,13.3,1588,56.6666666666667,108.333333333333,287,347.333333333333,0,-1.51524982246117,-1.38495904528467,0,0,0,0,0,0,0,0,0,3.20997533631745,2.79821608637929,0.41,0.0589744198037889,21.4108085625,2.44392318225,22.0509391044924,30,1
632,162,"Plot_632",2014,"Conifer-Broadleaf Mixed Forest",40118,"Loudi",111.447357309056,28.0489289369469,27,2,26.8231070614503,0.458207832662181,0.490268817,274,16.6,1429,70.6666666666667,124.666666666667,309.666666666667,280.333333333333,2.62263514955205,-1.90567360296896,0.563138391725158,0.690966320923042,0.630209670769094,0.877040599485534,0.93502328899033,0.553226517609653,0.921017786967689,0.329283160645872,0.57321063879609,1.14938716568723,2.2083723965357,3.63177829009648,0.463851785084535,0.115997504538239,17.3529000855894,2.07783889750584,20.1315080033506,34.3010752688172,0.752688172043011
633,163,"Plot_633",2014,"Conifer-Broadleaf Mixed Forest",80101,"Changde",111.452827465631,29.1315860190211,15,2,13.2349675633821,0.386948415696818,0.647903226,109,17.2,1330,62.3333333333333,127.666666666667,288.666666666667,171.666666666667,1.57600027950722,-1.67131495145789,-0.721611954791247,0.587149007640638,0.476308489067205,0.448784121601391,0.625103421715282,0.320818829284623,0.286828319046617,0.169392761920937,0.523976295728087,0.572670710327289,2.79822450752403,3.11611626865784,0.428620689655172,0.0821724950750218,20.118779787289,2.44364211669081,22.3191840529389,33.1034482758621,0.896551724137931
634,164,"Plot_634",2014,"Conifer-Broadleaf Mixed Forest",40118,"Yongzhou",111.478923346832,25.774605134067,20,2,9.6341220241567,0.41186551988987,0.392983870967742,662,15,1554,50,118,245.333333333333,280,2.27060843996492,-0.355230979724376,-1.01719200299722,0.930988617553072,0.329989272798288,0.667016134349189,0.179223846264945,0.566748100031319,0.676070081397017,0.499452342398819,0.0821113164050909,1.29665864296029,2.46054703462097,2.4186285966305,0.405138818327974,0.0720475718416577,20.3544112790332,2.29214352168356,13.7580908901136,29.5,0.3
635,165,"Plot_635",2014,"Conifer-Broadleaf Mixed Forest",40118,"Shaoyang",111.485313260136,27.4352800273002,14,2,6.50238494160132,0.208277481022337,0.346397849462366,892,13.4,1589,56.3333333333333,109.666666666667,291.333333333333,349.666666666667,1.79723847580169,-1.037224500631,-0.730029780002198,0.420914355331291,0.386590637830846,0.839386000331644,0.224807333300678,0.250635766471942,0.52437071346261,0.319026228474109,0.153609605519728,1.26011529928114,2.93922841482993,2.95703643358158,0.444285714285714,0.0666267586047166,20.7111711217881,2.19889479660623,18.3361241425894,28.9285714285714,0.714285714285714
636,166,"Plot_636",2014,"Conifer-Broadleaf Mixed Forest",80101,"Changde",111.536369338448,29.564536457409,38,3,18.2874713041429,0.384437567501784,0.645403225806452,136,16.6,1297,62.3333333333333,130.666666666667,306.666666666667,191.333333333333,1.40492096530981,-2.3609224793476,0.365431362049229,0.214734927316713,0.0117062962935205,0.672057418566186,0.305471266136498,0.0029258635242373,0.549816226742011,0.296524223454323,0.506859977809203,0.857578467566328,1.92118360608671,3.71521246052254,0.44,0.133378965299358,17.6713363946601,2.6192808370713,25.1964812907736,41.6666666666667,0.833333333333333
637,167,"Plot_637",2014,"Conifer-Broadleaf Mixed Forest",40118,"Yongzhou",111.554610695801,24.8351195729558,13,2,0.936840629134497,0.129276406358644,0.536155913978495,354,18.7,1515,62,125,271.666666666667,171,3.70808691174077,-2.08578567351394,0.666773425341134,0.686190962215748,0.941868755080837,0.27756858051841,1.97155534134454,0.611486349645293,2.32181533716135,0.495061648877498,0.227297761674992,1.53829992244424,2.39830632076269,2.93111407990475,0.520496599205599,0.169555286411622,12.5619078409256,2.27630768425983,20.3783699941121,27.6470588235294,0.529411764705882
638,168,"Plot_638",2014,"Conifer-Broadleaf Mixed Forest",40118,"Yongzhou",111.594678132396,25.0154713460925,23,2,10.8535974073865,0.429053322942825,0.48811828,597,16.5,1538,55.6666666666667,124.666666666667,260.333333333333,210.666666666667,2.16629198046998,-1.73928000747384,-0.564877856868379,0.798246992212167,0.569084625979823,0.490160338832054,0.692137806903225,0.484657677876776,0.355514640656975,0.227493877857349,0.656818551125536,1.2503392568541,2.60436402567949,3.10480522057783,0.429703645807569,0.0985372376233259,18.2942526096271,2.53097857925739,23.803394752275,35.6410256410256,0.717948717948718
639,169,"Plot_639",2014,"Conifer-Broadleaf Mixed Forest",40118,"Yongzhou",111.633153949501,24.834942934546,29,2,46.675287780945,0.517098608045451,0.437150537634409,827,15.2,1568,54,114.333333333333,214,311.666666666667,2.17275406200498,-0.926835161378841,-0.471808366813255,0.500492353169686,0.502716357962803,1.01584266861199,0.320088787467214,0.33743227808039,0.62828648560704,0.367491124709318,0.219010864113925,1.44716366401818,2.82513332953582,3.04637346803479,0.458928096273879,0.0714859078213891,20.2082941027108,2.17718460867791,17.5196028446299,29.0808823529412,0.625
640,170,"Plot_640",2014,"Conifer-Broadleaf Mixed Forest",40118,"Yongzhou",111.635658441129,25.4120976535607,20,2,34.661759807193,0.631379646655355,0.652526882,201,18.9,1469,59.6666666666667,124.333333333333,291.666666666667,165.666666666667,1.82052861271816,-2.04612480952402,-0.263605381255363,0.493348039160934,0.677171704456205,0.426406547762701,0.549581477045209,0.114733988902569,0.581513695888997,0.355932542376886,0.653677539942704,1.10598549407981,2.0986150169358,3.32261775382765,0.430701232722262,0.12485242743255,17.2855080312483,3.09280458765829,24.2924476537424,40.3246753246753,0.766233766233766
641,171,"Plot_641",2014,"Conifer-Broadleaf Mixed Forest",40118,"Loudi",111.648685501628,27.6512856289421,12,2,19.9228291146865,0.448701249950681,0.596344086,349,16.8,1424,60.6666666666667,129.333333333333,301.666666666667,205.666666666667,1.13911979393233,-1.18280280553277,-1.05833181427935,0.408066099577193,0.11814216399237,0.375656127537504,0.0858156320008964,0.0638694383169125,0.252862469901842,0.20774500730092,0.0500602447218967,0.876503424489475,2.97856221869835,2.86198054578633,0.426862611200429,0.0592176677935525,21.2301956640331,2.35124543693738,20.1023270292633,30.1851851851852,0.828703703703704
642,172,"Plot_642",2014,"Conifer-Broadleaf Mixed Forest",40118,"Loudi",111.650508880677,27.8678774448846,28,2,17.6917635141761,0.456800980672214,0.424059139784946,637,14.9,1536,59.6666666666667,120.666666666667,316,330.333333333333,1.65039743927077,-1.14678659773365,-0.751187658416728,0.478648167089009,0.655570947961855,0.578390440811273,0.0895364048840123,0.224785506851754,0.42595560302893,0.239760615664796,0.113727585048603,1.11603978964726,2.92180866309607,3.16805379691519,0.438192937891352,0.061240533521859,21.7491584623426,2.2576287527066,22.9334068046005,30.2631578947368,0.763157894736842
643,173,"Plot_643",2014,"Conifer-Broadleaf Mixed Forest",40118,"Loudi",111.689074183507,27.6151225661342,12,2,9.09920399505537,0.265648818522607,0.57252688172043,335,16.7,1438,61.3333333333333,124.666666666667,336,230,0.480188075924884,-2.66087719206656,0.177328389952242,0.0216283298384839,0.0689181126088121,0.129417035091941,0.203559518156768,0.080933495176855,0.11303565247343,0.0940626140776526,0.132263461665005,0.335673465263388,1.7922450805009,3.70354651162791,0.415108958075686,0.137039265850217,17.9072232418346,2.79945874345666,27.5410399444698,44.2307692307692,0.942307692307692
644,174,"Plot_644",2014,"Conifer-Broadleaf Mixed Forest",40118,"Yiyang",111.734613174129,28.3728308132426,14,2,25.0759811278828,0.53864708816247,0.539462366,219,16.9,1413,58.6666666666667,119,320,274,1.10027249226102,-1.22539815570783,-1.08072007324177,0.523033443288586,0.0974093034179834,0.303522564750324,0.126564095112125,0.141279591860882,0.0440925337308422,0.231786045008725,0.0987901775498751,0.787257033225891,2.91420961192072,2.85064068646224,0.423283290996785,0.0602309784350838,20.9520079368938,2.4470473197375,20.0522388131066,30.5625,0.85
645,175,"Plot_645",2014,"Conifer-Broadleaf Mixed Forest",40118,"Yongzhou",111.758742920748,25.8820047339144,27,2,17.8103962518116,0.450688271700111,0.417983871,397,16.8,1471,54,119.666666666667,366.666666666667,253,2.11979231198802,-0.642756476894099,-0.355815507243674,0.403173003626977,0.516292755003772,0.752684732293826,0.252776439322713,0.551936224370466,0.631971485885329,0.37023313280122,0.202743991123681,1.26011529928114,3.03444842886345,2.95575302168541,0.495843801102434,0.0785193007696526,17.2095084994291,2.22064237680007,18.8249874477491,28.3333333333333,0.285714285714286
646,176,"Plot_646",2014,"Conifer-Broadleaf Mixed Forest",40118,"Yiyang",111.775298598269,28.2636118532314,27,2,16.1413791552583,0.370190125171041,0.477822580645161,317,16.8,1426,59.6666666666667,118.333333333333,301,268,2.21398791973033,-0.568541164653134,-0.298576402250365,0.68975906430061,0.493887513811568,0.822485508836576,0.205573477972921,0.306357636773271,0.463249831515912,0.445639276234699,0.144769263083356,1.54313094699406,2.58746892542491,3.12162381232508,0.470098902660041,0.0613249921030104,20.4456158104873,2.21542288933212,17.0269318157222,29.3636363636364,0.509090909090909
647,177,"Plot_647",2014,"Conifer-Broadleaf Mixed Forest",40118,"Loudi",111.813121160112,27.938965151722,12,2,15.2624220918642,0.371598079685552,0.512473118,359,16.2,1483,61,122,313.333333333333,243,2.10257710268536,-1.59423377475515,-0.310842768189619,0.638909813434579,0.616601248532526,0.757448891150383,0.678852028835896,0.441784717518428,0.594904598024982,0.241668715019321,0.499025043550559,0.948944734741053,2.67791690716781,3.28691398677067,0.447141742987027,0.0880367568949909,19.5088894092116,2.29006539308871,21.4446540594896,32.5862068965517,0.810344827586207
648,178,"Plot_648",2014,"Conifer-Broadleaf Mixed Forest",40118,"Yongzhou",111.880312257919,26.1343186230648,22,2,38.477183745027,0.519101336831145,0.263897849462366,843,14.9,1542,52,116.666666666667,330.333333333333,355.666666666667,2.30371566221388,-0.517192448221389,-0.201361837292427,0.485167574213615,0.578887559935861,1.01466847206383,0.325551140022455,0.377488095873282,0.611548376371862,0.412331895765716,0.216874343610015,1.53981698351174,2.74079857188872,3.01255951146058,0.489443939124995,0.0714058461779863,20.8170353174095,2.033709025543,14.8326766962087,28.0542986425339,0.475113122171946
649,179,"Plot_649",2014,"Conifer-Broadleaf Mixed Forest",40118,"Loudi",111.890483430218,27.5051530750077,15,2,35.772354503094,0.519793417123015,0.579489247311828,261,17.5,1432,58,127,283,195.333333333333,1.79498421321253,-0.494082360033293,1.08962192241536,0.313124306836357,0.111785509370713,0.862007690181611,0.39422007620283,0.06439080715093,0.692679887126291,0.361288675331054,0.604469397093405,1.03675942499876,2.31308432289096,3.68507398697365,0.545408220672712,0.0973932285863773,17.8199213479487,1.83961193774033,14.0802072231467,29.6067415730337,0.213483146067416
650,180,"Plot_650",2014,"Conifer-Broadleaf Mixed Forest",40118,"Loudi",111.892896681736,27.7218346454338,7,1,0.752543097521324,0.156236075457197,0.631881720430107,288,17.2,1448,59,123,287,254,2.2478735444957,-1.86956775085266,0.582076555920515,0.343575883706741,0.0187300740696329,1.0752918697059,0.488754025818396,0.00468138163877966,0.879705962787218,0.474438757526916,0.810975964494726,1.37212554810612,2.039576514499,3.72135515360322,0.47,0.124466306288116,17.6620722943203,2.3990649058926,22.2369414960408,38.3333333333333,0.666666666666667
651,181,"Plot_651",2014,"Conifer-Broadleaf Mixed Forest",40118,"Shaoyang",111.927177926238,27.1798346991567,15,2,12.7052765347087,0.592681821061296,0.622930107526882,271,17.2,1448,57,127.333333333333,349.666666666667,196,2.18862764553855,-0.481149676239269,0.596087505497185,0.388452434910464,0.445317670148464,0.735899590734406,0.673442488356106,0.149110009106326,0.66826019258858,0.48018586091083,0.639264216910383,1.26011529928114,1.93653367376236,3.40109224396046,0.50155808681672,0.0869757190621906,18.3126699562498,2.2388131392217,14.1775338844881,32.7380952380952,0.285714285714286
652,182,"Plot_652",2014,"Conifer-Broadleaf Mixed Forest",40118,"Yiyang",111.940533417795,28.4791564239447,23,2,27.1494751276038,0.42151843458286,0.568172043,72,17.4,1380,60,123,271,233.666666666667,2.19818985620965,-0.828967682953466,-0.270804995844359,0.44981619137827,0.521002861430176,1.07751942436687,0.298713835969408,0.335896476525978,0.632318677024509,0.359914327584511,0.216891639869913,1.49556936904301,2.85468919922732,3.16761029757695,0.478140867536725,0.0692277037947358,20.0271864868838,2.11209005292755,17.4876023008977,28.4313725490196,0.588235294117647
653,183,"Plot_653",2014,"Conifer-Broadleaf Mixed Forest",80415,"Yiyang",111.941269323452,28.624001678915,20,2,17.9829264799126,0.310651796295969,0.589758064516129,147,17.4,1360,61,124.333333333333,273.666666666667,239.333333333333,2.12979679332379,-1.05180259565455,-0.465055872643718,0.735161567525553,1.11162103263309,0.525558322314818,0.0157397725221532,0.405466758830648,0.488886472011654,0.42570662205193,0.201419087622894,1.36315890040362,2.7065640966259,3.52267401924804,0.439137541541334,0.059544784308618,23.0052976590729,2.20072724584711,27.3279929478741,31.6451612903226,0.670967741935484
654,184,"Plot_654",2014,"Conifer-Broadleaf Mixed Forest",40118,"Yongzhou",111.992008712091,25.1577819322487,30,2,29.6726151351015,0.499408745307,0.265725806,1138,14.6,1563,52.6666666666667,108,195.333333333333,354,2.5340926992301,-1.40552396335925,0.0633393248687341,0.536467173435689,0.519538710029708,1.03529611662233,0.655266140437872,0.278348661745512,0.810121571484628,0.42209575022003,0.772084189169076,1.43309680832746,2.45094661601593,3.39643379396944,0.470763677369684,0.100396065070101,18.5138457474468,2.39084255387845,20.17488358072,33.8732394366197,0.633802816901408
655,185,"Plot_655",2014,"Conifer-Broadleaf Mixed Forest",40118,"Shaoyang",112.008503603127,27.1797246423153,12,2,19.7097757964408,0.41394197445551,0.618548387096774,179,17.7,1441,57,128.333333333333,347.666666666667,162.666666666667,1.52909388684564,-2.05667087661224,0.173309947988954,0.079676382168667,0.310438850995301,0.409543011975476,0.677625944936373,0.104587386213038,0.244127446171174,0.433455768985333,0.470869414365507,1.06224595476592,1.75581093325279,3.53485955904561,0.429551164237692,0.121147720186492,18.034750069013,2.73492703075325,23.5293670796155,41.6883116883117,0.779220779220779
656,186,"Plot_656",2014,"Conifer-Broadleaf Mixed Forest",40118,"Changsha",112.018104696126,28.1180107175406,29,2,24.3975448708435,0.469574952888914,0.557849462,236,17.1,1441,60.6666666666667,123.666666666667,287,218.333333333333,2.62120013988474,-0.956412208301912,-0.444809434258314,0.732969904225161,0.714273325800318,0.643230731994835,0.771225149214678,0.659453287547196,0.519058929622976,0.543316621270683,0.745827843309509,1.46493320744733,2.34815112914843,3.04860597770887,0.439607513224769,0.0850503138189216,22.2865063652706,2.36945307652528,19.3690416669054,32.6774193548387,0.612903225806452
657,187,"Plot_657",2014,"Conifer-Broadleaf Mixed Forest",80415,"Changde",112.023170537256,28.6954658507029,25,2,62.5600036482999,0.480842363081668,0.604327956989247,161,17.2,1363,60.6666666666667,127,255.333333333333,209.666666666667,2.50081117341788,-1.1832064352689,0.145968362170199,0.491750209277875,0.496029534848253,1.13959308422371,0.510479065512089,0.327394405642944,0.780656349075718,0.413159511996072,0.603912144014716,1.51493716894465,2.58778927081763,3.39683292504647,0.484609838862906,0.0926445560191455,18.6958460684334,2.17332661306483,19.0388102050964,31.7613636363636,0.568181818181818
658,188,"Plot_658",2014,"Conifer-Broadleaf Mixed Forest",40118,"Yongzhou",112.029936535449,24.9768977339903,25,2,41.8086402245535,0.4602500257015,0.421827957,689,17.1,1497,56,120.666666666667,228.333333333333,252,2.40455149947252,-0.689254515118521,0.314895573993634,0.420710922785125,0.538632234251757,1.19700272447848,0.363182204707017,0.362507605706,0.736447371037554,0.413211270494218,0.394755998023342,1.4876361172069,2.56842530830475,3.35836301486678,0.501853164523044,0.0852172480820941,19.0697554295928,1.99075829068782,15.6273570562982,29.2261904761905,0.404761904761905
659,189,"Plot_659",2014,"Conifer-Broadleaf Mixed Forest",40118,"Yongzhou",112.033086446479,25.2658596198881,14,2,6.23323025884646,0.301709682585268,0.268198924731183,895,14.5,1568,52.6666666666667,107.666666666667,205.333333333333,403.666666666667,2.0054241544461,-0.639626878258089,-1.10206918172324,0.551802055092337,0.282748226256197,0.571336592471199,0.0962824194305206,0.343206652693819,0.718423106994033,0.364637698577104,0.145975673609051,1.48189559195462,2.85763748113787,2.67411243811268,0.445422109324759,0.0582272102147612,19.9015196325791,2.72414364896043,16.9962659659541,29,0.6
660,190,"Plot_660",2014,"Conifer-Broadleaf Mixed Forest",40118,"Yongzhou",112.033796559664,25.3378822370478,17,2,19.0421653991645,0.542222609868563,0.432822581,633,16.7,1493,53,119,264,255,1.78959250792707,-1.65541506393692,-0.839543337499455,0.630519634482862,0.444967851754969,0.320650801566303,0.662818833466806,0.50840874968199,0.53372659166151,0.205369166662251,0.630173877713809,0.550814049553435,2.76263921053049,3.07988800259281,0.423238718283404,0.0828853481550177,19.9423588653241,2.64890168790415,21.9583757664254,33.8910891089109,0.900990099009901
661,191,"Plot_661",2014,"Conifer-Broadleaf Mixed Forest",40118,"Yongzhou",112.070579642761,25.0855850497096,7,1,15.1789029343179,0.296568153805124,0.329596774193548,918,15.2,1534,53.6666666666667,106,190.333333333333,340.333333333333,2.08649759901712,-0.93985661332251,-0.372953196466695,0.348208826697856,0.497592440618388,1.11095205926247,0.281784940774997,0.329416485103732,0.636776595736358,0.321647367599319,0.209467643890538,1.41762971169128,2.96110848339984,3.13668388621738,0.474285714285714,0.0696320092464171,20.0587397519503,2.11330818186707,17.8894545375699,28.2142857142857,0.642857142857143
662,192,"Plot_662",2014,"Conifer-Broadleaf Mixed Forest",40118,"Yongzhou",112.072137597667,25.2298832875668,26,2,35.8735060384954,0.478566879057962,0.272715053763441,1104,14.4,1569,52.6666666666667,109.333333333333,232,344.333333333333,2.26262044261227,-0.783120504226771,-0.158433706449279,0.370500020609723,0.543838313134669,1.17644149690464,0.299091073016502,0.360341235335169,0.711163993518397,0.345419709699154,0.225770620726696,1.52796457736642,2.90527959665356,3.19811644843126,0.489512484857549,0.0720638958959075,19.6833276233341,2.06499220731636,16.8310504744935,27.7519379844961,0.550387596899225
663,193,"Plot_663",2014,"Conifer-Broadleaf Mixed Forest",40118,"Loudi",112.093935929954,27.612115322006,15,2,30.9491656322126,0.610236768457979,0.636505376,221,17,1507,57,124,348.333333333333,212.333333333333,2.22663098763254,-1.60624352524773,-0.436635739399549,0.753847335766032,0.595616368775484,0.614637584736693,0.673960127162898,0.487287203855626,0.358578682757881,0.252059437170714,0.619382892882847,1.29665864296029,2.62249583692001,3.213003365567,0.442662897106109,0.093131707597745,18.6529390238668,2.48044616786907,23.81796932664,34.8333333333333,0.7
664,194,"Plot_664",2014,"Conifer-Broadleaf Mixed Forest",40118,"Changsha",112.100357216857,28.2617870119314,5,1,2.51011441640528,0.203607770521254,0.467849462365591,375,16,1489,55,114.333333333333,321.666666666667,282.333333333333,2.40891429426579,-0.83527654175098,-0.0352701442496017,0.831507125073374,1.25730295195785,0.594434623558025,0.0178025261076363,0.458604630384698,0.552956795875412,0.481497000201652,0.227815780751342,1.54180575857347,2.47136655326765,3.86114625157549,0.452750821598847,0.0598112629244645,23.7502550395542,2.08710426271364,29.7934724649645,32.4137931034483,0.517241379310345
665,195,"Plot_665",2014,"Conifer-Broadleaf Mixed Forest",40118,"Loudi",112.135173686727,27.6486069269829,8,1,33.9439383772516,0.493276639756534,0.623655913978495,158,17.5,1489,55,128,326.666666666667,177.666666666667,2.1110006495549,-1.50049161045934,0.215906214676376,0.118081270821745,0.41532059420343,0.592399076810962,0.904254334461402,0.139867000804164,0.367173340941034,0.587942402260137,0.656081801747049,1.45316077438209,1.74158892062197,3.42744176979918,0.445482939922153,0.106890433329047,18.2535253917781,2.64216697089585,20.2821348282011,39.2105263157895,0.621052631578947
666,196,"Plot_666",2014,"Conifer-Broadleaf Mixed Forest",40118,"Changsha",112.140974258212,28.2253740831465,31,3,13.4054117501479,0.497537524881157,0.512043011,485,15.8,1509,60.6666666666667,122.666666666667,286.333333333333,246.333333333333,1.51754386358737,-1.64871262317452,-0.788116167474779,0.662632332219083,0.540144257544911,0.269561718440247,0.603581669483907,0.29647773676253,0.248491782435908,0.211544610036858,0.485825288730121,0.555710846982981,2.75893996269473,3.13998470412859,0.421141645498392,0.0782421890266855,20.6660137737564,2.47087629850425,23.5639103938297,33.5,0.9
667,197,"Plot_667",2014,"Conifer-Broadleaf Mixed Forest",40118,"Yongzhou",112.153637083134,25.5176585939684,22,2,25.71556419965,0.435488018191928,0.579784946236559,312,18.1,1450,58,123.666666666667,378.666666666667,183.666666666667,2.5222271825337,-1.2908605611595,0.295526589460352,0.529151554828566,0.407059042976294,0.947819331174618,0.688045022577117,0.40244579140386,0.678816197287213,0.526757638909596,0.771364332797086,1.51003873138796,2.19420344656502,3.52430691301418,0.471449871909757,0.103042585583124,19.2805124681762,2.34625872000379,19.9848531221042,35.0819672131148,0.573770491803279
668,198,"Plot_668",2014,"Conifer-Broadleaf Mixed Forest",40118,"Yongzhou",112.158893420002,26.0230113267215,24,2,43.0579176005332,0.435281120307717,0.41938172,529,16.4,1485,51,117,300,262,2.32621923788734,-0.940850421542654,-0.153788188117327,0.562722390447007,0.512407116455458,1.02177097589923,0.474868347237374,0.325008682593507,0.627786461286213,0.400022795304645,0.32349179747158,1.49747773792689,2.65535485780862,3.21276298193646,0.474810329521553,0.0768859621341376,19.5712108781533,2.19792058034428,17.6301100514896,30.2631578947368,0.586466165413534
669,199,"Plot_669",2014,"Conifer-Broadleaf Mixed Forest",40118,"Changsha",112.180366552451,28.1169624286104,13,2,13.104026461833,0.285681583449101,0.570161290322581,271,16.6,1482,58.6666666666667,126.333333333333,297.333333333333,229.333333333333,2.26399028697676,-0.628295010537366,-0.0190279440737324,0.458652540183741,0.505409228620149,1.06967034277212,0.351444714107513,0.353923993236188,0.65450506832855,0.364434999102742,0.241932780743448,1.54027055151192,2.74981068453527,3.22164058488116,0.493482834390119,0.0715686983124373,19.8127727638939,2.02298299853902,15.9309497172725,28.2242990654206,0.476635514018692
670,200,"Plot_670",2014,"Conifer-Broadleaf Mixed Forest",40118,"Yongzhou",112.190469069537,25.2552874432666,17,2,27.8789257167912,0.379174436295053,0.381935483870968,928,16,1508,53,116.666666666667,273.333333333333,242.666666666667,1.83655254358599,-1.19174166012335,-0.65002055455786,0.387275230086223,0.4578082425603,0.859596052768189,0.358801451339621,0.321596227875742,0.526323645019007,0.27246640730197,0.21825565423767,1.15773093121454,2.95307769993566,3.05425383475732,0.452635050171859,0.0716344088934149,20.164832257023,2.30196905380629,19.5907434114886,29.7844827586207,0.75
671,201,"Plot_671",2014,"Conifer-Broadleaf Mixed Forest",40118,"Loudi",112.213225281452,27.4294006409549,5,1,3.19405305587432,0.130573030440233,0.613306451612903,110,17.8,1509,55,128.333333333333,309,178.333333333333,2.02022017209166,-0.649320288117259,-0.541801719509048,0.708001761054419,0.233133538100214,0.763836384706316,0.157116350962383,0.243332262357699,0.302934114690355,0.405959565072515,0.102532340984505,1.50348408132753,2.64974673052602,2.95585784704939,0.45893540192926,0.0592097362391051,20.3050588830595,2.30181091374875,16.2358720370742,29.3548387096774,0.580645161290323
672,202,"Plot_672",2014,"Conifer-Broadleaf Mixed Forest",40118,"Yiyang",112.222477496401,28.2246157066442,27,2,47.0494335292996,0.451184221461891,0.605322581,153,17.2,1432,55.6666666666667,131.666666666667,320.666666666667,160.333333333333,2.56357340790884,-1.25748829954153,0.680886131878439,0.4309976449178,0.15829470178042,1.15239842941152,0.600421116740556,0.160436624423577,0.926307811074937,0.530706668111392,0.87467727741088,1.54329736965645,2.1960397829508,3.66205197049455,0.497035644526563,0.10968805210716,18.1213820465614,2.18816833976535,18.9294502439491,34.3059701492537,0.492537313432836
673,203,"Plot_673",2014,"Conifer-Broadleaf Mixed Forest",40118,"Yiyang",112.223446092379,28.2969638195648,10,1,29.1937444288539,0.35417856788648,0.607983870967742,154,17.3,1416,58,126,335,179.333333333333,0.933011907170753,-1.33054804332787,-1.22547373969748,0.197234530762089,0.200668046269548,0.284415844427804,0.127713431647374,0.200335447533434,0.294692735364045,0.10819943324271,0.0607508748670248,0.639041777267786,3.10569026026702,2.83718969470986,0.422175445836567,0.0622377250077889,21.0106805607139,2.49686855434139,21.7645566490556,29.8275862068965,0.882758620689655
674,204,"Plot_674",2014,"Conifer-Broadleaf Mixed Forest",40118,"Yongzhou",112.235986858556,25.7336649698054,30,2,32.9997370713389,0.451168560923921,0.585430108,275,18.1,1437,59.6666666666667,125.333333333333,346.666666666667,164,2.4801126731421,-1.65101494743893,0.734519323910561,0.24494084362316,0.385221957320501,0.786373479031935,0.855481497847018,0.320337731534359,0.804642000146493,0.507613579766947,0.697789542811214,1.46493320744733,1.81540649051152,3.66598955294379,0.470455096981641,0.117878165743306,17.1157302512309,2.31035801799356,19.4305993500198,37.0967741935484,0.612903225806452
675,205,"Plot_675",2014,"Conifer-Broadleaf Mixed Forest",40118,"Loudi",112.256569571843,27.6831002583495,24,2,21.2109475729995,0.40077628172549,0.559166667,168,17.4,1518,57,127,303.333333333333,206.666666666667,1.85204631832994,-1.04618298196788,-0.647801270104569,0.595358213646088,0.342478563978596,0.736671688670735,0.326924647441392,0.266723134051721,0.34559068636348,0.338468586115803,0.171022142172357,1.26011529928114,2.78965849068328,3.00883288801034,0.448365039044557,0.0667485448786911,20.3294111707484,2.32564070629921,18.652406801273,30.2380952380952,0.714285714285714
676,206,"Plot_676",2014,"Conifer-Broadleaf Mixed Forest",40118,"Xiangtan",112.259306984966,27.8997251183205,9,1,11.3486167134669,0.321769667590942,0.547876344086021,213,17,1507,57.3333333333333,127.666666666667,320,188,2.03711853997068,-0.374721050123391,0.475167877930374,0.0976827322707143,0.498160648821392,0.380533210970886,0.98674045573165,0.333245718163869,0.435312399294145,0.57552397136002,0.427663106276515,1.21936938357087,1.65528100775194,3.2368507751938,0.483946553456592,0.0802355083405943,18.4772118258411,2.3012999814121,14.1626325407669,33.125,0.270833333333333
677,207,"Plot_677",2014,"Conifer-Broadleaf Mixed Forest",40118,"Yongzhou",112.2727753839,25.4080974723986,21,2,41.4446344506979,0.606458862324352,0.589838709677419,252,18.7,1446,58.6666666666667,125.666666666667,316.666666666667,177.666666666667,2.9468007234756,-1.82449503540878,-0.0708688900871446,0.629259001702175,0.433126876922739,0.809935076667981,1.74820240357838,1.12414598369849,1.01381821057804,0.264230073058408,0.388615636500789,0.857578467566329,2.74696905934138,3.06409605660311,0.465827151533711,0.11535244658736,19.4292903178845,1.95830653106687,21.5650343696552,27.4920634920635,0.833333333333333
678,208,"Plot_678",2014,"Conifer-Broadleaf Mixed Forest",40118,"Chenzhou",112.280054223434,26.1313220240396,20,2,11.7181197010458,0.418255711780667,0.322553763,481,16.8,1472,52,118.333333333333,302.666666666667,254.666666666667,2.47750420626629,-0.686024056650642,0.0832883010522092,0.442550000460766,0.647755651007228,1.08285756661894,0.362159879234261,0.411891715326535,0.85636376429749,0.411286230309579,0.337019436580425,1.52617133168708,2.73465581804382,3.32611244884838,0.499846305671478,0.0782559811051869,19.3414201539396,2.11851495600282,17.2515536423571,28.6170212765957,0.446808510638298
679,209,"Plot_679",2014,"Conifer-Broadleaf Mixed Forest",80415,"Xiangtan",112.338871034932,27.754653462479,23,2,34.0469629022109,0.541811629630677,0.603037634408602,95,17.7,1502,57,132,341,201.666666666667,2.47984719386459,-1.44224362730626,0.264722178661559,0.58063767218994,0.459385996212526,0.871627846398061,0.693281939187368,0.210762955152339,0.623486222917377,0.47840199965122,0.767600447162976,1.53450726977549,2.19256643927931,3.47259975036636,0.470215741404897,0.107230252719033,17.7279548159709,2.4106382585657,21.4409098105273,36.25,0.538461538461538
680,210,"Plot_680",2014,"Conifer-Broadleaf Mixed Forest",40118,"Xiangtan",112.340843297651,27.8987212971126,15,2,20.2285348157245,0.370934506048529,0.556129032258065,220,17.1,1511,56.6666666666667,122,288.666666666667,215,2.00344223009569,-0.693161699431866,1.08791994943613,0.313410923066392,0.0282522120043442,0.956846970774688,0.437137494254822,0.00804619116207183,0.786122076831946,0.421277562103091,0.716425978464079,1.21577067468488,2.31363311238438,3.72880882297869,0.540683089333147,0.102863157913295,17.6544315148065,1.88174743671746,15.1577007475719,30.4347826086957,0.269565217391304
681,211,"Plot_681",2014,"Conifer-Broadleaf Mixed Forest",40118,"Chenzhou",112.389774792355,25.2271649231949,17,2,7.22249283045175,0.341420825123687,0.318333333333333,675,16.6,1492,54,115.666666666667,278.666666666667,305.666666666667,1.73981249507073,-0.088335042253362,-0.670932359874237,0.694083087648156,0.437114520769571,0.653441613026724,0.151640719578401,0.209181414772107,0.355041035332661,0.354469360103207,0.0683975980050737,1.07495550020309,1.98351676106295,2.46238648564761,0.386092964761467,0.0730230524672227,22.1537167018977,1.91604722589847,9.3776758652653,29.5918367346939,0.224489795918367
682,212,"Plot_682",2014,"Conifer-Broadleaf Mixed Forest",80415,"Xiangtan",112.458077164857,27.5729388037211,28,2,17.0909361564901,0.391360799712777,0.563172043010753,186,17.3,1603,56,126,304.666666666667,215.333333333333,1.56494285970481,-1.40925992900037,-0.861760874230729,0.653795030837285,0.330202880828713,0.370931918568082,0.533349113785873,0.317913062204579,0.191168266987487,0.226642219813934,0.419096158931584,0.829861531494585,2.78051278305415,2.99080239163065,0.426426632797428,0.0735036235026796,20.5256216110504,2.48501554714773,21.202300324961,32.24,0.84
683,213,"Plot_683",2014,"Conifer-Broadleaf Mixed Forest",80415,"Xiangtan",112.500063496563,27.6805871053709,25,2,21.8635744448028,0.389415635515868,0.606236559139785,64,18,1534,57.3333333333333,127.666666666667,327,204.333333333333,2.51968057927069,-1.28941397503936,0.837874495672155,0.385120187833278,0.0209948660133118,1.20531337173304,0.547852894087626,0.00524744215628634,0.986077724581637,0.531806660708789,0.909037073280341,1.53803940811083,2.17936573166049,3.72860797193944,0.505421686746988,0.113942925768818,17.6511339589792,2.13905091486233,18.7425451118983,34.3975903614458,0.469879518072289
684,214,"Plot_684",2014,"Conifer-Broadleaf Mixed Forest",80415,"Xiangtan",112.618897407251,27.4984123538067,27,2,48.7558795791475,0.46176315245289,0.600215054,89,17.8,1628,57,127.333333333333,286.666666666667,220.666666666667,1.25744059609578,-2.35066338076732,0.277591483279982,0.134071083467257,0.106226393126672,0.508295527161933,0.381689115680071,0.0357449084920326,0.38797027021628,0.301747649925217,0.433008895104972,0.814029561010225,1.85608729005168,3.66320817183462,0.432409704581994,0.131292663111055,17.7756450164963,2.68602284450886,25.1815286331251,42.1875,0.84375
685,215,"Plot_685",2014,"Conifer-Broadleaf Mixed Forest",80415,"Xiangtan",112.622849506964,27.7146137256379,15,2,17.4647153035763,0.456544199072451,0.612258065,85,17.9,1544,55,131.333333333333,291.333333333333,215,0.137831916302502,-1.47551675375976,-1.35498628247737,0.0483043790232847,0.00846408901689434,0.0436649068400996,0.00911207883789111,0.000106409062280603,0.0333241759019742,0.025802707271339,8.30073289439369e-18,0.113255187611171,3.18735897489096,2.80198774831613,0.411655238753493,0.0587486490789054,21.4105224472318,2.4325886440133,21.8322422610467,30,0.981308411214953
686,216,"Plot_686",2014,"Conifer-Broadleaf Mixed Forest",80415,"Yueyang",112.67674288667,28.6170878209138,10,1,15.9820595367723,0.469353806522345,0.616075269,28,17.6,1352,59.3333333333333,132.666666666667,310,169.333333333333,1.36331264151869,-1.8813088450098,-0.949303340115586,0.322725737452886,0.174565609332323,0.0835100934313015,0.529394715626425,0.629519938242149,0.635141578500685,0.284274382724934,0.540255752086751,0.116458141009747,2.98671464297679,2.81306436417107,0.413846153846154,0.0775411675544107,19.2814320114488,2.12464260492459,18.9213336079635,33.8846153846154,0.980769230769231
687,217,"Plot_687",2014,"Conifer-Broadleaf Mixed Forest",80415,"Xiangtan",112.702302256628,27.6424872958818,20,2,25.280189607793,0.574916669824626,0.606827956989247,93,17.8,1588,57,131.333333333333,323,219.333333333333,1.68909044291808,-1.31177410429257,-0.686009934844893,0.449844917569606,0.605423317402127,0.642794959044074,0.344389467973469,0.279088216785394,0.507322889000769,0.207002109702465,0.0912347960056567,0.987930394636411,2.94038892924734,3.14352725106478,0.441188860664523,0.0688361322827825,21.1202781613287,2.22305771892573,22.6930366402666,30,0.8
688,218,"Plot_688",2014,"Conifer-Broadleaf Mixed Forest",80415,"Xiangtan",112.703358410897,27.7144942798372,28,2,10.5361351518502,0.35245768294587,0.605994623655914,83,17.8,1560,55.3333333333333,132.666666666667,323.666666666667,209,1.5463419278865,-0.334730883381829,1.1992361285921,0.313163360864779,0.169050191481186,0.643476139928333,0.456485847375469,0.170043030140291,0.592515088947088,0.287921080403874,0.417662264710794,0.809448023251072,2.322885146574,3.65535373785975,0.556944420113095,0.0980129737398339,17.8248291570332,1.74681403158996,12.7233283980715,28.0172413793103,0.155172413793103
689,219,"Plot_689",2014,"Conifer-Broadleaf Mixed Forest",40118,"Chenzhou",112.783188635834,25.0067892850031,25,2,8.7341312893048,0.444736960819116,0.428091398,678,16.5,1523,56,118.666666666667,240.333333333333,254.666666666667,1.60930970514839,-1.10917107600824,-1.22545534898055,0.222005939006858,0.291088037557732,0.493738844729305,0.199414156243108,0.357843957886774,0.675884170369223,0.244404479019496,0.181089859746578,1.09977548657277,3.06921333498818,2.74094681166298,0.432357438836852,0.0656654155198556,20.164004818707,2.66865276370816,19.7500509511303,29.5652173913043,0.768115942028985
690,220,"Plot_690",2014,"Conifer-Broadleaf Mixed Forest",80415,"Xiangtan",112.789109655536,28.0019920389572,23,2,42.3581571988141,0.477896413366606,0.608978494623656,53,17.9,1449,63,132.666666666667,299,155.333333333333,2.10245706152662,-3.78394491555329,1.74810674485237,0.545940213890432,0.371301166414511,0.622938936316388,1.47452102481926,0.803688691358666,0.871269373374351,0.130841192400095,1.88341405963196e-16,1.40363910970466e-15,2.12945856021655,3.49762159148091,0.509821428571429,0.213411408276614,12.2759785183355,1.19122323873661,26.7387699113425,30,1
691,221,"Plot_691",2014,"Conifer-Broadleaf Mixed Forest",40118,"Chenzhou",112.789997285348,25.5119625250755,10,1,12.8718694587821,0.488047874904426,0.292258065,956,15.2,1571,53.6666666666667,112.666666666667,242.333333333333,310.666666666667,1.42669417561223,-1.51643777116614,-0.897107107593737,0.455601418799266,0.395499725101275,0.455886425809064,0.481120969582402,0.323849203731124,0.270948220949044,0.14580184476574,0.368216048151374,0.700328729657191,2.93647312170739,2.99925373382288,0.429502403187474,0.0750574242187027,20.219690899469,2.45494520247299,21.8013731712848,31.7391304347826,0.869565217391304
692,222,"Plot_692",2014,"Conifer-Broadleaf Mixed Forest",80415,"Changsha",112.794828122395,28.2904226752499,19,2,21.7227783131795,0.482060206422311,0.611747311827957,89,17.7,1379,57.6666666666667,128.666666666667,343,210.666666666667,3.17137545535323,-2.65866435870382,0.970433489558945,0.650376572619102,0.527382652730463,0.652570896369694,2.0915652825974,1.07294662804536,1.19377768696543,0.319611919298588,0.0413763247191187,0.952087115012414,2.29327671852668,3.26880847102675,0.494962909202266,0.163016307571208,14.9189991024993,1.57317650391962,23.0810644297265,29.7619047619048,0.80952380952381
693,223,"Plot_693",2014,"Conifer-Broadleaf Mixed Forest",40118,"Hengyang",112.808039657211,26.6665845677595,11,2,9.79364579831002,0.331418693313154,0.579946237,115,18.3,1435,58.3333333333333,130.333333333333,296.666666666667,144.333333333333,2.2977182255797,-0.932565710466972,0.995213902372736,0.351194386265949,0.019145397507629,1.09913555097033,0.499591730014477,0.00478518728896352,0.899212693168114,0.484959032842549,0.828958665708508,1.40255126334266,2.26534903751778,3.73306912645474,0.527209302325581,0.107470072824817,17.6444058704163,1.97911824643554,16.593167933992,31.9767441860465,0.348837209302326
694,224,"Plot_694",2014,"Conifer-Broadleaf Mixed Forest",80415,"Changsha",112.830649760949,28.0375016333153,21,2,26.0327291116752,0.454011416598813,0.609865591397849,147,17.5,1463,60,123.666666666667,304,219.666666666667,2.22036220887235,-1.06045985400024,-0.462361888955618,0.588303487160281,0.488026130749181,0.891270673263743,0.458175692711212,0.422382484360724,0.514805430919372,0.365695480881483,0.320081171955636,1.42617032668046,2.7601920453804,3.08090568320804,0.456229855859851,0.0763060603211304,19.905663312096,2.2689858247929,18.9201643852917,30.4655172413793,0.637931034482759
695,225,"Plot_695",2014,"Conifer-Broadleaf Mixed Forest",40118,"Chenzhou",112.868807227587,25.438843307362,23,2,14.7929500784402,0.501486198746872,0.306532258,871,16,1533,55,114.666666666667,203.333333333333,268.333333333333,2.33734598232969,-0.424848867466635,-0.976683396431051,0.652316685865509,0.806590568444023,0.507303371347533,0.654561034803887,0.238822687211709,0.937989116887953,0.436942450955923,0.744475935406158,1.29665864296029,2.58485927527927,2.53338756771637,0.472904269453376,0.089241723750959,17.0068527171471,3.41813241291779,16.0420719324024,31.4,0.3
696,226,"Plot_696",2014,"Conifer-Broadleaf Mixed Forest",40118,"Hengyang",112.881588709176,26.2324377481206,9,1,17.2022598543597,0.354498008642897,0.553897849,161,18.4,1445,59.3333333333333,128.666666666667,332.666666666667,164.666666666667,2.27641433939743,-0.710614522494623,-0.062058206139808,0.389852964397654,0.541405804266281,1.16673035033713,0.307600499987768,0.360721755895311,0.704523719441698,0.349278556965042,0.227050361856017,1.54286172325473,2.86409706965372,3.22567130181667,0.494895121572311,0.0723803677911046,19.626813694195,2.02566061496968,16.3685195682462,27.6685393258427,0.51123595505618
697,227,"Plot_697",2014,"Conifer-Broadleaf Mixed Forest",40118,"Chenzhou",112.901652824487,24.9691617275633,45,3,95.7855146844203,0.519677279162618,0.290833333333333,1201,14.5,1659,56,114,233,324.666666666667,2.4924662915809,-0.0336105607960035,0.118007413639478,0.502233238881107,0.896795107661528,0.932937543994137,0.324116471506395,0.290480619345626,1.40001561839351,0.214635536589551,0.381624950245481,0.586988973725798,2.41818113986352,3.02133287904914,0.508444348361497,0.0856372370011958,17.8673328845065,2.38990549117981,11.8060295949016,27.9787234042553,0.106382978723404
698,228,"Plot_698",2014,"Conifer-Broadleaf Mixed Forest",80415,"Changsha",112.917827739888,28.396867409584,18,2,18.7975896156586,0.565546784999435,0.609381720430108,67,17.7,1365,59,131,326,172.333333333333,2.09018383331688,-0.464975038312491,-0.277302570643721,0.575875322759989,0.318301164275049,0.745271117701863,0.304123548562834,0.436196307147623,0.539575189949628,0.37065751796051,0.141710851783934,1.46143549502428,2.72654076865215,3.02215750722165,0.482081077170418,0.0642869622795818,19.7415470532117,2.07489859327171,16.534912485168,29.0384615384615,0.384615384615385
699,229,"Plot_699",2014,"Conifer-Broadleaf Mixed Forest",40118,"Hengyang",112.931489212853,26.8454821507955,10,1,17.874202262543,0.510629094273135,0.578870967741936,140,17.9,1521,57,129.666666666667,278.666666666667,154.333333333333,2.45247150472187,-1.54312072715257,-0.315456241264391,0.601488698031826,0.820588759794332,0.676142757285637,0.691333598487638,0.138213245166593,0.794835459632056,0.479439546390402,0.868385922718921,1.46925995633018,2.25601487911917,3.18759519688673,0.451249233001333,0.114724771201426,17.1406423314152,3.08639536652344,21.6162813853855,37.1951219512195,0.609756097560976
700,230,"Plot_700",2014,"Conifer-Broadleaf Mixed Forest",40118,"Chenzhou",112.940365228732,24.9322140662587,33,3,53.3846516065771,0.439139049480894,0.216075269,1291,13.8,1716,56.3333333333333,103.666666666667,220,326.333333333333,0.677605334058272,0.56103805396588,-1.3749051025738,0.143163245870787,0.262966174580002,0.159273918724436,0.0591397948221206,0.0786341017333072,0.560800405253073,0.0228978440817498,0.0202639267987771,8.13743012367302e-17,2.99590682531646,2.18235501702463,0.503102012934814,0.0689914641459956,16.2187121155972,3.71719389280331,11.419019263706,25.1136363636364,0
701,231,"Plot_701",2014,"Conifer-Broadleaf Mixed Forest",80415,"Xiangtan",113.073057736513,27.9619307868337,7,1,9.35578148142387,0.28675523937075,0.615483871,79,17.7,1474,58,128,291.666666666667,179.666666666667,1.99609809843252,-0.847204043659819,-0.523810525847457,0.515027585073029,0.369470376906838,0.903456666961335,0.22997826500303,0.275082066258486,0.489060748330481,0.352757019894983,0.159373350476273,1.42417463187453,2.83971690249194,3.02967026406028,0.462586427967024,0.0640258795651606,20.3008664907114,2.2166035684493,17.4601098447776,28.8721804511278,0.639097744360902
702,232,"Plot_702",2014,"Conifer-Broadleaf Mixed Forest",80415,"Yueyang",113.08864313161,28.7555315112195,9,1,23.9212950076129,0.387312872640694,0.622043011,78,17.2,1376,58.6666666666667,133,327.333333333333,171.333333333333,2.77919752959493,-2.65638311324888,1.99722239216303,0.374559259453322,0.231623313722907,0.24231220437441,1.78925456895187,1.08628059161005,0.649269114768027,0.504868821872551,0.331350547218375,1.40889156711852,2.0624515503876,3.59907549330515,0.545932431854721,0.192937803107902,13.939331575373,1.14706653292939,21.6731239768672,27.4431818181818,0.647727272727273
703,233,"Plot_703",2014,"Conifer-Broadleaf Mixed Forest",80415,"Hengyang",113.099864555753,27.2035784002715,16,2,30.7306852346908,0.411216313735016,0.566344086021505,170,17.6,1649,55.3333333333333,130.333333333333,326,158,2.11457525588191,-0.785135859066616,-0.94304308010396,0.273944433645153,0.379702898608825,0.777690198782994,0.166306618222036,0.411213385369878,0.7954241560357,0.321170568586377,0.209260434478042,1.45908687754699,3.02114990305828,2.82105608591086,0.456885668741876,0.0646147279843837,19.8358026331907,2.58615787063072,18.1793269694664,28.3687943262411,0.617021276595745
704,234,"Plot_704",2014,"Conifer-Broadleaf Mixed Forest",80415,"Changsha",113.121758603735,28.3580622149576,15,2,26.8163478014395,0.396794880432659,0.61405914,64,17.5,1393,60.6666666666667,134.666666666667,335,145.666666666667,0.976639379638726,-1.41197653357505,-1.03144829783758,0.276637485956213,0.259970132094376,0.41710361804278,0.246456959115821,0.172868507089286,0.250513490515918,0.132877609674459,0.137362053157761,0.568336025842774,3.05976374390624,2.93256438784977,0.427289170170665,0.0657703023335516,20.8795689711715,2.37335706097861,21.1683102492107,30.3205128205128,0.897435897435897
705,235,"Plot_705",2014,"Conifer-Broadleaf Mixed Forest",80415,"Yueyang",113.13879029992,29.2237274935796,9,1,14.0850255458544,0.369702743486385,0.605537634408602,81,17,1337,59.3333333333333,127,251.333333333333,195.333333333333,3.01578757329931,-1.33373281393147,1.30604928800844,0.183426658666786,0.453440108582861,0.336788854351458,2.03123912616441,0.859630998678989,1.06690481153513,0.586322519761842,0.0696932469487655,1.46741204450238,1.74968095033018,3.29568762561011,0.522293060914612,0.133105322426943,15.3467820215801,1.69113593207037,15.6161289485672,29.5833333333333,0.388888888888889
706,236,"Plot_706",2014,"Conifer-Broadleaf Mixed Forest",80415,"Zhuzhou",113.192702057242,27.8518908809521,20,2,21.5232244499244,0.358144428894144,0.608521505376344,69,17.7,1516,56,131,322.666666666667,170,0.774657424247763,-1.26501145133714,-1.19045192441784,0.202778897302125,0.0860828623302584,0.307782995738305,0.0717772056891101,0.117037191374653,0.118202166799322,0.161311675348385,0.0822129475693779,0.595356154547143,3.1055147894483,2.84042095391787,0.422837073737725,0.0599195271031647,21.5924716274478,2.39968847503867,20.5466325541613,29.5202702702703,0.891891891891892
707,237,"Plot_707",2014,"Conifer-Broadleaf Mixed Forest",80415,"Yueyang",113.21019850643,28.7174766964446,24,2,25.091067489804,0.425844793671338,0.600887097,82,17.3,1388,59.3333333333333,130.333333333333,328.666666666667,183,1.90613666956681,-0.564668410998294,0.950277730201871,0.244161673027486,0.1894105624626,0.949915780198249,0.331838667847059,0.125972238297272,0.692530657667335,0.366721584371315,0.521031553631353,1.2121394639724,2.45985074813257,3.64717391452166,0.541707317073171,0.0950343696752144,18.003851573264,1.83410257419717,14.5673017934096,28.9024390243902,0.268292682926829
708,238,"Plot_708",2014,"Conifer-Broadleaf Mixed Forest",80415,"Yueyang",113.255346644412,28.8971048639158,9,1,11.7153683033769,0.376795521048108,0.623709677419355,57,17.2,1380,57.6666666666667,131,291.666666666667,187.333333333333,0.723481298803758,-4.13163091252868,2.60296784066471,0.106041939415661,0.00578088705852861,0.092188946305375,0.483179654513543,0.210831010562032,0.145015153061526,0.146431715286085,0.0625753059023708,0.423495539538928,1.85540976807988,3.71179985325549,0.543703703703704,0.247413809467648,10.1150805423357,0.864774161568726,26.8406700656252,29.6296296296296,0.925925925925926
709,239,"Plot_709",2014,"Conifer-Broadleaf Mixed Forest",80415,"Zhuzhou",113.261748474957,27.2733481795457,16,2,8.72677956802014,0.367096397777712,0.55061828,282,16.6,1686,55,121,249.666666666667,215.666666666667,2.08205831089884,-0.756027368824059,-0.472146015321346,0.620032294021005,0.424422245129236,0.8436344202302,0.201803429284875,0.281780136621687,0.445910813896971,0.392974013625652,0.142520628079842,1.48189559195462,2.73518178298705,3.06340828430621,0.462304212713332,0.0622380352461797,20.4684863266127,2.23586620407501,17.6515400111653,29.2307692307692,0.6
710,240,"Plot_710",2014,"Conifer-Broadleaf Mixed Forest",80415,"Changsha",113.284575193964,28.3554394864562,30,2,48.1214337111603,0.410366421934418,0.606397849,109,17.2,1438,59,131.666666666667,310.666666666667,192.666666666667,2.54442848288559,-1.41805136186436,0.46056626907675,0.476411269573454,0.267798192804567,1.17020192894936,0.616556823478214,0.202875353282149,0.881701659011314,0.47766463699241,0.839661725883465,1.50230737696776,2.30441114123744,3.58839520805404,0.484818181818182,0.107937392925635,18.2868552358476,2.2347969904091,19.8013567458737,34.4545454545455,0.581818181818182
711,241,"Plot_711",2014,"Conifer-Broadleaf Mixed Forest",40118,"Zhuzhou",113.313873427517,27.8138057791302,20,2,17.7109065793605,0.451296496895334,0.593279569892473,104,17.5,1541,56.6666666666667,125,268.333333333333,178.666666666667,2.92003883973381,-2.60684622380368,1.31802365815868,0.0796588460143266,0.475616587353705,0.644877870638172,1.38502664992449,0.942438204416238,1.2262857995498,0.306091509463544,0.536802084248783,1.19055884041722,1.77529828109201,3.84330637007078,0.480710071298756,0.156830184956093,15.7063130466208,1.80760954888871,26.7182387052804,35.9782608695652,0.739130434782609
712,242,"Plot_712",2014,"Conifer-Broadleaf Mixed Forest",40118,"Chenzhou",113.314705277435,25.9010515704582,27,2,34.6779722176274,0.591930448995327,0.428548387096774,444,17,1544,52,120.666666666667,281.666666666667,234,2.24935086448427,-0.705168367178444,-0.775991124535328,0.687539997217998,0.35983022442665,0.806887114753863,0.238112870856566,0.417324881078596,0.565891623958829,0.432775837570797,0.125046347656235,1.54322639581407,2.72150633671423,2.75692683622971,0.433885204259132,0.0688618162426174,20.3691886166357,2.21744247666777,16.3427702299468,29.1803278688525,0.508196721311475
713,243,"Plot_713",2014,"Conifer-Broadleaf Mixed Forest",40118,"Changsha",113.315002392423,27.8860604672007,12,2,10.9234800506929,0.360255404232643,0.590430107526882,117,17.5,1528,57,129.333333333333,252.333333333333,201.666666666667,2.25405405214478,-0.609809855744295,0.275894054051055,0.394804281197374,0.52071647088184,1.16687538683742,0.329820482477864,0.337978345344414,0.700698504463658,0.357287056944088,0.269916091989054,1.50565852748497,2.74741990186437,3.35699637779682,0.512324613202194,0.0778567570723616,19.1438179349781,1.93671176137142,15.4278060736416,27.6470588235294,0.42156862745098
714,244,"Plot_714",2014,"Conifer-Broadleaf Mixed Forest",80415,"Changsha",113.324683153907,28.3188838390084,9,1,15.0938411256953,0.34714938792562,0.623360215,94,17.4,1440,64.3333333333333,130,293.333333333333,144.333333333333,2.32549002910181,-0.960194820503827,0.983031840100209,0.355439163273358,0.0193768019557529,1.11242045954872,0.505630139429858,0.0048430243552,0.910081196521239,0.490820581411227,0.838978030544332,1.41950346299952,2.25869174797846,3.73272371990179,0.525522388059702,0.10797123587925,17.6449267951838,1.99150109296486,16.7595842639978,32.1641791044776,0.358208955223881
715,245,"Plot_715",2014,"Conifer-Broadleaf Mixed Forest",80415,"Changsha",113.32601325273,28.3901830331296,6,1,32.506496476261,0.370539313754632,0.595591397849462,141,17.1,1453,58.6666666666667,126.333333333333,268,219,0.732922225716254,-1.39298287358574,-1.13025658887779,0.158284362047148,0.208955818899306,0.354737843995797,0.114289652649279,0.112767821382263,0.211616001276401,0.0996480556807462,0.0662580932187752,0.479743255227387,3.12967554876731,2.89910586289869,0.424420332767093,0.0620289544148422,21.1356146648593,2.3708163206714,21.3804290337383,29.811320754717,0.915094339622642
716,246,"Plot_716",2014,"Conifer-Broadleaf Mixed Forest",40118,"Chenzhou",113.358822924971,26.0804697751949,12,2,13.7630466786787,0.420387581434718,0.420215054,511,16.6,1572,60.6666666666667,119.666666666667,293,157,2.12394837632943,-0.432979839757139,-0.823657110158192,0.864253241334737,0.439366978665497,0.593637541602412,0.190556113375663,0.20446899146154,0.498022730882687,0.474802942963758,0.0644036451985243,1.49097369793803,2.27965732039551,2.55096322518262,0.392802547770701,0.0703401736175479,21.9275553707566,2.03614988879552,12.3633470732027,29.6178343949045,0.407643312101911
717,247,"Plot_717",2014,"Conifer-Broadleaf Mixed Forest",40118,"Changsha",113.364248110281,28.2820381613187,26,2,18.0304832253353,0.35674813449248,0.632553763,77,17.4,1448,65,134.666666666667,313.666666666667,159.666666666667,1.82503148778477,-2.12774833410913,0.395365578612422,0.297406064814854,0.0627687813873455,0.822274527783957,0.444799874488475,0.0843588337144174,0.662063941696273,0.38553494040318,0.673535565633355,1.09607662126821,1.97738844275459,3.68864420475231,0.449764343662768,0.12802856665499,17.8987737836811,2.54806145645706,23.9270101724733,40.1318681318681,0.769230769230769
718,248,"Plot_718",2014,"Conifer-Broadleaf Mixed Forest",80415,"Yueyang",113.38960199871,29.3634931680573,15,2,18.0179188996869,0.348697263098925,0.632822581,127,16.7,1364,59,127,260.333333333333,220,2.37280347785475,-1.1000360003969,-0.115731142326466,0.549135614704538,0.638541661220083,1.01896859422856,0.472196911894768,0.413699532697617,0.684473845314287,0.367632403840002,0.375938739043733,1.44558854592263,2.70123445091026,3.3541177808132,0.471345957179829,0.0791683560121489,20.0268148527343,2.15502937251901,20.1912072094813,30.6910569105691,0.626016260162602
719,249,"Plot_719",2014,"Conifer-Broadleaf Mixed Forest",40118,"Zhuzhou",113.394585968491,27.8122307222208,23,2,33.181566981179,0.437822055901434,0.606612903,79,17.6,1539,58.3333333333333,129.333333333333,286.333333333333,157,2.65271223014603,-1.61543652603864,1.65213585025629,0.416795855301393,0.18820888841887,0.487125991693346,1.6619341536069,0.746299355215115,0.581700717440152,0.497048126577416,0.226375877992831,1.50909139424977,2.28175261137345,3.63969270237155,0.556647410183052,0.146060743757007,15.0716928329736,1.36044976076786,17.4157116588092,27.2834645669291,0.425196850393701
720,250,"Plot_720",2014,"Conifer-Broadleaf Mixed Forest",40118,"Changsha",113.409497995087,28.4612950423858,24,2,26.0752898727709,0.377159433816261,0.589354838709677,257,16.6,1489,58.6666666666667,125.333333333333,299.333333333333,218.333333333333,1.64574800360781,-1.20556111504709,-0.728765132317447,0.328227891882,0.408016502014374,0.815050998810153,0.292706657111056,0.279599071459625,0.481251250520548,0.246443173324714,0.180428280932045,1.06353684657431,3.00708446483786,3.02658848098816,0.448928416089537,0.0685753094512191,20.4143797468369,2.27753451366552,19.7206549892369,29.4711538461538,0.778846153846154
721,251,"Plot_721",2014,"Conifer-Broadleaf Mixed Forest",40118,"Yueyang",113.415798103897,28.7498697895172,14,2,8.81061403812457,0.179412036540535,0.59241935483871,154,17,1429,57.6666666666667,125.666666666667,294.666666666667,241,2.23452454194342,-0.907747025533048,-0.225025634594298,0.454136827416076,0.517504478544504,1.10768079866317,0.36338254495077,0.341214051815265,0.658302000728632,0.357965689748894,0.25636223671011,1.48189559195462,2.83371249936057,3.18866879221257,0.478674737211342,0.0731601204016931,19.7872883588539,2.12243886074193,17.5512607589631,28.8636363636364,0.6
722,252,"Plot_722",2014,"Conifer-Broadleaf Mixed Forest",40118,"Chenzhou",113.431418698453,25.7186976884311,8,1,14.2644794646139,0.534097442349023,0.466720430107527,386,18.4,1489,58,126,299.333333333333,220.333333333333,1.60905154860181,-1.04033936434457,-0.81207041660422,0.454836355340476,0.266973490424609,0.707445596374899,0.166333861411806,0.217331251170798,0.359555708313669,0.300563368339912,0.112503694873393,1.17070177474151,2.92975718741063,2.93560084067171,0.44317040683416,0.0624112381243552,20.693682505463,2.292207413135,18.6988300049677,29.2796610169492,0.745762711864407
723,253,"Plot_723",2014,"Conifer-Broadleaf Mixed Forest",80415,"Yueyang",113.436534040658,29.6149478939395,14,2,27.6264761012238,0.42064183621293,0.63489247311828,66,16.9,1320,59,125.666666666667,295.333333333333,203,2.59109939031402,-1.09980970250436,0.168198205400335,0.542500381914637,0.517521978859066,1.02538533532537,0.785160720603808,0.514630171561735,0.804719950693588,0.397343989764224,0.202140607515071,1.50986175994816,2.66992541884539,3.22665699509368,0.492644286230712,0.0902978825983826,18.6300664732419,1.94324355197067,17.4888764409071,28.3431952662722,0.57396449704142
724,254,"Plot_724",2014,"Conifer-Broadleaf Mixed Forest",40118,"Zhuzhou",113.454960565051,26.8732528399788,9,1,2.44581589854011,0.104983495754859,0.570537634408602,239,17.3,1579,56,123.333333333333,328,177,2.14751513858095,-0.898232423725245,-0.299744262722416,0.358391846256336,0.512144034852859,1.14344074329523,0.290025460093269,0.339049941390604,0.65539849165513,0.331053623799824,0.215593316047772,1.45908687754699,2.94310534935899,3.16116879088651,0.478936170212766,0.0704029838018412,19.9609305188467,2.08939135205214,17.5884109731542,28.0851063829787,0.617021276595745
725,255,"Plot_725",2014,"Conifer-Broadleaf Mixed Forest",40118,"Zhuzhou",113.461444170373,27.1617671094784,25,2,12.1663878491884,0.459401047645574,0.577365591397849,126,17.9,1574,56,129,293,165.333333333333,2.49763727166189,-1.21442811285941,0.870936814415564,0.381750981896378,0.0208111934107032,1.19476874411766,0.543060028687107,0.00520153515419964,0.977451069763576,0.527154175029907,0.90108440499414,1.52458394234014,2.19743372571538,3.72954541104412,0.51,0.112582760939793,17.6497201605338,2.105443664321,18.2908884363969,33.8888888888889,0.444444444444444
726,256,"Plot_726",2014,"Conifer-Broadleaf Mixed Forest",40118,"Zhuzhou",113.467903396961,27.4503243065142,7,1,10.4238992357386,0.334407118194407,0.592822581,130,17.5,1595,56.6666666666667,126,325.666666666667,201.666666666667,2.13907811392436,-0.972539845976157,-0.732637050001007,0.609270599914842,0.956807774264514,0.53623664684422,0.0657262486168085,0.386590480611948,0.513982612260284,0.381791275898456,0.209283707034816,1.39085564214589,2.81803208769584,3.24873794475049,0.440347593663066,0.061249967431119,21.9337593300041,2.43185630562965,24.7913012457695,30.814606741573,0.657303370786517
727,257,"Plot_727",2014,"Conifer-Broadleaf Mixed Forest",40118,"Chenzhou",113.468159033565,25.6096084069443,47,3,40.1408691137206,0.467415122878122,0.383360215,829,16.3,1593,53,116.333333333333,231.333333333333,263.333333333333,1.84508905043336,-0.277831400035758,0.66010341569955,0.290984993129455,0.489027705874288,0.894084011609942,0.236568638307746,0.24403394109156,0.758556466807347,0.259224661713574,0.208228190376393,1.09607662126821,2.67352801537028,3.45438461558685,0.543437102929225,0.0825996578891729,18.3268682460102,1.87266008155019,13.2894867950543,26.4835164835165,0.230769230769231
728,258,"Plot_728",2014,"Conifer-Broadleaf Mixed Forest",40118,"Chenzhou",113.524108518828,26.36678599179,31,3,37.615840717816,0.532934977428647,0.341801075268817,727,15.2,1670,50,118,242,262.333333333333,1.77325274182195,-0.968699411944714,-0.947767367928539,0.627521392683922,0.258864785167419,0.499712996548435,0.187471961761126,0.151941545448925,0.460685276915049,0.385562033094192,0.0831671948465763,1.30728029536009,2.79551961130833,2.77938090143646,0.418239931497274,0.0651389618925516,21.2903046841695,2.22580538563978,17.4411094671797,29.4927536231884,0.695652173913043
729,259,"Plot_729",2014,"Conifer-Broadleaf Mixed Forest",40118,"Changsha",113.52442694454,28.1342449660505,23,2,13.0527522163924,0.390003804962856,0.584973118,118,17.2,1516,60,127.666666666667,279,194.333333333333,2.34383001037016,-0.880172328548799,0.779746413603767,0.350447796632935,0.213600785270005,1.14235337502527,0.47034622556099,0.142460501355938,0.852277127953549,0.453060264877194,0.691085438750082,1.45769934191555,2.39988627253381,3.62950293492498,0.52123595505618,0.0998832027512968,18.0653749619982,1.97851931713797,16.4964822981808,30.9550561797753,0.382022471910112
730,260,"Plot_730",2014,"Conifer-Broadleaf Mixed Forest",40118,"Zhuzhou",113.535634029173,26.8718367501927,5,1,1.94773457364767,0.260257091444042,0.541451612903226,267,17.2,1579,58.3333333333333,123,286,214.333333333333,1.26139712677028,-1.23682100860341,-1.23626239868689,0.277488053561762,0.183365838134355,0.330634602124536,0.196437497671319,0.255606697348431,0.482030809536442,0.187951173885459,0.149242104577154,0.857578467566329,3.04883156664404,2.77755126886683,0.424759212218649,0.0639005788040522,20.6004659573578,2.59656274246894,20.5820473089518,30.2777777777778,0.833333333333333
731,261,"Plot_731",2014,"Conifer-Broadleaf Mixed Forest",40118,"Yueyang",113.535686648306,28.6395760565756,21,2,37.6404246916776,0.412365799885386,0.593575269,178,16.8,1478,60.3333333333333,128,298.666666666667,199,2.27220002338399,-0.665642258279697,0.153238955915932,0.383559113272027,0.536394284374851,1.20317777434774,0.315234556522111,0.35528148958067,0.69682623052629,0.352800529131187,0.243455869835389,1.53531428034282,2.82007165183514,3.31716604185418,0.506610169491525,0.0759323474916574,19.3367366995552,1.95153649903046,15.8659406251739,27.4858757062147,0.463276836158192
732,262,"Plot_732",2014,"Conifer-Broadleaf Mixed Forest",40118,"Yueyang",113.539668517792,28.78369575596,16,2,19.3925055883886,0.372647126429575,0.615591397849462,153,17,1448,59.3333333333333,124.666666666667,275,238.666666666667,1.20251445129945,-0.0980424066793233,1.07353056327986,0.222271021937123,0.274275367889436,0.627241014208498,0.218871478749207,0.137330045419459,0.476592144488778,0.179124722057109,0.241733220185928,0.650429007353397,2.45749153241886,3.60085816004901,0.560645749855718,0.0851906580734219,18.060458589768,1.71832543607723,11.7805582295652,26.6666666666667,0.11965811965812
733,263,"Plot_733",2014,"Conifer-Broadleaf Mixed Forest",40118,"Zhuzhou",113.54366682567,27.2319495583021,15,2,6.54379308461634,0.498524910111048,0.570430108,169,17.6,1584,55,128,319,174,2.57806105693143,-0.249163234357261,0.271956890226673,0.638288090852527,0.998948969633914,0.697476444302417,0.210479140372292,0.761685655558263,0.564395907273067,0.619347250830252,0.497193144312427,1.34358533670552,2.49462173725121,3.78661433282656,0.491079898392283,0.0632277642887988,23.8196532464022,1.97454853861991,23.7798729088669,28.64,0.32
734,264,"Plot_734",2014,"Conifer-Broadleaf Mixed Forest",80415,"Yueyang",113.550228668565,29.216198115311,18,2,23.2881869177191,0.335320940942808,0.633494623655914,100,16.8,1403,59.3333333333333,125,253,225.666666666667,2.58100682003836,-2.01871432239459,0.615083945126866,0.438730815950345,0.260769614207973,0.943630074597945,0.886741378510687,0.343210263176197,0.986111514351008,0.419510333714111,0.752358709083342,1.28191660203686,2.06991344785017,3.66379368216658,0.469018129584095,0.128356796432939,17.639011065525,2.22987496190347,23.6571807237306,36.6993464052288,0.705882352941177
735,265,"Plot_735",2014,"Conifer-Broadleaf Mixed Forest",40118,"Zhuzhou",113.558552260127,27.8816902931126,22,2,19.2630871198069,0.351268900722897,0.446747311827957,531,16,1653,52,115,257,262,1.74825129007741,-1.11215796148514,-0.761385626819401,0.291742313987959,0.360439027953208,0.837764144499423,0.240005389794728,0.357673088068001,0.462455625766813,0.251972278190577,0.147677416386109,1.24817866021568,3.05425852975911,2.96998887549234,0.451159704581994,0.0670933501814744,20.1589540477498,2.2432865155819,19.5936392674903,28.984375,0.71875
736,266,"Plot_736",2014,"Conifer-Broadleaf Mixed Forest",40118,"Zhuzhou",113.558915540473,27.8072889122337,18,2,13.54864600287,0.31576374713971,0.514731183,450,15.9,1662,51.3333333333333,116.333333333333,254.666666666667,276.333333333333,2.14490535108946,-0.947713184091557,-0.313463487569122,0.377611711712231,0.513071805373058,1.12529542986265,0.316549969728415,0.340065997107398,0.653225297733062,0.330895675093025,0.231172538472859,1.43593256117888,2.92704486824303,3.16408770057216,0.47622641509434,0.0715257705221721,19.9475412960186,2.11079100423287,17.8790150408517,28.4433962264151,0.632075471698113
737,267,"Plot_737",2014,"Conifer-Broadleaf Mixed Forest",40118,"Changsha",113.568839701661,28.3142790170307,13,2,13.2091990895275,0.434407705607496,0.570591398,276,16.4,1550,58,125.666666666667,306,249.666666666667,2.32966799000182,-0.190767718858042,0.17507990585997,0.367032709105008,0.724376031641451,0.9067349794863,0.292297731530088,0.268003303148721,1.19190439460516,0.258444410040194,0.226137528561029,1.09607662126821,2.72807168392875,3.1827321629314,0.527358909225822,0.0786477732721324,18.1102808809318,2.25701782134361,13.4145144284894,26.6666666666667,0.230769230769231
738,268,"Plot_738",2014,"Conifer-Broadleaf Mixed Forest",40118,"Yueyang",113.582920861359,28.891265165319,24,2,12.3777624291371,0.363962663317762,0.60077957,264,15.8,1518,57,120.666666666667,268.333333333333,248,2.15847009864161,-1.74925294068702,-0.211881031397296,0.627973785676747,0.521721294571487,0.746049856092059,0.73945006990253,0.334777757966919,0.558432971152094,0.300999514910888,0.750093658122308,1.00294891167274,2.47601541703974,3.34750208032378,0.444868474965549,0.100340720706582,19.0061793936743,2.47361125251841,22.3145081642199,35.4081632653061,0.795918367346939
739,269,"Plot_739",2014,"Conifer-Broadleaf Mixed Forest",40118,"Yueyang",113.584910375941,28.9631856737565,12,2,25.1917993611693,0.304010297276588,0.579139784946237,270,16.1,1490,59.3333333333333,130,268,223.333333333333,2.27813230956771,-0.672134944491584,0.165684852879536,0.386527913220658,0.53455741387054,1.20279286576608,0.320150304441212,0.354157500980407,0.700534893125366,0.355122664793143,0.252457696322778,1.5348231179771,2.81068423851751,3.32377260499122,0.506802325581395,0.0764759737524001,19.3097827128786,1.95297804073152,15.8910015644349,27.5726744186046,0.462209302325581
740,270,"Plot_740",2014,"Conifer-Broadleaf Mixed Forest",40118,"Zhuzhou",113.605782323489,26.4374544623634,16,2,17.2139407109592,0.525061857443056,0.44258064516129,875,14.7,1707,49,118.333333333333,217.333333333333,277.666666666667,2.46962516398904,-0.0522312640630281,-0.762242703024309,0.37006055333196,0.686418066869818,0.751501912211505,0.188586485552922,0.413372972110072,1.45829834546637,0.250536267696557,0.192690570076226,1.13398805628605,2.87360329778121,2.65299963415052,0.490252396959953,0.0712377810734455,18.1239503468764,2.85226510351855,13.4553169429459,26.5151515151515,0.242424242424242
741,271,"Plot_741",2014,"Conifer-Broadleaf Mixed Forest",40118,"Zhuzhou",113.609189256435,26.5820335040091,22,2,4.95641227304787,0.186866532958478,0.55688172,206,18.2,1493,57.6666666666667,127.333333333333,348.333333333333,199.333333333333,2.12225166007805,-2.21044503566587,-0.424895109592882,0.551080231998195,0.374796960771194,0.628803896125595,1.48840361594373,0.811255407129887,0.879472360151916,0.132073060068141,2.48167499622094e-16,1.41063631364138e-15,2.87887306840144,3.01253459957048,0.440588235294118,0.10629847646304,18.6116267158613,2.06005890407353,23.4874289823781,30,1
742,272,"Plot_742",2014,"Conifer-Broadleaf Mixed Forest",40118,"Zhuzhou",113.622576303507,27.1590536305848,25,2,15.1863431790937,0.348607247368087,0.400860215053763,468,16.6,1643,51,116,267.333333333333,262.333333333333,2.28870345338307,-0.432746342293172,-0.773463333581707,0.879102735035333,0.611589086381457,0.575201386666784,0.176178251595433,0.247770197448743,0.575744933753076,0.588145956122743,0.0827526494382373,1.47791300532973,2.26617546586601,2.71415440280684,0.396483209309447,0.0679956129969766,22.3593910170481,2.10510023599477,15.2137071190109,30.2380952380952,0.396825396825397
743,273,"Plot_743",2014,"Conifer-Broadleaf Mixed Forest",40118,"Changsha",113.650462921096,28.3126092669294,13,2,23.3943432795888,0.342145872675811,0.512096774193548,499,15.4,1627,50,116,278.666666666667,296.666666666667,2.09235048259203,-0.869653784848758,-0.733845516612586,0.267369094299293,0.445034528368996,0.92588420014413,0.21563935379733,0.380093288178441,0.636042167716616,0.312205707786598,0.210856246847313,1.42702746292724,3.0254963454044,2.93428484759206,0.464033103740057,0.0671997494906034,19.8374498381591,2.40361867370547,17.9772000013644,28.187134502924,0.637426900584795
744,274,"Plot_744",2014,"Conifer-Broadleaf Mixed Forest",40118,"Yueyang",113.736151541861,28.4548342453878,17,2,26.148491659612,0.512765271935626,0.385053763,1025,12.8,1777,54.6666666666667,119,247.333333333333,311.333333333333,2.34785485172952,-1.62311049745789,-0.187321187129712,0.436974005478609,0.76130459864322,0.47701304009118,0.696880114057949,0.399761610983024,0.741418636211824,0.552841908566888,0.736498580000312,1.40323950611307,1.97900365043503,3.18843460413711,0.416257477670597,0.112639773889933,19.0321782901138,2.55809916370557,20.3460393971018,37.9365079365079,0.650793650793651
745,275,"Plot_745",2014,"Conifer-Broadleaf Mixed Forest",40118,"Zhuzhou",113.741678225168,27.1914518580222,28,2,23.8200113942405,0.420457339429372,0.4425,416,15.7,1691,50,114.666666666667,260,256.333333333333,2.42688665173763,-0.483150822952825,-0.507409887017372,0.757359566282503,0.538904432596946,0.988745696564853,0.230357093019675,0.505122207980809,0.579570404240313,0.501184595669761,0.14421730222365,1.40775010949277,2.51637064614727,2.82052739001662,0.437783836260203,0.0727891654719789,20.4108412410172,2.06698772485752,15.3161546503012,29.2307692307692,0.351648351648352
746,276,"Plot_746",2014,"Conifer-Broadleaf Mixed Forest",40118,"Chenzhou",113.744162231914,25.4244176907609,5,1,4.14018600580189,0.218553567200347,0.385,903,16.3,1647,52,110.333333333333,231,330.666666666667,1.38507657021867,-1.12338954205903,-0.932822583410265,0.365431397856236,0.223938362270258,0.586571977095819,0.132738340765878,0.137687212875899,0.386781601977582,0.245914765612242,0.0867329432376093,1.03421866799307,2.99669847201035,2.90302545221776,0.4354089594308,0.0614957029732917,21.0400056225755,2.27993525493488,19.4527934121776,29.468085106383,0.787234042553192
747,277,"Plot_747",2014,"Conifer-Broadleaf Mixed Forest",40118,"Zhuzhou",113.7626816512,26.290342681212,30,2,52.3039281914848,0.411614502923018,0.401370968,897,14.6,1709,50,114.666666666667,213,327.333333333333,1.29726023164447,-1.21175019351501,-1.30401820845605,0.149175178534503,0.234562924864155,0.381784361303169,0.16051843378981,0.308719692499084,0.58680095922835,0.185110627409809,0.146348060531523,0.877040248299671,3.12352963996807,2.73970931973589,0.427140433853927,0.0638969189629582,20.3834138428049,2.66008913231877,20.4559246844263,29.6785714285714,0.828571428571429
748,278,"Plot_748",2014,"Conifer-Broadleaf Mixed Forest",40118,"Changsha",113.767857789463,28.1299932647151,19,2,28.370698766813,0.349610620783631,0.58239247311828,213,17.1,1557,59.6666666666667,132.333333333333,295.333333333333,207.666666666667,2.0610487855585,-0.944459962567935,-0.760831849948693,0.389955230051844,0.494328738029205,0.80822909956552,0.245734001305703,0.377638479773058,0.547095011578539,0.317966815813654,0.217721853426517,1.38251797829297,2.9479409275311,2.97153136534325,0.455447815483552,0.0673597765309642,20.1299814101743,2.44556345504752,19.2150628101666,29.1923076923077,0.661538461538462
749,279,"Plot_749",2014,"Conifer-Broadleaf Mixed Forest",40118,"Zhuzhou",113.775300235768,26.7954249004842,18,2,11.3008416989129,0.362256697669785,0.45497311827957,653,15.7,1655,51.6666666666667,118.333333333333,254.333333333333,235.666666666667,2.78027887508918,-1.02746437604027,0.211681231214746,0.490876025540708,0.667662297441525,0.945454848561645,0.617817750583206,0.110290642921957,1.16637903400267,0.50585794336869,0.888613621865709,1.50348408132752,2.34060446698568,3.348854505868,0.493867319780106,0.106470896671488,17.2792374319786,2.6153325897926,18.1230473294787,33.3870967741936,0.419354838709677
750,280,"Plot_750",2014,"Conifer-Broadleaf Mixed Forest",40118,"Zhuzhou",113.801928643113,26.25474923288,28,2,13.3068294723771,0.457412182009902,0.395725806451613,1017,15.5,1655,53,123.666666666667,258,234.333333333333,1.39306967597377,-1.21144415512962,-0.960332451512314,0.189431539266308,0.272689055993328,0.666190191904791,0.183475275277174,0.296438777803843,0.351865729656051,0.191114835726615,0.124635623031468,1.00294891167274,3.11562681233024,2.91123862403931,0.441136037141545,0.0645792789261921,20.4280780817815,2.34030174369459,20.2885588960493,29.1836734693878,0.795918367346939
751,281,"Plot_751",2014,"Conifer-Broadleaf Mixed Forest",40118,"Changsha",113.807927910991,28.0930453169509,25,2,15.146343083233,0.366985230157022,0.551774193548387,293,16.5,1606,54.6666666666667,123.333333333333,252.666666666667,226.333333333333,2.27775174152519,-0.669885888755021,-0.0979509401864308,0.484899779271962,0.541798346975529,1.07767989765074,0.307728964044642,0.343926967649994,0.65342695958595,0.38304848223965,0.222400610761712,1.54316612889498,2.77207971951694,3.21330941886614,0.488795291927568,0.0694302049352307,19.8481412544568,2.06681198936242,16.5322717356017,28.1578947368421,0.508771929824561
752,282,"Plot_752",2014,"Conifer-Broadleaf Mixed Forest",40118,"Changsha",113.811513332115,28.2372117318238,22,2,35.4927268275805,0.423657350476159,0.589731183,407,16.1,1611,55.6666666666667,124,318.333333333333,216.333333333333,1.77610985411674,-1.15942016454131,-1.21904497085912,0.291337774994067,0.342679388379128,0.471453471134647,0.31671333323993,0.408191366006492,0.75423805440058,0.246854831380682,0.269723696901977,1.11788355948132,3.02261933133239,2.75020181591096,0.432997541002568,0.0698913297577557,19.7835419018759,2.78303043839998,20.164909462234,30.3237410071942,0.762589928057554
753,283,"Plot_753",2014,"Conifer-Broadleaf Mixed Forest",40118,"Zhuzhou",113.814303138186,26.758381802503,22,2,24.4500874033874,0.430661614976534,0.346908602,728,15.6,1656,52,117,239,264,2.36936889753257,-0.405024211434347,-1.10101608189445,0.876980893041783,0.384174670940516,0.592636955734828,0.193496370453912,0.456587238976098,0.800108355747119,0.459722212734591,0.142785044829527,1.46143549502428,2.49032642142496,2.4348154319696,0.405726433694922,0.0705577554524627,20.6371478010948,2.45258667692197,13.7309316161568,29.4505494505494,0.384615384615385
754,284,"Plot_754",2014,"Conifer-Broadleaf Mixed Forest",40118,"Chenzhou",113.822852629712,25.4228719741575,26,2,55.4245313026624,0.505917983800214,0.414569892,503,18.2,1571,53,121.666666666667,266,211.666666666667,2.57691065861398,-0.335020729266745,-0.035016341078474,0.437579911280325,0.896285329318952,0.767293480211268,0.408961446626554,0.178975380365343,1.42746111194259,0.363430506382869,0.573021981809512,0.971091623988952,2.61917445146942,3.06535604609149,0.516996541595145,0.0914269413918491,16.8383171992283,2.70254659945312,14.9758545736593,29.1353383458647,0.195488721804511
755,285,"Plot_755",2014,"Conifer-Broadleaf Mixed Forest",40118,"Changsha",113.853057662668,28.2724635534821,5,1,11.8555779017505,0.295291056595084,0.614731182795699,178,17.1,1549,57.6666666666667,128.333333333333,283.666666666667,182,1.6954283390311,-0.995444310717437,-1.23076504967268,0.13464798177286,0.303591210543052,0.585714351178808,0.129869731589148,0.375288286777735,0.747810077554898,0.253729103253652,0.183821218618805,1.20747048233339,3.12475381260753,2.71968337566248,0.439711054662379,0.063324240105494,20.0467260478395,2.68097218625006,19.2348661638494,28.7777777777778,0.733333333333333
756,286,"Plot_756",2014,"Conifer-Broadleaf Mixed Forest",40118,"Chenzhou",113.866299866482,25.6028721961764,26,2,38.2640003262885,0.590631876846986,0.445564516,553,17.2,1600,53,121.333333333333,269,199.666666666667,2.37895694499785,-0.322175370815677,-0.232739169389063,0.640137872045256,0.550733771190867,1.13951650990795,0.274765761384378,0.440647454427787,0.637381790339975,0.394935898946175,0.196012257043403,1.32656669201667,2.4868883514609,2.91904439531712,0.463747172829582,0.0719283183386723,19.9991577169551,2.03824710017937,13.3777501758645,28.4375,0.3125
757,287,"Plot_757",2014,"Conifer-Broadleaf Mixed Forest",40118,"Chenzhou",113.870087015728,25.8188110713188,12,2,12.1959110796638,0.365938342519106,0.309838709677419,1077,14.2,1754,53,117.333333333333,212,242.666666666667,2.43962426378841,-1.22773221991325,-0.217048437626958,0.59485638961003,0.487247700534373,0.599545219274175,0.833328043207338,0.318148788514034,0.655729318401316,0.512665699473295,0.646749499094919,1.4706903322801,2.07242485757162,3.19517304384396,0.446639992310918,0.0905122255009353,17.779163480399,2.81977907429848,18.1303733865006,36.9565217391304,0.608695652173913
758,288,"Plot_758",2014,"Conifer-Broadleaf Mixed Forest",40118,"Changsha",113.890770134143,28.1632245471029,20,2,45.4888879672707,0.721079447969243,0.522096774193548,655,14.7,1712,54,114,303.666666666667,307.666666666667,2.27449443467306,-0.653325781995516,-0.00578059299308499,0.417914186847256,0.52540947046535,1.14906329644077,0.321200869259011,0.367024636821646,0.673731204052127,0.362695679489342,0.227297761674993,1.54304776171104,2.81827040814399,3.24120977364272,0.497198246012231,0.0728036203967445,19.7333639036196,2.0168317933596,15.8969700177613,27.6470588235294,0.490196078431373
759,289,"Plot_759",2014,"Conifer-Broadleaf Mixed Forest",40118,"Yueyang",113.90457331129,28.6679878235647,13,2,6.074041806963,0.229681346168078,0.673951612903226,206,16.7,1527,59.6666666666667,130,274,180.666666666667,1.6796856586016,-1.18505832142477,-0.917238786473339,0.182263435544923,0.256046663096798,0.719454301083374,0.246323333916898,0.479240354041019,0.314535480369404,0.167113836423965,0.104250286294552,1.26997631235723,3.14958438377351,2.89500193027767,0.447666622101878,0.0674035170944399,19.6311317081401,2.31607307985799,20.962304834008,29.3421052631579,0.710526315789474
760,290,"Plot_760",2014,"Conifer-Broadleaf Mixed Forest",40118,"Zhuzhou",113.925405557176,26.4317624168375,30,2,40.4613556218915,0.435641365197973,0.26844086,1117,13.1,1817,50,111.333333333333,217.666666666667,294.333333333333,2.15801121993802,-0.862431455292396,-0.910970732587944,0.831044322151052,0.395909468104875,0.470690731640636,0.287773905116876,0.285116358429685,0.525743857269345,0.482016839473717,0.159179166584708,1.50820411486045,2.54658831296736,2.68635361492717,0.404169458248076,0.0724631037641902,21.1158807562009,2.22339253310799,16.3295150417606,30.6060606060606,0.575757575757576
761,291,"Plot_761",2014,"Conifer-Broadleaf Mixed Forest",40118,"Changsha",113.932434060495,28.1986213801967,31,3,29.991278457432,0.417853549045704,0.534381720430108,507,15.4,1667,53.6666666666667,117.666666666667,288.666666666667,311,1.90358424233659,-1.01580330321385,-0.874081433966944,0.385063968683921,0.285184204998559,0.718111077120787,0.261915560228858,0.423845062539809,0.337004962626543,0.281594504959483,0.146959401850006,1.37212554810613,2.9983501143248,2.87528065552697,0.450069739055157,0.0668736690631662,19.6661933054934,2.43363067751051,19.4955808097965,29.4871794871795,0.666666666666667
762,292,"Plot_762",2014,"Conifer-Broadleaf Mixed Forest",40118,"Zhuzhou",113.960486980469,26.2486984076446,24,2,18.9193392663529,0.437315812704188,0.208494623655914,1275,11.9,1894,49,104,212.333333333333,382,2.17283470247113,-1.02059407343615,-0.790163861786035,0.584407966134747,0.468022156214425,0.733418355801249,0.379461431968256,0.385832002619688,0.584057914097863,0.376662271816346,0.276633448055201,1.39496711489981,2.77777083644504,2.88226987820996,0.437781579997782,0.0744327707652165,20.1036564641546,2.44260052730963,18.2332329567488,30.3448275862069,0.655172413793103
763,293,"Plot_763",2014,"Conifer-Broadleaf Mixed Forest",40118,"Changsha",113.970722746917,28.0903535730096,10,1,10.2352447221293,0.208510220360251,0.555806451612903,291,16.5,1616,56.6666666666667,128,261.666666666667,211.666666666667,1.83884414466046,-1.06141855891518,-0.586757249033873,0.306878743782915,0.438531511509745,0.979089403283092,0.248338933455608,0.290316928748432,0.561195428683077,0.283469954067561,0.18460522103902,1.24936644828548,3.01368598753737,3.06517660456144,0.460704225352113,0.0673804058430449,20.3443880922073,2.18315642138459,18.7686414179056,28.5915492957746,0.71830985915493
764,294,"Plot_764",2014,"Conifer-Broadleaf Mixed Forest",40118,"Changsha",113.973753866121,28.2338220200361,38,3,78.0978180175653,0.468392106575171,0.566505376,209,16.9,1570,56.6666666666667,125.666666666667,295.666666666667,195.666666666667,2.29739859481273,-0.735208026442624,-0.813847269338565,0.757063536227576,0.354266589931554,0.598160043678316,0.421246481363199,0.353636177827952,0.715189504508361,0.423628182940077,0.347054478766485,1.52756834239387,2.61383275766259,2.80791072347936,0.450381583437233,0.0697404870182482,19.2060441951538,2.76467708495189,17.3495654725778,31.0204081632653,0.551020408163265
765,295,"Plot_765",2014,"Conifer-Broadleaf Mixed Forest",40118,"Changsha",113.97614383771,28.3058652519951,15,2,53.5338476414777,0.414863558533807,0.592284946,265,16.4,1595,56,125,261,212,1.1837583023236,-1.64586401294269,-1.03563583608208,0.46481118689131,0.349372256062907,0.208713117705144,0.513287432742197,0.295990815056649,0.272510618834318,0.122940128889996,0.408669507819075,0.390233924913837,2.94158487688219,2.96254310315523,0.418328613275928,0.0752656637119461,20.3753370035783,2.52774368322185,22.6239379634815,32.4152542372881,0.932203389830508
766,296,"Plot_766",2014,"Conifer-Broadleaf Mixed Forest",40118,"Chenzhou",113.981737237603,25.5626283829132,20,2,29.5768645606907,0.530516327996706,0.445510752688172,645,17.2,1622,51,121,292.333333333333,195.666666666667,2.49959871974599,-0.377780251672195,-0.763952623044545,0.556398249480897,0.556435303939087,0.789369585151134,0.300895195190793,0.470078326235596,1.11202152329567,0.38566453853611,0.292275737603899,1.39847035862976,2.78114940105774,2.71317693615344,0.471364320257235,0.0727125756015015,18.4157063196748,2.73155414347859,15.5322542432226,28.5333333333333,0.346666666666667
767,297,"Plot_767",2014,"Conifer-Broadleaf Mixed Forest",40118,"Changsha",114.020130611396,28.412244490309,21,2,13.0086374267974,0.570023711076325,0.549946237,236,16.2,1598,55.6666666666667,124,294,252,1.48405529691721,-1.04125920724782,-1.2481535407786,0.185688642171923,0.235455049617112,0.495315357697037,0.0864606644674841,0.309398114041231,0.594699347625846,0.242571110422204,0.141710851783934,1.09607662126821,3.09906540236328,2.72515012996976,0.433952937175365,0.0609841809350587,20.349531069944,2.63288028889947,19.4281390181589,29.0384615384615,0.769230769230769
768,298,"Plot_768",2014,"Conifer-Broadleaf Mixed Forest",40118,"Yueyang",114.026183069636,28.6292320956411,35,3,18.7749925722818,0.366188255233323,0.593655914,371,15.6,1616,52.6666666666667,121,256.666666666667,228.666666666667,2.27243850351008,-0.655586337127288,0.040294154983032,0.414470501516658,0.5361131699439,1.16559210223631,0.315544476017617,0.346989066507794,0.688256951496171,0.356616128248721,0.22777411348463,1.5415237639217,2.81446686289084,3.25903133925807,0.499946491604144,0.0728812350677492,19.5092743578885,1.99531385531709,15.8906066104008,27.5925925925926,0.481481481481481
769,299,"Plot_769",2014,"Conifer-Broadleaf Mixed Forest",40118,"Yueyang",114.028507515347,28.701513886633,26,2,27.54768663346,0.351756399210997,0.621532258,483,15.5,1616,55.6666666666667,123,268.333333333333,216.333333333333,1.93587469541943,-1.01952644228017,-0.513077083226107,0.323071858143337,0.461671566206883,1.0307531532092,0.261443069310766,0.30563612345719,0.590808107760124,0.298427853488599,0.194346311017967,1.31529194552185,2.9955669707269,3.0898191139321,0.465384615384615,0.0681563430158993,20.2459492795649,2.15908564345855,18.4656600929899,28.4615384615385,0.692307692307692
770,300,"Plot_770",2014,"Conifer-Broadleaf Mixed Forest",40118,"Changsha",114.0598428064,28.3761681488986,22,2,19.7224409302171,0.389150200576466,0.491290322580645,383,15.6,1642,52.6666666666667,119.666666666667,276,238.666666666667,1.6286417140975,-0.938805924321985,-0.834806557971839,0.591461016778406,0.163936328870608,0.617733356643488,0.100582861025923,0.197467467243727,0.198615179368621,0.335756727830295,0.066541209909037,1.23721309592002,2.83399390828078,2.89739783874352,0.441793123428098,0.0588722923960674,20.6899301687741,2.3551400904324,18.1872159719289,29.6039603960396,0.722772277227723
771,301,"Plot_771",2014,"Conifer-Broadleaf Mixed Forest",40118,"Yueyang",114.066142144972,28.5921351942505,25,2,14.9796047834523,0.548659522075476,0.587741935483871,404,15.8,1611,53.6666666666667,122.333333333333,255.333333333333,231.666666666667,2.17565575012604,-0.549857301884921,-0.209881483793873,0.543750366399485,0.41039700018114,0.927063838356486,0.280421240275885,0.298131584889641,0.589100182466391,0.366303306721703,0.183756520570995,1.54203495520772,2.69366389232406,3.10401933291551,0.481271139923244,0.0644276702318284,20.1672186667157,2.0871181535063,15.7545141039682,28.6021505376344,0.483870967741935
772,302,"Plot_772",2014,"Conifer-Broadleaf Mixed Forest",40118,"Yueyang",114.108297797721,28.6278317958152,9,1,9.2578486437105,0.409354719377277,0.583682795698925,499,15.4,1628,55,123.666666666667,282.333333333333,205,1.88427099230254,-0.335786572370709,0.64848876954052,0.334435684025725,0.482617803921401,0.957732900061617,0.268919567599523,0.365596706368267,0.546985911153319,0.355457901063224,0.225271101248535,1.185787510709,2.6700217901628,3.51203321186587,0.536559649874955,0.0792371934644726,18.9158398543124,1.78746166450877,14.7123044954033,26.8518518518518,0.259259259259259
773,1,"Plot_773",2014,"Conifer Forest",40118,"Huaihua",108.902210369943,27.131486116012,22,2,33.8929655334021,0.45687071879983,0.491451612903226,689,15.9,1161,60.6666666666667,121,302.666666666667,325.666666666667,1.67042137661909,-1.12555162843816,-0.804744222214592,0.686559130105859,0.245165161976434,0.520258715919302,0.330023408510819,0.233281925247089,0.174015082563981,0.329504353984751,0.229972006460539,1.12185084037112,2.73948537518997,2.93518194249564,0.435419140602163,0.0656223516979745,20.5238042558593,2.41486987508911,19.1803244681892,31.1363636363636,0.761363636363636
774,2,"Plot_774",2014,"Conifer Forest",40118,"Huaihua",108.90355404636,27.0593821472051,28,2,16.1836893031535,0.397138319602323,0.482016129032258,655,15.7,1165,62.3333333333333,121.666666666667,279.333333333333,313,1.14770521715416,-1.54881919203426,-0.948002943422181,0.409411578533928,0.354543466765707,0.376765915415285,0.426608129728573,0.238205643460101,0.228831411581572,0.117057685236174,0.314716679747897,0.480771921337321,2.97103030260393,2.99515143626359,0.42531914893617,0.0721503395654549,20.6124166671137,2.41563708675449,21.8386383542063,31.4893617021277,0.914893617021277
775,3,"Plot_775",2014,"Conifer Forest",40118,"Huaihua",109.06120262722,27.278161943823,28,2,43.5094260081758,0.40537865889155,0.500806451612903,770,15.1,1218,57,120,278.666666666667,304.333333333333,1.85509366888975,-1.86052063385547,-0.454964738164186,0.707891091902172,0.519893939206793,0.430707766112504,0.795304989180083,0.343748702856238,0.388736120234476,0.251299483172799,0.69665139050494,0.63800111072816,2.51513762970697,3.26066634189711,0.428145381063146,0.0956844650008771,19.4731190683477,2.52676782486354,23.1182595900989,35.7978723404255,0.882978723404255
776,4,"Plot_776",2014,"Conifer Forest",40118,"Huaihua",109.102027764296,27.2428159728496,36,3,17.3955221053833,0.489211221292313,0.483306452,706,15.3,1213,58,118.666666666667,289.666666666667,355.333333333333,1.3908431359464,-1.13434446856261,-0.895150009022807,0.370141896413707,0.239488490536836,0.638664700001613,0.142227646985037,0.195483764424665,0.307685304618564,0.251941836357934,0.101971829855106,1.00676667435006,2.99602502991235,2.92908534121507,0.439888867177838,0.0618423562510346,20.7619029263668,2.31923581186254,19.4146929185849,29.3589743589744,0.794871794871795
777,5,"Plot_777",2014,"Conifer Forest",40118,"Huaihua",109.103043819659,27.17092710619,36,3,12.6838797492789,0.374478170855518,0.501639784946237,458,16.4,1184,60,121,296.333333333333,308.666666666667,0,-1.51524982246117,-1.38495904528467,0,0,0,0,0,0,0,0,0,3.20997533631745,2.79821608637929,0.41,0.0589744198037889,21.4108085625,2.44392318225,22.0509391044924,30,1
778,6,"Plot_778",2014,"Conifer Forest",40118,"Huaihua",109.139349392396,27.4232984457411,25,2,12.8774275683594,0.337202554371566,0.534865591,619,15.6,1214,58.6666666666667,123.666666666667,288.666666666667,318,0,-2.85227720784253,0.148786168177943,0,0,0,0,0,0,0,0,0,1.80279069767442,3.70906976744186,0.41,0.1422916243106,17.680600495,2.83949676825,28.1560210855065,45,1
779,7,"Plot_779",2014,"Conifer Forest",40118,"Huaihua",109.264247783688,27.1728797288759,28,2,27.7707267549562,0.389630621366951,0.486989247311828,746,14.8,1258,57.6666666666667,116.333333333333,304.666666666667,344,1.86598066249894,-1.06828777102044,-0.63213246867878,0.293861187045956,0.417404373911745,0.940855908399706,0.257106413308477,0.3558932102207,0.526638325330475,0.270731503499809,0.173686577577021,1.30236903024676,3.04093644123675,3.03243110634397,0.460165361549391,0.0679345803413609,20.0648402275173,2.20533000456846,19.2011058306541,28.7209302325581,0.697674418604651
780,8,"Plot_780",2014,"Conifer Forest",80101,"Huaihua",109.343004141086,27.3179185710514,33,3,35.9088932192642,0.396857896295672,0.501801075,593,15.8,1241,55,118.666666666667,320.333333333333,302.333333333333,1.43170253224523,-1.23498058178704,-0.920925827190976,0.268874756351248,0.392943696675388,0.603272554597393,0.167170759547641,0.296084016392614,0.333943916776825,0.144298807864073,0.0908996819707416,1.03192913122031,3.07853801566059,2.98809784190392,0.438483135048231,0.0639464718021332,20.737651017898,2.30982381893499,21.7147422062351,29.6969696969697,0.787878787878788
781,9,"Plot_781",2014,"Conifer Forest",80101,"Huaihua",109.387893097449,27.2843842711505,23,2,10.7843529016002,0.588562730507087,0.475510753,730,14.9,1273,57,117.333333333333,297.666666666667,293.666666666667,2.29502591826943,-0.538663003542629,-0.0723553679326127,0.541034221121609,0.543866590493258,0.977435261083561,0.320228772947873,0.375480517668131,0.599247114693011,0.421801617254319,0.221104735217791,1.53576552099889,2.67457188233786,3.21857651629515,0.488313441662839,0.0684151590062963,20.2695649340552,2.09689427690523,16.1800104691071,28.3928571428571,0.464285714285714
782,10,"Plot_782",2014,"Conifer Forest",80101,"Xiangxi",109.393350011403,29.4111268746524,32,3,66.0632436333006,0.592797294396186,0.609032258064516,549,15.9,1433,60,127,309.333333333333,299.333333333333,2.31782425558854,-1.46195256807973,-0.185464369963969,0.608404579062185,0.526733220466369,0.897278029819579,0.634870959616274,0.379820593503255,0.571406242697498,0.341513363716332,0.65464579027761,1.29930723077687,2.57988073074357,3.29719340217599,0.457756254192165,0.0931235806277119,19.0600562581992,2.35132412747269,20.9515956138819,33.494623655914,0.698924731182796
783,11,"Plot_783",2014,"Conifer Forest",80101,"Huaihua",109.424171159793,27.3183161346274,31,3,59.4606730507329,0.512159489986797,0.49905914,744,15.2,1271,58,119.333333333333,327.333333333333,332.666666666667,1.59935674442975,-2.11601150356572,-0.151587427302715,0.511560593581221,0.439086479203683,0.266072815910869,0.805266993029798,0.245290662528512,0.283359675672197,0.315726682425373,0.608231973371044,0.690122317094797,2.06416309820704,3.4210651960134,0.421353240168192,0.112922781323107,18.6514238482051,2.69763046865385,24.2170272066438,40,0.871794871794872
784,12,"Plot_784",2014,"Conifer Forest",80101,"Huaihua",109.424531961454,27.2469524665298,50,3,10.2845849620144,0.409343675587018,0.507715053763441,664,14.8,1283,55,116.333333333333,305,311,0,-1.51524982246117,-1.38495904528467,0,0,0,0,0,0,0,0,0,3.20997533631745,2.79821608637929,0.41,0.0589744198037889,21.4108085625,2.44392318225,22.0509391044924,30,1
785,13,"Plot_785",2014,"Conifer Forest",80101,"Xiangxi",109.438503290773,29.0873460574759,17,2,42.2101152353023,0.418895434027605,0.508602150537634,681,15.1,1440,59.3333333333333,121,314.666666666667,288.666666666667,0.436900178606913,-2.74797010685533,0.0291322862766044,0.220296269996764,0.149826409422517,3.46452575060333e-17,0.246477239828958,0.10168641344536,0.0852462260685774,0.052796672445629,0.196870014015526,6.86606012392295e-16,1.91257105955437,3.63801026040861,0.41,0.135791700554749,17.9716096350177,2.80863641756915,27.6797380940799,43.8297872340426,1
786,14,"Plot_786",2014,"Conifer Forest",80101,"Xiangxi",109.440983399366,28.9428230168271,10,1,3.75850144518958,0.431928504546718,0.602526882,706,15.1,1425,57.3333333333333,121.666666666667,307.333333333333,308,0,-2.85227720784253,0.148786168177943,0,0,0,0,0,0,0,0,0,1.80279069767442,3.70906976744186,0.41,0.1422916243106,17.680600495,2.83949676825,28.1560210855065,45,1
787,15,"Plot_787",2014,"Conifer Forest",80101,"Xiangxi",109.451601396938,28.221268919552,27,2,35.3151038521976,0.375086426061309,0.500860215,766,14.7,1359,63,124,296.666666666667,300.666666666667,0.7306909399233,-2.82293665747338,0.388150774387965,0.0805496097661305,0.183565413544564,0.248161416905239,0.151808145023127,0.213763593726283,0.458403779442939,0.142131141035738,0.219335897336048,0.171375680702234,1.77294530577089,3.77352604194132,0.419304737712448,0.144466465316437,17.1455227577234,2.66675217024106,26.8213373941746,43.6428571428571,0.971428571428571
788,16,"Plot_788",2014,"Conifer Forest",80101,"Huaihua",109.462825650166,27.4275124145137,30,2,29.046634952476,0.689847601854586,0.551021505376344,331,16.6,1242,58.3333333333333,122.333333333333,280.666666666667,315.333333333333,2.43973735128695,-1.08856680151633,0.0276662498632588,0.525067311967146,0.51751294156651,1.08697057499501,0.519192717791884,0.325332051474782,0.714661205922352,0.414865634710725,0.51378764878618,1.49556936904301,2.57902917745958,3.32739437076867,0.478738545488935,0.0859276830288039,19.1815966169715,2.19404728409216,18.3217571694782,31.3235294117647,0.588235294117647
789,17,"Plot_789",2014,"Conifer Forest",80101,"Xiangxi",109.473944154178,29.4845496071938,19,2,11.365992087192,0.306737412292585,0.620698924731183,540,16.2,1433,62,129.666666666667,342.333333333333,308,0,-2.85227720784253,0.148786168177943,0,0,0,0,0,0,0,0,0,1.80279069767442,3.70906976744186,0.41,0.1422916243106,17.680600495,2.83949676825,28.1560210855065,45,1
790,18,"Plot_790",2014,"Conifer Forest",80101,"Xiangxi",109.487974259469,28.546848184093,15,2,20.7799384944439,0.433352586233287,0.656397849462366,498,16.3,1349,59,123.333333333333,312,294.666666666667,2.21173943989875,-2.02959040063729,-0.00807971791448425,0.834291935112872,0.71677970100961,0.480656618268578,1.05163926558512,0.561277422044739,0.588516610958788,0.236810987767288,0.525112553187374,0.581537974682098,2.29959385845761,3.41809424771254,0.434857620578778,0.105066047674937,18.1717466513663,2.33881306159919,21.8440487178527,35.3508771929825,0.894736842105263
791,19,"Plot_791",2014,"Conifer Forest",80101,"Xiangxi",109.492075773369,28.2576086041878,23,2,24.5565226419278,0.452809487964067,0.518333333,869,13.9,1395,59,121.666666666667,289.333333333333,303,0.403094466902663,-2.68067584228306,0.154075610882279,0.0210040136000189,0.0818368212863429,0.107962319061073,0.178633419035514,0.027570966735899,0.0643560370080874,0.114266117749946,0.124128974157356,0.280025622062474,1.79265780730897,3.67149501661129,0.414216917776757,0.137731174401479,17.7569856972381,2.81694251114286,27.15811531953,44.2857142857143,0.952380952380952
792,20,"Plot_792",2014,"Conifer Forest",80101,"Xiangxi",109.526425936872,29.0139663250436,28,2,50.1244122165979,0.476081302118153,0.585215053763441,431,16.4,1394,58,122.666666666667,316.333333333333,297,1.78159458083128,-1.38111020389349,-0.6642306724623,0.73103334847616,0.40721641859929,0.490239171062401,0.5903326154271,0.313187317457904,0.230763777753135,0.287859247143648,0.405225554744059,0.959067043609682,2.66417687329997,3.0557568747294,0.433129227368291,0.0755055835947308,20.0679648447787,2.43306934332663,20.3545150942636,32.4519230769231,0.807692307692308
793,21,"Plot_793",2014,"Conifer Forest",40118,"Huaihua",109.550188437592,26.9232562704694,23,2,22.4856001876809,0.586585017966691,0.521693548,443,15.9,1290,54,123.333333333333,307,293.666666666667,0.175342179172887,-1.48916619132282,-1.33318526468941,0.0605244743057932,0.0915176766568965,0.043268231882964,0.0012958259785023,0.033381318489348,0.0402491071633594,0.0350476285028223,0.0165824560641282,0.112226317977816,3.18164245971898,2.83898986255745,0.411639912468739,0.0590065209287884,21.5005492342389,2.43023568401382,22.3479410455687,30.0925925925926,0.981481481481482
794,22,"Plot_794",2014,"Conifer Forest",80101,"Huaihua",109.581020872067,27.7537102413276,19,2,14.3555244660957,0.567003996729532,0.594435483870968,262,17.4,1257,64.3333333333333,124.666666666667,291,310.666666666667,2.19274022559553,-0.615727252022663,0.616162342320586,0.319938953643081,0.401319047049701,1.09434239421721,0.315599891678287,0.252084428555654,0.74263987524528,0.383305802326988,0.430313777078834,1.40323950611307,2.54848822329552,3.50442372158661,0.524239849946409,0.0876322279945827,18.5260495737218,1.91861046827673,15.1414893097493,28.8095238095238,0.349206349206349
795,23,"Plot_795",2014,"Conifer Forest",80101,"Xiangxi",109.603926097155,29.0163274697915,18,2,52.9038042511128,0.542957205571185,0.558333333333333,764,14.8,1455,57,123,286.666666666667,286.666666666667,0.299668340004861,-2.7424848509063,0.117171347807464,0.0667770126503593,0.0825495546138767,0.0517259466434832,0.156405120354446,0.0429291912297778,0.0552993082482137,0.0690885634737567,0.116239888244244,0.134163386925932,1.8293327852515,3.67129369080843,0.411967894962487,0.138311920919525,17.7991404353222,2.82018092413333,27.5546632395838,44.3333333333333,0.977777777777778
796,24,"Plot_796",2014,"Conifer Forest",80101,"Huaihua",109.623728322591,27.5017820252567,43,3,81.8625118096607,0.507028441026348,0.507715053763441,473,15.8,1292,55,119.333333333333,309.333333333333,301.666666666667,2.42891798292885,-1.41981259211096,0.0497527830156117,0.614588341561403,0.508871635992745,0.922320802031374,0.700189946726954,0.336611185354738,0.643789305845165,0.418400581382371,0.708739260381177,1.38165230751571,2.37064167212282,3.42928299307316,0.461829393143426,0.0958019448491755,19.1251397358539,2.3408113560812,20.9025867134309,34.4366197183099,0.661971830985915
797,25,"Plot_797",2014,"Conifer Forest",80101,"Huaihua",109.640095446871,26.1304281138591,14,2,26.2685804945518,0.838599291936358,0.523360215053763,550,16.7,1422,56,123.666666666667,293,309,2.36582672649068,-0.701879996894651,-0.0701047897547929,0.722330653276127,0.726598115235074,0.553468399950448,0.583428017846823,0.485878594554462,0.628479218473307,0.594424963659473,0.565504933919359,1.22470710078894,2.27176540504959,2.86340362932654,0.485491471304687,0.0902783263089383,17.8074448448971,2.26124083602354,17.4471756307252,33.6363636363636,0.272727272727273
798,26,"Plot_798",2014,"Conifer Forest",80101,"Xiangxi",109.645535126282,28.9813916244897,26,2,28.2553841636142,0.599973298259371,0.584569892473118,603,16,1418,58,124,297.666666666667,283,1.89573035159601,-1.99076584721576,-0.186898940566262,0.442091085101449,0.724948970572036,0.386210690442572,0.785019621997464,0.361374068564186,0.530280289762496,0.401484826329499,0.620879519131123,0.887083057565774,2.0420331221907,3.2229961242237,0.427391304347826,0.113024990783396,19.1426480596563,2.56810792062058,23.0358028275214,39.7826086956522,0.826086956521739
799,27,"Plot_799",2014,"Conifer Forest",80101,"Huaihua",109.664597106575,27.4657282768804,34,3,73.716163219492,0.499267076996204,0.561155914,314,16.9,1272,62,123.666666666667,294.666666666667,261.333333333333,1.51748202916162,-2.16617104955473,-0.63826729662524,0.765153339779697,0.520390915191271,2.22044604925031e-16,0.856087500880424,0.3531866375181,0.296085061181223,0.183378276226017,0.683787105104722,1.99255816524831e-15,2.5248986043465,3.24165801005449,0.41,0.0995367430505259,19.5947862138487,2.63650505964474,25.0231500689335,37.3026315789474,1
800,28,"Plot_800",2014,"Conifer Forest",80101,"Xiangxi",109.681089267222,29.3787458296363,38,3,52.4676316750853,0.726343414321045,0.558655913978495,594,15.8,1445,60.3333333333333,128,304.666666666667,296.666666666667,1.82256461431809,-1.60737530722654,-0.631196120838297,0.757235488973514,0.461263463113582,0.394788171683098,0.729975147249715,0.333039419620584,0.288860921723408,0.239561166979406,0.588545893875776,0.832857455618626,2.58787833702319,3.11846348906885,0.427497980592559,0.0845079571274926,19.770481867335,2.52189871378749,21.9472228976818,34.375,0.839285714285714
801,29,"Plot_801",2014,"Conifer Forest",80101,"Xiangxi",109.685340986528,29.0899471423485,22,2,15.5909749452446,0.455831602590705,0.578252688,479,16.4,1414,59,121.666666666667,301.333333333333,296.666666666667,0.962559121018336,-1.51328897639922,-1.01807319302625,0.46251530528416,0.259737750250082,0.235117939288559,0.355897708253877,0.252688911061078,0.16467911698297,0.122009545528066,0.147777842419039,0.384195153469715,2.95832542612027,2.93178557371771,0.419839474812433,0.0675607849808783,20.621252376515,2.40186591870179,21.2145534251769,30.8888888888889,0.933333333333333
802,30,"Plot_802",2014,"Conifer Forest",80101,"Xiangxi",109.695885321082,28.151198604013,29,2,36.1719763023918,0.483710407517734,0.648736559,343,17,1315,64,125.666666666667,260,274.666666666667,1.34728770188239,-2.38336503394039,0.279705433872524,0.271279727397241,0.0721662096307594,0.592507764939984,0.358620915228446,0.0487944587354403,0.499307361531401,0.272066503196438,0.508540891000918,0.756069179568681,1.95452692769363,3.68180444433021,0.435714285714286,0.131676587854292,17.8058815542623,2.63661262773969,25.4012340478421,41.6071428571429,0.857142857142857
803,31,"Plot_803",2014,"Conifer Forest",40118,"Huaihua",109.758264847864,26.311506820774,28,2,98.081634621928,0.541390383345109,0.51344086,410,16.7,1397,56.6666666666667,118.666666666667,266,325.666666666667,1.77597812997291,-1.80359086504618,-0.591996576449452,0.792012359438819,0.489897203603615,0.243728075458628,0.839039182505325,0.330565518074978,0.294769553014309,0.252334291750233,0.656890531240728,0.632165986595598,2.47866421693941,3.17351606351949,0.420253768488746,0.091290713588555,19.6094869383983,2.59353219089467,22.9593514326682,36,0.88421052631579
804,32,"Plot_804",2014,"Conifer Forest",80101,"Xiangxi",109.7690644998,28.9462240628574,27,2,77.481965504953,0.651622110980389,0.60561828,466,16.1,1420,59,123,320,292.666666666667,1.59695037063197,-2.25689211613159,-0.152013895538447,0.613076720281096,0.407842454101694,0.362759856085705,0.710970062614509,0.27601791620477,0.416383843312326,0.240995268310306,0.668776513827387,0.462899497695111,2.23411376102655,3.47042337519947,0.42469387755102,0.115821675844103,18.6657100147825,2.62668780975431,25.0867349461846,39.3877551020408,0.918367346938775
805,33,"Plot_805",2014,"Conifer Forest",80101,"Xiangxi",109.776721108315,28.2966044378231,46,3,59.9583638866013,0.79851001853151,0.655645161290323,348,16.9,1345,59.3333333333333,125.333333333333,295.666666666667,284.333333333333,0.839067265176551,-2.63273446356656,0.0505899694165965,0.329088464855395,0.234259266720035,0.224208727424062,0.212276339063181,0.156565943929248,0.122424203780085,0.0372508916918855,0.257782526110165,0.581537974682098,1.97177995339433,3.59458188645992,0.419321607717042,0.136523136903707,17.2188898158249,2.7938277261178,27.8097437130929,43.4210526315789,0.894736842105263
806,34,"Plot_806",2014,"Conifer Forest",80101,"Huaihua",109.823141833527,27.7562535771665,43,3,22.35839723609,0.596627168339282,0.594032258,333,16.7,1313,57,119.333333333333,280.666666666667,266,2.55988376629984,-1.18235948573864,0.467905146232343,0.474540215303714,0.323283914418679,1.1350219666282,0.596193734238022,0.28610021969329,0.839574143050247,0.498426685645261,0.788448854369872,1.5415237639217,2.31860881302384,3.54662026685633,0.491427973085626,0.103152883271244,18.6220631023914,2.19802706568355,18.4166878800458,33.3333333333333,0.518518518518518
807,35,"Plot_807",2014,"Conifer Forest",40118,"Huaihua",109.831456324688,26.9613739424624,7,1,4.22582630800843,0.215142883371843,0.52827957,616,16,1329,54,119.666666666667,350.666666666667,273.666666666667,0.14809466064976,-2.79119875569424,0.150668851174401,0.00771675753894405,0.0300663920548991,0.0396647543370314,0.0656289226097442,0.0101294195227065,0.0236440493334223,0.0419807348435525,0.0456042933208396,0.10287985293183,1.79918407567994,3.69569570358691,0.411500936835795,0.140668413325997,17.707788448339,2.83146898182203,27.8008342874471,44.7457627118644,0.983050847457627
808,36,"Plot_808",2014,"Conifer Forest",40118,"Huaihua",109.836738986463,26.456520351743,35,3,90.9534419898613,0.720963460087445,0.496559139784946,541,15.9,1398,54,120.333333333333,292.666666666667,308.666666666667,2.65606837062382,-0.524606406538232,0.0715941350337708,0.422074805091674,0.751253755833132,0.954288041039135,0.387926951086195,0.259949841695021,1.21697080684743,0.385717149380196,0.519024617276625,1.34358533670552,2.60449589672706,3.19129362425802,0.507805861950697,0.0889433924400698,18.0182037075483,2.43963060226706,15.3324580158065,29.2666666666667,0.32
809,37,"Plot_809",2014,"Conifer Forest",80101,"Zhangjiajie",109.844616334144,29.5245934144662,26,2,29.4685133712406,0.476777048164477,0.575295698924731,594,15.7,1448,59.3333333333333,122.666666666667,303.333333333333,268.666666666667,0.910388785520757,-2.55746437074557,0.278773284500715,0.13914823290123,0.0075856799982012,0.435493207230888,0.19794538045645,0.00189595956370575,0.356280914928823,0.192147696798401,0.328445265620364,0.55571084698298,1.87382644272179,3.71275538329027,0.428,0.136944028903855,17.6750420347961,2.70736720954278,26.3802972086668,43,0.9
810,38,"Plot_810",2014,"Conifer Forest",80101,"Xiangxi",109.886659890945,29.416749169401,42,3,81.6018488661205,0.747673226539041,0.525188172043011,628,14.7,1480,55.6666666666667,114,317.666666666667,311.333333333333,1.18123721356241,-1.50200207879661,-0.99413452872381,0.506820480245521,0.314691779967082,0.303043195127745,0.422641975421532,0.213451962326751,0.195951293386562,0.161258219815135,0.323573111573316,0.536620845829226,2.90725662755222,2.92219199382916,0.42247221679446,0.0710350586750592,20.7585692181052,2.43047756461283,21.4762879342053,31.8269230769231,0.903846153846154
811,39,"Plot_811",2014,"Conifer Forest",80101,"Xiangxi",109.891319805785,29.0557228207836,30,2,33.1169537733507,0.686752164057339,0.600860215053763,454,15.7,1449,59.6666666666667,126.666666666667,321,283,1.69766287651346,-2.20521378951688,-0.00826018922330345,0.554220729486925,0.345746298008732,0.529245217120871,0.659216520855123,0.233715145450743,0.494495429563989,0.279861954905106,0.684260970042425,0.675343043208483,2.1847488453676,3.52391560369767,0.4325,0.118249379113249,18.4507791004743,2.59192365611597,24.6644741600789,39.375,0.875
812,40,"Plot_812",2014,"Conifer Forest",80101,"Xiangxi",109.892867633925,28.8389520994201,36,3,40.3544933008453,0.870769737700884,0.596263440860215,441,16.3,1420,58,124.333333333333,322.333333333333,292,1.94227776169904,-0.411109394560987,0.224032756326718,0.101206123803213,0.394324038466608,0.520207615413422,0.860730537818886,0.132848451061998,0.310094307352704,0.550581954465272,0.598105322409611,1.34928058580675,1.65864216054014,3.17453863465866,0.469989056114511,0.0774155465711642,18.7672415978064,2.51864427198387,13.9600068017763,34.8387096774194,0.32258064516129
813,41,"Plot_813",2014,"Conifer Forest",80101,"Xiangxi",109.898131067468,28.2621357208985,37,3,60.6025526832346,0.515126533381955,0.625806452,280,16.9,1358,60.3333333333333,121.333333333333,273,267.333333333333,1.59437356709199,-2.19571624522712,-0.462503584102326,0.734287150493349,0.509880293935453,0.142187354671854,0.829314318056922,0.345588551420085,0.339684805607203,0.2051450318808,0.693686052274414,0.181438089005769,2.42130410347673,3.32376384694514,0.415454545454545,0.105324448032939,19.2614286266049,2.63163841094478,25.0278881611855,38.030303030303,0.96969696969697
814,42,"Plot_814",2014,"Conifer Forest",80101,"Huaihua",109.91250997567,26.9626540211051,20,2,33.6592875963451,0.554561465451324,0.489462365591398,542,16.1,1341,52.6666666666667,118,326.333333333333,337.333333333333,2.31306569949765,-0.759443629377349,-0.0712094600819435,0.528732441150456,0.482103420677238,0.649135709541977,0.778412734122577,0.227166283805235,0.359628943728591,0.561893723239232,0.580698838774001,1.5415237639217,2.00066112633818,3.08072461101323,0.460152148386328,0.0795709657121643,19.3692511731855,2.43805152808109,16.1015312107347,34.2592592592593,0.481481481481481
815,43,"Plot_815",2014,"Conifer Forest",80101,"Xiangxi",109.936149434065,28.6588214099412,25,2,13.5315983066077,0.528376981041804,0.603870967741935,319,16.5,1404,57.3333333333333,122.666666666667,318.666666666667,276.666666666667,1.08523550732307,-1.57089322691281,-1.04041722692016,0.448287438459591,0.28546868254793,0.238421006037381,0.430678453367474,0.262361941048908,0.149916921995935,0.104737736458421,0.323220424125226,0.460047937604611,2.96255608153351,2.94543178827698,0.419651636395238,0.0714741928721673,20.5275812287918,2.46921501472086,22.2357434546621,31.8918918918919,0.918918918918919
816,44,"Plot_816",2014,"Conifer Forest",80101,"Zhangjiajie",110.008514736017,29.5261876324638,15,2,25.1634515652055,0.460881849974628,0.587338709677419,609,15.9,1436,59,126.333333333333,336,314,2.10790302779398,-1.72951147235629,-0.154734627072274,0.661164664998993,0.493705334670557,0.581402032531323,0.829457589969242,0.288159577653574,0.423850920688844,0.364363958995891,0.720547536635584,1.12185084037112,2.23455270140955,3.34161807990766,0.438406520754165,0.101956828629255,18.7701716472489,2.5565576071248,22.2154633577333,37.1022727272727,0.761363636363636
817,45,"Plot_817",2014,"Conifer Forest",80101,"Xiangxi",110.013136766835,29.1648845286526,13,2,18.3295923489201,0.295708729193704,0.586639784946237,476,16.1,1444,58.3333333333333,123.333333333333,271.666666666667,272,1.21537686048832,-2.48246112252428,-0.275441231290439,0.612824169263724,0.416789829848093,2.22044604925031e-16,0.685654867160556,0.282873113766184,0.237139501608951,0.14687074334875,0.54765658444319,1.50234434821617e-15,2.19201198070334,3.45713151523306,0.41,0.119246440085312,18.7123601732447,2.73008279765426,26.4673813886303,40.8510638297872,1
818,46,"Plot_818",2014,"Conifer Forest",80101,"Xiangxi",110.015297745874,28.9484766920624,17,2,26.3769241827934,0.519814225351172,0.532069892473118,633,15.3,1465,59,124,338.666666666667,284.666666666667,0.479102082117553,-2.90185743547124,0.346619330614947,0.0613227751495911,0.154365604290021,0.160540860694387,0.125471347934298,0.181860080121855,0.327386050607295,0.0709660817383381,0.123053873620853,6.3787359233009e-16,1.77240591966173,3.78186469344609,0.416440383513592,0.145581600517727,17.163115417261,2.72165408592566,27.519480497151,44.2727272727273,1
819,47,"Plot_819",2014,"Conifer Forest",80101,"Xiangxi",110.020898257193,28.2269174568633,32,3,63.3234861681332,0.581053346675196,0.60733871,442,16.3,1394,56,120.333333333333,269.666666666667,262,1.51273311444813,-2.30440672344685,0.263984196995696,0.321242509737422,0.12173217701504,0.609038018921345,0.452889048404581,0.138079627944479,0.540787136950934,0.279127200087965,0.555072498898415,0.829861531494584,1.98421600510584,3.68539701341704,0.436971105466238,0.128174283595611,18.0681552215925,2.60808700108481,25.5023631958122,41.1,0.84
820,48,"Plot_820",2014,"Conifer Forest",80101,"Xiangxi",110.024159776813,27.9386659774403,27,2,36.1602461414848,0.215824160440808,0.591693548387097,184,17.4,1333,62.3333333333333,125.666666666667,233.666666666667,257.666666666667,0,-2.85227720784253,0.148786168177943,0,0,0,0,0,0,0,0,0,1.80279069767442,3.70906976744186,0.41,0.1422916243106,17.680600495,2.83949676825,28.1560210855065,45,1
821,49,"Plot_821",2014,"Conifer Forest",80101,"Zhangjiajie",110.052542735186,29.4191778373722,25,2,20.9537629681307,0.339567175806537,0.593521505,724,14.9,1474,56.6666666666667,121.666666666667,329.666666666667,319.333333333333,0,-1.51524982246117,-1.38495904528467,0,0,0,0,0,0,0,0,0,3.20997533631745,2.79821608637929,0.41,0.0589744198037889,21.4108085625,2.44392318225,22.0509391044924,30,1
822,50,"Plot_822",2014,"Conifer Forest",80101,"Zhangjiajie",110.093946609215,29.3816405140797,23,2,54.7403981427532,0.342192010452033,0.633360215053763,355,16.8,1417,63,126.333333333333,309.666666666667,293,1.48514374914032,-2.23648687112618,-0.22597214325091,0.583308367506601,0.444598673427856,0.171452122781376,0.782334438632885,0.269372622711848,0.273556310024593,0.255545371474363,0.603405914012021,0.444701334255587,2.13796258407936,3.41971027159482,0.416918380727492,0.113980335051745,18.7384719842969,2.70360029368359,24.9925614429478,40.078125,0.921875
823,51,"Plot_823",2014,"Conifer Forest",40118,"Xiangxi",110.105592772808,28.0111499325037,15,2,15.8714179525323,0.493791266162858,0.602338709677419,142,17.5,1348,63,126,261.666666666667,299.333333333333,0.865262557518227,-2.46752684602075,0.172607771641856,0.0769464836139361,0.123645505085833,0.276674656790288,0.261936877131827,0.198285660496816,0.169748742910177,0.244660438641055,0.30074628046186,0.581537974682097,1.82828641370869,3.64864137086903,0.421502909121679,0.135173640347789,18.2653420082632,2.77617381206579,25.8817030765058,43.1578947368421,0.894736842105263
824,52,"Plot_824",2014,"Conifer Forest",40118,"Shaoyang",110.116425893838,26.5670471669085,45,3,25.847525971674,0.544378551831729,0.51255376344086,387,16.4,1405,57.6666666666667,117,252,290.333333333333,0.68120944123653,-1.55776797386815,-1.14891477314005,0.269002329101885,0.222932296955699,0.185810435085179,0.284443319605592,0.150030952565346,0.110295523404231,0.0585070267799716,0.204365943052671,0.237103294712738,3.06952747769924,2.90899277444616,0.4172,0.0668334461819081,20.9609602103184,2.43854018908711,22.0732593914782,31,0.96
825,53,"Plot_825",2014,"Conifer Forest",80101,"Xiangxi",110.138219348788,28.9133683711206,30,2,102.403232755352,0.582936031185807,0.455860215053763,982,13.3,1525,57,109,285,289.333333333333,1.54700350730187,-2.26015630354368,-0.394091985563404,0.713467791276712,0.4910024341423,0.136831371863791,0.806359048793041,0.332842285429519,0.334049944716731,0.201426835590476,0.676714685426065,0.17460359034247,2.35629820503849,3.36525690252935,0.415242718446602,0.109186781223532,19.0913904059358,2.6512321409178,25.3271869732275,38.7378640776699,0.970873786407767
826,54,"Plot_826",2014,"Conifer Forest",40118,"Shaoyang",110.157595547622,26.5311070898777,40,3,42.1089642623722,0.602960820675587,0.47497311827957,603,16.4,1416,59.3333333333333,125,260,319.666666666667,2.00297464411128,-1.24064726276063,-0.568835647392405,0.492626612724954,0.513729837678509,0.850827036957642,0.46254517612272,0.350156808405548,0.553554744980789,0.30086495667471,0.341302972426428,1.19475591933992,2.84869035646788,3.07935111861404,0.452903451583997,0.0765196255296504,19.9525911274107,2.33440187513191,19.744163258826,30.7377049180328,0.737704918032787
827,55,"Plot_827",2014,"Conifer Forest",80101,"Xiangxi",110.179455922112,28.8772679005518,19,2,54.9707731869601,0.356301412210451,0.542284946,364,16.7,1425,62.6666666666667,125.666666666667,286.666666666667,293.333333333333,1.09127741130781,-2.53836643040517,-0.211310534113279,0.55025004569552,0.374232340077055,1.04264423182189e-16,0.615644161749911,0.253989564352338,0.212925710409415,0.131874095853759,0.491736579151849,1.40950053561107e-15,2.13317317805148,3.49521716406195,0.41,0.122730193687262,18.5563884760652,2.74662296979783,26.7226540117032,41.4782608695652,1
828,56,"Plot_828",2014,"Conifer Forest",80101,"Xiangxi",110.180949138349,28.8044250038316,55,4,109.24307240737,0.448047209606327,0.443790322580645,1028,12.8,1538,54.6666666666667,107.333333333333,317.666666666667,283,2.2745913344058,-1.46229163364322,0.276860731561682,0.355658100061856,0.192456271279412,0.81906997887754,0.380493688223258,0.84438621174263,0.512253249789875,0.627156674322429,0.855326212553031,1.44716366401818,2.06424418604651,3.57441860465116,0.45875,0.127489531609903,21.245350309375,2.56593548015625,19.8100131784416,37.5,0.625
829,57,"Plot_829",2014,"Conifer Forest",80101,"Xiangxi",110.181344531175,28.7327926268055,15,2,42.3694428043927,0.413870481667863,0.563736559139785,343,16.7,1424,57,120.666666666667,360.666666666667,289.666666666667,2.0815480640738,-1.31649313130902,-0.471576963912601,0.796506941195674,0.431875339958114,0.518413912775846,0.738131541844018,0.29158826924538,0.281216837864227,0.39546752003926,0.569901565076885,1.22246503991588,2.40235520097006,3.11411683614419,0.436487260111694,0.0811787838160369,19.6566338966291,2.51524513894103,20.0189331933793,34.2105263157895,0.728070175438597
830,58,"Plot_830",2014,"Conifer Forest",80101,"Huaihua",110.224921215412,28.264217622528,17,2,7.10532390316833,0.305536004796556,0.603951613,157,17.4,1387,62,122,262.333333333333,293.333333333333,0,-2.85227720784253,0.148786168177943,0,0,0,0,0,0,0,0,0,1.80279069767442,3.70906976744186,0.41,0.1422916243106,17.680600495,2.83949676825,28.1560210855065,45,1
831,59,"Plot_831",2014,"Conifer Forest",40118,"Huaihua",110.232200790319,27.3251822455975,30,2,54.7015881341247,0.601242090022895,0.55010752688172,327,17,1337,59.6666666666667,123.333333333333,269.666666666667,314,2.07580957037654,-1.61509293904481,-0.724157731870375,0.752923443358206,0.500092845084657,0.454174343805526,0.623151440328618,0.528002275202826,0.303653005809479,0.219942170522639,0.571009443750681,1.21936938357087,2.71594578377872,3.0117514344336,0.426604113745981,0.0903443834806924,18.8197777338426,2.49200804031742,23.0510473570153,34.2708333333333,0.729166666666667
832,60,"Plot_832",2014,"Conifer Forest",40118,"Shaoyang",110.237017944926,26.6036901628621,42,3,64.4612472731271,0.564291060525335,0.498145161290323,463,16.1,1417,57,117.333333333333,247,311,2.43604443185302,-1.08005268552182,-0.19338266523491,0.597622366449044,0.578141162969002,1.0018796307681,0.528055119519238,0.364391411620995,0.674601540680176,0.432038691776864,0.48901850659032,1.48189559195462,2.5410979321912,3.18839758261077,0.45990368488746,0.084221556565983,19.5737218115516,2.2481886713617,18.096968643678,31.6,0.6
833,61,"Plot_833",2014,"Conifer Forest",80101,"Xiangxi",110.260942893215,28.8774235856369,27,2,90.4886286359959,0.507387611014206,0.481854839,818,14.8,1490,55.6666666666667,118.666666666667,334,310.333333333333,1.48975843048836,-2.19657408257147,0.0234852109587018,0.0679544694197951,0.54328372976006,0.264544097071356,0.513020355319281,0.250749573351245,0.438986395233216,0.410820500928451,0.442347187492708,0.938002986092111,1.80054349080535,3.41292552792374,0.415870561464259,0.126742397106428,18.4713739451714,2.67395824272543,23.8965723006747,41.978021978022,0.813186813186813
834,62,"Plot_834",2014,"Conifer Forest",80101,"Zhangjiajie",110.298846620864,29.4914102685567,27,2,44.0737681306445,0.477619834635328,0.538655914,685,14.6,1467,58,121.666666666667,302.333333333333,320,1.57984347995839,-2.11130206188839,0.238044549492993,0.246951744374497,0.123436651680549,0.58948476613927,0.273054426911403,0.540261065053332,0.383814603646178,0.42586165656445,0.592779182710639,1.00294891167274,1.94534663994797,3.64387034400323,0.437551020408163,0.133950273721127,19.4254660244482,2.67854234985567,23.705787850038,40.9183673469388,0.795918367346939
835,63,"Plot_835",2014,"Conifer Forest",80101,"Huaihua",110.30479265405,28.6255322641568,39,3,87.3266810895306,0.291054424231841,0.605645161,297,16.8,1434,57,120.666666666667,323.666666666667,273.333333333333,0.501994593474198,-2.73072926371695,0.00935478513588725,0.253118542669228,0.172149271555745,4.03717463500057e-17,0.283200254582414,0.116836825157904,0.0979471895318376,0.0606629280986852,0.226201973567744,1.09003715145015e-15,1.9307165739147,3.62626488734526,0.41,0.134717332991799,18.0197103193182,2.80353553315909,27.601013632687,43.6363636363636,1
836,64,"Plot_836",2014,"Conifer Forest",40118,"Shaoyang",110.317129099112,26.6043227188114,30,2,23.4624865633796,0.614922629097097,0.477741935483871,452,16.5,1415,60,122.666666666667,250.666666666667,322.333333333333,2.88160648355152,-1.87405327578147,0.157623895309216,0.691506023668702,0.527407625995003,0.834019601831292,1.4400608013662,0.840176156404218,0.970869562943758,0.250820508317018,0.109481755206788,1.34358533670552,2.69925948797577,3.1435666642447,0.480511054662379,0.118223157948443,16.5684613599178,1.94787011901039,22.2185371914042,30,0.68
837,65,"Plot_837",2014,"Conifer Forest",80101,"Zhangjiajie",110.339714579504,29.5273884635058,23,2,37.5575326680055,0.429583373830056,0.558494624,420,16.5,1395,62.3333333333333,128,299.333333333333,301,0.254008829223884,-2.81381269383887,0.191987727859083,0.0328423333709127,0.0490661318347512,0.0743153736304889,0.0783571349722128,0.0572138604908818,0.126707998050949,0.0551371996545961,0.093882493288281,0.065679266610699,1.80664889708969,3.71231640202908,0.412856621719739,0.141338803806273,17.5849387495879,2.79530443761377,27.6768171151162,44.4623655913978,0.989247311827957
838,66,"Plot_838",2014,"Conifer Forest",80101,"Zhangjiajie",110.340774765899,29.4560719110927,26,2,45.0399001258651,0.396264252691465,0.569704301075269,726,14.9,1457,57,117.666666666667,298.333333333333,287,1.46730448021737,-2.30655174442157,-0.477232286296593,0.739852533299727,0.503183501781849,2.22044604925031e-16,0.827779836176336,0.341508054543177,0.286294617298807,0.177314631152259,0.661176780715712,1.87605033548904e-15,2.37715177467158,3.33729275476326,0.41,0.108284602062922,19.203134400102,2.67803816171939,25.6641508891742,38.8775510204082,1
839,67,"Plot_839",2014,"Conifer Forest",40118,"Shaoyang",110.358252427016,26.4959607238719,25,2,82.210556330408,0.52698893751521,0.481370968,493,16.4,1438,59,121.333333333333,275.333333333333,308,1.83546456479604,-2.04720217236048,0.378516729470018,0.224286626994365,0.141174887157113,0.762080756042212,0.526941593467884,0.0474567829160873,0.590062896249619,0.429099016692986,0.634266608255355,1.17070177474151,1.90515715557891,3.64844625468985,0.448013158755245,0.125111848359206,17.8071191427052,2.57540943152166,23.3703856090403,40.3389830508475,0.745762711864407
840,68,"Plot_840",2014,"Conifer Forest",80101,"Zhangjiajie",110.504773672087,29.6002579515464,30,2,17.5058954742633,0.420694906415923,0.547419355,547,15.3,1414,58,123.666666666667,287.333333333333,312,1.42301089682452,-2.20784380843423,-0.0367790818226958,0.355259562337965,0.374788115037065,0.270007841432513,0.710104137011712,0.19490536001474,0.251067659881931,0.313673073053687,0.527747591261454,0.700328729657191,1.9585812117138,3.48734062198476,0.421550687823291,0.118932495710814,18.376378405587,2.72612116147826,24.6263119898734,41.0869565217391,0.869565217391304
841,69,"Plot_841",2014,"Conifer Forest",40118,"Huaihua",110.553859784654,27.6878106144503,36,3,35.3709837842764,0.305135353461495,0.52002688172043,389,16.3,1397,64,122.333333333333,287,298,0.925356440079976,-2.60158457308352,-0.138791059346297,0.46658843861566,0.317332973621704,2.22044604925031e-16,0.52203984428688,0.215372257000058,0.180551870078415,0.111823577225662,0.416971528619603,1.30451205393456e-15,2.06663781741999,3.53828470224263,0.41,0.126669648465573,18.3800145076562,2.765326720875,27.0113182140664,42.1875,1
842,70,"Plot_842",2014,"Conifer Forest",80101,"Zhangjiajie",110.712263717098,29.2040549719936,18,2,23.2175937811708,0.639050854131173,0.631048387,259,16.8,1389,61,125.333333333333,318.333333333333,274.666666666667,1.35415640017532,-2.2731258436571,0.132511076192239,0.074562725837678,0.363934266248815,0.21007131535145,0.472287033703277,0.292687417038759,0.41293007254807,0.324895615676988,0.373233256386777,0.918530325591704,1.76091966173362,3.59274539414074,0.412595933937445,0.12825664171641,18.6244921950319,2.67104459308654,25.5498828846241,42.5,0.818181818181818
843,71,"Plot_843",2014,"Conifer Forest",40118,"Huaihua",110.715388924216,27.9047159931332,13,2,19.3714356411239,0.286393020596793,0.525268817204301,321,16.8,1402,62.6666666666667,123.666666666667,294,299,0.759718229777541,-2.65633353929526,-0.075986837243302,0.383069406842967,0.260530574520115,6.50820393745781e-17,0.428595046402546,0.176820760892026,0.148233200935137,0.091807228498815,0.342333891968312,8.9966348547211e-16,2.00901603264797,3.57558259004476,0.41,0.130081344339774,18.2272689186853,2.78152477719828,27.2613107951855,42.801724137931,1
844,72,"Plot_844",2014,"Conifer Forest",40118,"Shaoyang",110.717545183997,27.1109239477183,30,2,49.1319214278134,0.377621148051273,0.568575268817204,302,17,1370,59.3333333333333,127,291.333333333333,310.666666666667,1.19826868178749,-2.4410288148215,-0.0985698622629936,0.482256295298676,0.343969242592783,0.164231179299858,0.608234091455647,0.236089039437794,0.276216597719977,0.184999327129479,0.50554304955052,0.295289996844121,2.07586055497976,3.53174670052141,0.416433245275163,0.122899054041457,18.4734575311963,2.71860168418007,26.2499859183772,41.3669064748201,0.949640287769784
845,73,"Plot_845",2014,"Conifer Forest",80101,"Changde",110.751226963214,29.8902298225874,33,3,44.4479203612391,0.52667723643508,0.5775,787,14.5,1374,56.3333333333333,121.333333333333,251,248.333333333333,2.5619504029729,-1.1660780951233,0.0221119817741045,0.599156022164132,0.618385170142261,0.943812624387516,0.673288483770734,0.352762508985122,0.705014391495442,0.536491643200468,0.698225479635127,1.52963996051627,2.16095229735689,3.24967945493867,0.448433835553514,0.0964547602463346,19.2880702937275,2.28607685254937,17.8842111898219,34.2857142857143,0.547619047619048
846,74,"Plot_846",2014,"Conifer Forest",40118,"Huaihua",110.75323211867,28.0133871910807,19,2,35.0640985381794,0.312761540452584,0.589408602,244,16.9,1406,61.6666666666667,126.666666666667,272,277.333333333333,0,-2.85227720784253,0.148786168177943,0,0,0,0,0,0,0,0,0,1.80279069767442,3.70906976744186,0.41,0.1422916243106,17.680600495,2.83949676825,28.1560210855065,45,1
847,75,"Plot_847",2014,"Conifer Forest",40118,"Huaihua",110.796172696091,28.0496416253874,15,2,11.0685799310148,0.329677281038956,0.550295698924731,365,16.7,1415,63,124.333333333333,280.666666666667,281,0.08553373185543,-2.8331768166228,0.126875522271334,0.04312830026011,0.0293321279228351,6.34413156928661e-18,0.0482538556226241,0.0199075643519049,0.0166890017428839,0.0103362201366515,0.0385420464758591,5.70971841235795e-17,1.82289333536932,3.69605757199811,0.41,0.141101378531931,17.7338891816786,2.83384571702143,28.0688056286349,44.7857142857143,1
848,76,"Plot_848",2014,"Conifer Forest",40118,"Shaoyang",110.798014199514,27.1150335245764,30,2,22.248034205105,0.31552370647747,0.568709677419355,420,16.6,1381,61,119.333333333333,270.666666666667,288,0.426065903596327,-2.68358566851456,0.173942024656986,0.0192007235632653,0.0607921870799546,0.114891012562436,0.180711597519892,0.0718493605148654,0.100348308544557,0.0832000169535711,0.117417950619173,0.297996815388748,1.79349625541979,3.70420181316516,0.414502810507385,0.137662427023482,17.8803357972949,2.80420901758468,27.6140038086606,44.3220338983051,0.949152542372881
849,77,"Plot_849",2014,"Conifer Forest",40118,"Shaoyang",110.798084527026,27.2553113003921,31,3,67.5174438512573,0.407212390693637,0.531505376344086,422,16.3,1389,59.6666666666667,124.666666666667,263.333333333333,281.666666666667,2.02268881336511,-1.6984805525538,-0.108214142367772,0.511491686443211,0.474268417296512,0.468840654438672,0.905634508814333,0.238520094311984,0.342351228152865,0.433095433796669,0.682191769210946,1.15773093121454,2.03542353991968,3.34414704544633,0.433253997921732,0.102608021091556,18.7892283583471,2.63356455790308,21.7647898460919,38.2621951219512,0.75
850,78,"Plot_850",2014,"Conifer Forest",40118,"Shaoyang",110.838019185997,27.2915512586238,31,3,38.5081555976495,0.354438957723043,0.493467741935484,612,14.5,1466,59.6666666666667,115.666666666667,297,314.333333333333,0.143682008087726,-1.54766260756132,-1.34777734314012,0.0724481517684369,0.0492729470586222,2.22044604925031e-16,0.0810582062004776,0.0334412957340845,0.0280346622482238,0.0173630780869125,0.0647440315456119,5.1944980303674e-16,3.17586176932004,2.82029738773838,0.41,0.0609942308221358,21.3203792760152,2.45351284494091,22.1989410919109,30.3636363636364,1
851,79,"Plot_851",2014,"Conifer Forest",40118,"Shaoyang",110.83844045004,27.3633226640637,35,3,15.6787821391609,0.305184871337984,0.416236559,785,14.2,1485,58,112.333333333333,278,316.666666666667,0.101206494024761,-1.53791130356933,-1.35896336370056,0.0510309087173986,0.0347067965463436,2.29571540685202e-16,0.057095644546377,0.0235553243021594,0.0197470087944395,0.0122301760814873,0.0456042933208396,5.11831631691598e-16,3.18612474922181,2.8136542843634,0.41,0.0603865758123789,21.3475846969492,2.45062781930085,22.1544150702723,30.2542372881356,1
852,80,"Plot_852",2014,"Conifer Forest",40118,"Shaoyang",110.838692408091,27.1468438170032,25,2,24.7341706065303,0.368631718904311,0.553978495,311,17,1365,60.6666666666667,120.666666666667,247.333333333333,292.666666666667,1.50134788648557,-2.25488199309767,-0.536504246347905,0.757018091443424,0.514858025106467,2.22044604925031e-16,0.84698542413951,0.349431493475875,0.292937031399293,0.181428565313161,0.676516957253352,2.02202321080667e-15,2.4315327702596,3.30209259079688,0.41,0.105064788254365,19.3472892060106,2.66275112344149,25.4282184982449,38.2978723404255,1
853,81,"Plot_853",2014,"Conifer Forest",80101,"Huaihua",110.876725719271,28.8432137121628,34,3,143.658117476447,0.719808238584537,0.591827957,233,16.7,1412,59.6666666666667,122.666666666667,232.333333333333,335.666666666667,2.47076221547056,-1.2212830247369,-0.0225730743125542,0.574790272310855,0.549244040367172,0.977771370282274,0.591786828931518,0.402142342066569,0.657991014950448,0.416171207571014,0.623648810095643,1.45230819518318,2.51224762550971,3.36493198663961,0.468511985313288,0.0890535057220586,19.4458952426631,2.27388298865888,20.0274273828038,32.5945945945946,0.621621621621622
854,82,"Plot_854",2014,"Conifer Forest",40118,"Shaoyang",110.878570319231,27.4717087866517,20,2,16.3279308259937,0.503852917874844,0.483306451612903,476,15.9,1407,64.6666666666667,121,287,301.333333333333,1.31142025176795,-1.71293782152076,-0.874386039091598,0.542709734403725,0.475343005503885,0.254354436484559,0.618371576125045,0.307968854937533,0.272718213468956,0.171809813646645,0.36067735099122,0.341844427209831,2.88390226483454,3.0700294062787,0.420377438528466,0.0776577750885098,20.670471353393,2.4078907231348,23.6645147138916,32.3529411764706,0.941176470588235
855,83,"Plot_855",2014,"Conifer Forest",40118,"Shaoyang",110.879049264689,26.8220355274713,24,2,17.2616766911648,0.354902901082822,0.501478494623656,452,16.4,1407,62.6666666666667,123,300.666666666667,298,1.72765226606665,-1.9003752932296,0.178127605066145,0.0900226489621605,0.350750460132669,0.462723655347802,0.765618128086248,0.118168437103421,0.275828279228005,0.489741570461705,0.532013513197813,1.20018243919429,1.74658183413778,3.50063624396665,0.433391958988048,0.116994034248682,18.1043221828868,2.71438447410849,22.6204683459387,41.0377358490566,0.735849056603774
856,84,"Plot_856",2014,"Conifer Forest",40118,"Shaoyang",110.918851565351,27.1472289071273,28,2,50.7508179459244,0.428427686375167,0.570510752688172,324,17.1,1361,59.3333333333333,126,246,287,1.49902867362721,-3.05851428915522,0.971705625373884,0.191868500945225,0.482983638956001,0.502304962662695,0.392578440571294,0.569009162903021,1.024335095846,0.222040761982411,0.385014575898456,1.60096026071997e-15,1.67640023451241,4.01187219073676,0.43678983058175,0.155976819457893,15.5280365161695,2.34931082076641,25.5082262011704,41.9747899159664,1
857,85,"Plot_857",2014,"Conifer Forest",40118,"Shaoyang",110.919458620996,27.5083585957625,28,2,19.4700008443331,0.360702363463776,0.479193548387097,409,16.2,1401,62.3333333333333,126,276.333333333333,351.666666666667,1.74233355608569,-1.81287186311931,-0.651381609868781,0.756253467232202,0.507829208722477,0.258499619187537,0.806960640987164,0.340778930756893,0.351198248295199,0.233816718745118,0.658715227160841,0.555710846982981,2.56127583089906,3.15575567369217,0.420684421864952,0.090658971822872,19.6816399976471,2.6006261190496,23.0383222434966,35.5,0.9
858,86,"Plot_858",2014,"Conifer Forest",40118,"Shaoyang",110.959117781053,27.327700684466,32,3,47.6763846011029,0.438536420343307,0.46497311827957,346,16.7,1374,61.3333333333333,125.333333333333,311,307.666666666667,1.70294508276484,-2.05455120323094,-0.583243646958165,0.758256082367683,0.553948897334755,0.173799367833371,0.867673706440172,0.442301686206365,0.391906746427371,0.204236441225236,0.676644916569634,0.176263532780069,2.56294741844327,3.24349180055255,0.416869272744468,0.0974885145258931,19.5354337414979,2.58157578116505,24.0306133704423,36.1323529411765,0.970588235294118
859,87,"Plot_859",2014,"Conifer Forest",40118,"Yiyang",110.959159436917,28.194115549457,32,3,41.8200286736384,0.388351434942011,0.563413978494624,250,17.1,1402,59.6666666666667,120,275.333333333333,315,1.51976480283807,-1.85267420807695,-0.751480747523301,0.661264789608974,0.48749014850144,0.24127047492016,0.724243826491336,0.329655799720187,0.302170782591113,0.181881965132414,0.606547120259213,0.307873045419934,2.72892612473706,3.13573355616466,0.419473684210526,0.0868557080922218,20.0335958743664,2.52011894619357,23.3655883202135,34.4736842105263,0.947368421052632
860,88,"Plot_860",2014,"Conifer Forest",40118,"Shaoyang",110.959422624187,27.5442559926165,30,2,66.599602126213,0.415071570802269,0.446182795698925,418,16.1,1407,61,124,297.666666666667,318.333333333333,1.45335678059651,-2.3113900314346,0.140452364652033,0.383933440211622,0.220000553125472,0.51322233390129,0.518052026722841,0.137770761321236,0.454772670163809,0.280071339470241,0.569979983375614,0.710422145768191,2.0217722991672,3.60415896537875,0.432011332108406,0.125832987208629,18.0877313985364,2.64115731808373,25.1122201831236,40.9183673469388,0.86734693877551
861,89,"Plot_861",2014,"Conifer Forest",40118,"Shaoyang",110.959525213931,27.0390403228111,13,2,18.5858305233735,0.397487186786138,0.552822581,346,16.9,1371,59.6666666666667,123,264.333333333333,275.333333333333,1.23447680488941,-2.25167242838437,0.167299217643118,0.0643247916500583,0.250625265189425,0.330634602124536,0.547064845796263,0.0844360856286906,0.197090363337267,0.34993998560921,0.380144983356903,0.857578467566328,1.76732558139535,3.57755813953488,0.424759212218649,0.126330049628675,17.9479487028333,2.760556868375,24.6633509045888,42.5,0.833333333333333
862,90,"Plot_862",2014,"Conifer Forest",40118,"Shaoyang",110.959763433381,26.822352241934,15,2,36.8560113940165,0.321783023582288,0.511209677,482,16.4,1406,59,119.666666666667,290,274.333333333333,0.49423861342113,-2.70031582727103,0.184097634987205,0.108078314584392,0.0306819479314676,0.206961945962552,0.140692549126024,0.0207995293435566,0.18330475917368,0.100190134409951,0.192062557864437,0.264093667534795,1.85560050349627,3.69712521213424,0.418059701492537,0.138653638240314,17.7337863794982,2.77443019590348,27.2698002155631,43.8805970149254,0.955223880597015
863,91,"Plot_863",2014,"Conifer Forest",40118,"Shaoyang",110.95996332028,27.1108321575252,26,2,54.476403786119,0.309191416579322,0.583682796,295,17.1,1362,58.6666666666667,126.333333333333,312.333333333333,305.666666666667,0.157657537570048,-2.81662314423236,0.10788629581894,0.079494971996348,0.0540655827787342,1.1842378929335e-17,0.0889425012880521,0.0366940329464805,0.0307615120047901,0.0190519340051801,0.0710414944897381,1.06581410364015e-16,1.84031562137157,3.68478033594686,0.41,0.140069832190418,17.7800727101333,2.82894813929,27.9932188993461,44.6,1
864,92,"Plot_864",2014,"Conifer Forest",40118,"Shaoyang",111.000040378282,27.219458105711,30,2,46.9049485575163,0.420632991814029,0.558763441,387,16.4,1387,61,124.666666666667,293.666666666667,318.333333333333,0.173774942789348,-2.81854232498819,0.175496074174406,0.0109826066919384,0.0492576221749229,0.0569226976896182,0.0399511696489385,0.0308744305488852,0.0937118559042093,0.0433259916642398,0.0512284163065191,0.0701562408663059,1.79762596899225,3.69891873830527,0.412167301992091,0.141834971834432,17.6525676859237,2.80748240997611,27.7871865327216,44.7126436781609,0.988505747126437
865,93,"Plot_865",2014,"Conifer Forest",40118,"Shaoyang",111.000282830057,27.2914645655623,32,3,28.2188004115541,0.378005751595588,0.521290323,553,16.5,1385,60.6666666666667,121,296.333333333333,322.666666666667,0.250405527334137,-2.87721848088746,0.248305899281924,0.032050709905198,0.0806800930057556,0.0839076271661673,0.0655783396013377,0.0950502428682166,0.171110249159897,0.0370908409372471,0.0643148324013702,1.29977329712213e-16,1.78750567214975,3.74568916619399,0.413239827072386,0.143946642829429,17.4202802577227,2.78021615061733,27.8358101188033,44.6341463414634,1
866,94,"Plot_866",2014,"Conifer Forest",80101,"Zhangjiajie",111.000453566411,29.4569012145718,31,3,6.07349655059566,0.580562474878493,0.608387097,757,14,1452,56.6666666666667,122.666666666667,285.666666666667,248.666666666667,1.0109793939057,-1.57408969247527,-1.17149639141543,0.279960201013459,0.191513317008883,0.2142512221767,0.367965673102593,0.359185048231486,0.107811449338763,0.0858020831501824,0.246333949215273,0.555710846982982,3.08907820152276,2.87162333565897,0.41885552733119,0.0701577976686024,20.2261418037837,2.47965230942441,22.9429919969023,31.5,0.9
867,95,"Plot_867",2014,"Conifer Forest",80101,"Zhangjiajie",111.000804620557,29.5291817467968,28,2,40.4283389582966,0.479793627232361,0.626774194,208,17,1316,59.3333333333333,129,274.666666666667,202.333333333333,1.39839283170924,-2.3518927195036,0.354022564499177,0.214451029336391,0.0125383036416078,0.658722945975587,0.299757442924558,0.042417682059381,0.532226316357365,0.301890236036048,0.506859977809204,0.857578467566328,1.92102708051352,3.71049905664247,0.439404761904762,0.133545676095377,17.7851647768868,2.6263260611049,25.1429243584271,41.6666666666667,0.833333333333333
868,96,"Plot_868",2014,"Conifer Forest",80101,"Changde",111.038846294686,30.0052587694693,16,2,13.1664859597659,0.69832193446245,0.512983870967742,1035,12.2,1426,57.6666666666667,114.333333333333,249,314.333333333333,2.42623075669952,-0.998963108910115,0.319552252689596,0.379368640065979,0.205286689364706,0.873674644136042,0.405859934104808,0.900678625858805,0.546403466442533,0.668967119277258,0.912347960056566,1.54364124161939,2.15139534883721,3.52953488372093,0.475,0.122555500709671,22.4336002475,2.474748384125,17.0280105427533,35,0.5
869,97,"Plot_869",2014,"Conifer Forest",40118,"Shaoyang",111.041184683458,27.5438858250036,27,2,29.3955240368254,0.425506582164857,0.40505376344086,663,14.6,1479,58.6666666666667,115.666666666667,250.666666666667,327.666666666667,1.61751200023725,-2.18101394991763,-0.451566078337722,0.751909705692591,0.556464705960319,0.0880387993822731,0.850135131979335,0.389376229474194,0.340398655674163,0.19859525073876,0.661317308325026,0.228349296097543,2.3934153256513,3.37335975747532,0.413405972050458,0.103904201490148,19.5886194597653,2.62849646299024,25.9551411257354,38.2692307692308,0.961538461538461
870,98,"Plot_870",2014,"Conifer Forest",40118,"Shaoyang",111.080575174165,27.2199132384909,15,2,34.7992750955365,0.309977527446524,0.54741935483871,288,16.9,1364,59.6666666666667,124.666666666667,389.666666666667,286,1.43729940544382,-2.27838158990918,-0.230780881717368,0.578400706291498,0.447684950121737,0.157894891626819,0.750457478116124,0.264108848873356,0.269029574738738,0.240560182957249,0.59245724957188,0.409537472266369,2.14023367366908,3.42555097822189,0.416325376665135,0.1158655250313,18.6441063262309,2.73001969497086,25.25829187578,40.297619047619,0.928571428571429
871,99,"Plot_871",2014,"Conifer Forest",40118,"Shaoyang",111.081107852554,27.5079612034192,30,2,20.0106632884888,0.471944888266305,0.417016129032258,596,15.5,1437,60,119,279.333333333333,313,1.81457962560921,-1.7172779553838,-0.731716320156334,0.726728223480512,0.649994440649963,0.265106386275681,0.735847430013756,0.40419584322489,0.462055841572981,0.251121417211759,0.597218266293252,0.687615654935935,2.65417028509747,3.18207247982481,0.421304928507902,0.0862320163308288,20.1836572927528,2.61740687408287,24.3578170705557,34.7872340425532,0.872340425531915
872,100,"Plot_872",2014,"Conifer Forest",40118,"Shaoyang",111.08131571954,27.3635909944172,47,3,51.7313866549963,0.409945450130451,0.433225806,394,16.3,1393,53.6666666666667,104,233.666666666667,343,0.734564710347415,-2.52467460086535,0.158884195158947,0.0382759090810263,0.149132389203625,0.196741250850964,0.32552618923414,0.0502429600435184,0.117276910415564,0.208228751767464,0.226201973567744,0.510294625328724,1.78344608879493,3.63733615221987,0.418050479391991,0.133585310847732,17.8264267901818,2.79643864104545,26.2509282595514,43.6363636363636,0.909090909090909
873,101,"Plot_873",2014,"Conifer Forest",80101,"Changde",111.082366651438,29.0239792887981,29,2,57.6451707017582,0.376935300555535,0.562258065,578,15.2,1450,56,116.666666666667,310,318.666666666667,1.31411522086976,-2.39540057017583,0.0861093272042316,0.400375193689258,0.237844579008497,0.380182710967341,0.524814944711803,0.21951480696145,0.410778224894336,0.20747190460003,0.512625510056783,0.555710846982981,2.02889581884847,3.6302505250093,0.425713881832797,0.125826683598269,18.3571127668195,2.66258543870074,26.3094185011776,41.375,0.9
874,102,"Plot_874",2014,"Conifer Forest",40118,"Loudi",111.121830144154,27.7608469873989,28,2,33.1378841898368,0.420155231169304,0.503655913978495,306,16.7,1396,60,117.333333333333,294,283,1.26758266769202,-1.30054983925489,-0.941388272915023,0.389486423723897,0.564383100585936,0.398445715984967,0.0841719335921838,0.195303953188929,0.30324050178848,0.205228534518126,0.117494437362215,0.831445068910695,2.99906982559638,3.09016249028902,0.427653005217497,0.0613517812132721,21.7047907985515,2.3286864314048,23.5110255157378,30.5188679245283,0.839622641509434
875,103,"Plot_875",2014,"Conifer Forest",40118,"Shaoyang",111.162094732981,27.5083506492957,32,3,78.3840112841035,0.473471853253155,0.477903226,377,16.4,1396,65.6666666666667,125.333333333333,306,301.333333333333,1.55829861529817,-2.22129514867286,-0.479030486598312,0.745130659526399,0.527286596257722,0.0615230491540371,0.841998187481384,0.353087400545727,0.314251513340775,0.199309530908217,0.67220374408428,0.159574472467507,2.38385603113719,3.32809131877126,0.412351024955183,0.10614520300061,19.2742265740424,2.67382306661105,25.4269566789201,38.4955752212389,0.973451327433628
876,104,"Plot_876",2014,"Conifer Forest",80101,"Changde",111.16552349223,29.8185531787566,30,2,14.435410299187,0.416701019656257,0.623870968,241,16.6,1285,58.6666666666667,126,249.666666666667,224.666666666667,2.36164347082936,-1.75725809862525,0.631595457376809,0.360965030473939,0.019678045165402,1.12971480515224,0.51349096426798,0.0049183168727424,0.924229856414,0.498451168111952,0.852021278616091,1.44157190237762,2.06663775070752,3.72275919773594,0.476857142857143,0.122429127085546,17.6599547856712,2.3487298359089,21.5604752572447,37.5714285714286,0.628571428571429
877,105,"Plot_877",2014,"Conifer Forest",80101,"Changde",111.247911717663,29.8181987624324,28,2,30.8127913880496,0.561384995554812,0.627338709677419,256,16.3,1293,59,125.333333333333,259.666666666667,217,2.54841476889486,-1.49650234316382,0.432803476823925,0.358189971056875,0.419785636177098,1.10469937624958,0.582249607759027,0.239413754957875,0.916950474791056,0.577428318014977,0.833154855319195,1.5271218942061,1.98286153434911,3.50940466643755,0.457586206896552,0.116632436825956,18.3933724331466,2.28477676097985,19.4512199386927,36.7241379310345,0.551724137931034
878,106,"Plot_878",2014,"Conifer Forest",40118,"Yongzhou",111.279501443314,25.9560096490571,22,2,17.6250649981737,0.405559987043978,0.552258065,218,18.2,1442,56.3333333333333,124,276,200.333333333333,1.19814441559064,-2.43214368207583,-0.189353129540657,0.513432813913986,0.412449838525699,0.113077033926592,0.61038545448949,0.219722577179384,0.21438769403424,0.186147286769796,0.512942297542914,0.293291835907684,2.09941039309982,3.47382356858915,0.414427763665595,0.122933945720585,18.3348695361049,2.7952007728559,26.136572085255,41.3333333333333,0.95
879,107,"Plot_879",2014,"Conifer Forest",40118,"Loudi",111.284786758784,28.0490464405223,37,3,54.5419908849414,0.454967590439899,0.541370967741935,200,17.1,1396,66.3333333333333,126.333333333333,308.333333333333,273.666666666667,0.224635154624178,-2.80085307763555,0.0897959676601502,0.11326680348734,0.0770342524343387,2.39124959150034e-16,0.126727924572752,0.0522827509027602,0.0438299183925754,0.0271457629435684,0.101222036988524,1.53723188025022e-16,1.85691318377607,3.67403693355484,0.41,0.139087116444953,17.8240700360577,2.82428239955769,27.9212102400829,44.4230769230769,1
880,108,"Plot_880",2014,"Conifer Forest",80101,"Changde",111.288084382324,29.2769775631771,37,3,37.5944073659241,0.407951979515816,0.648736559139785,99,17.2,1322,63.3333333333333,131.666666666667,283.333333333333,175.666666666667,1.91046178072222,-2.10714586133373,0.477325033609124,0.29200423493878,0.0159186404180746,0.913887716337411,0.41539075398018,0.00397869387437887,0.747659771295308,0.403224245317527,0.689246327510431,1.166165874601,1.9823315917502,3.71838506024553,0.455494505494505,0.128775723832013,17.6665516395395,2.50554293855043,23.6679277704171,39.9450549450549,0.747252747252747
881,109,"Plot_881",2014,"Conifer Forest",40118,"Yongzhou",111.319770946782,26.0640396326664,28,2,19.6544140012169,0.448870500736894,0.591666667,175,18.2,1420,57.3333333333333,125.333333333333,289.333333333333,224.333333333333,0.210642745002539,-2.78955107228999,0.176443001438107,0.032195657730781,0.00175514953934535,0.100762977378506,0.0457999471907686,0.000438680850714092,0.0824350992743117,0.044458498328688,0.0759945788367625,0.128578537101841,1.81790468598237,3.70985394102663,0.413829787234043,0.141153838053846,17.6794178438928,2.81138409618463,27.7782074946895,44.5744680851064,0.978723404255319
882,110,"Plot_882",2014,"Conifer Forest",40118,"Loudi",111.325260240478,28.0129982809762,19,2,21.0190861314913,0.349250393407138,0.583037634,309,16.5,1426,63,126.333333333333,287.333333333333,241.333333333333,0.794101424565244,-2.72865537651117,0.368063103454481,0.0824377373315873,0.117793519352613,0.350826193288945,0.118958748949785,0.139006796685147,0.42828260072611,0.154886493226742,0.266013520915667,0.318423846205124,1.81874888419075,3.76567629786234,0.424648469453376,0.141842236244084,17.2894547993118,2.67904408812099,26.7100389841454,43.3636363636364,0.945454545454545
883,111,"Plot_883",2014,"Conifer Forest",80101,"Changde",111.329968313845,29.4568080390785,37,3,17.8957494461058,0.588206416322866,0.617204301075269,181,16.7,1319,60.6666666666667,126,278.666666666667,222.333333333333,0.599914526522251,-2.70371860946682,-0.0216299666512362,0.302492283091127,0.20572900600736,4.93432455388958e-17,0.338441785723181,0.139627218213396,0.117052937613356,0.0724959437031201,0.270325321498242,7.89491928622333e-16,1.95914454641253,3.60786380287935,0.41,0.133034157143177,18.0950680580556,2.79554414758333,27.4776786431716,43.3333333333333,1
884,112,"Plot_884",2014,"Conifer Forest",40118,"Loudi",111.366194761454,28.121085128748,31,3,44.6577578445355,0.400126888102439,0.539220430107527,275,16.6,1425,61,118.666666666667,241.333333333333,297.333333333333,0.83304323752392,-2.6329211524284,-0.102843905905767,0.420041755436453,0.285675958224346,7.28583859910259e-17,0.469961350205376,0.193886803477215,0.162540084962419,0.100668100170698,0.375374609298176,1.25247034965525e-15,2.03365692745179,3.55963283539253,0.41,0.128622395446201,18.2925877560742,2.77459797679687,27.1544060729964,42.5390625,1
885,113,"Plot_885",2014,"Conifer Forest",40118,"Yiyang",111.367633271053,28.4101354855439,30,2,35.736681281437,0.439316213917094,0.572956989247312,274,16.8,1405,62.6666666666667,122.666666666667,283,232,1.39616312911894,-1.80918974383082,-0.851703248266015,0.664590836474425,0.536820067625156,0.10110071389408,0.669269759395729,0.298229031062371,0.258010272013421,0.193881177414822,0.530738714541548,0.262228438082504,2.76672719550964,3.1389674641569,0.413935789924973,0.0812693837056039,20.6314640233399,2.51655947608316,24.3917656246793,34.2222222222222,0.955555555555555
886,114,"Plot_886",2014,"Conifer Forest",80101,"Changde",111.369570011225,28.9169087111702,17,2,23.9629785125464,0.448344657111227,0.635537634408602,72,17.3,1348,59,125.666666666667,284.666666666667,237,1.74625804931304,-2.0518342484192,-0.339306590563245,0.705975715736842,0.496909900790157,0.29075359278643,0.841022715773087,0.314687734033043,0.356981388652899,0.269634486619097,0.696065591179385,0.543626183842165,2.31346720235365,3.34017297338611,0.421985077640969,0.105029745855019,19.0955971582486,2.62237825908577,24.0694454857244,38.0487804878049,0.902439024390244
887,115,"Plot_887",2014,"Conifer Forest",40118,"Loudi",111.40697324415,28.0851477909934,23,2,54.5889649513651,0.315288173268188,0.545887096774194,363,16.7,1420,68.6666666666667,128.333333333333,297.666666666667,243,0.0673311747203826,-2.82476859198948,0.149634094107646,0.00350842054568211,0.013669672409376,0.0180335637543596,0.029838161859175,0.00460533629441495,0.0107497570120438,0.0190865233104259,0.0207339726369127,0.0467742815478168,1.80116634120362,3.70304633410261,0.410675994452763,0.141560559821352,17.692845451084,2.83588120031679,27.9960514588996,44.8854961832061,0.99236641221374
888,116,"Plot_888",2014,"Conifer Forest",80101,"Changde",111.411995297877,29.2403675928578,20,2,37.5025753432103,0.439409993222447,0.651155913978495,99,17.1,1322,61.3333333333333,130,292,188,1.80995449922767,-2.07463293214724,-0.0513193556402692,0.571698569195992,0.403697959259387,0.519600515483327,0.739366072464252,0.250134787384495,0.461477538924971,0.317926073856773,0.69821745636044,0.798205755505574,2.1742682046605,3.47199908599721,0.432807895253147,0.113625730628093,18.5784219357841,2.59388408455198,23.9394522444881,38.8983050847458,0.847457627118644
889,117,"Plot_889",2014,"Conifer Forest",40118,"Loudi",111.448633633267,28.1211108630404,29,2,54.991965999542,0.389365118158673,0.492365591397849,323,16.7,1419,62,120.666666666667,296,272.333333333333,1.55532545571422,-2.15873906004147,-0.593641721138752,0.767163010614847,0.538245979957262,0.0283359949331291,0.856132102557289,0.364310662336001,0.309426637143042,0.190586375150286,0.678731789126129,0.0734960556323354,2.49642659510442,3.2746833735743,0.411066931003758,0.100151996255948,19.6265611589626,2.63042188250598,25.2599326712358,37.4698795180723,0.987951807228916
890,118,"Plot_890",2014,"Conifer Forest",80101,"Changde",111.452305177301,29.0591327221606,24,2,35.3817558573234,0.402074102366625,0.644032258064516,60,17.3,1331,60.3333333333333,128,299.666666666667,184.666666666667,1.0605465722184,-2.49799778263587,0.305773093651814,0.147017115636161,0.0471641474983093,0.482697717125776,0.249671359249544,0.0485350733380615,0.41423343197189,0.204339817897031,0.364436512970254,0.657713072645911,1.87627117427505,3.7325383029259,0.430432655656241,0.135383814882888,17.8046476484413,2.68216695612486,26.4231779257842,42.7272727272727,0.878787878787879
891,119,"Plot_891",2014,"Conifer Forest",80101,"Changde",111.454915882214,29.7813929540791,35,3,42.4784292965097,0.353136379884535,0.649596774,205,16.7,1265,61,128.666666666667,283.666666666667,225.333333333333,0.345584517535708,-2.71604934248395,0.164955535045278,0.0152924775186426,0.0520318025049421,0.113921235123807,0.133276286362323,0.0175274487511946,0.0781232606627648,0.0921759411340964,0.11278019582701,0.23485258376564,1.80350342398581,3.68599696403749,0.41441253287065,0.138917522346817,17.727696367663,2.81234613671711,27.3577507684281,44.3564356435644,0.96039603960396
892,120,"Plot_892",2014,"Conifer Forest",40118,"Yiyang",111.489914589954,28.1570622164755,15,2,18.2066501898525,0.549681106237257,0.488602150537634,459,15.1,1503,61,120.333333333333,291.666666666667,270.666666666667,0.938047494002679,-1.69543797855608,-1.06938153665842,0.434533488847774,0.317031757002073,0.109913555097033,0.477287021881461,0.214483764869165,0.17202551714166,0.105343467393537,0.376485394009281,0.140255126334266,2.96469348379023,2.96853435630916,0.414186046511628,0.0732316682220921,20.7155236987316,2.48679046366693,22.7738092691369,32.3255813953488,0.976744186046512
893,121,"Plot_893",2014,"Conifer Forest",80101,"Changde",111.494250605697,29.3120546109072,30,2,68.5804706272598,0.473931322596626,0.633306451612903,268,16.1,1353,57.3333333333333,124,270.333333333333,231,0.972039045158257,-2.53478646019965,0.28877229344862,0.148571157285731,0.00809937167460812,0.464984200225485,0.21134996572076,0.00202435130273385,0.38040776189639,0.205159671006314,0.350687121214642,0.593342810979856,1.87929073080236,3.71303889220168,0.429384615384615,0.136532675411028,17.6746144609342,2.69720339733453,26.2437030642945,42.8461538461538,0.892307692307692
894,122,"Plot_894",2014,"Conifer Forest",40118,"Shaoyang",111.524166221533,27.0377091399084,35,3,25.7642604984985,0.372791638486251,0.564435484,338,17,1371,55,122.333333333333,302.333333333333,178.666666666667,0.437740602900909,-2.66507571814129,0.154556469309946,0.0228093172482851,0.0888707298927724,0.117241724996901,0.193987035217079,0.0299407027198109,0.0698874649823361,0.124087337787958,0.134797910779145,0.304093939991811,1.79173663545757,3.66807913017215,0.41460027393828,0.137316588046104,17.7639298065325,2.81489212413312,27.0673966135321,44.2207792207792,0.948051948051948
895,123,"Plot_895",2014,"Conifer Forest",40118,"Yiyang",111.529341412147,28.1210486044714,27,2,45.0992124627268,0.529052160225457,0.487553763,462,16.1,1453,60.6666666666667,119.666666666667,309,276.333333333333,1.22098106982722,-2.41407765196937,-0.0443945391008318,0.44418715229132,0.299797553172549,0.220919907975811,0.559954078164271,0.328644202554341,0.287016682553523,0.18525169131035,0.532624189977621,0.379496288625266,2.05504561652965,3.57258440590179,0.418796779911999,0.125046337007602,18.7417647406351,2.71815245801356,26.3991781469441,41.3026315789474,0.934210526315789
896,124,"Plot_896",2014,"Conifer Forest",40118,"Yongzhou",111.5628415145,26.7852117061503,26,2,27.3224785020103,0.260890780712925,0.48344086,379,16.2,1433,55,117,305.333333333333,334.333333333333,0,-2.85227720784253,0.148786168177943,0,0,0,0,0,0,0,0,0,1.80279069767442,3.70906976744186,0.41,0.1422916243106,17.680600495,2.83949676825,28.1560210855065,45,1
897,125,"Plot_897",2014,"Conifer Forest",40118,"Yiyang",111.570302494126,28.1569316111713,20,2,13.3592519807098,0.479186839853623,0.493172043010753,482,15.4,1488,60.6666666666667,118.666666666667,299.333333333333,263.666666666667,1.24055028900293,-2.44473457058353,-0.113530786329048,0.50946851408237,0.373466394203829,0.105574185556693,0.649888400271551,0.332706304116666,0.302272649845576,0.133102881029888,0.489480354989786,0.273831437128805,2.09160651982415,3.5784692403617,0.414118849921484,0.121058546913507,18.8602349436115,2.70392562277308,27.3402142912062,41.3953488372093,0.953488372093023
898,126,"Plot_898",2014,"Conifer Forest",40118,"Yiyang",111.570468356311,28.0844301592981,22,2,44.0380093500331,0.410867347130928,0.524543010752688,480,16,1459,65,125.666666666667,253.666666666667,241.333333333333,0.0945447376065145,-2.81352851239362,0.149980558466019,0.00492643565602958,0.0191946092798562,0.0253222754592778,0.0418979944335119,0.00646669708873218,0.0150945377124067,0.0268008147147115,0.0291141215141187,0.0656792666106989,1.80050262565642,3.70058514628657,0.410952207239913,0.141261845298863,17.6978487664731,2.83440387148387,27.9306875254473,44.8387096774194,0.989247311827957
899,127,"Plot_899",2014,"Conifer Forest",80415,"Changde",111.573425245704,28.662336281246,30,2,57.5392753974451,0.562861195229463,0.57422043,169,16.8,1392,60.3333333333333,120.333333333333,316,262.666666666667,1.09971382073687,-1.30792750281725,-1.0071866881612,0.278043714387363,0.412852530093264,0.430425724607245,0.0862334422289729,0.127842497099745,0.285342874449924,0.127898557844226,0.0601548105531802,0.756069179568682,3.06533135987542,3.00393236473905,0.428680075969047,0.0613696378398032,21.3915202339999,2.33373237181909,22.371061468531,30,0.857142857142857
900,128,"Plot_900",2014,"Conifer Forest",80101,"Changde",111.578119477202,29.6006715340224,36,3,27.3562319784112,0.342753602144406,0.646693548387097,100,17,1267,63.3333333333333,127.666666666667,348,204.333333333333,0,-2.85227720784253,0.148786168177943,0,0,0,0,0,0,0,0,0,1.80279069767442,3.70906976744186,0.41,0.1422916243106,17.680600495,2.83949676825,28.1560210855065,45,1
901,129,"Plot_901",2014,"Conifer Forest",40118,"Yongzhou",111.594358326299,24.9427689150214,22,2,21.3464035606292,0.59405527453752,0.530994623655914,364,18.7,1506,56.6666666666667,124.333333333333,264,197.666666666667,0.560023858836298,-2.67885789190314,0.225249177779573,0.0855967599546206,0.00466631603118877,0.267892784148182,0.12176570885441,0.00116629577159909,0.219165499379515,0.118199275231619,0.202042454822215,0.34184442720983,1.84457643005523,3.71123777676445,0.420588235294118,0.139145979953691,17.6773308125271,2.76177349842222,27.111477628542,43.8235294117647,0.941176470588235
902,130,"Plot_902",2014,"Conifer Forest",40118,"Yongzhou",111.597735943995,25.6657256946257,13,2,20.7624370279146,0.346398893715466,0.604516129,245,18.1,1461,54,122.333333333333,298.333333333333,200.666666666667,0.478876226680364,-2.64635556917116,0.155133499423146,0.0249527681568225,0.0972221436881753,0.128259235044555,0.212216501814191,0.032754308482248,0.0764549719656076,0.135748147886936,0.147465221298939,0.33267043901022,1.79063122923588,3.66398006644518,0.415060301332108,0.136819084419654,17.7722627376857,2.81243165972143,26.9585341663347,44.1428571428571,0.942857142857143
903,131,"Plot_903",2014,"Conifer Forest",40118,"Yongzhou",111.633970883444,24.9794177907955,23,2,4.24244988049049,0.220052599394294,0.447930107526882,683,16.5,1533,52.6666666666667,120,243.333333333333,258.333333333333,0.209982621277542,-1.45228867547874,-1.33926950333318,0.0952203320341303,0.00752133462663813,0.0642900615242155,0.0138310442322576,0.0217611897190912,0.00631646357581655,0.0482207764843579,0,0.166751368693453,3.16497602141974,2.80159897286875,0.412459868703108,0.0586285241486573,21.351749706375,2.4417546874375,21.6384130182565,30,0.972222222222222
904,132,"Plot_904",2014,"Conifer Forest",40118,"Yongzhou",111.637651526343,25.5563665910438,24,2,28.8786109389501,0.252194114589602,0.323360215,1346,13.7,1637,57.3333333333333,122,277.333333333333,168.333333333333,0,-2.85227720784253,0.148786168177943,0,0,0,0,0,0,0,0,0,1.80279069767442,3.70906976744186,0.41,0.1422916243106,17.680600495,2.83949676825,28.1560210855065,45,1
905,133,"Plot_905",2014,"Conifer Forest",40118,"Yongzhou",111.643647967463,26.7852466334821,12,2,14.0662592312486,0.444566450047629,0.575645161290323,267,17.6,1373,56,123.333333333333,309,217.333333333333,1.34980768467506,-1.96092561758829,-0.873710640797132,0.680607636955036,0.462890263516559,1.48029736616688e-16,0.761494017877158,0.314161240980141,0.263369109630052,0.16311587333202,0.608231973371044,1.62832710278356e-15,2.74091379010311,3.10183398006681,0.41,0.0867468213060593,20.1674058733333,2.57578104425,24.0859664314971,35,1
906,134,"Plot_906",2014,"Conifer Forest",40118,"Shaoyang",111.645205270848,27.0734393707973,15,2,9.85169525108415,0.478453460679542,0.520134409,323,16.7,1405,62.3333333333333,123.333333333333,324.666666666667,219,0.535709300663307,-2.69852169469285,0.145205319040689,0.113189346442475,0.121655260232574,0.116763943913184,0.238188703731445,0.0937945845610714,0.208421558207513,0.107163974619573,0.201237272997019,0.20557410114313,1.8509113387824,3.67046775598581,0.414580445171305,0.136909053401259,17.8146487384032,2.7633687196761,27.1806189602886,43.7931034482759,0.96551724137931
907,135,"Plot_907",2014,"Conifer Forest",40118,"Loudi",111.650277934683,27.9396590862155,20,2,54.3627066420023,0.422820706403661,0.419301075268817,459,15.7,1487,57.6666666666667,120.333333333333,301,344,1.54349564798156,-2.02251796101475,-0.704290433468153,0.75206486614341,0.547130245127787,0.0521031226426592,0.823785583495039,0.356695483730123,0.305114616930641,0.19478135335275,0.650268945912449,0.135141681433821,2.60864775052882,3.21457019472437,0.411982580745789,0.0925888185024285,20.016082839938,2.58678586083014,24.8702580703814,36.1567164179104,0.977611940298508
908,136,"Plot_908",2014,"Conifer Forest",40118,"Shaoyang",111.685708071414,27.109390132924,30,2,30.88541442022,0.386629480008145,0.537795699,343,16.9,1399,57.6666666666667,123.333333333333,330,183.666666666667,0.223387212263532,-2.77128284616826,0.125463759707917,0.0495101318134211,0.0616401444816217,0.0383859575699539,0.116788446181306,0.0320554309742798,0.0412922561011689,0.0515887584671982,0.0867968766084451,0.0995629932783269,1.82237092621489,3.68120216992539,0.411451725791998,0.139355777546692,17.768047991959,2.82524737504918,27.7123964450717,44.5081967213115,0.983606557377049
909,137,"Plot_909",2014,"Conifer Forest",40118,"Shaoyang",111.727543491767,27.3618724730242,26,2,26.4308994519973,0.386958756405672,0.541102151,306,16.9,1413,58,122.333333333333,318,224.666666666667,0.5533836350832,-2.68012839595264,0.0329418882344929,0.218157378819775,0.176189627468606,0.044899787684959,0.306712530673643,0.108858572945987,0.107065697374392,0.0948282988051205,0.237871786923032,0.116458141009747,1.9069435410763,3.62382968106317,0.411702986025229,0.1340408884237,17.99838744725,2.79995958087981,27.2833989891688,43.5576923076923,0.980769230769231
910,138,"Plot_910",2014,"Conifer Forest",40118,"Loudi",111.730642094043,27.7952895631768,32,3,38.7026252703605,0.281529370123243,0.62491935483871,321,16.7,1447,60.6666666666667,126.333333333333,296.333333333333,193,0.293149844761376,-2.78429276451805,0.0707991234256067,0.147813666629706,0.100530031375616,2.44625412205543e-16,0.165380487651575,0.0682292152200479,0.0571982323701005,0.0354253376153426,0.13209519444657,2.03227265524605e-16,1.87434245896135,3.66275517348953,0.41,0.13805515628483,17.8702720916525,2.81938285709746,27.8455931881668,44.2372881355932,1
911,139,"Plot_911",2014,"Conifer Forest",40118,"Yongzhou",111.835771562041,25.5199333766127,15,2,28.0377858159962,0.418295556386593,0.627311828,225,18.6,1450,58.6666666666667,122.333333333333,323,166.333333333333,1.32654259021627,-2.2547944735476,0.000201441499621667,0.227284967272073,0.400692416437452,0.335336867193017,0.490297574163455,0.0564468711769981,0.274167394414926,0.31544182153999,0.453191975375675,0.869774896027252,1.89867990045617,3.49805917577096,0.425022769579697,0.127935060725814,17.658597152205,2.89818597373903,24.9963846974557,42.0089285714286,0.830357142857143
912,140,"Plot_912",2014,"Conifer Forest",40118,"Yongzhou",111.916173780732,25.5917052232357,18,2,29.8526641698494,0.463122563549424,0.618440860215054,211,18.6,1442,59.3333333333333,125.333333333333,350,147.333333333333,0.182563943498668,-2.78232273186461,0.150196220637091,0.00849604851209295,0.0320968380828645,0.0471207440309715,0.0776614588777298,0.0278683100860473,0.0594205576250276,0.0423739953622681,0.0541767689779532,0.122218712733052,1.80677472398403,3.69474512567536,0.411788995420442,0.140364433638114,17.7556489980434,2.81925492215579,27.7963167803477,44.6969696969697,0.97979797979798
913,141,"Plot_913",2014,"Conifer Forest",40118,"Changsha",111.97599661659,28.0102429253418,25,2,26.3046261923348,0.312397071711709,0.478145161290323,501,15.8,1521,61,124.333333333333,336.666666666667,231.666666666667,0.956729455744288,-2.59038524575752,-0.151638151984837,0.482407517361371,0.328091738483573,2.22044604925031e-16,0.539738931366008,0.222674175374276,0.186673248179702,0.115614811271255,0.431108410076681,1.32311115099658e-15,2.07842480215089,3.53065512888321,0.41,0.125971759510297,18.4112598071907,2.76201328233247,26.9601802851017,42.0618556701031,1
914,142,"Plot_914",2014,"Conifer Forest",40118,"Yongzhou",111.998003016197,25.8798973951784,28,2,49.9042165384925,0.533121407556322,0.501182795698925,375,17.4,1447,54.6666666666667,122,324.666666666667,192,1.32202826369334,-3.36548827192059,2.19658168385311,0.169213294998746,0.425954508299209,0.442994433206322,0.346224060475161,0.501822419339095,0.903384953220859,0.195822913995676,0.339553312239207,1.32727786314738e-15,1.48827410504311,4.46257904363731,0.476665205751653,0.176346574656844,12.3240484964934,1.61969259868489,21.5671107818824,37.4719101123596,1
915,143,"Plot_915",2014,"Conifer Forest",40118,"Hengyang",112.045934395863,26.7828204408472,18,2,20.7480543582497,0.402533547030296,0.588548387096774,161,18,1400,54.3333333333333,129.666666666667,270.666666666667,182.666666666667,0.678962242689173,-2.55197481811345,0.15804269291053,0.035378635407532,0.137843895854184,0.181849031168495,0.300885665187945,0.0464398470957799,0.108399699835497,0.192466992085066,0.209079740846296,0.47166815716148,1.78505813953489,3.64331395348837,0.417379606109325,0.134310836969638,17.8142745989167,2.8000268183125,26.4096859950476,43.75,0.916666666666667
916,144,"Plot_916",2014,"Conifer Forest",40118,"Hengyang",112.047948604479,26.9991394958603,18,2,36.5366012019727,0.431281791507334,0.54505376344086,388,16.9,1480,55.3333333333333,119.666666666667,339.666666666667,258.666666666667,0.24246356016984,-2.75723545917933,0.157543403281105,0.0379119219526817,0.0205151721127123,0.0873100236085987,0.0405593096541294,0.0900086463711627,0.0546044226819625,0.0668527298686017,0.0911748125763303,0.154262635585896,1.82066785927251,3.69986285032797,0.413333333333333,0.141279515407988,17.9243440720513,2.82079172291026,27.5853538781858,44.4871794871795,0.974358974358974
917,145,"Plot_917",2014,"Conifer Forest",40118,"Changsha",112.057240155818,28.0095698591911,14,2,19.7727319289587,0.309572289525704,0.574166666666667,308,16.7,1477,57.6666666666667,123,317.333333333333,236.666666666667,1.00590924277566,-2.60737734303238,-0.110836356392431,0.474213693554238,0.330233048670138,0.0304215340356883,0.530954612575854,0.229890837824806,0.263879556484598,0.114012204362988,0.442677708429813,1.34934798377519e-15,2.07700330707357,3.54911579478671,0.411153846153846,0.126104384964857,18.2565815539177,2.72779111119785,26.9819668583884,41.9230769230769,1
918,146,"Plot_918",2014,"Conifer Forest",40118,"Yongzhou",112.0837774797,26.5294948065372,30,2,23.2015173454706,0.42078819402865,0.582741935,131,18.3,1383,55.6666666666667,130.333333333333,268,162.666666666667,0.958388631628701,-3.03714032449837,0.439817769689656,0,0,0.353749080401206,0.490469726188947,0.313288009444692,0.614736100210826,0,0.277055870319218,0,1.80279069767442,3.70906976744186,0.424857142857143,0.155755628458601,16.7473073772041,2.60783999473571,28.1560210855065,43.2857142857143,1
919,147,"Plot_919",2014,"Conifer Forest",40118,"Hengyang",112.086512250713,26.818430973977,41,3,93.0590800423769,0.476966974389392,0.540698924731183,237,17.4,1439,55,126.333333333333,290.666666666667,201,0.46978039963606,-2.71139575469548,0.174090571429938,0.111420356248828,0.0415916369237716,0.191940136091417,0.126609518245338,0.0160297658341734,0.160203359198505,0.0845578241067495,0.17552373305615,0.272625253578185,1.85699451591402,3.69193028673395,0.417486622901036,0.139032164577803,17.6724673302517,2.78287999200422,27.4113574550201,43.9814814814815,0.953703703703704
920,148,"Plot_920",2014,"Conifer Forest",40118,"Hengyang",112.087400906621,26.8903728394752,28,2,46.9841104828173,0.449468534476574,0.529543010752688,260,17.4,1447,53.3333333333333,126.333333333333,270.333333333333,184.666666666667,2.18504109816589,-1.67641336870299,0.31315152929025,0.125544598576908,0.411800159263416,0.626747939993343,0.895634044460197,0.218230980702447,0.496197719945578,0.544405871006236,0.648511825485106,1.41762971169128,1.7817152331237,3.50602037549784,0.447953875516766,0.113653211235528,18.0863739722161,2.56988783142988,21.8980426767831,39.2142857142857,0.642857142857143
921,149,"Plot_921",2014,"Conifer Forest",40118,"Changsha",112.098426809691,28.0449311201012,27,2,22.801255939307,0.335041980031881,0.567150538,197,17.1,1451,60,124.666666666667,299.333333333333,222.333333333333,0.629404592458795,-2.65573531644456,0.235444245726457,0.0962012474378874,0.00524442073949709,0.301081723517651,0.136851127229151,0.00131078685885834,0.246317669580421,0.132842852107537,0.227073270058523,0.384195153469715,1.85014786103934,3.71152684467413,0.422,0.138726560706103,17.6768948548641,2.75141039577852,26.9722051676134,43.6666666666667,0.933333333333333
922,150,"Plot_922",2014,"Conifer Forest",40118,"Yongzhou",112.117636426913,25.8428341631311,26,2,11.1398653037567,0.41336187740832,0.51491935483871,558,16.5,1486,56.6666666666667,123,353,186,0,-2.85227720784253,0.148786168177943,0,0,0,0,0,0,0,0,0,1.80279069767442,3.70906976744186,0.41,0.1422916243106,17.680600495,2.83949676825,28.1560210855065,45,1
923,151,"Plot_923",2014,"Conifer Forest",40118,"Yongzhou",112.156638982472,25.8064823023645,21,2,31.6177438636177,0.379174929647718,0.566881720430108,321,17.8,1442,60.6666666666667,124,332.333333333333,167.333333333333,0.709974451974763,-2.90763949036999,0.386981931341698,0.040112440533493,0.0986565563592975,0.275686672745776,0.251189022916859,0.221306837082324,0.456494351180338,0.0707129716973322,0.212659670190084,0.0786437827155936,1.79308863326943,3.75474863160234,0.421354109117311,0.148204969598156,17.0424263232532,2.67080689755734,27.5316242521774,43.7096774193548,0.987096774193548
924,152,"Plot_924",2014,"Conifer Forest",40118,"Hengyang",112.251403665552,27.1776772928737,14,2,12.8872751756223,0.352652943781514,0.610107527,125,18,1500,54.3333333333333,127.666666666667,306.333333333333,176.333333333333,2.28046446639816,-1.44992810290356,0.255507291285807,0.246716283251054,0.421307007129988,0.705017633016675,0.895394567671762,0.172939166705947,0.492196385429997,0.56923482249125,0.71947041485674,1.47376160189013,1.85747865433191,3.43001031305684,0.45402237155367,0.105902471024145,18.2426050570848,2.54252657264279,19.919820558369,37.8723404255319,0.606382978723404
925,153,"Plot_925",2014,"Conifer Forest",40118,"Changsha",112.261083889594,28.0438767152329,24,2,44.782702483622,0.417451911153348,0.56438172,133,17.4,1457,58.6666666666667,129.666666666667,348,200.666666666667,1.0513916168619,-2.54815752727088,-0.16232273816722,0.512108932429806,0.345323307761903,0.0387079897165852,0.575932410325026,0.234308045703046,0.2193657438832,0.133864110568782,0.471957314925203,0.0493933071589968,2.10357423037759,3.51838154527135,0.411451612903226,0.12439063018766,18.4622926333303,2.74589830999942,26.7327197123229,41.6935483870968,0.991935483870968
926,154,"Plot_926",2014,"Conifer Forest",80415,"Loudi",112.296223376526,27.5742370302212,25,2,71.3323998929137,0.466230160971123,0.551048387,124,17.6,1533,60,128,278,208.333333333333,1.83544312180617,-2.03307248538997,-0.25512487334355,0.698526580781385,0.556326314133642,0.302674777547452,0.842493560238229,0.408402475910651,0.413519050018621,0.259414952855215,0.658027824496721,0.657713072645912,2.28383692510313,3.46349587237286,0.422812261765566,0.104208036801611,19.5843490199391,2.58289417624241,25.7133901441513,38.2954545454546,0.878787878787879
927,155,"Plot_927",2014,"Conifer Forest",80415,"Hengyang",112.373681920609,27.3580749285106,26,2,32.6011237176677,0.55620806812436,0.496854839,236,17.2,1605,55.3333333333333,125.333333333333,299.333333333333,199,1.50110149882152,-2.11213704807785,-0.700251360703146,0.756893856467056,0.514773531254465,1.98254111540207e-16,0.84684642453654,0.349374147933113,0.292888957217732,0.181398790894586,0.676405933396529,2.02219193771011e-15,2.58176790835181,3.20484719399651,0.41,0.0961696003871867,19.7455371037946,2.62051853314286,24.7764221317308,36.6964285714286,1
928,156,"Plot_928",2014,"Conifer Forest",80415,"Loudi",112.375064812099,27.4290257096797,25,2,12.5690100264589,0.244159660415727,0.497150538,452,15.5,1685,54,119.666666666667,334.666666666667,278.666666666667,0.359400317592707,-2.76783337297634,0.0519180494329358,0.181218853363208,0.123249341078149,2.80477395694776e-17,0.202755692516212,0.0836486938587567,0.0701247612677026,0.0434312956916171,0.16194808110921,2.52429656125299e-16,1.89166551695714,3.65154216653265,0.41,0.137029485078591,17.9161925834737,2.81451317334474,27.7704369603898,44.0526315789474,1
929,157,"Plot_929",2014,"Conifer Forest",80415,"Xiangtan",112.376109127617,27.5017294971728,26,2,33.7245374485735,0.380400500057745,0.519516129032258,187,17.6,1573,55.3333333333333,126.333333333333,293,203.333333333333,0.536064830682123,-2.66210304526477,0.069052568428596,0.15822737793451,0.157088501796549,0.0750959308984179,0.287313108459425,0.088252076939646,0.101059590316628,0.111439048970566,0.217307831695893,0.194778927935906,1.87232929658955,3.63383631409796,0.412887671955823,0.134640598584418,17.935636452375,2.80255344077446,27.1408746380979,43.695652173913,0.967391304347826
930,158,"Plot_930",2014,"Conifer Forest",80415,"Xiangtan",112.380109955831,27.7901839693821,27,2,18.0776110748148,0.409891290941602,0.608709677,157,17.5,1515,55.6666666666667,128.666666666667,311.333333333333,194.666666666667,0,-2.85227720784253,0.148786168177943,0,0,0,0,0,0,0,0,0,1.80279069767442,3.70906976744186,0.41,0.1422916243106,17.680600495,2.83949676825,28.1560210855065,45,1
931,159,"Plot_931",2014,"Conifer Forest",40118,"Xiangtan",112.424014111667,28.0426177756166,29,2,37.6140824542184,0.485725042908579,0.586935484,133,17.5,1457,58,130.666666666667,329,213.333333333333,1.60812933026068,-2.15712160955811,-0.364296404400892,0.691794485257865,0.489609696793591,0.150452516450809,0.847345548018724,0.316782228971971,0.311313337097,0.245129631166661,0.660475972232849,0.390233924913836,2.27232510415176,3.34816548454324,0.416003747343179,0.107561990875025,19.0896060880788,2.66433810215825,24.7191555603851,38.8983050847458,0.932203389830508
932,160,"Plot_932",2014,"Conifer Forest",40118,"Chenzhou",112.436316260246,25.8406458429465,13,2,19.8541087873166,0.349174404339372,0.579435484,239,18.3,1430,59.3333333333333,123.666666666667,278.666666666667,174,1.03274206693035,-2.38869418083379,0.185886940705755,0.0497976524835743,0.181336863809359,0.313144356842648,0.423032874656726,0.0610770471928588,0.204256712111346,0.282523874051511,0.328692109497061,0.707799900037656,1.7921041554938,3.62043651374059,0.423421351695686,0.130440819732926,17.8611467380181,2.76094710820147,25.4485990990643,42.9245283018868,0.867924528301887
933,161,"Plot_933",2014,"Conifer Forest",80415,"Xiangtan",112.504915069209,27.9695087667168,32,3,40.6594557472273,0.36207903459172,0.572204301,105,17.6,1478,59,126.666666666667,284.666666666667,209.333333333333,1.21720664669271,-2.35311843313706,-0.0523844477039495,0.3687932888298,0.344338132405662,0.190073566896343,0.632264589220182,0.191876051396967,0.222523088251707,0.249077356607442,0.477272026604591,0.493000421542193,1.97765939944132,3.51478378164459,0.417748586414791,0.122455681982903,18.3338619133938,2.74366195274062,25.4829204681352,41.625,0.9125
934,162,"Plot_934",2014,"Conifer Forest",40118,"Chenzhou",112.518144380162,25.9850313872694,28,2,20.191665215341,0.299927932939262,0.556747311827957,329,17.5,1461,64.6666666666667,125.666666666667,312.333333333333,177.333333333333,2.13116950089255,-1.7510048355337,0.350573343156495,0.33049722461315,0.142489314781334,0.846288604176623,0.38991007887574,0.617691945755399,0.591401843794665,0.543388453316503,0.790231189674218,1.33702656026046,2.02513980798723,3.6338452973677,0.45609756097561,0.128409818430441,19.7618604251669,2.55045644477344,21.5381395039663,38.6585365853659,0.682926829268293
935,163,"Plot_935",2014,"Conifer Forest",80415,"Xiangtan",112.543278909699,27.8603711852155,15,2,18.1392819907671,0.396426274601249,0.613602151,109,17.6,1505,55.6666666666667,133.333333333333,286.666666666667,172.333333333333,0,-2.85227720784253,0.148786168177943,0,0,0,0,0,0,0,0,0,1.80279069767442,3.70906976744186,0.41,0.1422916243106,17.680600495,2.83949676825,28.1560210855065,45,1
936,164,"Plot_936",2014,"Conifer Forest",40118,"Chenzhou",112.55617897438,25.8751377304963,15,2,7.95214854829537,0.330251486295323,0.566263440860215,291,18.1,1441,60.6666666666667,127.333333333333,304.333333333333,172.333333333333,0.224671245278883,-2.78527429032049,0.178328694614937,0.0343398416824661,0.00187203994445963,0.107473645035171,0.0488501570226548,0.000467896356975108,0.0879251569211401,0.0474193696185219,0.0810557071951084,0.137141680557095,1.81893518518519,3.70990740740741,0.414090909090909,0.141076261718158,17.67933720859,2.80946732308927,27.7524474771338,44.5454545454545,0.977272727272727
937,165,"Plot_937",2014,"Conifer Forest",40118,"Chenzhou",112.557610334548,25.9476582830138,23,2,22.1663618159172,0.338568560782101,0.556666667,285,18,1443,60.3333333333333,127,302.666666666667,171.666666666667,0.701761516317277,-2.61758089946122,0.229852048941615,0.0939208265018702,0.0246429530432028,0.308674406485247,0.180654353684021,0.0213470811230367,0.267503015238396,0.151677984737113,0.246171993956091,0.438430648507283,1.8495389915855,3.70042907308024,0.422439311897106,0.137533166548171,17.7343322256537,2.74277132625074,26.7893392673688,43.5384615384615,0.923076923076923
938,166,"Plot_938",2014,"Conifer Forest",40118,"Hengyang",112.568989353577,26.813660817117,18,2,15.8376340321179,0.323862911976275,0.590725806451613,77,18.2,1387,57.3333333333333,129.666666666667,326.333333333333,166,0.529695109393985,-2.684816271436,0.224136465292919,0.0443670176662502,0.0842024882102754,0.199844499625556,0.153766680090397,0.0928044015187052,0.203689913826402,0.0619795976699116,0.151531841116661,0.34184442720983,1.82007207275675,3.74812230835487,0.417898684509173,0.138319280256944,17.9312069579223,2.76726164831394,27.9258970875274,44.1176470588235,0.941176470588235
939,167,"Plot_939",2014,"Conifer Forest",40118,"Chenzhou",112.717474806451,25.9453811630988,29,2,49.5903760346468,0.349831556633368,0.570268817204301,210,18.4,1442,61,127.666666666667,272,145.666666666667,0,-2.85227720784253,0.148786168177943,0,0,0,0,0,0,0,0,0,1.80279069767442,3.70906976744186,0.41,0.1422916243106,17.680600495,2.83949676825,28.1560210855065,45,1
940,168,"Plot_940",2014,"Conifer Forest",40118,"Chenzhou",112.781958604961,24.9344995200915,48,3,76.1808289042906,0.462193496329413,0.2425,1357,13.4,1715,53.3333333333333,111,214,369.333333333333,2.13416167276297,0.162378361812481,-0.207056204958899,0.728081202095635,0.620717542263909,1.02138092770295,0.217368953603483,0.687587401969323,0.792895177342771,0.344958541955921,0.218095077525691,6.54515201726691e-16,2.37496134791025,2.73574989871886,0.475674300456143,0.0794266103069029,18.9669225179564,2.18610366948158,11.3262576247359,28.0232558139535,0
941,169,"Plot_941",2014,"Conifer Forest",40118,"Chenzhou",112.910158426054,25.5456913655412,18,2,29.3126312740258,0.412596496669964,0.278736559139785,782,15.9,1543,54.3333333333333,111,235.666666666667,323.333333333333,1.50248485749839,-2.25248922187706,-0.539249067767902,0.757591381374354,0.515247927177486,2.22044604925031e-16,0.847626846346974,0.34969611800602,0.293158872663585,0.181565961196896,0.677029283661506,1.9755744288657e-15,2.43405109631802,3.30046250864744,0.41,0.104915682101937,19.353964861729,2.66204319696028,25.4172927201918,38.2710280373832,1
942,170,"Plot_942",2014,"Conifer Forest",40118,"Chenzhou",112.910974954629,25.618400600935,7,1,10.4018932587075,0.344599536553367,0.292016129,897,14.6,1616,53,114.333333333333,227.333333333333,302,0,-1.51524982246117,-1.38495904528467,0,0,0,0,0,0,0,0,0,3.20997533631745,2.79821608637929,0.41,0.0589744198037889,21.4108085625,2.44392318225,22.0509391044924,30,1
943,171,"Plot_943",2014,"Conifer Forest",40118,"Hengyang",113.093652584443,26.9151555623694,22,2,8.32945795197202,0.328498549248547,0.460967741935484,384,16.2,1668,53.3333333333333,119.333333333333,250.666666666667,229.666666666667,0.912271453013787,-1.29851648043563,-1.12554919630463,0.209792534885479,0.2200637962783,0.387880195259285,0.0764617980371765,0.135117854611523,0.20657636315181,0.136721235696944,0.0699175446274087,0.66348928002966,3.10013561842514,2.88850986578597,0.426442159590524,0.0607605660103789,21.1239141464934,2.40075606848636,21.1490670384369,29.6938775510204,0.877551020408163
944,172,"Plot_944",2014,"Conifer Forest",80415,"Hengyang",113.097972246464,27.1315465342511,21,2,39.155885008854,0.624280806524071,0.581344086021505,203,17.6,1633,58.3333333333333,127,293,172,2.78543644391622,-0.754289601075423,-0.153954204291757,0.543637004476755,0.890175452499036,0.762170905855397,0.632360602219272,0.163431344155518,1.13660046171673,0.485766393643618,0.8264193544436,1.4123245387733,2.43603737669043,3.11257897828269,0.490053129019293,0.0988793238115246,17.1732695651073,2.88254612501133,17.3579424428201,32.2916666666667,0.354166666666667
945,173,"Plot_945",2014,"Conifer Forest",80415,"Yueyang",113.165873041452,28.5375397415169,25,2,10.6225185956747,0.246692054587466,0.602956989247312,259,16.8,1429,59.3333333333333,128.333333333333,343,174,0,-2.85227720784253,0.148786168177943,0,0,0,0,0,0,0,0,0,1.80279069767442,3.70906976744186,0.41,0.1422916243106,17.680600495,2.83949676825,28.1560210855065,45,1
946,174,"Plot_946",2014,"Conifer Forest",40118,"Chenzhou",113.188284533341,25.5058978132337,41,3,21.9191281661627,0.377772036085384,0.519596774,409,18.2,1468,62,126,286,149.666666666667,0,-2.85227720784253,0.148786168177943,0,0,0,0,0,0,0,0,0,1.80279069767442,3.70906976744186,0.41,0.1422916243106,17.680600495,2.83949676825,28.1560210855065,45,1
947,175,"Plot_947",2014,"Conifer Forest",80415,"Changsha",113.20620116727,28.5005339979243,29,2,50.4115292777673,0.502371057841874,0.593494624,72,17.4,1403,61.3333333333333,130.666666666667,315.333333333333,161.666666666667,0.344599220114504,-2.74807450253094,0.177879338332294,0.0704773956308451,0.0164218263140159,0.148736517124852,0.0931682893025057,0.0111363040388528,0.129718069233064,0.070681796858334,0.132116903512852,0.189795143842344,1.83650985990091,3.70301080675038,0.415714285714286,0.139932727320309,17.7084407303916,2.79441140369215,27.5438461882477,44.2460317460317,0.968253968253968
948,176,"Plot_948",2014,"Conifer Forest",80415,"Zhuzhou",113.230945105385,27.7428853830016,15,2,8.90300601507992,0.375873713801616,0.606962366,67,17.8,1541,55.3333333333333,130,291,157.666666666667,1.72603809178751,-1.39000637189779,-0.737799536016406,0.69323294081468,0.334759622118182,0.374635879987613,0.604126028529032,0.240273672741875,0.336323093688232,0.252602090973291,0.465659639348342,0.971706112399353,2.66733132733294,3.03570721753607,0.427326031734936,0.074723625043717,20.5968988847465,2.41127439309848,21.0889454021233,33.2608695652174,0.804347826086957
949,177,"Plot_949",2014,"Conifer Forest",80415,"Changsha",113.248741531306,28.6084793446248,28,2,28.3662343005417,0.33723706824772,0.609462365591398,72,17.4,1399,60,133,322.666666666667,195,1.76376383799089,-2.03329384859345,-0.428569747798969,0.70815208961962,0.516623105362262,0.345323578681229,0.809769343286934,0.349394001571911,0.39896184169134,0.235316015468511,0.717157127907472,0.440649946327174,2.47969553412787,3.30933325768369,0.423922651933702,0.101330078910107,19.3250118815826,2.56245795554828,24.0841542278342,36.8232044198895,0.922651933701657
950,178,"Plot_950",2014,"Conifer Forest",80415,"Zhuzhou",113.300231847388,27.164459060285,24,2,14.0332061432841,0.381241478858458,0.586129032,134,17.8,1592,57,128.333333333333,313.333333333333,169.333333333333,0.548267834930585,-1.37985414069265,-1.25777702423465,0.190187299807917,0.0666853298495799,0.171596099567384,0.0544655584278096,0.0524333846634331,0.132092337525238,0.118364284287491,0.0260445351919262,0.420628885043347,3.11565797771023,2.80965600221897,0.414831695195763,0.0601868939373743,21.3141497907018,2.39633534979431,20.9883342384888,29.8529411764706,0.926470588235294
951,179,"Plot_951",2014,"Conifer Forest",40118,"Chenzhou",113.313549509676,25.8299702485674,14,2,2.63857912765431,0.320714076833459,0.434220430107527,506,16.4,1575,52,118,267,263.333333333333,1.61385980451381,-2.15610329928519,-0.571537473517075,0.755875765455339,0.550573292615525,0.0819838860370024,0.845451175966727,0.356022756694755,0.339935003771448,0.206544252774365,0.698225479635127,0.212644456753692,2.45106521063081,3.2596626242716,0.413162688332568,0.10391992920528,19.2188997467284,2.70866503713579,24.9492892161714,37.8571428571429,0.964285714285714
952,180,"Plot_952",2014,"Conifer Forest",40118,"Changsha",113.329510851106,28.5348302136744,22,2,24.8448621844851,0.458319140360234,0.599032258064516,95,17.3,1425,60,131,279.666666666667,206.333333333333,2.38112012121883,-1.31283448991352,-0.0687039569029446,0.5516368490826,0.517389295685357,1.02976882751368,0.570437438599667,0.336639264095069,0.682093668006096,0.383011685676139,0.605240091557587,1.37212554810613,2.58071621205944,3.33154114523285,0.467459868703108,0.0897331685277588,19.2106192617589,2.26328266119322,19.6890950782126,32.4305555555556,0.666666666666667
953,181,"Plot_953",2014,"Conifer Forest",80415,"Yueyang",113.340025733532,29.0396810075635,10,1,6.67864484805769,0.276390778583743,0.628198924731183,85,17,1387,58.3333333333333,132,288.333333333333,165.666666666667,0,-2.85227720784253,0.148786168177943,0,0,0,0,0,0,0,0,0,1.80279069767442,3.70906976744186,0.41,0.1422916243106,17.680600495,2.83949676825,28.1560210855065,45,1
954,182,"Plot_954",2014,"Conifer Forest",40118,"Chenzhou",113.365783395213,26.4420818192856,23,2,22.102721739489,0.316355810230026,0.563629032258064,174,18.1,1497,58,129.666666666667,286.333333333333,146,0,-2.85227720784253,0.148786168177943,0,0,0,0,0,0,0,0,0,1.80279069767442,3.70906976744186,0.41,0.1422916243106,17.680600495,2.83949676825,28.1560210855065,45,1
955,183,"Plot_955",2014,"Conifer Forest",40118,"Changsha",113.367931077377,28.4260046098238,18,2,21.254550975209,0.45736183888274,0.588629032258065,136,17.1,1457,57.6666666666667,124.333333333333,283.333333333333,229.666666666667,2.42904097810609,-0.896902865031567,0.222426324523436,0.440433291543954,0.501326079930013,1.19101295618603,0.410868827204052,0.32792202122414,0.772178407039976,0.405167758105821,0.415918025320603,1.54355397601695,2.64927308932732,3.38621020290873,0.497948199598675,0.0850493252667882,19.0242151657029,2.05379956148969,17.0927183904906,29.7368421052632,0.503759398496241
956,184,"Plot_956",2014,"Conifer Forest",40118,"Changsha",113.398154825127,27.9567375636393,10,1,7.76668653415948,0.266916190463671,0.602930108,101,17.5,1518,61.3333333333333,129.333333333333,289,191,0.220037702639301,-1.47851217651457,-1.32951775523904,0.112249481871703,0.0292986177902827,0.0534676645528381,0.0390702170084598,0.0335744428715836,0.0135277612197404,0.0402973896349143,0.0310986621343102,0.138680941247349,3.15655998791196,2.81148529911842,0.412035753409469,0.0596458303478962,21.319056312977,2.44667538868103,21.7797115616422,30.1724137931035,0.977011494252874
957,185,"Plot_957",2014,"Conifer Forest",40118,"Changsha",113.405829875016,28.3170800049841,28,2,16.2462223037243,0.309995088659378,0.633682795698925,86,17.4,1452,60,126.666666666667,263.333333333333,228.666666666667,1.17779045745878,-2.53737113240795,-0.0555059374288729,0.426960090999145,0.387683343428064,0.231644269066245,0.503282405000395,0.157486951873503,0.304701387591766,0.170024193350209,0.492778439048514,0.358307202858619,2.04064487519451,3.50352001993891,0.419498264328571,0.131872395507578,17.746503977791,2.79897375396199,26.4413720833783,41.5979381443299,0.938144329896907
958,186,"Plot_958",2014,"Conifer Forest",40118,"Changsha",113.411135071411,28.5333057162534,22,2,11.7377539723745,0.389533985009182,0.604247311827957,85,17.3,1437,60.3333333333333,133.666666666667,294.333333333333,162.333333333333,0.794558328596434,-2.66727791305817,0.289622734835004,0.104265342559599,0.00568403570113154,0.377685160847113,0.154729805186045,0.0552214155717105,0.362110828005776,0.143978439474284,0.286522499852476,0.416400414268239,1.85445305770887,3.71175021533161,0.425454545454545,0.140544464674695,17.5280795279296,2.7065480570402,26.864585538714,43.2727272727273,0.927272727272727
959,187,"Plot_959",2014,"Conifer Forest",80415,"Yueyang",113.428286720395,29.253997556885,17,2,38.4618725493923,0.314491839329089,0.609623655913978,196,16.3,1411,60,127,276.333333333333,194,0,-2.85227720784253,0.148786168177943,0,0,0,0,0,0,0,0,0,1.80279069767442,3.70906976744186,0.41,0.1422916243106,17.680600495,2.83949676825,28.1560210855065,45,1
960,188,"Plot_960",2014,"Conifer Forest",40118,"Chenzhou",113.488183347525,26.5477228184713,26,2,19.8974848101826,0.434392775483455,0.562311828,187,18,1509,59.3333333333333,130,307,147,1.1581388468558,-2.40000955996985,-0.082573753908502,0.313845948468411,0.430786339442001,0.271260766827677,0.34961914557779,0.0729886301563764,0.369932994451648,0.226428357844565,0.415840403186223,0.703578485833509,1.96875406804328,3.49226244468562,0.421613806335986,0.132507885442769,17.4589457065929,2.98160753032241,25.9884789780687,42.3770491803279,0.868852459016393
961,189,"Plot_961",2014,"Conifer Forest",40118,"Changsha",113.530905611347,28.4231341280674,29,2,39.5727762446315,0.395093174096563,0.628172043010753,104,17.4,1462,62.3333333333333,130,312,171,2.48364647229207,-1.65684801452668,0.514366294593638,0.462667727972325,0.197708777786873,1.08662869272258,0.644543257826627,0.147218901895986,0.886521125465366,0.475469783063276,0.841155289563449,1.45435194691909,2.16851950183441,3.64507254957455,0.476527415442224,0.116239753769069,17.9148814001324,2.3063624274214,21.442241694125,36.3291139240506,0.620253164556962
962,190,"Plot_962",2014,"Conifer Forest",40118,"Changsha",113.532649907551,28.4954356749603,15,2,38.8647853573731,0.348580062344084,0.6125,176,16.8,1493,59.3333333333333,126,295.333333333333,215.333333333333,0.113848439143148,-1.54079811644935,-1.3556518119064,0.0574053015225575,0.0390421054749047,8.4857810799375e-18,0.0642275980026213,0.0264976761733829,0.0222136548712272,0.0137578766139507,0.0513008346236521,7.63720297194375e-17,3.18308645787204,2.81562093378813,0.41,0.0605664682975496,21.3395307013376,2.45148191319268,22.167596721964,30.2866242038217,1
963,191,"Plot_963",2014,"Conifer Forest",80415,"Yueyang",113.548189523885,29.1441441158031,12,2,23.187760104289,0.354969523011357,0.63997311827957,174,16.7,1422,59.6666666666667,121.666666666667,286.333333333333,227.666666666667,1.44600227219771,-1.19334022268386,-0.830078252298314,0.287979005832224,0.356151415364064,0.7210589185476,0.190959174314369,0.215998675547817,0.422488986372103,0.2213323122163,0.134779584690899,0.987930394636411,3.04345895068692,2.9937106167288,0.443528520900322,0.0644073626628103,20.7765365943964,2.27096836245327,20.0350513913454,29.2702702702703,0.8
964,192,"Plot_964",2014,"Conifer Forest",40118,"Zhuzhou",113.604547126626,26.3655341798072,30,2,52.230977544065,0.557560109483873,0.440887096774194,443,16.9,1563,58,125.666666666667,314,235.666666666667,2.24006225671553,-1.83215401249756,0.31626756155694,0.354941300265396,0.702904060159447,0.510533235680391,0.822589423847276,0.666080342100697,0.694108559819349,0.282884087743003,0.523478337737374,1.32418781060175,1.94878300277974,3.95837489174665,0.437582790047968,0.107433774670633,20.6116335582141,2.47703786046692,30.1155510630739,40,0.688524590163934
965,193,"Plot_965",2014,"Conifer Forest",40118,"Changsha",113.614308429596,28.4936182556613,26,2,10.9558938875915,0.381906979769413,0.611747312,158,16.9,1493,56.6666666666667,125.666666666667,302,220.666666666667,2.36568191255637,-1.74576891887291,0.440063110229533,0.458656677216654,0.177613921647877,1.0752918697059,0.603019011076581,0.119430290721643,0.843126919783044,0.451783775119691,0.84382800009347,1.37212554810612,2.16987138844742,3.63701684980113,0.47,0.116751750315263,18.0074619301999,2.36243772200371,21.6716561274283,36.9444444444444,0.666666666666667
966,194,"Plot_966",2014,"Conifer Forest",40118,"Zhuzhou",113.682661952941,26.2915373343381,25,2,19.1917102813368,0.532111381848462,0.563521505,270,16.6,1584,53.6666666666667,121.666666666667,266.333333333333,234.666666666667,2.27307985716317,-0.479549131105825,-0.531696602481614,0.655945341346611,0.360292828219024,0.873378392332244,0.230884261336778,0.331727907352207,0.594015131199069,0.39449795543928,0.168893178792957,1.53869543486447,2.63963702506071,2.88616371571327,0.461100549050537,0.0634653227107807,20.1549879200053,2.30295203321951,15.0948781598473,28.7735849056604,0.471698113207547
967,195,"Plot_967",2014,"Conifer Forest",40118,"Yueyang",113.704568515052,28.8527548404272,22,2,25.5347746909391,0.313428887871971,0.578145161,331,16,1525,57.6666666666667,121.666666666667,269,259,0,-2.85227720784253,0.148786168177943,0,0,0,0,0,0,0,0,0,1.80279069767442,3.70906976744186,0.41,0.1422916243106,17.680600495,2.83949676825,28.1560210855065,45,1
968,196,"Plot_968",2014,"Conifer Forest",40118,"Yueyang",113.711379765681,29.0690314204023,15,2,11.7924097157161,0.457332736411636,0.621102151,243,16.3,1483,60.6666666666667,124.333333333333,275,219.333333333333,0,-2.85227720784253,0.148786168177943,0,0,0,0,0,0,0,0,0,1.80279069767442,3.70906976744186,0.41,0.1422916243106,17.680600495,2.83949676825,28.1560210855065,45,1
969,197,"Plot_969",2014,"Conifer Forest",40118,"Changsha",113.730488104044,28.2381786512252,25,2,23.4374185661196,0.317204934344763,0.60155914,142,17.3,1522,58.6666666666667,126.666666666667,305,182.333333333333,0.0948844404193357,-1.53647247937199,-1.36061388316622,0.0478431672235967,0.0325387713583069,2.29093640002016e-16,0.0535290579460134,0.0220838967582412,0.0185134748266023,0.0114661951775343,0.0427555355430892,6.34413156928661e-17,3.187639072212,2.81267408131679,0.41,0.0602969151134208,21.3515989106349,2.45020212805952,22.1478451676831,30.2380952380952,1
970,198,"Plot_970",2014,"Conifer Forest",40118,"Yueyang",113.75098104191,29.0317528933478,23,2,20.8739243794112,0.411694710088558,0.618145161,179,16.7,1465,60.3333333333333,128,269,209.333333333333,0.139025907463938,-2.82094062849765,0.112839014737413,0.0701004264747084,0.0476762280080685,1.04083408558608e-17,0.0784314669902164,0.0323576107271722,0.027126182403608,0.0168004172514517,0.0626459628334738,9.36750677027476e-17,1.83577158764262,3.68772163429196,0.41,0.140338877329972,17.768027246582,2.83022551232813,28.0129332265765,44.6484375,1
971,199,"Plot_971",2014,"Conifer Forest",40118,"Zhuzhou",113.770989294904,26.2180099049205,25,2,18.6123902598743,0.387137168128507,0.387876344086022,567,16.8,1570,54.6666666666667,120,253,203.666666666667,1.37973852030063,-1.98165472433839,-0.849931645239573,0.695699531554904,0.473154460814655,2.22044604925031e-16,0.778379499074002,0.321127498892627,0.269209095295186,0.166732828879134,0.621718999281381,1.7970121514863e-15,2.71909697400011,3.11595574256391,0.41,0.088038560910816,20.1095731901163,2.58191396806395,24.1806188653113,35.2325581395349,1
972,200,"Plot_972",2014,"Conifer Forest",40118,"Chenzhou",113.795643938066,25.9650357188147,35,3,36.6442199420787,0.411330298463642,0.240295699,1230,13.7,1772,52,114,228.333333333333,285.666666666667,1.33332144003167,-1.19679716540169,-0.928692834081411,0.282402837835848,0.252081250317031,0.637042475838862,0.161914657769515,0.228813043640302,0.321590296847472,0.213864787069588,0.106283138837951,0.959067043609682,3.05767672671891,2.92707676937548,0.439339727306456,0.0630609744200843,20.6633230654339,2.31556802939882,19.9653327818466,29.3269230769231,0.807692307692308
973,201,"Plot_973",2014,"Conifer Forest",40118,"Chenzhou",113.798569720772,26.1093072984909,38,3,42.9469699907677,0.413461922452416,0.209301075,1417,12.6,1842,49.3333333333333,109,211.333333333333,333.666666666667,1.76389310757186,-2.11368095990121,-0.222811111443888,0.51798121736702,0.628570876299229,0.424871722362303,0.518534642461824,0.15079476829063,0.502877662148344,0.297839068372548,0.618758432618136,1.10200456405495,2.1128967779344,3.35091822263285,0.430594249607418,0.125863500318305,17.1621482857637,3.02091641210826,24.9281294894701,40.5813953488372,0.767441860465116
974,202,"Plot_974",2014,"Conifer Forest",40118,"Yueyang",113.823042773379,28.6698758348598,25,2,46.1361660748271,0.371273969373612,0.634704301075269,140,17,1503,56,124.333333333333,277.666666666667,211,0.629404592458795,-2.65573531644456,0.235444245726457,0.0962012474378874,0.00524442073949719,0.301081723517651,0.136851127229151,0.00131078685885829,0.246317669580421,0.132842852107537,0.227073270058523,0.384195153469715,1.85014786103934,3.71152684467413,0.422,0.138726560706103,17.6768948548641,2.75141039577852,26.9722051676134,43.6666666666667,0.933333333333333
975,203,"Plot_975",2014,"Conifer Forest",40118,"Yueyang",113.86484083922,28.7049460309572,23,2,29.7651809993682,0.528578354066758,0.660134408602151,130,17.1,1498,59.3333333333333,130.666666666667,284.666666666667,188.666666666667,1.46669078708572,-2.33810487970085,-0.221616109777353,0.63177055228945,0.4264988784757,0.223418783403857,0.70848423119417,0.284931004723189,0.342549920527671,0.199873453777027,0.628209346787532,0.317336455625915,2.23351291177561,3.45133550372494,0.418788644275129,0.116730379100757,18.6441506235563,2.66984048674408,25.6892206546709,39.8913043478261,0.945652173913043
976,204,"Plot_976",2014,"Conifer Forest",40118,"Yueyang",113.872722056717,28.9934086438202,26,2,96.1065412737983,0.622319693361166,0.455322581,455,15,1590,57,121.666666666667,277.666666666667,295,2.49062278472592,-1.31058589152752,0.376967050560662,0.464877546826662,0.36915539723501,0.967153533156564,0.733205246778926,0.210020019391486,0.753306703841342,0.519356120109787,0.795664569331739,1.52458394234014,2.12423449083946,3.50368518678826,0.474759212218649,0.103396084716414,18.4124349673654,2.32571999652642,19.3122714974435,35.4861111111111,0.555555555555556
977,205,"Plot_977",2014,"Conifer Forest",40118,"Chenzhou",113.873259831292,25.8914971336869,23,2,27.916803239829,0.300276728104825,0.378064516,860,14.9,1708,52.3333333333333,123.333333333333,259.333333333333,220.666666666667,1.5026502225753,-2.11539279658121,-0.69651659151452,0.757674762685272,0.515304635910811,2.22044604925031e-16,0.847720137056656,0.349734605931647,0.293191138040028,0.18158594453915,0.677103798222508,1.9756923370034e-15,2.57834132238109,3.20706518185624,0.41,0.0963724831903689,19.736453804929,2.62148178051136,24.7912884027885,36.7329545454545,1
978,206,"Plot_978",2014,"Conifer Forest",40118,"Zhuzhou",113.883413495015,26.3237520644709,41,3,77.4233262355201,0.493644204823517,0.288360215,1235,13.7,1770,53.6666666666667,117.333333333333,294.333333333333,296,2.33331819920141,-1.77928026295979,0.233979089168417,0.499809621545429,0.415532533481845,0.892447681338317,0.548705415452071,0.161335204551092,0.743506738349699,0.444476943388871,0.789245859306652,1.44922729586651,2.138497095516,3.49870417527467,0.457663046018739,0.12089969860402,17.492185388774,2.53716346903657,22.5480776927983,38.0645161290323,0.623655913978495
979,207,"Plot_979",2014,"Conifer Forest",40118,"Changsha",113.889296933599,28.0916791458748,9,1,8.0246304724058,0.23911388978473,0.567876344,203,16.8,1592,57.3333333333333,129,290.666666666667,191.666666666667,0.353610881173223,-1.41223535843728,-1.35167788486568,0.0859735222810077,0.0391567300170975,0.106754934233373,0.0119653720880186,0.0641285787040355,0.101950603827726,0.068132995581881,0.0209619046878049,0.276893986039963,3.16852382394338,2.78361565717145,0.414167306979383,0.058886512793315,21.2332451589799,2.47689029598064,21.4562716764291,29.8823529411765,0.952941176470588
980,208,"Plot_980",2014,"Conifer Forest",40118,"Chenzhou",113.910188881042,25.7822524396217,30,2,40.1798576158288,0.512293780695475,0.337311827956989,875,16,1656,52,119.333333333333,226,267,2.03093100358949,-1.17028231026427,-0.698887982713034,0.536853395267015,0.441941126662213,0.77121685448178,0.393074297344549,0.428546708013468,0.480463105840771,0.309864801617922,0.246374498013498,1.34358533670552,2.8677816082438,2.96951316995809,0.443065158842444,0.0750967669608834,19.8395047990227,2.30583876053559,19.7059424640437,30.5333333333333,0.68
981,209,"Plot_981",2014,"Conifer Forest",40118,"Changsha",113.930428544241,28.1265756394129,18,2,16.070284172221,0.247433409205853,0.554865591397849,276,16.7,1600,57,126.666666666667,268.666666666667,199.666666666667,1.63606532873285,-1.89144703638613,-0.802744806606331,0.711104799367707,0.528513183125498,0.15211546319024,0.794100189350825,0.368107134345533,0.40065135002814,0.201787708537038,0.663750175329981,0.35761845561065,2.66793511655437,3.10580290730385,0.416030848517328,0.0910153857674384,19.6817257399754,2.66933540488054,23.6988156770892,35.3395061728395,0.938271604938272
982,210,"Plot_982",2014,"Conifer Forest",40118,"Chenzhou",113.955069550159,25.961767493245,21,2,11.1515321310633,0.460854284621422,0.319112903,986,14.5,1737,52,114.666666666667,242.333333333333,276.333333333333,0.86455577654908,-1.74505140432359,-1.12134658672078,0.435931185437387,0.296482569906175,7.63278329429795e-17,0.487739149389825,0.201221195242041,0.168688686307237,0.104476194747694,0.389574360873763,9.78384040450919e-16,2.96811547655068,2.95476906281192,0.41,0.0732945643283971,20.7696790508984,2.51191239234375,23.1002500699792,32.578125,1
983,211,"Plot_983",2014,"Conifer Forest",40118,"Chenzhou",113.956176840946,26.033876009775,21,2,40.5896154622014,0.407565005644879,0.333548387096774,832,15.4,1676,51.3333333333333,118.666666666667,254,234.666666666667,1.46893717695006,-2.06294778755715,-0.756677873504805,0.740675780846553,0.503743403336282,2.22044604925031e-16,0.828700922053281,0.341888056848326,0.286613182594934,0.177511932409661,0.661912484302906,1.87801581514906e-15,2.63353825542753,3.17133687139287,0.41,0.0931043589993501,19.8827715228012,2.60596537410542,24.5518160605705,36.144578313253,1
984,212,"Plot_984",2014,"Conifer Forest",40118,"Zhuzhou",113.97149070687,26.6110106476899,20,2,17.7245716377238,0.37999528080757,0.431021505376344,590,15.9,1623,51,117.333333333333,280.333333333333,234,0.950332434932316,-1.33042622215664,-1.25749275592112,0.459279838538257,0.158594698712046,0.17180972022849,0.162591768890104,0.068269506056156,0.212824964240411,0.221067476702942,0.0804273683796422,0.657713072645912,2.96127576104736,2.75070926970751,0.402727272727273,0.0636336068367119,21.4871602984729,2.37673069748683,20.1691610912513,30.4545454545455,0.878787878787879
985,213,"Plot_985",2014,"Conifer Forest",40118,"Yueyang",113.990639121357,28.8108359992304,16,2,7.00007671852106,0.298746062102461,0.709731183,147,17,1507,61,132.333333333333,292,168,0.469148566344656,-2.69321148683423,0.120225117024383,0.125839841560583,0.0976905890177316,0.120179971088733,0.208547007433935,0.0561859996570318,0.124374158591864,0.0982816881460355,0.19038890248505,0.205574101143129,1.85989304302072,3.66469181966457,0.414630263332964,0.136845420669693,17.8359267153442,2.79490914483065,27.2780310197146,43.8793103448276,0.96551724137931
986,214,"Plot_986",2014,"Conifer Forest",40118,"Yueyang",113.992386516481,28.882580926085,22,2,7.22142376947403,0.430810790677455,0.701586021505376,167,16.8,1516,60,127.333333333333,267.666666666667,199,1.39225713018402,-2.36443624345281,0.309439546790858,0.259603591876495,0.0523734037220327,0.629904704738957,0.349729531151483,0.035403004281296,0.524648983323395,0.284946595833706,0.518256829381245,0.803789522263351,1.94815811668687,3.69138472307883,0.437692307692308,0.131928215876971,17.7676953784683,2.62607761162351,25.267597634445,41.5384615384615,0.846153846153846
987,215,"Plot_987",2014,"Conifer Forest",40118,"Changsha",114.021097671217,28.4520108805376,32,3,16.5152242641273,0.455112047159185,0.592123655913979,210,16.8,1551,60.6666666666667,130,293,171.333333333333,2.24035373928794,-0.772630736941717,-0.434073624952154,0.41591945355701,0.508739907798609,1.06442755275181,0.275161765881386,0.370414512100718,0.681051577642039,0.359358229269568,0.21429511343441,1.51003873138796,2.8920284553465,3.04762361093913,0.472036411364715,0.069789879521439,20.0761125311188,2.20015817623266,16.8417257414949,28.1147540983607,0.573770491803279
988,216,"Plot_988",2014,"Conifer Forest",40118,"Yueyang",114.030214085409,28.7737366606778,22,2,21.6311426458417,0.405185437090249,0.695295699,134,17,1517,60.6666666666667,130.333333333333,278.333333333333,157,0,-2.85227720784253,0.148786168177943,0,0,0,0,0,0,0,0,0,1.80279069767442,3.70906976744186,0.41,0.1422916243106,17.680600495,2.83949676825,28.1560210855065,45,1
989,217,"Plot_989",2014,"Conifer Forest",40118,"Changsha",114.138966342432,28.302035179148,28,2,34.2283793186666,0.408070041626648,0.573602150537634,309,16.4,1603,56.6666666666667,128,319,187.666666666667,1.90125937419194,-1.06230476364764,-0.968994458128636,0.435286252361549,0.34244701429519,0.624659010195217,0.329452202775297,0.372745534040431,0.627216726518477,0.303441182994219,0.231935926729261,1.2503392568541,2.92636631574443,2.8520731472996,0.442365566548493,0.0693936516045756,19.9535378336015,2.61458795391014,19.262422719816,30.1282051282051,0.717948717948718
