"X","PLT_CN","INVYR.x","FLDTYPCD","ECO_ID","COUNTYCD.x","LON","LAT","STDAGE","AgeGroup","Carbon_Mg_ha","cv_dbh","VPD","Elevation","MAT","MAP","pH_mean","bdod_mean","clay_mean","nitrogen_mean","FDis","PC1.CWM","PC2.CWM","Shade.tolerance.FDis","Drought.tolerance.FDis","WD_mean_add.FDis","LMA.FDis","Nmass.FDis","Pmass.FDis","Leaf.longevity.FDis","Max.height.FDis","Leaf.FDis","Shade.tolerance.CWM","Drought.tolerance.CWM","WD_mean_add.CWM","LMA.CWM","Nmass.CWM","Pmass.CWM","Leaf.longevity.CWM","Max.height.CWM","Leaf.CWM","other_arbor","thinning_growth","pruning_artificial","thinning_removal","weeding_clearing","enrichment_planting","thinning_sanitation","thinning_release"
1,"Plot_001",2014,"Conifer Forest",40118,"Yueyang",113.874891633529,29.0657616082953,35,3,51.0602698286798,0.515595324469013,0.425887096774194,1190,12,1741,52.3333333333333,102.666666666667,227,378.333333333333,0,-1.51524982246117,-1.38495904528467,0,0,0,0,0,0,0,0,0,3.20997533631745,2.79821608637929,0.41,0.0589744198037889,21.4108085625,2.44392318225,22.0509391044924,30,1,0,0,0,0,0,0,0,0
2,"Plot_002",2014,"Conifer Forest",80101,"Changde",111.043806204616,29.7814465116577,25,2,29.7069236638864,0.309784386456823,0.623145161290323,185,17,1278,63.3333333333333,131.666666666667,270,194.333333333333,1.45779229944907,-2.05006077661371,-0.771460959899625,0.735056247911439,0.499921484597884,2.22044604925031e-16,0.822413539307331,0.339294140258552,0.284438638400456,0.176165143198582,0.656890531240728,1.95399252334028e-15,2.64710148086024,3.16255755880432,0.41,0.0923013016065133,19.9187253355,2.60215261665,24.492971896898,36,1,0,0,0,0,0,0,0,0
3,"Plot_003",2014,"Conifer Forest",80101,"Xiangxi",109.726719473215,29.0540370811629,16,2,23.2650048233282,0.42899114610692,0.607311828,471,16.3,1418,58.6666666666667,125.333333333333,312.666666666667,284.666666666667,0.950371676344459,-1.30192688835448,-1.10001900156619,0.371386861569116,0.137174825161003,0.323261390161085,0.13726935557017,0.12032125821826,0.140967025203231,0.174893686585073,0.0824892120098481,0.66641458573107,3.00831571060161,2.86910578673225,0.42371279445956,0.0613182731574944,21.0482379303495,2.40414847956583,20.6063472848093,30.3076923076923,0.876923076923077,0,0,0,0,0,0,0,0
4,"Plot_004",2014,"Conifer Forest",80101,"Changde",110.876448220096,29.0599911484127,19,2,11.7784054290828,0.414213251383775,0.575483870967742,313,16,1424,57.3333333333333,122.333333333333,321,276.666666666667,0.652642937807075,-1.43578901402064,-1.15690008293163,0.157286426346067,0.177373569075168,0.307424612542466,0.146874234984308,0.118142582433183,0.178046452067405,0.0901442565557114,0.0622055427311296,0.392288993221457,3.13048292260947,2.88353388637253,0.422272727272727,0.0629026233452636,21.0679088789519,2.38979608185871,21.3952257321939,30,0.931818181818182,0,0,0,0,0,0,0,0
5,"Plot_005",2014,"Conifer Forest",80101,"Xiangxi",109.850409244151,29.0192489027355,21,2,26.8575316690378,0.405552139776646,0.623602150537634,336,16.7,1413,61,128.333333333333,332,299.666666666667,1.93049473893173,-2.87771072352801,0.844209285405562,0.452618916414631,0.628246373998115,0.537022920169462,0.603764907491799,0.684270060433119,1.0314782531398,0.238212180486916,0.527451164407702,1.84574577843932e-15,1.87904774513681,3.91081864721769,0.440440875200965,0.144823589272909,15.8175199427959,2.22069759226388,24.1934531513238,39.21875,1,0,0,0,0,0,0,0,0
6,"Plot_006",2014,"Conifer Forest",40118,"Yueyang",113.709017636021,28.9971161848057,28,2,24.4150021207704,0.361447657996438,0.64002688172043,260,16.5,1482,58.3333333333333,123.333333333333,272,229.666666666667,0.115654179033805,-1.54121151926469,-1.35517758482909,0.0583158018655979,0.0396613488110616,8.62309145339927e-18,0.065246306178748,0.0269179534405645,0.0225659836604504,0.0139760890620046,0.0521145125642642,7.76078230805935e-17,3.18265136275157,2.81590256562322,0.41,0.0605922296000377,21.3383773378884,2.45160422275485,22.1694843856771,30.2912621359223,1,0,0,0,0,0,0,0,0
7,"Plot_007",2014,"Conifer Forest",40118,"Yueyang",113.791902761899,28.9946617858474,15,2,3.10768851519143,0.248965549923828,0.436424731,329,15.1,1577,62.3333333333333,129,281,200.666666666667,0,-2.85227720784253,0.148786168177943,0,0,0,0,0,0,0,0,0,1.80279069767442,3.70906976744186,0.41,0.1422916243106,17.680600495,2.83949676825,28.1560210855065,45,1,0,0,0,0,0,0,0,0
8,"Plot_008",2014,"Conifer Forest",80101,"Xiangxi",109.809667426783,28.9830801241584,18,2,25.2370326183027,0.493528521994552,0.61994623655914,401,16.4,1417,60.3333333333333,124,312,273,1.020255341405,-2.38884053307319,0.13770007758808,0.0569001432496926,0.244941862800898,0.228676699181843,0.421823112453481,0.101414327238613,0.201530404073338,0.29394562962675,0.312750858883657,0.705542395754015,1.77268665850673,3.58573351984613,0.417742660348621,0.130481466284861,17.9887325711619,2.76203985828168,25.340755153203,43.0263157894737,0.868421052631579,1,0,0,0,0,0,0,0
9,"Plot_009",2014,"Conifer Forest",80101,"Xiangxi",110.302282844127,28.9859973408685,11,2,17.5824295019912,0.321753108758712,0.483440860215054,673,14.9,1486,57,123,338,290.333333333333,0.439037793631336,-1.62011471543226,-1.26466530305231,0.221374110289873,0.150559462873898,3.483052626275e-17,0.247683175364889,0.102183933052364,0.0856633090146191,0.0530549899419028,0.197833237013419,1.06233105101388e-15,3.09960791367878,2.86965559077635,0.41,0.0655091025102054,21.1182432238726,2.47494856154412,22.5297690637876,31.1764705882353,1,0,0,0,0,0,0,0,0
10,"Plot_010",2014,"Conifer Forest",80101,"Changde",111.123055553571,28.9879135936759,21,2,24.1628609168384,0.41401235602969,0.619301075,214,16.8,1382,59,122.333333333333,268.666666666667,244.333333333333,0.743771581351566,-2.66127329564519,-0.0703202908881446,0.375028697914,0.255061981937696,2.22044604925031e-16,0.419598744544557,0.173109255233955,0.145121754285947,0.0898801751013173,0.335148230224861,8.88178419700125e-16,2.00381707462342,3.57894781300435,0.41,0.130389166523913,18.2134873617857,2.78298625596429,27.2838665167902,42.8571428571429,1,0,0,0,0,0,0,0,0
11,"Plot_011",2014,"Conifer Forest",80415,"Yueyang",113.092745900159,28.9717381387437,11,2,16.5688997320077,0.296187788288366,0.620591397849462,69,17.1,1362,57,131.666666666667,266,155.666666666667,0,-4.46982947858114,2.69531268140543,0,0,0,0,0,0,0,0,0,1.80279069767442,3.70906976744186,0.54,0.260101660605608,9.51428571428571,0.8125,28.1560210855065,30,1,0,0,0,0,0,0,0,0
12,"Plot_012",2014,"Conifer Forest",40118,"Yueyang",113.666675831054,28.9618141770374,29,2,18.0158622195247,0.265579790715494,0.590967742,265,16,1506,58,121,274.666666666667,255.666666666667,2.06935665654484,-0.941372593158969,-0.394026304958776,0.352812263998619,0.488266056427806,1.09207661460886,0.278757012913698,0.324133102303619,0.628478574062622,0.320181656035455,0.206119039727405,1.41102759155161,2.95925927715289,3.12675209927141,0.472832373045792,0.0691603791468328,20.1052308560481,2.11948113191766,17.9320895129435,28.2758620689655,0.646551724137931,0,0,0,0,0,0,0,0
13,"Plot_013",2014,"Conifer Forest",80101,"Changde",110.919213912961,30.0368486286806,28,2,34.7468141099796,0.458625271913537,0.476370967741936,439,16.1,1274,60,127,259.333333333333,251.666666666667,0.814622150536349,-1.48792619426939,-1.18314601179019,0.256034510220675,0.193050678357262,0.200515224925467,0.256342549225578,0.218111953250045,0.0728263488685535,0.0803393868843677,0.167701819818354,0.487490421069255,3.09030871854729,2.88219751098561,0.41816458814656,0.0659392593516038,20.9106801937147,2.44571692040196,22.4209895028466,30.9259259259259,0.91358024691358,0,0,0,0,0,0,0,0
14,"Plot_014",2014,"Conifer Forest",80101,"Changde",110.999958968259,28.9520252948799,24,2,32.0191085067394,0.384746254134145,0.575564516129032,483,15.4,1455,55,114.333333333333,297.333333333333,305.666666666667,1.58789370454329,-1.09034343454475,-0.842663283502327,0.379422705972646,0.258947906266328,0.705731792392021,0.184147785920437,0.282149580509694,0.329333146103497,0.262287606500655,0.109347263919614,1.167438977799,2.99743975130886,2.93271188577093,0.445151866579836,0.0632666984841496,20.4139755138048,2.3076423742239,19.4074831746327,29.3037974683544,0.746835443037975,0,0,0,0,0,0,0,0
15,"Plot_015",2014,"Conifer Forest",80415,"Yueyang",113.13327156084,28.9344032774058,9,1,6.67370499213547,0.335502004746502,0.620510752688172,83,17.2,1370,57.3333333333333,132,301.666666666667,154.666666666667,0.677302373572146,-4.15495495156678,2.60933645037096,0.0992734122957645,0.0054119001176228,0.086304638769498,0.452338888931751,0.19737392536944,0.135759013446375,0.13708515823905,0.0585812007646308,0.396464337918892,1.85178086667261,3.71161157147524,0.543448275862069,0.248288833684059,10.0736464162633,0.861169046977779,26.9313839290653,29.6551724137931,0.931034482758621,0,0,0,0,0,0,0,0
16,"Plot_016",2014,"Conifer Forest",80101,"Xiangxi",109.646558016118,28.9090450783635,11,2,14.8077538651113,0.322672552639154,0.606021505376344,358,16.8,1383,62.6666666666667,127.666666666667,305.666666666667,290.333333333333,1.14241495544856,-1.81262593602769,-0.99122572102169,0.556859276225877,0.388334583415899,0.0537578058835419,0.619067097815294,0.263255011739095,0.221014231928553,0.13604375894306,0.495853802303184,0.0685976160901433,2.87011348688292,3.02378504302941,0.412022471910112,0.0789688304226922,20.4881101120838,2.5268593991593,23.3605409563341,33.4831460674157,0.98876404494382,0,1,0,0,0,0,0,0
17,"Plot_017",2014,"Conifer Forest",80101,"Xiangxi",109.728627206589,28.9098989833846,28,2,30.2875906505582,0.481427326342787,0.60747311827957,409,16.4,1407,61,125.666666666667,294,273.333333333333,2.31570491568569,-2.81324626212631,1.26011677139741,0.861408216708948,0.965103051951063,0.572977858972604,1.13142659828773,0.930158789353325,0.932810119053819,0.107335491653215,0.245426936623403,3.97342977234267e-16,2.02264375755665,4.00249797738551,0.462822443729903,0.141502799594854,14.6797176781491,1.7411221696425,20.900244196112,34.0350877192982,1,0,0,0,0,0,0,0,0
18,"Plot_018",2014,"Conifer Forest",80101,"Xiangxi",110.056337842144,28.9130901699079,13,2,5.80090299178999,0.373687409120432,0.507634408602151,726,14.4,1493,56,116.666666666667,303,288.333333333333,1.14654186131005,-1.49647309074807,-1.12642483521348,0.583451825647288,0.245541905254958,0.145164402410296,0.388091921010574,0.162028239001542,0.190955174378777,0.193680230606456,0.299364174393561,0.555710846982981,2.86407972285533,2.85010833073133,0.404,0.0711499695566315,21.1007779379276,2.42804674092039,21.1089804416699,31.875,0.9,0,0,0,0,0,0,0,0
19,"Plot_019",2014,"Conifer Forest",80101,"Xiangxi",110.221272147614,28.913513340066,19,2,13.1344099776669,0.403971070956809,0.517768817,865,13.9,1512,55.6666666666667,119.333333333333,327.333333333333,297.666666666667,0.485360145907191,-1.37376530258764,-1.30494297967564,0.170224626917153,0.0769381711293777,0.130092022043814,0.0526211608879637,0.0638052677615169,0.106942258029402,0.123220954728061,0.0194024849728476,0.37642669219074,3.12630846655762,2.77558398136698,0.413695652173913,0.0602745331827468,21.5909086198462,2.4057385457301,20.95457020818,29.8913043478261,0.934782608695652,0,0,0,0,0,0,0,0
20,"Plot_020",2014,"Conifer Forest",80101,"Changde",111.165363096863,29.7461588799171,28,2,32.8938142308764,0.294027955979181,0.593306452,459,16.4,1303,58.3333333333333,126,253.666666666667,220,0.810884723638617,-1.31843408448996,-1.13431143203169,0.199936488191568,0.254941395178484,0.320640332278978,0.104399696668565,0.155094962320757,0.168577779314793,0.11901738600366,0.061431758262327,0.578552396128847,3.10737671154349,2.92272663375648,0.423321695580648,0.0617681722729568,21.7604547163676,2.38108002590807,21.5882210168369,29.8255813953488,0.895348837209302,0,0,0,0,0,0,0,0
21,"Plot_021",2014,"Conifer Forest",40118,"Yueyang",113.828794281567,28.8865227912666,23,2,23.4121186890076,0.280708715186722,0.55005376344086,311,16.1,1536,60.6666666666667,130.666666666667,285,205.666666666667,0.977497290308227,-1.78472821021245,-1.07583210303639,0.492879191932284,0.335213662979272,2.22044604925031e-16,0.551455105428618,0.227507788898004,0.19072538550278,0.118124475063048,0.440466529120513,1.07063367646023e-15,2.92635672697854,2.98179899884151,0.41,0.0757670346656268,20.6589836806783,2.5236511918314,23.2814207440766,33.0232558139535,1,0,0,0,0,0,0,0,0
22,"Plot_022",2014,"Conifer Forest",40118,"Yueyang",113.910626830905,28.8846435371403,7,1,4.49187438896468,0.254040899008815,0.636881720430107,419,15.1,1602,56.6666666666667,122,286.666666666667,224.333333333333,0.707389422728748,-1.4994378839877,-1.132995876622,0.233710821492703,0.216916081096453,0.263056794308599,0.237521937932769,0.145375517490761,0.154723845156613,0.0786043937739906,0.151833055482787,0.335673465263388,3.08859003861674,2.90544090487598,0.420384615384615,0.0655027922045295,20.9771931353631,2.41333769676507,21.7309155579711,30.5769230769231,0.942307692307692,0,0,0,0,0,0,0,0
23,"Plot_023",2014,"Conifer Forest",80101,"Xiangxi",109.691298416646,28.8780127381356,11,2,10.2142539206727,0.257672284962909,0.605510752688172,569,15.9,1417,58,124.666666666667,324.666666666667,293.666666666667,1.2198613399855,-1.87081067286572,-0.916516304934367,0.595574894373311,0.444212091939674,0.0720680109318325,0.686117060522875,0.328277446705741,0.227626365201797,0.127618955028181,0.470429416904167,1.36002320516582e-15,2.84512321735437,3.05720857641237,0.412767352290997,0.0812173825819915,20.255899676284,2.49218105118876,23.3036960656869,33.4375,1,0,0,0,0,0,0,0,0
24,"Plot_024",2014,"Conifer Forest",80101,"Huaihua",110.672232552782,28.8791866128281,25,2,24.3489931681688,0.275030753919985,0.58258064516129,235,16.5,1430,57,122,301.333333333333,293.666666666667,2.48986391008641,-1.27307617844046,0.134781845045578,0.523722850545134,0.474672866606669,1.08730903335811,0.603925008087974,0.301367998998767,0.750960609186865,0.429327328096267,0.678276180216981,1.46584840936785,2.47132671486524,3.41081690914404,0.476063480543343,0.0943245185364786,18.8686895005476,2.24066191990862,19.2710959640988,32.8571428571429,0.612244897959184,1,0,0,0,0,0,0,0
25,"Plot_025",2014,"Conifer Forest",80101,"Xiangxi",109.483659971071,28.8352432763815,12,2,16.4053498398655,0.309031660137573,0.60260752688172,600,16.2,1382,56.6666666666667,123,307.666666666667,318.666666666667,0.142939818577036,-1.51858960507916,-1.34633352120943,0.0771640453005936,0.0355346332387163,0.019352920274852,0.0553236916773652,0.0290483200395011,0.0191417910269984,0.0146142949001241,0.0441340050551416,0.0501963424444895,3.1736282493207,2.81414634273786,0.410725862895999,0.0602382080450093,21.332230407127,2.44976811142008,22.0292934066033,30.2459016393443,0.991803278688525,1,0,0,0,0,0,0,0
26,"Plot_026",2014,"Conifer Forest",80101,"Huaihua",110.384763722944,28.8429045479681,13,2,20.5218499096031,0.365944357652439,0.521209677419355,797,14.1,1513,57.6666666666667,120,349.333333333333,324.333333333333,1.40451197921527,-1.62849219447477,-1.44357456883498,0.0637861902357186,0.0606468077402217,0.0691113867107761,0.189755106659618,0.692665160925298,1.05207136801291,0.133357602071082,0.377318448509006,0.0881895437346092,3.16905406268663,2.81257368008628,0.412608695652174,0.0654712596822683,18.8371893227603,2.90861610460403,20.6423776012806,32.7536231884058,0.985507246376812,0,0,0,0,0,0,0,0
27,"Plot_027",2014,"Conifer Forest",80415,"Yueyang",113.171747316473,28.826508226712,4,1,15.9320360031321,0.257435175914058,0.624139784946237,76,17.2,1377,58,133.666666666667,268.333333333333,160.666666666667,2.88852776968237,-3.20358105452972,0.946624798538244,0.750057395827999,0.510123963875392,0.855844549357756,2.02581779438495,1.10417337202765,1.19702125000269,0.179760350202635,2.85485920617897e-16,1.96668078647885e-15,2.40586982852143,3.31870390412933,0.484285714285714,0.173904271690543,14.6127955063775,1.51168136382143,25.5395573793576,30,1,0,0,0,0,0,0,0,0
28,"Plot_028",2014,"Conifer Forest",80415,"Yueyang",113.253850176374,28.8249357645728,8,1,3.56699452737166,0.172830664052124,0.626209677419355,72,17.2,1391,59,131.666666666667,282.666666666667,187.666666666667,2.92245629264526,-3.07610386210749,0.751035893901793,0.753719785456066,0.512614803542752,0.873674644136043,1.960937235504,1.08299805943206,1.2589954737528,0.180638086287608,0.160373664853693,1.97064586870965e-15,2.41843397708075,3.31057128197699,0.475,0.164745365486374,15.2294091341741,1.65293494025,25.4850477188128,30.9375,1,0,0,0,0,0,0,0,0
29,"Plot_029",2014,"Conifer Forest",80415,"Yueyang",113.335684224443,28.8234712950266,8,1,2.46052406562706,0.200359897317775,0.594516129032258,94,17,1413,59.3333333333333,129.333333333333,305,177,0.332235282312278,-1.46494567669434,-1.28510961127952,0.114680711182222,0.173406086796081,0.0819838860370024,0.00245530831101858,0.0632503361403385,0.0762633015302658,0.066407631095596,0.0314201465835807,0.212644456753692,3.1553333600204,2.87685122615146,0.413162688332568,0.0590363291162879,21.5838798579964,2.41752586422308,22.6237285622824,30.1785714285714,0.964285714285714,0,0,0,0,0,0,0,0
30,"Plot_030",2014,"Conifer Forest",40118,"Yueyang",114.072312346797,28.8086575529688,14,2,8.43521584802478,0.320964141744824,0.687311827956989,403,17,1519,62.3333333333333,131.333333333333,296.666666666667,161.333333333333,0.24808696255849,-1.49588369941979,-1.31873886354058,0.131543373565054,0.0471482123546519,0.0485619571870413,0.0701250558117642,0.0443131606794948,0.0242779758287539,0.0367424936416791,0.0558337944305451,0.125956837423805,3.14690950350577,2.81972936960186,0.411844901527331,0.0604507731563321,21.2888017523333,2.45053792751562,21.8687337477533,30.3125,0.979166666666667,0,0,0,0,0,0,0,0
31,"Plot_031",2014,"Conifer Forest",80101,"Xiangxi",109.526282046624,28.7992715158015,30,2,71.1337118421011,0.475701541506801,0.55561828,831,13.9,1459,57,122,312,307,2.27843259433787,-1.73292500644723,0.248827848625066,0.362252855795961,0.323932560230586,0.654245952113485,0.655726510088993,0.860914579735773,0.574229853794241,0.498080278377135,0.885315427906742,1.23872445315136,2.00102713178295,3.5899354005168,0.4465061414791,0.123696058010325,20.2785248772324,2.55200397562812,21.9419907962752,37.7222222222222,0.722222222222222,1,0,0,0,0,0,0,0
32,"Plot_032",2014,"Conifer Forest",80101,"Huaihua",110.426875705296,28.8060088423001,33,3,45.7437873587944,0.483782364665985,0.56247311827957,349,16.3,1447,58,125.333333333333,296,280.666666666667,0.599914526522251,-1.66380842083688,-1.21454291045549,0.302492283091127,0.20572900600736,4.93432455388958e-17,0.338441785723181,0.139627218213396,0.117052937613357,0.0724959437031201,0.270325321498242,7.89491928622333e-16,3.05362148757934,2.8994220509418,0.41,0.0682318869712124,20.9963409994444,2.48787580291667,22.7292815468273,31.6666666666667,1,0,0,0,0,0,0,0,0
33,"Plot_033",2014,"Conifer Forest",80101,"Zhangjiajie",110.21650099106,29.707634085365,12,2,5.95940644683255,0.364086182493363,0.555591397849462,534,15.7,1407,58,126,285.666666666667,297,2.38887831393612,-2.18460287221156,0.228274487277865,0.926522259222658,1.00963694429813,0.571336592471199,1.23389252015092,0.954461192855369,0.843617376550781,0.0981595139536728,0.211867470724247,0.198958204475389,2.50048520179047,3.50592965182757,0.445422109324759,0.105708400374509,17.4335680985873,1.97463004720936,20.6902343270935,31.8333333333333,0.966666666666667,0,0,0,0,0,0,0,0
34,"Plot_034",2014,"Conifer Forest",40118,"Yueyang",113.743402168253,28.7432351912977,21,2,12.0733720724859,0.461287147873666,0.632956989247312,307,16.2,1532,57,124.333333333333,282.666666666667,226.333333333333,2.06669001880197,-1.70851414703835,-0.312030535536387,0.631579472910137,0.523413544693132,0.719823483026262,0.711814930069475,0.352251485174084,0.49094688473068,0.262481189015296,0.693686052274414,0.918530325591704,2.57157597896193,3.30174648668325,0.442727272727273,0.0946972669770582,19.3660433253111,2.4194550315096,22.1523949544279,34.5454545454545,0.818181818181818,0,0,0,0,0,0,0,0
35,"Plot_035",2014,"Conifer Forest",40118,"Yueyang",113.98829686496,28.7387879760662,30,2,35.5096320315957,0.481209969044547,0.688252688172043,144,17.1,1510,59,131,292,161.666666666667,2.8556075413632,-2.51792004290324,0.668677386662367,0.424032143410067,0.382160694209044,0.804652740479921,1.22227731523617,0.87469907174392,1.23664827612079,0.333075270495762,0.911805218854867,0.874209674016455,2.04484368665969,3.50144747011736,0.465783184063995,0.158563792100746,17.1984564010204,2.22275855237018,24.7141462996726,35.2439024390244,0.829268292682927,0,0,0,0,0,0,0,0
36,"Plot_036",2014,"Conifer Forest",40118,"Yueyang",114.070370250344,28.7364695379147,40,3,35.2567187961126,0.335064367078085,0.619462366,285,16.4,1566,52.6666666666667,120.333333333333,234.666666666667,242.666666666667,1.49627778383879,-1.17215203269445,-0.80040071522409,0.26413310486784,0.348405560806107,0.78618552541406,0.198390040113593,0.233754352212945,0.446059083082116,0.234607072837875,0.146856217555932,1.02320444423679,3.0564216666356,2.9902687468816,0.44700447801058,0.0648903796215247,20.6303977918631,2.25665611902375,19.5819483078064,28.991935483871,0.790322580645161,0,0,0,0,0,0,0,0
37,"Plot_037",2014,"Conifer Forest",80101,"Xiangxi",109.361901184058,28.7248067421436,8,1,7.4492624435506,0.329279720796642,0.587956989247312,576,15.5,1378,59.3333333333333,129,290.333333333333,275,1.04035506174654,-1.68262430766804,-1.08086757848848,0.416801157083726,0.312565923176754,0.142187354671854,0.456651613224176,0.288510397280729,0.296710624601382,0.103607382941471,0.389570065588892,0.181438089005769,2.97443819335679,2.96348160633323,0.415454545454545,0.0730666999556245,20.4446019616049,2.5306783788463,22.4685735947333,32.4242424242424,0.96969696969697,1,0,0,0,0,0,0,0
38,"Plot_038",2014,"Conifer Forest",80101,"Xiangxi",109.853929523005,28.7307025168645,14,2,21.2632984508041,0.25059425808538,0.636935483870968,436,15.7,1429,61,124.666666666667,290,282.666666666667,1.4041718550757,-2.69745259134997,0.243737907084629,0.490564664394721,0.377687459731478,0.287690850090783,0.57109713759328,0.363171075018428,0.607978912469763,0.191894829898522,0.517205069153161,1.70696790036118e-15,2.00788600055952,3.67904051619612,0.422453085309485,0.133031125897322,17.3794085956218,2.53746684684943,25.7805073108008,40.78125,1,1,0,0,0,0,0,0,0
39,"Plot_039",2014,"Conifer Forest",80415,"Changde",111.737058913795,28.7334154170226,7,1,13.5891274691694,0.248666362117458,0.611182796,54,17.3,1356,58,126.666666666667,284.333333333333,226.333333333333,0.065623643677953,-1.50560245204013,-1.36580983876314,0.0226519172647134,0.0342514472644067,0.0161935881318267,0.000484976419723966,0.0124933074310963,0.0150636491419429,0.0131169413741501,0.00620615754401394,0.0420018727781595,3.19949605319199,2.81329679811642,0.41060654296789,0.0589862928226243,21.4440003178007,2.43886068290237,22.1607891374932,30.0342465753425,0.993150684931507,0,0,0,0,0,0,0,0
40,"Plot_040",2014,"Conifer Forest",80415,"Yueyang",112.883368321324,28.7227311862879,11,2,46.7403061309576,0.179055563808772,0.610645161290323,47,17.4,1354,60,135.666666666667,311.666666666667,161.333333333333,0,-4.46982947858114,2.69531268140543,0,0,0,0,0,0,0,0,0,1.80279069767442,3.70906976744186,0.54,0.260101660605608,9.51428571428571,0.8125,28.1560210855065,30,1,0,0,1,0,0,0,0,0
41,"Plot_041",2014,"Conifer Forest",80101,"Xiangxi",109.403520082507,28.6898081436316,13,2,17.7665570586414,0.283851138672793,0.50508064516129,746,15.5,1383,63,127.333333333333,282.666666666667,312.666666666667,0.104648530772209,-1.50723625430612,-1.35755759076987,0.0558190565177048,0.020006851419479,0.0203452326515396,0.029324115492027,0.0188038268550532,0.0101462101557852,0.0153144965119724,0.0233917989164325,0.052770137570223,3.18387912963676,2.80711813460932,0.410763407528551,0.059585324639324,21.3603229858793,2.44666031822198,21.9755437844624,30.1293103448276,0.991379310344828,1,0,0,0,0,0,0,0
42,"Plot_042",2014,"Conifer Forest",80101,"Xiangxi",109.567639438417,28.6917351375393,13,2,13.8522542838786,0.302551849017392,0.66922043,345,16.7,1358,63,127,315.333333333333,279,0.932157533724167,-1.23925632917667,-1.11809752926005,0.337780892015361,0.0976606741371525,0.36030712395145,0.0490414741824214,0.114918564575174,0.115067620794803,0.192997239660353,0.0350341616661722,0.713505285015186,3.03090455073438,2.84749097856576,0.425465158842444,0.0590058604201211,21.0609390991384,2.39960815963711,20.1987651832445,29.8,0.866666666666667,1,0,0,0,0,0,0,0
43,"Plot_043",2014,"Conifer Forest",80101,"Huaihua",110.550051024678,28.6988385771748,29,2,35.6382735532926,0.494973296212482,0.590564516,383,16.4,1448,60,122.666666666667,249.333333333333,284,0.952423441972177,-1.31400498593305,-1.1165686518352,0.23891281546271,0.159783072983387,0.383203054124397,0.132766423596436,0.150212696234975,0.239802466118739,0.151890750122069,0.057455051026359,0.702182163189257,3.08924239186864,2.85949947522605,0.42479230249121,0.0622288206291252,21.0053441735575,2.35713158198271,20.7515760836838,29.8130841121495,0.869158878504673,0,0,0,0,0,0,0,0
44,"Plot_044",2014,"Conifer Forest",80101,"Changde",111.455001977772,29.7088724696417,26,2,38.0134525302403,0.328823307889983,0.65,122,17.1,1257,62.3333333333333,128.333333333333,260,193.666666666667,0.224119514746758,-1.48260277521544,-1.31507769028962,0.0704595089251946,0.0696107201343647,0.0848845966710451,0.0350675332119843,0.025536064767674,0.0564822297938391,0.0251849339251852,0.0218518527230851,0.145199524541932,3.17659708518723,2.82960067184554,0.413235605702553,0.0597735428902602,21.3718260064787,2.42704732010204,21.9734607436492,30.0602409638554,0.975903614457831,0,0,0,0,0,0,0,0
45,"Plot_045",2014,"Conifer Forest",80101,"Huaihua",110.795696048664,28.6985301461032,28,2,9.72881950164494,0.252632850869586,0.583521505376344,282,16.5,1437,59,122.666666666667,261.333333333333,267.333333333333,0.534097062838038,-1.43239593531581,-1.22050115398208,0.184359200444675,0.278765340608746,0.131796215102929,0.00394712129353032,0.101680407092709,0.122599878815283,0.10675603286725,0.0505106137055538,0.341844427209831,3.11997678712231,2.92773278718051,0.415209133724229,0.0590763880831989,21.6958671668469,2.40044524667624,22.9943570349701,30.2941176470588,0.941176470588235,0,0,0,0,0,0,0,0
46,"Plot_046",2014,"Conifer Forest",80415,"Yueyang",113.332814538237,28.6793153477984,15,2,18.2367374588576,0.288163273156669,0.577930107526882,149,16.8,1442,57.6666666666667,127.333333333333,296.666666666667,209,0.844765973291782,-1.37866644486397,-1.11385270325858,0.291595648497636,0.440915126977161,0.208458285346088,0.00624304830195445,0.160824977403825,0.193912704560695,0.168852948807958,0.0798911859237779,0.540685505237191,3.06161409158364,3.01172240527584,0.418587178018123,0.0591425129674224,21.8807233526962,2.37225046421326,23.6061492686738,30.4848484848485,0.903030303030303,0,0,0,0,0,0,0,0
47,"Plot_047",2014,"Conifer Forest",40118,"Yueyang",113.495765816751,28.6765159784777,12,2,11.9378698253474,0.212721563818412,0.602876344,116,17.1,1445,58.6666666666667,125.333333333333,305.333333333333,208,0.169378913982976,-1.47886940649721,-1.33549798702908,0.0377628955895953,0.0319602639596145,0.0803544920459789,0.0165171573583612,0.0192548484370505,0.0490717801667955,0.0280459474164468,0.0122440144576984,0.12343986605203,3.19226356956469,2.81248277748619,0.413051396417088,0.0592982549541117,21.3591970488542,2.42720317002001,21.8128126099406,29.9319727891156,0.979591836734694,0,0,0,0,0,0,0,0
48,"Plot_048",2014,"Conifer Forest",40118,"Yueyang",113.74148096388,28.6715800908776,16,2,13.3242897229405,0.354298531383645,0.634408602150538,231,16.8,1505,59.3333333333333,128.666666666667,304.666666666667,190.666666666667,1.41157529874334,-1.20542270984805,-0.840032818998068,0.235573229896183,0.336635517025852,0.751590840881711,0.190635571372434,0.222859673354201,0.43079757857509,0.21760364316877,0.141710851783934,0.959067043609682,3.07597010782335,2.9804679785998,0.444615384615385,0.0647131218113579,20.6827715106655,2.26589972050535,19.8101397223033,29.0384615384615,0.807692307692308,0,0,0,0,0,0,0,0
49,"Plot_049",2014,"Conifer Forest",80101,"Xiangxi",109.691048703542,28.6568095448621,13,2,9.39346374743666,0.245937569071766,0.638010752688172,454,16.1,1392,59.3333333333333,126,343,302,2.09992291822641,-2.38427546278409,2.16898228451857,0.0875907678702263,0.803602352185581,3.72330892404778e-18,1.13849217929408,0.648739468308462,0.674442843159723,0.2880388065269,0.179104596560777,1.2121394639724,1.44,4.22975609756098,0.498555273311897,0.149697752516279,12.9045611571865,1.52681043043198,16.1294546309399,33.6585365853659,0.731707317073171,1,0,0,0,0,0,0,0
50,"Plot_050",2014,"Conifer Forest",80101,"Xiangxi",109.854160398779,28.6587840461414,37,3,22.3241972548316,0.409330136910896,0.531612903,771,15,1446,55.6666666666667,120.666666666667,334,278.666666666667,0.200467334317578,-1.49832238922999,-1.32907342895764,0.0730641376424491,0.0530360309694228,0.0563509579663129,0.082926734491813,0.0356767161316544,0.0193792293664467,0.0315089611010187,0.0443791939721146,0.0995629932783268,3.17526779574433,2.8221937518659,0.412131147540984,0.0610590454072604,21.4443427161066,2.44493384460656,21.8862529221403,30.1639344262295,0.983606557377049,0,0,0,0,0,0,0,0
51,"Plot_051",2014,"Conifer Forest",80101,"Xiangxi",110.099671205542,28.6600523333116,45,3,63.6305163981732,0.293348035444665,0.497849462,852,14.1,1492,55.3333333333333,114,313,289.666666666667,0.576610643955566,-1.37049702980402,-1.21372654495099,0.10324432229964,0.115627569138963,0.280997759670252,0.102189275188703,0.078602311611156,0.127254482177686,0.11271590170287,0.0615269368104264,0.41640041426824,3.15881888088157,2.85274313194901,0.421272727272727,0.0616539182672184,21.4831721540622,2.39811790285647,21.0399174356969,29.6363636363636,0.927272727272727,0,0,0,0,0,0,0,0
52,"Plot_052",2014,"Conifer Forest",80101,"Xiangxi",110.181559257155,28.6604817440255,9,1,8.14210029100155,0.256182715675369,0.541048387,662,14.9,1480,60,116,282,293.666666666667,0.124026956402726,-1.52357060154465,-1.39361319416854,0.00158138903182228,0.00200411319913068,4.11193712824132e-18,0.0139176222093234,0.0650818062203578,0.0986059312088659,0.0111259102382923,0.0331649121282565,0,3.20923505231157,2.79732319589078,0.41,0.0593191970637363,21.2358458806019,2.47745606296759,21.9566554944973,30.1851851851852,1,0,0,1,0,0,0,0,0
53,"Plot_053",2014,"Conifer Forest",40118,"Yueyang",113.454183594063,28.641240046336,25,2,16.734762239737,0.453005519868171,0.588629032258065,144,17.1,1446,58.6666666666667,126.666666666667,294.666666666667,222.666666666667,2.12465095646871,-1.03867994376699,-0.362474263971187,0.452111173532083,0.502055576373566,1.04121376585357,0.378370602187421,0.334124958768374,0.617192956553471,0.335097424296695,0.249470145327968,1.38059413547334,2.86376841669142,3.15434836414454,0.468463881832797,0.0731958297581458,19.9414573785378,2.17740676070869,18.4199342546363,29.375,0.6625,0,0,0,0,0,0,0,0
54,"Plot_054",2014,"Conifer Forest",40118,"Yueyang",113.618472468698,28.6370987708304,12,2,28.3081130223678,0.315466348805835,0.642311827956989,106,17.2,1462,60.6666666666667,131.666666666667,279.333333333333,179.666666666667,2.01692586105167,-2.29623191274839,-0.0982523238912157,0.688153604415047,0.480391352187092,0.534343028755872,0.958619574977726,0.415349978682373,0.594570203417471,0.236942104442513,0.715894859119771,0.409537472266369,2.35609645793791,3.38639746409695,0.433469387755102,0.118332914659064,18.3422093919644,2.4383731073775,24.7072604659731,36.9897959183673,0.928571428571429,0,0,0,0,1,0,0,0
55,"Plot_055",2014,"Conifer Forest",40118,"Yueyang",113.945103213742,28.6309297021203,35,3,46.9415370396312,0.395516545418667,0.624838709677419,537,15.1,1634,55.6666666666667,123,268.333333333333,235.666666666667,1.45476558765025,-1.23254774452653,-0.866802196335071,0.242636587898672,0.322702622751685,0.717435953407731,0.22765460810133,0.289938999668362,0.390621472323822,0.200002042561943,0.133494954817393,1.00564115145708,3.08264852425811,2.96265521734216,0.443562238794406,0.066042425021642,20.4339328516562,2.29115955126472,20.260833415178,29.3373493975904,0.795180722891566,0,0,0,0,0,0,0,0
56,"Plot_056",2014,"Conifer Forest",80101,"Xiangxi",109.813827665574,28.6218089715301,19,2,3.855013179042,0.334690485478379,0.519543011,850,14,1467,57,120,292,314.666666666667,0,-1.51524982246117,-1.38495904528467,0,0,0,0,0,0,0,0,0,3.20997533631745,2.79821608637929,0.41,0.0589744198037889,21.4108085625,2.44392318225,22.0509391044924,30,1,0,0,0,0,0,0,0,0
57,"Plot_057",2014,"Conifer Forest",80415,"Changde",111.205668720425,28.6270959997411,14,2,26.685729684096,0.284117387604466,0.598736559139785,164,17,1395,59.6666666666667,124,282,243.666666666667,0,-1.51524982246117,-1.38495904528467,0,0,0,0,0,0,0,0,0,3.20997533631745,2.79821608637929,0.41,0.0589744198037889,21.4108085625,2.44392318225,22.0509391044924,30,1,0,0,0,0,1,0,0,0
58,"Plot_058",2014,"Conifer Forest",80101,"Xiangxi",109.773239898003,28.5854514902624,19,2,13.1074722249091,0.394189008315101,0.554677419,748,14.6,1441,56,121,286.666666666667,315.333333333333,0.369467615494717,-1.5928942653564,-1.22134553770885,0.146895522528758,0.161686610773711,0.088038799382273,0.195534998243793,0.152012770040822,0.135704903492045,0.0117712367914778,0.0337406789961747,1.70803542250024e-17,3.13978397722832,2.87174623690316,0.413405972050458,0.0639188189328199,20.9936690284072,2.39681690163617,21.9491179079972,30.1923076923077,1,1,0,0,0,0,0,0,0
59,"Plot_059",2014,"Conifer Forest",80415,"Yiyang",112.144276539102,28.5863528172943,20,2,29.4301818533567,0.614175181169135,0.598870968,51,17.4,1366,60,128,247.333333333333,206.333333333333,1.17323623316976,-1.09550884257828,-1.0803620989414,0.53202471231768,0.0420239648980416,0.359207962801966,0.0772782153929314,0.121586329859049,0.035291986963292,0.269424020991968,0,0.931690186985642,2.90997990366607,2.82076866297572,0.426399124687388,0.0566684487695783,21.017082855,2.42946655016667,19.3007651962531,30,0.814814814814815,0,0,0,0,0,0,0,0
60,"Plot_060",2014,"Conifer Forest",80415,"Yueyang",112.879968675766,28.5781604364655,20,2,31.8978872431439,0.5146734712583,0.600295698924731,63,17.5,1364,57.3333333333333,132,293,172.666666666667,3.01611270928454,-2.00534671194059,1.31005586396696,0.467586271578817,0.297242853615466,0.775774816519414,1.56443707401586,0.757438352340644,0.980446805556775,0.514519015152174,0.407577486645678,1.49827709084527,2.1253826527967,3.56367298213016,0.519998384474047,0.149158488852236,15.3433927400285,1.64799187304517,19.9562797656584,30.7857142857143,0.585714285714286,0,0,0,0,0,0,0,0
61,"Plot_061",2014,"Conifer Forest",40118,"Yueyang",113.698072967487,28.5638758311604,19,2,15.3595899073221,0.395255216094557,0.64508064516129,150,17.1,1496,58.6666666666667,128,296.333333333333,195.666666666667,2.52727333733289,-1.47692850959875,0.443785335494513,0.483995726081647,0.265644535966909,1.16131521928237,0.626662295216657,0.178171495672653,0.880552994867862,0.469331267569416,0.843739393460312,1.48189559195462,2.29332075819822,3.59022035761298,0.482,0.10868138602262,18.2054638374177,2.25296107414112,20.1577135542656,34.8,0.6,0,0,0,0,0,0,0,0
62,"Plot_062",2014,"Conifer Forest",80101,"Xiangxi",109.649988354265,28.5486011409556,9,1,20.0415636694115,0.373907443054752,0.613978494623656,568,16,1380,59.6666666666667,124,338.333333333333,264.666666666667,0,-4.46982947858114,2.69531268140543,0,0,0,0,0,0,0,0,0,1.80279069767442,3.70906976744186,0.54,0.260101660605608,9.51428571428571,0.8125,28.1560210855065,30,1,1,0,0,0,0,0,0,0
63,"Plot_063",2014,"Conifer Forest",80101,"Xiangxi",110.141056576031,28.5519648341166,35,3,51.1918660240808,0.554801766357294,0.582177419354839,273,17.4,1396,56.6666666666667,116.666666666667,325,288,0.594031403806685,-1.6137580225487,-1.21300015633339,0.30821004234891,0.183451204657189,0.0326042454872807,0.301455248508581,0.132121788379735,0.10433747672191,0.0668361450447641,0.24023051031582,0.0845667655516797,3.05066606122275,2.88846274861622,0.411229934351554,0.0669017557477186,21.0186200167639,2.48129747792708,22.4382256984175,31.4583333333333,0.986111111111111,1,0,0,0,0,0,0,0
64,"Plot_064",2014,"Conifer Forest",80101,"Zhangjiajie",110.917543082749,29.6736426346038,33,3,29.1203515325226,0.424373156944879,0.611129032258064,535,15.2,1376,55.3333333333333,119.333333333333,264.333333333333,246.333333333333,1.54600825672927,-1.85648725011005,-0.771829660154292,0.717326814053737,0.472957883161269,0.170521646192177,0.755666321551453,0.341821980836274,0.280318559521227,0.189002990575322,0.612839791351128,0.351536297448677,2.6842688723742,3.1172051388323,0.416752512423268,0.0872536900547139,19.922640875906,2.55880928755563,23.5020484306898,34.9242424242424,0.939393939393939,0,0,0,0,0,0,0,0
65,"Plot_065",2014,"Conifer Forest",80101,"Huaihua",110.182774402612,28.5166744349141,17,2,14.6268816470186,0.275566825996577,0.618575269,221,17.4,1396,60.3333333333333,122.666666666667,260.666666666667,263.333333333333,0.211225682863461,-1.47689027518526,-1.31749198869681,0.0352507701101533,0.0503735557169232,0.112466751678423,0.0285263767204318,0.0333483355290198,0.0644638035189894,0.0325618322754865,0.0212053664185484,0.143513131307018,3.19338421278961,2.8207806063685,0.414285714285714,0.0596849257666308,21.3206706417967,2.42188218222447,21.7735068000309,29.8809523809524,0.976190476190476,0,0,0,0,0,0,0,0
66,"Plot_066",2014,"Conifer Forest",80101,"Huaihua",110.346672142826,28.5171102789103,28,2,14.0459232543552,0.252955707074374,0.60510752688172,269,16.7,1442,62.6666666666667,125.333333333333,277,281,2.38779679953905,-2.55433628705093,0.685774591333556,0.828678336024232,0.820718159799422,0.619138618901957,1.05895612862588,0.827393039115773,0.988121195110868,0.170403704606669,0.416712563070819,0.176263532780069,2.16059346368685,3.77138462064742,0.449153486854549,0.128609296042211,16.2749079821208,2.04148035399861,22.1324960058265,35.2941176470588,0.970588235294118,0,0,0,0,0,0,0,0
67,"Plot_067",2014,"Conifer Forest",80101,"Huaihua",110.591150077607,28.5184087628532,33,3,66.8772014065876,0.539747634131086,0.582204301,227,16.9,1438,61,122,266.666666666667,343,1.97828153196294,-1.95942699548775,-0.145965328495047,0.645465535379499,0.460821553580556,0.611296631235032,0.765074717426895,0.305145031766017,0.506517622328295,0.302175099482408,0.750918229164925,0.817814829233457,2.34348849563456,3.41679420792789,0.436979361047313,0.107098660197516,18.8679265051658,2.5196508516504,23.4011609090524,37.2142857142857,0.842857142857143,0,0,0,0,0,0,0,0
68,"Plot_068",2014,"Conifer Forest",80415,"Huaihua",110.83663089972,28.5184835726439,24,2,19.4277928651957,0.358955361707779,0.539301075,433,15.9,1460,59.3333333333333,119.666666666667,271,295.333333333333,1.25596029676801,-1.24813741180904,-0.940484773328545,0.310662410234593,0.397487703430865,0.537719869736096,0.12527216746392,0.147985619582446,0.358062947880701,0.170914111688329,0.0922065275607465,0.868092684044421,3.03816469535661,2.99236494730053,0.432548704922088,0.0625390063764095,21.2508069313242,2.30006687274903,21.2739895327722,29.6923076923077,0.830769230769231,0,0,0,0,0,0,0,0
69,"Plot_069",2014,"Conifer Forest",80415,"Yiyang",111.244766290276,28.5180094306026,43,3,60.6437683195651,0.471186884075814,0.490430107526882,447,15.1,1485,57,114.333333333333,288.333333333333,394.333333333333,0.76767566332682,-1.31096734810428,-1.1754566347246,0.330110101916246,0.105235801445404,0.24284859176609,0.0485146302680421,0.0878960495884218,0.0646819760234419,0.149247454027445,0.0370408035648432,0.570929059499999,3.03890533782601,2.85011937239162,0.420072138760898,0.0591318833812966,21.2079327374779,2.4243994727054,20.934274333109,30.1546391752577,0.896907216494845,0,0,0,0,0,0,0,0
70,"Plot_070",2014,"Conifer Forest",80415,"Yueyang",113.041467229821,28.5024417702659,22,2,7.31800403857267,0.180525164113786,0.575376344086022,513,15.7,1507,55.6666666666667,121.666666666667,318.333333333333,280,2.33776597719068,-3.75091735825287,1.56352311997099,0,0,0.862888537418314,1.19638672756165,0.764193173177514,1.49950562078507,0,0.675813303745605,0,1.80279069767442,3.70906976744186,0.482222222222222,0.207741644474493,13.1437589501587,1.71338745255556,28.1560210855065,36.6666666666667,1,0,0,0,0,0,0,0,0
71,"Plot_071",2014,"Conifer Forest",80101,"Xiangxi",110.060626988852,28.4795704455531,40,3,95.8280079120094,0.52178976716379,0.574569892473118,438,16,1428,59.6666666666667,119.666666666667,325,282.666666666667,0.875994201206052,-1.56131093245652,-1.08469490811358,0.379185448855253,0.26079507867431,0.20728138514307,0.358942834975622,0.184877769383218,0.126652185073456,0.0832264171224796,0.269632752492751,0.318423846205124,3.00167101732628,2.93425837145364,0.418155550423853,0.0689223013371498,20.8275548795077,2.45199466771556,22.0232161809801,31.4545454545455,0.945454545454545,0,0,0,0,0,0,0,0
72,"Plot_072",2014,"Conifer Forest",80415,"Yiyang",111.286050334148,28.4849955519684,33,3,21.5855595922427,0.470442139188095,0.529112903,498,15.5,1469,57.6666666666667,119.333333333333,262,261.333333333333,1.37441446161361,-1.22767075602905,-0.989754099071244,0.46713436981304,0.299873113002036,0.429057918349953,0.216564584113425,0.157718129305856,0.370613932468999,0.25957928479186,0.0933262511044022,0.954760802558707,2.93460533983916,2.88633200352897,0.421890518725175,0.0656372039768656,21.1761842559349,2.30536879822112,19.9337287137409,30.0735294117647,0.808823529411765,0,0,0,0,0,0,0,0
73,"Plot_073",2014,"Conifer Forest",80415,"Yiyang",111.449172592334,28.4827048768199,8,1,4.35868441357596,0.406347098930435,0.548198925,194,17.1,1393,56,118.333333333333,268.333333333333,284.666666666667,0.31438171243739,-1.51362507936822,-1.28656065061179,0.138685093916241,0.154423872068151,0.0528742111661966,0.0760732425521001,0.0415225344877215,0.0497969805633681,0.0577565575897054,0.0791706907487102,0.137141680557095,3.14322170052289,2.86895784989482,0.412012619847998,0.0609073894687158,21.4361673853727,2.43611519773287,22.5541933499273,30.4545454545455,0.977272727272727,0,0,0,0,0,0,0,0
74,"Plot_074",2014,"Conifer Forest",80415,"Yiyang",111.53098631782,28.4816881959822,27,2,43.5865704224209,0.390341948725596,0.554032258064516,218,16.9,1401,60.3333333333333,124.666666666667,273,250,1.06295740384989,-1.76482544634377,-1.02973292142283,0.526678891844501,0.392020011968557,0.0366151991024633,0.554441056864689,0.23466208326531,0.198864678375384,0.14002147746079,0.44548240237137,0.0949701154511929,2.90023509196312,3.01763611399545,0.411383676145498,0.0759253122934532,20.7288287405687,2.51272524026947,23.541629269669,33.125,0.984375,0,0,0,0,0,0,0,0
75,"Plot_075",2014,"Conifer Forest",40118,"Yiyang",112.023195212235,28.4784242149815,13,2,33.1486653685613,0.294972779152917,0.553413978,456,15.7,1469,55,114.333333333333,321.333333333333,292.333333333333,0.0548114385752523,-1.50720115913848,-1.36898313584385,0.0189197688848182,0.028608150852758,0.0135255193319713,0.000405071308911155,0.0104348999001305,0.0125817500124599,0.0109557834056379,0.00518362596081119,0.035081609931987,3.20123262010992,2.81079770874284,0.410506030133211,0.0589843252937887,21.4384999697794,2.43969961136569,22.1425854177388,30.0285714285714,0.994285714285714,0,0,0,0,0,0,0,0
76,"Plot_076",2014,"Conifer Forest",80415,"Changsha",112.838487981106,28.4702510004801,3,1,0.110832323654754,0.0790099257751007,0.603010752688172,86,17.4,1374,57.6666666666667,134.333333333333,321,156,0,-4.46982947858114,2.69531268140543,0,0,0,0,0,0,0,0,0,1.80279069767442,3.70906976744186,0.54,0.260101660605608,9.51428571428571,0.8125,28.1560210855065,30,1,0,0,0,0,0,0,0,0
77,"Plot_077",2014,"Conifer Forest",40118,"Changsha",113.65422285997,28.4570444679634,23,2,25.2475532696743,0.477217232321058,0.520241935483871,379,16.3,1551,57.6666666666667,124.666666666667,299.666666666667,207.666666666667,1.05154467784113,-1.38536267002482,-1.0682511062764,0.487447064069359,0.233086994144446,0.243728075458628,0.246044166563211,0.176490752658343,0.0858683996762048,0.145972971862865,0.199958367312121,0.632165986595598,2.93974552007556,2.92007959917276,0.420253768488746,0.064401640630221,20.973494099254,2.4505332503788,21.6174624477607,31.2105263157895,0.884210526315789,0,0,0,0,0,0,0,0
78,"Plot_078",2014,"Conifer Forest",40118,"Changsha",113.898194658689,28.4515667881833,25,2,37.863979896145,0.475548848189551,0.626935483870968,172,16.7,1554,55.3333333333333,120.666666666667,313.333333333333,219.333333333333,1.64085089839244,-1.70434101745338,-0.941049595087947,0.587284432733937,0.447759149873774,0.274918514486475,0.742329100662581,0.412616332259487,0.510775272417177,0.174381892228812,0.520257300742656,0.535853446050789,2.82487405351597,2.96742045130425,0.421621306237942,0.0846343574460686,19.7096907983488,2.641706828609,22.662127795013,33.12,0.904,0,0,0,0,0,0,0,0
79,"Plot_079",2014,"Conifer Forest",80101,"Huaihua",110.183126403408,28.4444072078155,9,1,2.95426778113266,0.317797310502328,0.617768817,182,17.2,1401,59.6666666666667,123,263,283,2.20723441776144,-1.80736037235907,-0.128993873497236,0.835118364176829,1.02068228706576,0.529015363399258,0.912088138005452,0.755792085591084,0.707657888292655,0.198306607839516,0.202743991123681,0.609833576936056,2.63442800198941,3.46769961314175,0.439518424437299,0.087734665965965,19.5391130626194,2.08962857150854,23.2446505045337,31.6666666666667,0.888888888888889,0,0,0,0,0,0,0,0
80,"Plot_080",2014,"Conifer Forest",80101,"Huaihua",110.591754250146,28.4463367294483,18,2,43.9541179401033,0.361829134393798,0.576102151,302,16.6,1445,60.3333333333333,123.333333333333,276.333333333333,299,1.47304502644805,-2.29946780811754,-0.48535848738833,0.742747063868229,0.505152110338176,1.83613807918776e-16,0.831018365385821,0.34284413904485,0.287414689859312,0.17800834050245,0.663763507552248,1.88310905330652e-15,2.38460742326721,3.33246680315637,0.41,0.107843164754899,19.2228980613702,2.67594230480769,25.6318044972026,38.7980769230769,1,0,0,0,0,0,0,0,0
81,"Plot_081",2014,"Conifer Forest",80415,"Yiyang",112.551650326031,28.4376070405133,1,1,12.0675906925655,0.429687004313531,0.595698925,51,17.6,1372,59,131.333333333333,311.333333333333,188.666666666667,1.13890023394459,-1.84950666880651,-1.00152274191902,0.574262693680812,0.390563659842097,1.11022302462516e-16,0.642510577583852,0.265073547076994,0.222217686250356,0.137629018123892,0.513195727531818,1.4432899320127e-15,2.85817917665669,3.02592950664493,0.41,0.0798037209304917,20.478256545625,2.54281657875,23.5772095997459,33.75,1,0,0,0,0,0,0,0,0
82,"Plot_082",2014,"Conifer Forest",40118,"Changsha",113.937921059026,28.4146664568375,13,2,19.5339052830607,0.401375800780146,0.62258064516129,222,16.8,1558,57.3333333333333,124.666666666667,344.333333333333,198,1.9814562813505,-0.934470222954623,-1.11971050855691,0.193866654709311,0.361149669397529,0.67844894442734,0.215093210830407,0.434368896876697,0.857179352362892,0.289100597084558,0.21848386212092,1.3455709909683,3.07278282184284,2.73854866843334,0.44757621994529,0.0670294640158942,19.6455342357282,2.69989964578544,18.7785452406214,28.7313432835821,0.67910447761194,0,0,0,0,0,0,0,0
83,"Plot_083",2014,"Conifer Forest",80101,"Huaihua",110.306004702324,28.409404925572,25,2,24.1957164768771,0.556806831667984,0.614327956989247,212,17.1,1424,60.6666666666667,120.666666666667,234,312.333333333333,2.05932890203492,-2.75486564065313,1.8406161179468,0.283998606128874,0.697552952213059,0.45637973458305,0.811363224082983,0.703737411132864,0.963156610481883,0.219142746734403,0.338469159973423,0.73419321836832,1.5944781955349,4.21857105575712,0.480333128949994,0.155745679773187,13.5567844421051,1.72557086321222,19.7327735122676,36.0344827586207,0.862068965517241,0,0,0,0,0,0,0,0
84,"Plot_084",2014,"Conifer Forest",80101,"Huaihua",110.469996784741,28.4094650968636,19,2,16.7912968055385,0.410629233733032,0.586801075268817,359,16.5,1450,60,123,269.333333333333,290.333333333333,1.29583528039043,-1.63985559851663,-0.938811963095991,0.648677345156687,0.346447404606261,0.157894891626819,0.584787209605182,0.257498087812039,0.203122355347663,0.150915033617253,0.460828816559184,0.40953747226637,2.79272324687127,3.00209786900846,0.416325376665135,0.0759386605134815,20.4596126322857,2.52311282116071,22.2983895929602,33.2142857142857,0.928571428571429,0,0,0,0,0,0,0,0
85,"Plot_085",2014,"Conifer Forest",80415,"Huaihua",110.714599771411,28.4102423926927,26,2,35.5005397058797,0.288631668375198,0.500860215053763,587,15.8,1465,57,118,278.666666666667,324,1.40392919271557,-1.08540337839145,-1.11558938614015,0.51273645933355,0.282513618512681,0.404744812910069,0.0984663240167786,0.0803949624086583,0.375919049113871,0.325562611012885,0.0320821382938534,1.05601542662864,2.91297474710746,2.68941220061761,0.4218872647687,0.0615290781848161,21.4286495483457,2.28440609613559,18.6421080795197,29.8175182481752,0.781021897810219,0,0,0,0,0,0,0,0
86,"Plot_086",2014,"Conifer Forest",80415,"Yiyang",110.959076419073,28.4113022128918,17,2,19.8631595129401,0.378697982035935,0.529758065,295,16.2,1446,59,117.666666666667,261,308.666666666667,0.685003185622158,-1.40690243157878,-1.16989872588897,0.236448856191617,0.357528920573643,0.169034494813964,0.00506235822705732,0.130409634540501,0.157239785403625,0.136919349846015,0.0647821036726555,0.438430648507283,3.09228492583149,2.96758407973473,0.416811944100915,0.059107762938402,21.783577506646,2.38706742034586,23.2846394751171,30.3846153846154,0.923076923076923,0,0,0,0,0,0,0,0
87,"Plot_087",2014,"Conifer Forest",80415,"Yiyang",111.122565805855,28.4106216047665,5,1,5.90793898813152,0.263563091008699,0.540833333333333,322,16,1450,58.6666666666667,118.666666666667,262.666666666667,285.333333333333,2.26005985266307,-1.78098826875479,0.090317655619219,0.576103230372249,0.395831493174181,0.907277515064351,0.703264524578749,0.266390185662901,0.668179344018263,0.358624479858152,0.798304465049495,1.15773093121454,2.33217621995361,3.49057038679724,0.455,0.108093334667034,18.5992563613652,2.41027947498195,22.1904408981537,36.25,0.75,0,0,0,0,0,0,0,0
88,"Plot_088",2014,"Conifer Forest",40118,"Yiyang",111.203698395717,28.4108853490808,22,2,9.14561568070287,0.476961740098141,0.566290322580645,183,16.8,1411,60.6666666666667,122.666666666667,276.333333333333,240.333333333333,1.51966044193647,-1.27204141498633,-0.772187106226388,0.331221983665015,0.39010148797736,0.746120889183684,0.30244146712036,0.259515384727482,0.438412065849056,0.22267775121001,0.165505298876475,0.952087115012414,3.01023755577839,3.02210623110544,0.444285714285714,0.0686259534354197,20.5120762412782,2.28643201947434,20.1221988583725,29.7619047619048,0.80952380952381,0,0,0,0,0,0,0,0
89,"Plot_089",2014,"Conifer Forest",40118,"Yiyang",111.551849236874,28.4089271977727,20,2,33.4279942157865,0.41425578927911,0.545913978,178,16.7,1415,61,119.666666666667,296.333333333333,272.333333333333,0.162012450542896,-1.51442811331071,-1.33519433993287,0.0717903826222772,0.0799375660983551,0.0270483479502593,0.0392828017570335,0.0210545023057269,0.0253175779822996,0.0298977002590828,0.040982733045215,0.0701562408663059,3.17621487683515,2.83399352999634,0.411017876704734,0.0599520136573151,21.4236337142977,2.4399743165172,22.3054584929882,30.2298850574713,0.988505747126437,0,0,0,0,0,0,0,0
90,"Plot_090",2014,"Conifer Forest",40118,"Yiyang",111.612812371775,28.4088018940502,22,2,28.4567566180585,0.435349616624247,0.537822581,107,16.8,1410,62,120.333333333333,284,270.666666666667,0,-1.51524982246117,-1.38495904528467,0,0,0,0,0,0,0,0,0,3.20997533631745,2.79821608637929,0.41,0.0589744198037889,21.4108085625,2.44392318225,22.0509391044924,30,1,0,0,0,0,0,0,0,0
91,"Plot_091",2014,"Conifer Forest",40118,"Yiyang",111.695735246823,28.4086291258355,7,1,8.2243829646613,0.261319305826102,0.528978494623656,265,16.7,1415,61,121,265.666666666667,255,0,-1.51524982246117,-1.38495904528467,0,0,0,0,0,0,0,0,0,3.20997533631745,2.79821608637929,0.41,0.0589744198037889,21.4108085625,2.44392318225,22.0509391044924,30,1,0,0,0,0,0,0,0,0
92,"Plot_092",2014,"Conifer Forest",40118,"Changsha",114.222745798353,28.3724554249513,17,2,40.6018985929236,0.410487389490986,0.508172043010753,404,15.9,1621,53,120.666666666667,258.333333333333,234.333333333333,1.65992968328766,-1.29110555701085,-1.00945161399119,0.587158378042122,0.329393217458509,0.371052139739295,0.420484862338838,0.312981817858605,0.444197764185556,0.277660021113084,0.334702447029895,1.00222460856578,2.82944590539193,2.86138047008338,0.422064692036338,0.0723910476325676,20.4014703277146,2.53940110229864,20.1924588287805,31.504854368932,0.796116504854369,0,0,0,0,0,0,0,0
93,"Plot_093",2014,"Conifer Forest",80415,"Yiyang",111.081615170787,28.3749211996406,16,2,21.9588057416731,0.344266823775163,0.548225806,373,16.2,1444,57.3333333333333,114,281,309.333333333333,0,-1.51524982246117,-1.38495904528467,0,0,0,0,0,0,0,0,0,3.20997533631745,2.79821608637929,0.41,0.0589744198037889,21.4108085625,2.44392318225,22.0509391044924,30,1,0,0,0,0,0,0,0,0
94,"Plot_094",2014,"Conifer Forest",40118,"Yiyang",111.490044513957,28.3726211228313,11,2,32.1339747676422,0.323246053028999,0.546397849462366,238,16.8,1411,60.3333333333333,121.333333333333,297,236,0,-1.51524982246117,-1.38495904528467,0,0,0,0,0,0,0,0,0,3.20997533631745,2.79821608637929,0.41,0.0589744198037889,21.4108085625,2.44392318225,22.0509391044924,30,1,0,0,0,0,0,0,0,0
95,"Plot_095",2014,"Conifer Forest",40118,"Yiyang",111.979586189162,28.3711190518715,22,2,22.9619353738382,0.358444674993302,0.490188172043011,175,17,1412,61,121.666666666667,271.666666666667,238.666666666667,0.48748809058805,-1.42113299947445,-1.24174232544216,0.171987238060312,0.204803891346544,0.130765985140254,0.00819121303892488,0.0733405809893587,0.115400514097197,0.0779742274563523,0.0364305609050365,0.339172283922483,3.1260601083656,2.89332014800716,0.415165724276527,0.0588453351053499,21.6124699544649,2.40301968129087,22.5241887865083,30.2083333333333,0.941666666666667,0,0,0,0,0,0,0,0
96,"Plot_096",2014,"Conifer Forest",40118,"Yiyang",112.061362902492,28.3699113798558,7,1,31.077802570181,0.324285575820347,0.469489247311828,487,15.3,1514,56,112.666666666667,325.333333333333,295.666666666667,0.0956466713945098,-1.49242742555584,-1.36075392523417,0.0342460060631102,0.0237340049707818,0.0284488539679217,0.00397631479110147,0.00737598178752834,0.0232956542553936,0.0113158845390406,0.00366398845821355,0.0737887820363071,3.19404821531361,2.80872153694728,0.411071233144902,0.0588840004214802,21.4302254251621,2.43605253508838,22.0212517761433,30.0201612903226,0.987903225806452,0,0,0,0,0,0,0,0
97,"Plot_097",2014,"Conifer Forest",80101,"Xiangxi",109.328116903101,28.327706656738,15,2,17.8178696143843,0.368311072205895,0.502043010752688,620,15.4,1333,57,122.333333333333,317.333333333333,296,0,-1.51524982246117,-1.38495904528467,0,0,0,0,0,0,0,0,0,3.20997533631745,2.79821608637929,0.41,0.0589744198037889,21.4108085625,2.44392318225,22.0509391044924,30,1,1,0,0,0,0,0,0,0
98,"Plot_098",2014,"Conifer Forest",80101,"Huaihua",110.469743552398,28.3372815330166,31,3,36.2287861240661,0.536615061598373,0.570698924731183,362,16.5,1443,59.3333333333333,124.333333333333,247.333333333333,293.666666666667,1.84279191564983,-1.23329211509154,-0.575717565967444,0.415884296925449,0.468997126971905,0.887451471550978,0.388353206134367,0.312383248660477,0.531793897279202,0.271260004515574,0.220729345174976,1.13243192023067,2.92790548122463,3.10095666700046,0.453548387096774,0.0729132065638605,20.1940677499099,2.25185927763576,19.724214235046,30,0.758064516129032,0,0,0,0,0,0,0,0
99,"Plot_099",2014,"Conifer Forest",80101,"Zhangjiajie",111.041224231653,29.6379194363638,32,3,53.0731007766445,0.55154666931835,0.628602151,265,16.6,1319,59.6666666666667,126.666666666667,277,214.666666666667,1.31535706296391,-2.38424098425661,0.29083158198242,0.234487618098128,0.0652062239826272,0.579967313161917,0.347392027890007,0.0373945219751795,0.479196894318575,0.27659897374691,0.485833063441307,0.770164144284791,1.9278004503182,3.68470456263559,0.435264665992269,0.132133025367739,17.7749543169947,2.64713346919251,25.3891328802447,41.7977528089888,0.853932584269663,0,0,0,0,0,0,0,0
100,"Plot_100",2014,"Conifer Forest",80415,"Yiyang",111.040895644621,28.3384863495571,11,2,18.3999249971119,0.290653266126942,0.544731182795699,423,16.3,1440,58,114.666666666667,277,323.666666666667,0.888269094082839,-1.37024777450971,-1.06825663795213,0.180677923849577,0.22611671928502,0.447733491099196,0.159471508080931,0.150179620163462,0.258573252306763,0.130831726073961,0.0889016310284397,0.571330053902466,3.11574420359136,2.91045366793668,0.428571428571429,0.0633757742857356,20.9610012542539,2.3546911279489,20.9456385150166,29.7222222222222,0.896825396825397,0,0,1,0,0,0,0,0
101,"Plot_101",2014,"Conifer Forest",40118,"Yiyang",111.367647627393,28.3373654952759,10,1,2.97384472209626,0.227148492808756,0.559811828,165,16.7,1416,61,123,282.333333333333,266.333333333333,0.490446176513101,-1.40756303758232,-1.30475530116026,0.121977012999331,0.0142780064350593,0.157894891626819,0.0410446878945617,0.128735593680538,0.0115602372836218,0.0619238000025168,1.18952466924124e-16,0.40953747226637,3.1591981204024,2.79625189799911,0.416325376665136,0.0595481458950956,21.0450021932085,2.43976789198193,21.6211000987278,30,0.928571428571429,0,0,0,0,0,0,0,0
102,"Plot_102",2014,"Conifer Forest",40118,"Yiyang",111.612092815611,28.3368035681979,5,1,20.1112009095072,0.29300370790108,0.52494623655914,220,17.1,1397,61,123,268.666666666667,242.666666666667,0,-1.51524982246117,-1.38495904528467,0,0,0,0,0,0,0,0,0,3.20997533631745,2.79821608637929,0.41,0.0589744198037889,21.4108085625,2.44392318225,22.0509391044924,30,1,0,0,0,0,0,0,0,0
103,"Plot_103",2014,"Conifer Forest",40118,"Yiyang",112.101920266205,28.3344032070294,20,2,19.1853033323429,0.350502800085559,0.541505376,158,17.4,1399,60,122.333333333333,312.333333333333,255,0.3890485834299,-1.39919186624791,-1.30465167676768,0.0830548054388683,0.113028158433855,0.117062388027479,0.018042742627826,0.138737404427286,0.0585023569635946,0.0442169859384913,0.0742510692819191,0.270835720553647,3.16997647027987,2.85002224332737,0.414564489041653,0.0585661944814029,21.7945181625143,2.42345569828933,22.0912111361978,29.7011494252874,0.954022988505747,0,0,0,0,0,0,0,0
104,"Plot_104",2014,"Conifer Forest",80101,"Xiangxi",109.613352422112,28.2947272604934,24,2,45.7695499458072,0.472718533291898,0.607043011,291,16.9,1318,60,125.333333333333,320,284.333333333333,1.61495773130371,-2.05031976697211,-0.597902169159212,0.774623601737967,0.513463766099905,0.0932001244139467,0.86328155657417,0.341130462079594,0.299660640007644,0.217026219321328,0.681696060117234,0.241736404351892,2.48333865547205,3.2307304229442,0.413614500951506,0.0975742405484253,19.5731142116122,2.62641422003571,24.3104290504993,37.0408163265306,0.959183673469388,1,0,0,0,0,0,0,0
105,"Plot_105",2014,"Conifer Forest",80101,"Xiangxi",109.858107373056,28.2972191261546,30,2,34.8052269751797,0.482085191727556,0.628763440860215,321,16.5,1368,58.3333333333333,120,284.333333333333,283.333333333333,2.27502730385827,-2.6647363348724,1.58081486136175,0.598498918612285,0.848238133855865,0.510914561064419,1.03380639150535,0.822399681011057,0.901941487228897,0.162124579233915,0.265325682261348,0.590679046538033,1.81058560438424,4.09907913071957,0.476519649747359,0.146128448083147,14.1392253988557,1.7040621500755,19.6208048936283,34.4642857142857,0.892857142857143,1,0,0,0,0,0,0,0
106,"Plot_106",2014,"Conifer Forest",80101,"Xiangxi",109.93928308264,28.2987310007452,34,3,44.744190933852,0.344089648224424,0.624865591397849,283,16.8,1371,58.6666666666667,120.333333333333,244.666666666667,263.666666666667,0.481792913351758,-3.48412279164741,2.66995268947879,0.0616671886783558,0.155232584011074,0.161442523155157,0.126176045815232,0.182881479948974,0.329224783193727,0.071364655980526,0.123744993987446,2.59954659424427e-16,1.41557005104935,4.63676120249575,0.492075619167124,0.184218760120938,11.0858211506427,1.33772112155571,20.0440099290243,35.7317073170732,1,1,0,0,0,0,0,0,0
107,"Plot_107",2014,"Conifer Forest",40118,"Huaihua",110.510291815233,28.3015218686859,12,2,2.22681307520019,0.42546758571777,0.563494624,447,15.9,1457,57.3333333333333,115.666666666667,270.666666666667,295.666666666667,0.402876273232098,-1.61075177855984,-1.27540581575163,0.203140544703416,0.138158573549585,3.1720657846433e-17,0.227282653294968,0.0937675132517258,0.0786076169048879,0.0486850948465469,0.181538624705133,6.66133814775094e-16,3.10946214784295,2.86327706359805,0.41,0.0649256486971325,21.1443651291071,2.47217843839286,22.4870163888505,31.0714285714286,1,0,0,0,0,0,0,0,0
108,"Plot_108",2014,"Conifer Forest",40118,"Yiyang",111.897679971931,28.2990431200235,17,2,43.8126056168135,0.316169729696055,0.525537634408602,306,16.3,1456,60,125,265,204.333333333333,0,-1.51524982246117,-1.38495904528467,0,0,0,0,0,0,0,0,0,3.20997533631745,2.79821608637929,0.41,0.0589744198037889,21.4108085625,2.44392318225,22.0509391044924,30,1,0,0,0,0,0,0,0,0
109,"Plot_109",2014,"Conifer Forest",40118,"Changsha",114.015750605322,28.2689394755794,7,1,6.78996528846604,0.134251813688311,0.575994623655914,326,17,1566,58,131,274.666666666667,178,0,-1.51524982246117,-1.38495904528467,0,0,0,0,0,0,0,0,0,3.20997533631745,2.79821608637929,0.41,0.0589744198037889,21.4108085625,2.44392318225,22.0509391044924,30,1,0,0,0,0,0,0,0,0
110,"Plot_110",2014,"Conifer Forest",80101,"Huaihua",110.307403617766,28.2646064292957,20,2,25.4182269709871,0.278971837402912,0.606962365591398,151,17.4,1397,62,127.333333333333,236,306.333333333333,0,-4.46982947858114,2.69531268140543,0,0,0,0,0,0,0,0,0,1.80279069767442,3.70906976744186,0.54,0.260101660605608,9.51428571428571,0.8125,28.1560210855065,30,1,0,0,0,0,0,0,0,0
111,"Plot_111",2014,"Conifer Forest",40118,"Yiyang",110.877804015089,28.2658918810582,23,2,30.5928578421404,0.436102992226484,0.546182795698925,448,16.3,1441,59.3333333333333,115.333333333333,280.666666666667,297.666666666667,1.61134889726718,-1.67240922360839,-0.743851341372069,0.68596400666622,0.521976243214313,0.307954806796111,0.655171022681327,0.333840090360024,0.270281461348822,0.210799305799015,0.527810190225317,0.609833576936056,2.72433792542294,3.13806815834082,0.422887632368703,0.0812208606994751,20.3318197767157,2.48649176010018,23.2935764298829,33.8333333333333,0.888888888888889,0,0,0,0,0,0,0,0
112,"Plot_112",2014,"Conifer Forest",40118,"Yiyang",111.122093967338,28.2658017405788,13,2,6.49167017216517,0.361432140724545,0.524731182795699,277,16.7,1422,58.6666666666667,118.333333333333,274,284.333333333333,0,-1.51524982246117,-1.38495904528467,0,0,0,0,0,0,0,0,0,3.20997533631745,2.79821608637929,0.41,0.0589744198037889,21.4108085625,2.44392318225,22.0509391044924,30,1,0,0,0,0,0,0,0,0
113,"Plot_113",2014,"Conifer Forest",40118,"Yiyang",111.611925493559,28.2648020046101,38,3,31.8995373449493,0.338536100973885,0.492795698924731,364,16.5,1429,60.6666666666667,118.333333333333,292.666666666667,289.666666666667,0,-1.51524982246117,-1.38495904528467,0,0,0,0,0,0,0,0,0,3.20997533631745,2.79821608637929,0.41,0.0589744198037889,21.4108085625,2.44392318225,22.0509391044924,30,1,0,0,0,0,0,0,0,0
114,"Plot_114",2014,"Conifer Forest",40118,"Yiyang",112.182767179062,28.2611887857189,25,2,27.398515698826,0.359027803424242,0.570430107526882,257,17,1436,59,125.666666666667,294,218.666666666667,0.8778501723658,-2.45187402153709,0.161128201154726,0.0457420740622637,0.178222410801369,0.235117939288559,0.389023890344009,0.0600434386692912,0.140153147262057,0.248846211988772,0.270325321498242,0.609833576936056,1.77914728682171,3.62139534883721,0.419839474812433,0.13165057452265,17.8588326335556,2.78687016833333,25.827574298228,43.3333333333333,0.888888888888889,0,0,0,0,0,0,0,0
115,"Plot_115",2014,"Conifer Forest",80415,"Changsha",112.834238300835,28.2542404637017,18,2,30.0597194366689,0.372570676353837,0.618924731182796,79,17.7,1379,59.6666666666667,131,362,159.666666666667,0.232000458961446,-1.47707626083591,-1.31232814286244,0.0686651269056166,0.102768943794222,0.0806179057909108,0.0115042307128592,0.0313328567265992,0.060484194421764,0.0328812379840449,0.015594532610955,0.155557188141788,3.17758932027603,2.84434779040332,0.413078539195033,0.0592615592170587,21.4617240786919,2.42319928733121,22.2270085256032,30.0431034482759,0.974137931034483,0,0,0,0,0,0,0,0
116,"Plot_116",2014,"Conifer Forest",40118,"Changsha",114.055263696023,28.2318162732042,25,2,48.822538889895,0.588761323611396,0.584112903225806,238,16.9,1578,57.3333333333333,128.666666666667,280.666666666667,180,2.14403531489901,-2.22082108362415,-0.41056579711987,0.556736743795699,0.378644029323414,0.635258195246167,1.50368119645593,0.819582462819364,0.88849962241233,0.133428711712002,2.48557393572796e-16,1.41843419265542e-15,2.87393124350717,3.01573338334946,0.441044776119403,0.10700480566691,18.5698478823294,2.05432958648881,23.5088691298092,30,1,0,0,0,0,0,0,0,0
117,"Plot_117",2014,"Conifer Forest",40118,"Huaihua",110.512102601709,28.228532303332,40,3,93.1463729132277,0.786186044612046,0.525322580645161,648,14.9,1480,54.6666666666667,107.666666666667,262,331.333333333333,1.27149604449062,-1.79915976300688,-0.912972230147444,0.584400302597626,0.422969573370979,0.146487515453098,0.643306285137079,0.286255584934195,0.243885778744163,0.148573963271369,0.52032344596976,0.186925306602348,2.8364033270264,3.05554543913076,0.415625,0.0807362600067216,20.3599505247019,2.51388776621649,23.2130797001402,33.59375,0.96875,0,0,0,0,0,0,0,0
118,"Plot_118",2014,"Conifer Forest",40118,"Yiyang",110.918556407364,28.2300821091393,23,2,31.7035373831051,0.377622483713565,0.546505376344086,377,15.8,1458,58.6666666666667,114.333333333333,300,320,0.577011709701775,-1.37096700156336,-1.22155495802088,0.22632277758678,0.144989413002227,0.185521524932242,0.0211233701214421,0.0462911362761535,0.0822327475077567,0.084870453732835,0.0226138079217467,0.431665794563435,3.09748264826107,2.86680416325754,0.41746590072685,0.0587456837934157,21.4118304284635,2.41423052862325,21.7333547527657,30.0840336134454,0.92436974789916,0,0,0,0,0,0,0,0
119,"Plot_119",2014,"Conifer Forest",40118,"Yiyang",111.407966513989,28.2291550101893,9,1,25.8321773457466,0.344534681112311,0.508790322580645,220,16.6,1424,60.3333333333333,121,279.666666666667,274,0,-1.51524982246117,-1.38495904528467,0,0,0,0,0,0,0,0,0,3.20997533631745,2.79821608637929,0.41,0.0589744198037889,21.4108085625,2.44392318225,22.0509391044924,30,1,0,0,0,0,0,0,0,0
120,"Plot_120",2014,"Conifer Forest",40118,"Yiyang",111.977998414906,28.2265734738355,30,2,44.2660059148438,0.421717707071795,0.413440860215054,777,14.1,1591,57,116.666666666667,341.333333333333,295,0.742377998850197,-1.90875548669495,-1.79423040927103,0.00946559085942404,0.0119958562992456,2.75831807360287e-17,0.0833055718223159,0.389554839244314,0.59021744956719,0.0665954500348343,0.198512499314032,0,3.17496588028788,2.75598957594774,0.41,0.0752796002835392,13.1364864508696,4.02975767780124,17.5920856479534,38.7577639751553,1,0,0,0,0,0,0,0,0
121,"Plot_121",2014,"Conifer Forest",80415,"Changsha",112.629747956981,28.2206755162459,8,1,11.7746925322664,0.453150314525108,0.605188172043011,56,17.8,1400,58.3333333333333,130,319.333333333333,197.333333333333,1.08198928841904,-1.69198765386064,-1.00391772273569,0.49844275654484,0.399070298443737,0.136005284467392,0.505216607626382,0.230241148808857,0.189497362873315,0.139916552113358,0.406189518548829,0.232644124073357,2.91798584078267,3.02070975074655,0.415265789672782,0.0742965678773307,20.7733248565561,2.48108622868478,23.2143054939015,32.6470588235294,0.96078431372549,0,0,0,0,0,0,0,0
122,"Plot_122",2014,"Conifer Forest",80415,"Yueyang",113.601867053245,29.6116717514636,12,2,28.102521240524,0.304819596234058,0.649758065,63,16.9,1339,60.3333333333333,126,320.333333333333,173,0.961895665859037,-1.18743558610635,-1.14707134752071,0.436188595646817,0.0344539902151059,0.294502140994883,0.0633577265602796,0.0996844117259756,0.0289346751658261,0.220891403405021,0,0.763860446385664,2.97568138271782,2.81582946231617,0.422807580850894,0.0571734754836823,21.103312038874,2.43263267206921,19.9030760108675,30,0.855371900826446,0,0,0,0,0,0,0,0
123,"Plot_123",2014,"Conifer Forest",80101,"Xiangxi",109.57431098654,28.1862457153589,20,2,12.3079146199673,0.367086867954627,0.547634409,712,15,1365,58,121.333333333333,321,271,0.663594257090892,-1.41002750181459,-1.30399206906121,0.0697973654645575,0.0302003225375541,0.2142512221767,0.0871410306283284,0.235982445152685,0.012468124766338,0.0355383181163007,3.5527136788005e-17,0.555710846982982,3.19343289284679,2.78650926959044,0.41885552733119,0.0610067008634001,20.7189694245169,2.43929928084453,21.9791560778493,30,0.9,0,0,0,0,0,0,0,0
124,"Plot_124",2014,"Conifer Forest",80415,"Yueyang",113.683496072256,29.6120736444863,10,1,33.8547371328332,0.341498937778683,0.667123655913979,52,17,1346,59,127.666666666667,304.666666666667,212,3.20020927374859,-1.85769195974166,1.58053530719608,0.422557728339851,0.410037792716872,0.308854601424321,2.0458823039274,1.09895599644074,0.923135539235336,0.586301001811115,0.329813578976096,1.54340596631965,2.00788673414218,3.4550604404067,0.536715986661903,0.159371076201586,15.3861129643074,1.43643655907308,18.3731628511146,27.5185185185185,0.506172839506173,0,0,0,0,0,0,0,0
125,"Plot_125",2014,"Conifer Forest",80101,"Xiangxi",109.818689752586,28.1881218543191,30,2,40.8910761336199,0.394406199025136,0.610618279569892,346,16.8,1344,58,123.666666666667,261.666666666667,263.333333333333,2.44339487408247,-2.57790056641924,0.709344987125621,0.931771675777457,0.976555790073914,0.589568630801879,1.20833091173354,0.945898718227879,0.969203443490688,0.116255025875132,0.314005294265046,9.38317524038035e-16,2.22691724135955,3.76444068877958,0.449992704076341,0.126438016537374,16.0916305416608,1.93546580830049,21.5446446338248,33.9516129032258,1,1,0,0,0,0,0,0,0
126,"Plot_126",2014,"Conifer Forest",40118,"Yiyang",111.040982993677,28.1937094596645,37,3,75.6723093164184,0.389513007241449,0.554247311827957,231,16.9,1408,61.6666666666667,122,257,258.333333333333,1.26936813206292,-1.82011525596159,-0.936519662375979,0.639152623795206,0.406363543339986,0.0540745828461112,0.674537636397399,0.281471451948347,0.233647539478994,0.154912410697063,0.536232636880191,0.140255126334266,2.79596141351019,3.04464867349185,0.412059424960742,0.0809673409257329,20.3637501532733,2.54790063401163,23.3383229109382,34.0116279069767,0.976744186046512,1,0,0,0,0,0,0,0
127,"Plot_127",2014,"Conifer Forest",40118,"Yiyang",111.611511090273,28.1921240679784,12,2,21.8118280724908,0.286155496287354,0.508010753,287,16.7,1424,58,112.666666666667,305,281.333333333333,0,-1.51524982246117,-1.38495904528467,0,0,0,0,0,0,0,0,0,3.20997533631745,2.79821608637929,0.41,0.0589744198037889,21.4108085625,2.44392318225,22.0509391044924,30,1,0,0,0,0,0,0,0,0
128,"Plot_128",2014,"Conifer Forest",40118,"Changsha",112.018442071524,28.1902425777638,13,2,16.4077988696177,0.212548056970292,0.474166666666667,385,16.1,1490,59,118.666666666667,339,255.333333333333,0,-1.51524982246117,-1.38495904528467,0,0,0,0,0,0,0,0,0,3.20997533631745,2.79821608637929,0.41,0.0589744198037889,21.4108085625,2.44392318225,22.0509391044924,30,1,0,0,0,0,0,0,0,0
129,"Plot_129",2014,"Conifer Forest",80101,"Xiangxi",109.678186930454,29.5946178837065,20,2,9.95076035564698,0.438080430978831,0.364543011,1261,11.7,1547,55,98,242,379.333333333333,0.189524314461644,-1.45858479017698,-1.34383845752833,0.0859431511130907,0.00678854173872852,0.0580263726728562,0.0124835053513434,0.019641028092174,0.0057010595531441,0.0435226951183104,0,0.150505021057891,3.16947595290951,2.80126068421981,0.412213881832797,0.0586631137141705,21.3576555919875,2.44197153691875,21.6796656268801,30,0.975,0,0,0,0,0,0,0,0
130,"Plot_130",2014,"Conifer Forest",40118,"Changsha",113.809804414632,28.1657403390813,4,1,6.66857893362773,0.182652674362648,0.574408602,137,17.5,1531,60,128,321,174.333333333333,0,-1.51524982246117,-1.38495904528467,0,0,0,0,0,0,0,0,0,3.20997533631745,2.79821608637929,0.41,0.0589744198037889,21.4108085625,2.44392318225,22.0509391044924,30,1,0,0,0,0,0,0,0,0
131,"Plot_131",2014,"Conifer Forest",40118,"Huaihua",110.266973058194,28.1561575450103,24,2,29.9158440714112,0.332602726342342,0.589086022,331,16.4,1413,60.3333333333333,121.666666666667,245,286.666666666667,0,-1.51524982246117,-1.38495904528467,0,0,0,0,0,0,0,0,0,3.20997533631745,2.79821608637929,0.41,0.0589744198037889,21.4108085625,2.44392318225,22.0509391044924,30,1,0,0,0,0,0,0,0,0
132,"Plot_132",2014,"Conifer Forest",40118,"Huaihua",110.4305957428,28.1564932170036,30,2,16.0214086576078,0.464916480630257,0.521935483870968,420,15.6,1449,58,123.333333333333,261.666666666667,315,0,-1.51524982246117,-1.38495904528467,0,0,0,0,0,0,0,0,0,3.20997533631745,2.79821608637929,0.41,0.0589744198037889,21.4108085625,2.44392318225,22.0509391044924,30,1,0,0,0,0,0,0,0,0
133,"Plot_133",2014,"Conifer Forest",40118,"Yiyang",111.163143723657,28.1575703824737,9,1,4.45871229482396,0.18015453352865,0.487284946236559,594,15.5,1468,57,113.666666666667,264,366,0.807629287469104,-1.68574706807301,-1.13281825682015,0.401598350059535,0.303186328497995,0.0301288335663779,0.414975454738262,0.174575670873582,0.147571123522383,0.1085085624355,0.33650703852185,0.0781462035533814,2.99191115219705,2.95489780952428,0.411135324016819,0.0707465058335952,20.9468817359795,2.4902332404711,23.1175289328165,32.1794871794872,0.987179487179487,0,0,0,0,0,0,0,0
134,"Plot_134",2014,"Conifer Forest",40118,"Yiyang",111.814363113643,28.1552921554446,33,3,22.9476841054284,0.488101985408917,0.370994623655914,605,15.4,1510,56,115,280.666666666667,321,1.94522196423167,-1.18434012521675,-0.504081927447842,0.421025846625123,0.486286835939999,0.952015065116833,0.388403624974367,0.323678837695849,0.570221687161623,0.290832908595507,0.236184752973224,1.21481825523893,2.91412304422241,3.12343440326204,0.458461538461538,0.0734176183456787,20.1046176078164,2.2251190731921,19.383441660275,29.8076923076923,0.730769230769231,1,0,0,0,0,0,0,0
135,"Plot_135",2014,"Conifer Forest",80101,"Xiangxi",109.901058762304,28.1174588053562,13,2,7.38957671774014,0.267855613034808,0.627016129032258,404,16.7,1352,62.6666666666667,125.333333333333,263,297,0,-1.51524982246117,-1.38495904528467,0,0,0,0,0,0,0,0,0,3.20997533631745,2.79821608637929,0.41,0.0589744198037889,21.4108085625,2.44392318225,22.0509391044924,30,1,0,0,0,1,0,0,0,0
136,"Plot_136",2014,"Conifer Forest",40118,"Huaihua",110.633580043691,28.1214635042539,10,1,17.3042184116024,0.265752587148972,0.534139785,458,15.9,1445,58.3333333333333,118.333333333333,288.333333333333,318.666666666667,1.18648491352984,-2.2875957082623,0.174145852318876,0.0610150637599053,0.231816816471121,0.330149050002769,0.514090479667833,0.078092190037827,0.202752581724066,0.332881086015271,0.368982831491021,0.820994787786491,1.77526550954259,3.58991352735845,0.424584021619563,0.127448379177882,17.9229588376247,2.75913491450117,24.8682202714601,42.5986842105263,0.842105263157895,0,0,0,0,0,0,0,0
137,"Plot_137",2014,"Conifer Forest",40118,"Yiyang",111.122133985012,28.121790450047,6,1,11.9044489199529,0.362326528282449,0.479919355,590,15.3,1479,59.6666666666667,116.333333333333,266,308.333333333333,0.922746202505197,-1.76502416918076,-1.09843521419825,0.465272289916974,0.316437843469055,8.29617205214403e-17,0.520567278734765,0.214764736769542,0.180042570899134,0.111508146230234,0.415795338878575,1.30298702230733e-15,2.94709468953798,2.96837556525911,0.41,0.0745391722940723,20.7139565059341,2.51782154446978,23.1914489251214,32.8021978021978,1,0,0,0,0,0,0,0,0
138,"Plot_138",2014,"Conifer Forest",40118,"Loudi",111.203718467556,28.1213325703564,5,1,4.92978194335523,0.351543684748888,0.494327956989247,356,16.1,1444,62.6666666666667,119.666666666667,276.333333333333,339.666666666667,0.134142512280766,-1.47660038290616,-1.35580372146303,0.0470113956924513,0.00823752723862865,0.042496110183808,0.00886817204755732,0.000103560766814213,0.0324321738759416,0.0251120355130676,8.07434927000114e-18,0.110223639071005,3.18797578474804,2.80188488480876,0.411610095878398,0.0587548064623113,21.4105302503754,2.43289776778339,21.8382067204134,30,0.981818181818182,0,0,0,0,0,0,0,0
139,"Plot_139",2014,"Conifer Forest",40118,"Yiyang",111.692479664439,28.1200961358376,9,1,19.9806895603674,0.292011162387541,0.500860215,271,16.6,1441,63,123,270.666666666667,241.666666666667,0.711731288591663,-2.66499655883175,-0.0423312844264724,0.344384475221613,0.236142348166835,0.0127299482607782,0.398343216654624,0.173024004396573,0.148190574293606,0.0833199660580738,0.314189894673197,0.0330181095733134,1.98370274407097,3.59848074532926,0.410476103619956,0.1311023949992,18.2080262904914,2.78235448569756,27.4216719204139,43.010752688172,0.994623655913978,0,0,0,0,0,0,0,0
140,"Plot_140",2014,"Conifer Forest",40118,"Changsha",111.93520667292,28.1204689226622,17,2,7.15639375206726,0.239463000066355,0.48497311827957,363,16.5,1462,59,119.333333333333,325,252,0.482256431764815,-1.6315130733639,-1.25158989628792,0.243166055547262,0.16538045331688,2.22044604925031e-16,0.272064970470289,0.112242863034493,0.0940959578829486,0.0582776938747671,0.217307831695893,7.14404381063144e-16,3.08761145469632,2.87742075429777,0.41,0.066219394108729,21.086442643587,2.47832088538043,22.5818157984936,31.304347826087,1,0,0,0,0,0,0,0,0
141,"Plot_141",2014,"Conifer Forest",80101,"Changde",110.588151323732,29.9612935876801,28,2,24.574757031832,0.387839056453366,0.52733871,458,15.6,1324,58,122.333333333333,256.666666666667,260.333333333333,1.01836483066629,-1.21077094559862,-1.3253189173237,0.178877649037825,0.166024369703709,0.271827180397497,0.0722966552138153,0.184506101466666,0.341083373681224,0.183557283964302,0.0760923277806446,0.80043038143113,3.11645135423733,2.7265958755583,0.419429673535009,0.0607168749536385,20.9919664448189,2.52850124244588,20.3033035490927,29.5408163265306,0.846938775510204,0,0,0,0,0,0,0,0
142,"Plot_142",2014,"Conifer Forest",80101,"Xiangxi",109.616399704311,28.0788661464103,12,2,27.8688506555264,0.28063093879167,0.613252688172043,346,16.5,1309,63.6666666666667,122.666666666667,280.666666666667,269,0.659898269613009,-2.67042085821834,0.0133256568610794,0.295933438587709,0.190202982572864,0.0744251086576226,0.337580508388322,0.129032438375588,0.160868070273685,0.0952625547525753,0.295744629874293,0.0949701154511932,1.95680722270025,3.61713706793526,0.4128125,0.132994158945573,18.0585812424486,2.77867608237387,27.2585168410535,43.1640625,0.984375,0,0,0,0,0,0,0,0
143,"Plot_143",2014,"Conifer Forest",40118,"Huaihua",110.186055882251,28.0836621498759,22,2,49.7039113012119,0.312610394152375,0.600430107526882,160,17.4,1365,61.6666666666667,124.333333333333,259,273.333333333333,0.906667431841677,-2.50984017917406,0.0560449578659079,0.0609622126285386,0.334826640330668,0.154298897119788,0.258528945205409,0.191889589375724,0.300600713607842,0.26633385568771,0.261834554863173,0.590679046538033,1.77142026578073,3.54508780256289,0.403571428571429,0.135251458673611,18.2476714135162,2.7271248059147,25.6750188263451,43.3928571428571,0.892857142857143,0,0,0,0,0,0,0,0
144,"Plot_144",2014,"Conifer Forest",40118,"Huaihua",110.837107766959,28.0855102259943,18,2,16.7236105595013,0.268179334884958,0.520887096774194,577,14.8,1488,57,115,271.333333333333,324,1.64693990342585,-1.93169552948415,-0.631843735626004,0.704262818582164,0.516314537738663,0.267892784148182,0.781647769802088,0.349232100187943,0.34226674999992,0.204855214393763,0.66689794658114,0.341844427209831,2.63094431635574,3.20223130793537,0.420588235294118,0.0925863656704731,19.7618588502477,2.54071767095164,23.6998141685635,35.4411764705882,0.941176470588235,0,0,0,0,0,0,0,0
145,"Plot_145",2014,"Conifer Forest",40118,"Yiyang",110.920476307326,28.086179408656,31,3,109.30857554338,0.470079095265243,0.538494623655914,363,16.8,1413,62,123,278.333333333333,296,0.693850043363206,-1.65647353338067,-1.16975516894322,0.332665878200455,0.237470624997106,0.0543616692910458,0.367562765577925,0.160813100273038,0.12829889910101,0.0790315011539128,0.288849317028498,0.0693681756306236,3.03415413297744,2.91766692150092,0.412045454545454,0.0692547822783443,20.9227065468376,2.48060273511282,22.646975513734,31.7329545454545,0.988636363636364,0,0,0,0,0,0,0,0
146,"Plot_146",2014,"Conifer Forest",40118,"Loudi",111.244185557243,28.0855340217452,13,2,26.602496378711,0.244817941000765,0.480994623655914,505,15.8,1456,64,120,263,336.666666666667,2.06437517440606,-2.84990789149674,0.880009403427534,0.547593246409747,0.692254403060714,0.560101737377122,0.690594696596508,0.738794603531869,1.05474973029162,0.230939546532278,0.522123873118445,1.86288892808427e-15,1.91877725645242,3.91061597647558,0.443533798349726,0.143187274915315,15.7130004443735,2.14883463994176,23.6520874338437,38.2904411764706,1,0,0,0,0,0,0,0,0
147,"Plot_147",2014,"Conifer Forest",80415,"Changsha",112.871619408963,28.0725452824218,12,2,10.5020629957509,0.158420371622404,0.609784946236559,80,17.9,1421,63.6666666666667,131.666666666667,292.333333333333,181.333333333333,0,-1.51524982246117,-1.38495904528467,0,0,0,0,0,0,0,0,0,3.20997533631745,2.79821608637929,0.41,0.0589744198037889,21.4108085625,2.44392318225,22.0509391044924,30,1,0,0,0,0,0,0,0,0
148,"Plot_148",2014,"Conifer Forest",40118,"Changsha",113.76658548468,28.0582395747793,4,1,2.91683332885089,0.187940761725732,0.574166667,175,17.2,1560,57.3333333333333,129,281,172.333333333333,0.693005577587628,-1.38774423713272,-1.15008542137868,0.171262434213992,0.253187496327708,0.294518560594239,0.0584310779788094,0.0712136145066478,0.194783541025087,0.069759067902767,0.0448571080361146,0.471668157161481,3.12413479903174,2.91899437547731,0.42195184244373,0.0605242643507559,21.383052138153,2.37299958537126,22.0029347590606,29.9166666666667,0.916666666666667,0,0,0,0,0,0,0,0
149,"Plot_149",2014,"Conifer Forest",80101,"Xiangxi",109.576032854581,28.0421401015639,27,2,61.365077402305,0.512494382684124,0.59239247311828,492,16.4,1308,62.6666666666667,120.666666666667,296.333333333333,308.333333333333,1.35222085655947,-1.76860582110186,-0.885653327039689,0.67093292563615,0.413984544347263,0.121723768787996,0.679780284551518,0.298248732154151,0.234542942311502,0.159463886648871,0.516116003700533,0.265605018442749,2.76559676064259,3.05069001927547,0.414786771530373,0.0805886079625441,20.276375698726,2.52915712860847,22.8981485534749,33.8288288288288,0.954954954954955,0,0,0,0,0,0,0,0
150,"Plot_150",2014,"Conifer Forest",80101,"Xiangxi",110.064355011933,28.0466147764995,5,1,1.32792527042113,0.343287560879711,0.600698924731183,147,17.5,1342,62.3333333333333,126,238,275.666666666667,2.39103310386462,-1.34332890018968,0.0323529476227699,0.571864547625493,0.71074195866097,0.984342527563244,0.631993982125798,0.569796645344826,0.752366715823623,0.272917169450759,0.223432153483241,1.26011529928114,2.7501710916523,3.34210231390986,0.474079324758842,0.0858654024085782,18.7797781017157,2.00446499680657,18.3435584354009,29.2857142857143,0.714285714285714,0,0,0,0,0,0,0,0
151,"Plot_151",2014,"Conifer Forest",40118,"Yiyang",110.878863670201,28.0490626952046,27,2,30.4962712645589,0.445179517786607,0.521102151,572,15.4,1464,59.6666666666667,116.666666666667,319,321.666666666667,0.944807019590975,-1.4009941971796,-1.07546469730871,0.40013979797425,0.390338751001963,0.216172485502911,0.133282750707802,0.126444009069812,0.151970589001981,0.15356796004962,0.155641851771715,0.560694094496994,2.99584915533011,2.99439036779805,0.418944977102212,0.0620859987181609,21.5383114431645,2.40527896579518,22.9815880371937,30.959595959596,0.898989898989899,0,0,0,0,0,0,0,0
152,"Plot_152",2014,"Conifer Forest",40118,"Loudi",111.203521410288,28.0492360246265,13,2,14.0957111059733,0.480504089767648,0.536559139784946,325,16.4,1429,66.6666666666667,123,303,311,1.46418145488858,-2.31023907863387,-0.473002431874468,0.738277823870145,0.50211252105339,2.22044604925031e-16,0.826017981408021,0.340781185431344,0.285685265011415,0.17693723294233,0.659769525533967,1.95639300555568e-15,2.37327095658376,3.33980476160568,0.41,0.108514379240271,19.1928470088514,2.67912909825,25.6809878499602,38.9189189189189,1,0,0,0,0,0,0,0,0
153,"Plot_153",2014,"Conifer Forest",80415,"Changsha",112.504677069091,28.0416133466052,8,1,17.7694472101863,0.383171046858907,0.583655914,153,17.5,1466,58,123.666666666667,320.333333333333,215.333333333333,0.849162803366157,-1.25413737468499,-1.16395239022738,0.334163068986279,0.105499407381801,0.260374749173073,0.0491557420978366,0.0373288541829386,0.139225331200174,0.15614328849706,0.0140326956746982,0.675343043208485,3.03450966927777,2.85093907558188,0.421069409163987,0.0576628853486433,21.3859087366405,2.39081515838817,20.8741291514808,30.078125,0.875,0,0,0,0,0,0,0,0
154,"Plot_154",2014,"Conifer Forest",80415,"Changsha",112.993118728883,28.0355645249612,8,1,31.3298901414186,0.515066208074071,0.620510752688172,83,17.6,1459,56.3333333333333,131.333333333333,356,145.666666666667,1.02706995281054,-1.22915487461753,-1.08798193868732,0.378852109546876,0.115595391275977,0.360269557691205,0.0852934696400807,0.0989903007893615,0.175030272701325,0.196899003932443,0.040053338211826,0.774491280397273,3.00231884064802,2.85851821386637,0.425712385095517,0.0596343579791052,21.1186394837355,2.38225075795886,20.2361727440643,30.0735294117647,0.852941176470588,0,0,0,0,0,0,0,0
155,"Plot_155",2014,"Conifer Forest",40118,"Huaihua",110.512162860396,28.0128783680356,4,1,0.473166108506343,0.101363994305516,0.568655913978495,317,16.4,1418,57,117.333333333333,297.333333333333,303.666666666667,1.70230210551152,-1.88346112542277,-0.608829913820776,0.784981029069433,0.496615938344131,0.181849031168495,0.850666853208902,0.328100570414052,0.296181131112491,0.240406127651072,0.665253720874579,0.471668157161481,2.4886504588564,3.18788711295709,0.417379606109325,0.0926522347162321,19.6793786326667,2.6022400253125,23.3571450045406,36.25,0.916666666666667,0,0,0,0,0,0,0,0
156,"Plot_156",2014,"Conifer Forest",40118,"Huaihua",110.837358435392,28.0136027100002,5,1,7.48403809972012,0.392127391596926,0.522903226,444,15.9,1442,61,122,283.666666666667,300.333333333333,1.06310655542097,-1.74988000397884,-1.06872186444578,0.480747783322218,0.32765513428146,0.0743153736304888,0.54276427844375,0.288660337771823,0.185704812657066,0.11844245217934,0.427218087435437,0.192754369400965,2.94401099627996,2.96880772825379,0.412856621719739,0.0760202198419241,20.4270115326722,2.51925089843529,23.323388744143,32.9032258064516,0.967741935483871,0,0,0,0,0,0,0,0
157,"Plot_157",2014,"Conifer Forest",40118,"Huaihua",110.918699046084,28.014216297737,19,2,15.7044652456548,0.262518104916337,0.526989247311828,195,16.8,1408,62.6666666666667,122.333333333333,282,299.666666666667,0.996706982381944,-1.79187617805731,-1.06763244939585,0.50256521111662,0.341801252846354,2.22044604925031e-16,0.562292253390863,0.231978752257631,0.194473504257149,0.120445847014488,0.449122539195503,1.3475810505795e-15,2.91883368694303,2.98666857211637,0.41,0.0762124621155429,20.6390413761207,2.52576599314655,23.3140595143574,33.1034482758621,1,0,0,0,0,0,0,0,0
158,"Plot_158",2014,"Conifer Forest",40118,"Changsha",112.220128236684,28.0083197122479,29,2,35.9518230819762,0.465486742648867,0.577419355,148,17.4,1459,58,133.333333333333,329.333333333333,195.333333333333,0,-2.85227720784253,0.148786168177943,0,0,0,0,0,0,0,0,0,1.80279069767442,3.70906976744186,0.41,0.1422916243106,17.680600495,2.83949676825,28.1560210855065,45,1,0,0,0,0,0,0,0,0
159,"Plot_159",2014,"Conifer Forest",40118,"Xiangtan",112.464372456635,28.0057631859292,18,2,19.3577105156891,0.344321625852142,0.571827956989247,129,17.6,1461,60,130,318,182.666666666667,0,-1.51524982246117,-1.38495904528467,0,0,0,0,0,0,0,0,0,3.20997533631745,2.79821608637929,0.41,0.0589744198037889,21.4108085625,2.44392318225,22.0509391044924,30,1,0,0,0,0,0,0,0,0
160,"Plot_160",2014,"Conifer Forest",80101,"Huaihua",110.064898132521,27.9743365223437,13,2,8.49504387820854,0.307966239344016,0.592096774,337,16.7,1362,61.6666666666667,123.333333333333,252.333333333333,265.333333333333,1.38935283168703,-2.37874667551996,-0.394415261590066,0.700547313818953,0.476451501705521,2.22044604925031e-16,0.783803412932153,0.323365183586981,0.271085001513745,0.167894658683544,0.626051269465899,1.93363843455548e-15,2.30116859052716,3.38647575539887,0.41,0.112783447714438,19.0017158522396,2.699397789875,25.993804550564,39.6875,1,0,0,0,0,0,0,0,0
161,"Plot_161",2014,"Conifer Forest",40118,"Huaihua",110.146281956271,27.9747934517227,21,2,12.7398490167999,0.143779657896913,0.597311828,258,17.4,1352,61,125.666666666667,272.666666666667,266.666666666667,0,-2.85227720784253,0.148786168177943,0,0,0,0,0,0,0,0,0,1.80279069767442,3.70906976744186,0.41,0.1422916243106,17.680600495,2.83949676825,28.1560210855065,45,1,0,0,0,0,0,0,0,0
162,"Plot_162",2014,"Conifer Forest",40118,"Huaihua",110.878130620428,27.9774605811378,15,2,40.2262503123149,0.293121022266707,0.522016129,317,16.5,1418,59,116.333333333333,308.333333333333,338.333333333333,0.15492552283824,-1.53852462314605,-1.33345624761683,0.0745887010665902,0.0676697908911312,0.0184528979603685,0.0727413536507833,0.037540897358577,0.0229491759786113,0.0186545940961932,0.0487246377593686,0.0240251780159269,3.17488280027367,2.82851679947105,0.410691838072749,0.0607851879918046,21.3290880004589,2.44243258124721,22.1986386421225,30.2734375,0.99609375,0,0,0,0,0,0,0,0
163,"Plot_163",2014,"Conifer Forest",40118,"Huaihua",110.959180331155,27.9775085045565,16,2,31.5563762904717,0.341043653334839,0.47760752688172,752,15,1480,62,115.333333333333,295.333333333333,335.333333333333,0.245582936190388,-1.46975057442959,-1.3116761216086,0.0784920714011971,0.0984436970625795,0.0797187034229141,0.00811215751609586,0.0310859948921918,0.0623584929931055,0.0327646037990824,0.0154615050210403,0.171375680702235,3.17285117326923,2.84252948920232,0.413052691961415,0.0591056363689775,21.4721622138446,2.42249749933002,22.1924355418789,30.0571428571429,0.971428571428571,0,0,0,0,0,0,0,0
164,"Plot_164",2014,"Conifer Forest",80415,"Yueyang",112.568746211194,29.5921092707904,17,2,38.9856617224884,0.337049922099355,0.60594086,54,16.8,1250,64.3333333333333,132.333333333333,351.666666666667,177.333333333333,0.11900664149965,-1.4667164222771,-1.3756578935734,0.0060122319146221,0.00155792305534265,0.0389016703084712,0.0105461386858094,0.0590595227186301,0.00595993647966337,0.0225967161227816,0.043208799388279,0.0812298324478826,3.20717566516655,2.7989065385609,0.411466666666667,0.0587145363068054,21.5687468468563,2.44190704028286,21.8604554853066,29.76,0.986666666666667,0,0,0,0,0,0,0,0
165,"Plot_165",2014,"Conifer Forest",40118,"Changsha",112.016137125889,27.973743792109,9,1,18.9034667706347,0.303103645621835,0.544731182795699,301,16.9,1465,58,128,296,198.666666666667,1.43467571470869,-1.9685936671541,-0.806755878075045,0.698897911158387,0.484268563492453,0.0593627817425693,0.778276254965662,0.328386176278986,0.283238114816593,0.174028304332277,0.62996041005719,0.0757498421874102,2.70312329421191,3.13246502737097,0.41223602484472,0.0888425139514097,20.0431474122728,2.57247132137954,24.0676183550703,35.2484472049689,0.987577639751553,0,0,0,0,0,0,0,0
166,"Plot_166",2014,"Conifer Forest",40118,"Changsha",112.260263568118,27.9716788672584,23,2,14.7657866826628,0.362649153989316,0.593817204301075,119,17.5,1462,57.3333333333333,132.333333333333,333.666666666667,180,1.47635215511335,-2.29518246393363,-0.490274337431479,0.744414602919571,0.506286225721237,1.85037170770859e-16,0.832884082053142,0.343613857322029,0.28805996365787,0.178407986456897,0.665253720874579,1.96139401017111e-15,2.38911763044235,3.32954740033246,0.41,0.107576122432762,19.2348538564583,2.67467444075,25.6122369267506,38.75,1,0,0,0,0,0,0,0,0
167,"Plot_167",2014,"Conifer Forest",80415,"Changsha",112.747920223943,27.9663651154454,5,1,25.4257824536988,0.253028017742729,0.607849462,169,17.5,1490,59,127.333333333333,272.333333333333,170,0,-1.51524982246117,-1.38495904528467,0,0,0,0,0,0,0,0,0,3.20997533631745,2.79821608637929,0.41,0.0589744198037889,21.4108085625,2.44392318225,22.0509391044924,30,1,0,0,0,0,0,0,0,0
168,"Plot_168",2014,"Conifer Forest",40118,"Loudi",111.975336104568,27.9379657655748,38,3,76.0135992280322,0.459445145683652,0.480752688172043,435,15.4,1548,55.6666666666667,116.333333333333,345.666666666667,267.333333333333,0.211997122825379,-2.78757639150364,0.177898782972365,0.0174040821491379,0.0337212187050814,0.0801739281006837,0.0616883565819785,0.0365185429728627,0.0817166373683075,0.0241395962016346,0.0607917803963313,0.137141680557095,1.80946759259259,3.72415824915825,0.413051764469453,0.140756855017142,17.7774257193109,2.81158774463834,28.0671095408327,44.6590909090909,0.977272727272727,0,0,0,0,0,0,0,0
169,"Plot_169",2014,"Conifer Forest",80415,"Yueyang",113.476953257858,29.575606110761,12,2,39.7874708056274,0.37378574957484,0.636075269,58,16.8,1331,60,126,293.666666666667,189,0.156156178799396,-1.51082934567148,-1.33268371160928,0.0597303340916567,0.044543396752791,0.0497171099981933,0.0505969040872375,0.0323424551543554,0.0441789255426304,0.0162671443784807,0.00556288793440332,0.0748319439649884,3.18201745097219,2.81805916311735,0.411884113782968,0.0601425698526665,21.354510124495,2.4289010110828,22.0956768204104,30.0306748466258,0.987730061349693,0,0,0,1,0,0,0,0
170,"Plot_170",2014,"Conifer Forest",80101,"Xiangxi",109.335102188293,27.8954938754628,17,2,20.5254875776686,0.287556593224367,0.564892473,652,15.3,1290,64,121.333333333333,268,298.666666666667,1.12341438752759,-2.83638829349404,0.414825127259142,0.253990914993769,0.312958360891037,0.297941452666462,0.294893741426092,0.355476974293435,0.624622590753302,0.167098697338461,0.387038279055108,1.34114941374719e-15,1.8634707306979,3.7769322158583,0.422988106752412,0.141705585271049,16.9602902874096,2.56756431477592,26.3432237939683,42.2333333333333,1,1,0,0,0,0,0,0,0
171,"Plot_171",2014,"Conifer Forest",80101,"Xiangxi",109.496854168634,27.8967668023608,17,2,40.3526865480486,0.31336593848292,0.59244623655914,416,16.5,1279,66,126.333333333333,307,281,2.02066197564186,-2.21594273203982,0.613532562847476,0.30631042383756,0.17126255736804,0.869737273804989,0.437923238484223,0.21516939768591,0.872446702569392,0.395352121554284,0.673520031454501,1.11603978964726,1.93662730626913,3.76140064537469,0.455261669910306,0.133019241797855,17.1190812569459,2.41389924763204,23.3787043097549,39.6052631578947,0.763157894736842,1,0,0,0,0,0,0,0
172,"Plot_172",2014,"Conifer Forest",80101,"Huaihua",109.740797380193,27.8994824665199,28,2,19.5221136973612,0.40399191072882,0.595752688172043,216,17.2,1295,66.6666666666667,123.333333333333,226,285.333333333333,1.75707625182652,-3.22840307261204,1.64958946942418,0.224897356812168,0.566125983418905,0.588773341428901,0.460158145766363,0.666960215503669,1.20066740716065,0.260263567122254,0.451292213297897,1.73041657631231e-15,1.5722854851644,4.26130713712911,0.458858081827254,0.167250064502598,13.7548516293935,1.94551779889296,23.3270924841886,39.4827586206897,1,0,0,0,0,0,0,0,0
173,"Plot_173",2014,"Conifer Forest",80101,"Huaihua",109.821788719245,27.9004243022691,21,2,33.4018789263093,0.324068725998882,0.595806452,267,17.3,1306,62.6666666666667,124,217,269.666666666667,1.29261245409892,-3.01529915194779,0.799270207712658,0.165448212055192,0.416476801160776,0.433137578964657,0.338520396854919,0.490656612114783,0.883284172848605,0.191465753327848,0.331998076202059,1.31295940303497e-15,1.70288422649141,3.94842264914055,0.431176261009367,0.153109209122077,15.9790870600428,2.4520249051727,26.0630479553157,42.6086956521739,1,0,0,0,0,0,0,0,0
174,"Plot_174",2014,"Conifer Forest",40118,"Loudi",111.284610603516,27.9045355223068,10,1,3.88071554881467,0.212275221765017,0.579354838709677,317,16.7,1410,63.6666666666667,123.333333333333,301.333333333333,288.333333333333,0,-3.53400533773727,2.86899215168675,0,0,0,0,0,0,0,0,0,1.385,4.71,0.498555273311897,0.187528797158596,10.5651806760882,1.21915988629037,19.4035879956178,35,1,0,0,0,0,0,0,0,0
175,"Plot_175",2014,"Conifer Forest",40118,"Loudi",111.691384132372,27.9041417780059,28,2,39.0091839341938,0.478478935636908,0.4125,668,14.8,1541,59.6666666666667,119.333333333333,290,360.666666666667,0.622286884357567,-1.58959976982872,-1.18798547323663,0.300116381916104,0.266704156174202,0.0587418117025615,0.258599009492391,0.11057426890626,0.0941027242675121,0.0974608106475752,0.221581704928015,0.152360680153428,3.05546076892739,2.9289011085837,0.412241905653466,0.0658735179151081,21.226576158817,2.45775835312965,22.959283946427,31.3607594936709,0.974683544303797,0,0,0,0,0,0,0,0
176,"Plot_176",2014,"Conifer Forest",40118,"Changsha",112.096887299072,27.9008790766973,16,2,23.899468886737,0.292123906498268,0.540322581,369,16.5,1506,55,116.666666666667,311,309.333333333333,0.325518042754331,-1.46600100842372,-1.28720435465026,0.112362059760479,0.169900106884169,0.0803263095190326,0.00240566609963469,0.0619715205461057,0.0747213856256895,0.0650649802987261,0.0307848839766752,0.208345142885692,3.15647969518747,2.87520153790449,0.413096338227689,0.0590350303195221,21.5802489916573,2.41807965411175,22.6117120002309,30.1748251748252,0.965034965034965,0,0,0,0,0,0,0,0
177,"Plot_177",2014,"Conifer Forest",80415,"Xiangtan",112.746846083765,27.8945515746149,8,1,15.3654956276657,0.187799715349028,0.618548387096774,102,17.6,1504,56.3333333333333,132,290.333333333333,195.333333333333,0.10286790213906,-1.49680210125214,-1.3525130562386,0.0171672910266399,0.024532158824808,0.0547718376322283,0.0138924797831341,0.0162407964277585,0.0313941758502422,0.0158577656399315,0.0103271132941547,0.0698915706974109,3.20199639904834,2.80906772576341,0.41206106870229,0.0593161135111098,21.3674597914747,2.43332331200871,21.9175174618888,29.9427480916031,0.988549618320611,0,0,0,0,0,0,0,0
178,"Plot_178",2014,"Conifer Forest",40118,"Zhuzhou",113.47788982154,27.8829209372586,20,2,19.1165267854761,0.3554658946785,0.547634408602151,134,17.4,1546,59.6666666666667,128.666666666667,265.333333333333,168,2.01757326900104,-1.0616831162772,-0.446450130320922,0.380573327433996,0.489643507807423,1.03794123056441,0.330381870820447,0.324974836478329,0.608308223940805,0.308795816328576,0.226601861534739,1.32446428733779,2.94186307338633,3.12651892337797,0.466086956521739,0.071291519741662,20.096025047082,2.1698059495246,18.6413932207793,28.9855072463768,0.688405797101449,0,0,0,0,0,0,0,0
179,"Plot_179",2014,"Conifer Forest",80101,"Xiangxi",109.616811776007,27.8625658543362,22,2,11.049591728825,0.413702803266102,0.611263440860215,314,16.8,1284,64.6666666666667,124.666666666667,286.333333333333,315.333333333333,0.332554526618672,-1.52323910637088,-1.29256073279097,0.178110110242647,0.0820210684772262,0.045762574688517,0.129505247790234,0.0670493552333164,0.0448341240262356,0.0348886452055362,0.103125836315506,0.118695981670081,3.12302740271738,2.83632375845274,0.411736377908076,0.0619975995180808,21.2228372888627,2.45790516967647,21.9991591997382,30.5882352941176,0.980392156862745,1,0,0,0,0,0,0,0
180,"Plot_180",2014,"Conifer Forest",80101,"Huaihua",109.700606848642,27.8633356648158,11,2,2.43626060681712,0.203078019709567,0.596639784946237,291,17,1292,66.3333333333333,123.666666666667,262.666666666667,281.666666666667,1.85024300202727,-3.03788436844907,1.85704683716299,0.287401023759458,0.548925691036186,0.589712752988885,0.545728663376243,0.650130358467515,1.05668270376848,0.260580241766823,0.45054220249707,0.423495539538928,1.60783009538393,4.30494369477143,0.475810532332976,0.165137656067379,13.4599380391975,1.78142338730561,21.6540430493949,37.5925925925926,0.925925925925926,0,0,0,0,0,0,0,0
181,"Plot_181",2014,"Conifer Forest",40118,"Huaihua",110.756403111982,27.8690159021943,19,2,20.2886973865473,0.418145108127178,0.406021505376344,705,14.6,1479,60,119.666666666667,286.333333333333,320,1.79649306454609,-1.75586136138597,-0.66800170387655,0.669363154752463,0.53901778195609,0.406606070167898,0.731137534649159,0.366898981221962,0.446326395393977,0.217838612265466,0.648943001865494,0.640958301018432,2.67652644737072,3.14323487163386,0.427142144410819,0.0897339866092631,19.6316214097425,2.57490975450067,22.799304131872,34.4852941176471,0.882352941176471,0,0,0,0,0,0,0,0
182,"Plot_182",2014,"Conifer Forest",40118,"Huaihua",110.918665551577,27.8689814441601,19,2,38.6801701001955,0.369163806469455,0.402258065,370,15.7,1445,59.6666666666667,116.333333333333,277,322.333333333333,1.56548064953303,-0.995283603557181,-1.04146912420471,0.535773241929932,0.371928522021637,0.526208219801391,0.0372163061709079,0.0973443031096244,0.423880598783747,0.345547287488736,0.0256986498481805,1.15223761509138,2.88911900792798,2.68068107633703,0.436037813048733,0.0595205977584328,21.5117575674899,2.27255538842593,18.8299619184408,29.9645390070922,0.75177304964539,0,0,0,0,0,0,0,0
183,"Plot_183",2014,"Conifer Forest",40118,"Loudi",111.00010154126,27.8690956625789,23,2,27.0887704690072,0.468112256712663,0.35252688172043,749,14.4,1501,56.6666666666667,106.666666666667,274.666666666667,349,1.32776553152859,-1.57329807172157,-1.22466772252977,0.219248173314602,0.206841479527632,0.247419239559794,0.274190956140295,0.536083098299813,0.772168062704349,0.145734918340734,0.358541418926539,0.315719172865909,3.08976248033017,2.89086015456693,0.41972972972973,0.0681102236447432,19.4724326054979,2.70890579096231,20.9254785841909,32.1621621621622,0.945945945945946,0,0,0,0,0,0,0,0
184,"Plot_184",2014,"Conifer Forest",40118,"Xiangtan",112.055956885633,27.865143633838,8,1,10.5873226312154,0.238953866745778,0.598763440860215,291,16.8,1493,58,128.666666666667,326.333333333333,194.666666666667,2.16944682683295,-3.89469978231852,1.78988103225788,0,0,0.800760562724195,1.11024688317721,0.709171264708733,1.39154121608855,0,0.627154745875921,0,1.80279069767442,3.70906976744186,0.493777777777778,0.218213647700716,12.4178643029841,1.53320996204444,28.1560210855065,35.3333333333333,1,0,0,0,0,0,0,0,0
185,"Plot_185",2014,"Conifer Forest",40118,"Zhuzhou",113.598326861321,27.8446467518921,18,2,22.480575161079,0.304301702324072,0.529247312,417,16,1653,52.3333333333333,121.666666666667,271.333333333333,262.666666666667,0.30493623000371,-1.47503425902045,-1.28363455142464,0.0690542081233537,0.0813295936517992,0.147603459577708,0.063053954887197,0.0541045892844719,0.0848974168803587,0.0429167928158891,0.0285091060740597,0.188349306436044,3.17694782929918,2.83523729141275,0.415669291338583,0.0605703426877593,21.2621992810381,2.4178813364367,21.7320135519844,29.9606299212598,0.968503937007874,0,0,0,0,0,0,0,0
186,"Plot_186",2014,"Conifer Forest",80101,"Huaihua",109.98494786207,27.8292688164207,18,2,34.5417730106916,0.305982688821913,0.58311828,255,17.2,1328,59,123,249.666666666667,283.333333333333,0.403075101785079,-2.87118720966835,0.275957307233353,0.0490614195836589,0.119334344146117,0.122504182444809,0.0982808870296352,0.139819042769356,0.261252226756211,0.0626803576864389,0.127253308881044,6.31392141895667e-16,1.79919915819068,3.75114959396118,0.414819334602008,0.143619943860058,17.3441178935286,2.74593321568077,27.5966358563831,44.2517006802721,1,0,0,0,0,0,0,0,0
187,"Plot_187",2014,"Conifer Forest",80415,"Xiangtan",112.502592186293,27.8249942042691,11,2,17.7482283924669,0.241959700883148,0.619489247,152,17.9,1495,56,128.333333333333,300.333333333333,194.666666666667,0.597914114840252,-1.34303284543058,-1.30881569980431,0.0858107416558286,0.0887138813811124,0.208819417893116,0.0645020767755756,0.0852385370045357,0.174808451301763,0.103601737153683,0.0608874543674536,0.460757559919582,3.16706409668708,2.80723057404089,0.418454582401619,0.0606813549837201,21.4158041693018,2.4863168689069,21.2986099791304,29.6954314720812,0.918781725888325,0,0,0,0,0,0,0,0
188,"Plot_188",2014,"Conifer Forest",80101,"Huaihua",110.025803818513,27.7935612938946,21,2,20.0022736499594,0.304420980331956,0.589865591397849,271,17.5,1321,59.3333333333333,124.666666666667,259,272,0.325941663951876,-2.75400626214354,0.1921152069522,0.0498185031374775,0.00271586074009686,0.155917321107355,0.0708693337436675,0.000678800337623096,0.127557364604147,0.0687936198414029,0.117591514851735,0.198958204475388,1.82646927935688,3.710298306058,0.416,0.140509092508352,17.678747674932,2.79545358201426,27.5641131265599,44.3333333333333,0.966666666666667,0,0,0,0,0,0,0,0
189,"Plot_189",2014,"Conifer Forest",40118,"Huaihua",110.675446993866,27.7966598420482,38,3,44.941889487185,0.415376772071491,0.522043010752688,432,15.8,1426,64.3333333333333,123.333333333333,290.666666666667,302.333333333333,1.22244075863506,-1.83950663652569,-0.953378731663944,0.606680937720074,0.439931535929914,0.0317351254340132,0.653683531113662,0.276157538425537,0.233850983189598,0.156543672887478,0.521817715649592,0.0823124986400408,2.82799582995887,3.06183776007942,0.411196692882593,0.080390100160267,20.5185388731946,2.53550119886143,23.8351912998625,33.9189189189189,0.986486486486486,0,0,0,0,0,0,0,0
190,"Plot_190",2014,"Conifer Forest",40118,"Loudi",110.837479164912,27.7969454569961,15,2,17.4458402618532,0.207426960677594,0.402768817,1034,13.1,1545,53.6666666666667,109.333333333333,258.333333333333,343,0.0456675637118888,-1.52537881780497,-1.3733397633645,0.0230267563122701,0.0156608017873629,2.25408917120865e-16,0.0257633564932612,0.0106289056220038,0.00891047349213252,0.00551864137564419,0.02057809620651,3.02788097625043e-17,3.19931484663076,2.80511649305401,0.41,0.0596056107470223,21.3825494104735,2.44691995184091,22.0971897255607,30.1136363636364,1,0,0,0,0,0,0,0,0
191,"Plot_191",2014,"Conifer Forest",40118,"Loudi",111.08113878198,27.7970623383006,24,2,17.3213207649131,0.338516595655145,0.392715054,365,16.1,1423,57.3333333333333,114,260.333333333333,314,0.468662997888318,-1.42737158688363,-1.23039815201065,0.0782136498447284,0.111767760986944,0.249538807449104,0.063293710553802,0.0739925689515644,0.143030899476473,0.0722474924644024,0.0470500105020908,0.318423846205124,3.17196658059912,2.84990935035456,0.419818181818182,0.0606021243732085,21.2043107805251,2.39342925491879,21.4153669160897,29.7272727272727,0.945454545454545,0,0,0,0,0,0,0,0
192,"Plot_192",2014,"Conifer Forest",40118,"Loudi",111.893285139765,27.794288589839,5,1,0.881968940170745,0.08596555749745,0.642284946236559,175,17.4,1437,59.3333333333333,128.333333333333,322.333333333333,170,0,-1.51524982246117,-1.38495904528467,0,0,0,0,0,0,0,0,0,3.20997533631745,2.79821608637929,0.41,0.0589744198037889,21.4108085625,2.44392318225,22.0509391044924,30,1,0,0,0,0,0,0,0,0
193,"Plot_193",2014,"Conifer Forest",80415,"Xiangtan",112.461404008242,27.7895825416581,19,2,24.3353705531663,0.408296017988942,0.627903225806452,100,17.8,1510,54,128.333333333333,338.333333333333,183,1.68333990883753,-3.03574339298396,0.770408394946022,0.0862820333878776,0.324013947854268,0.478250830093185,0.336121987188141,0.604137976063178,1.20163497103884,0.0547275260162364,0.467232341860875,0.145199524541931,1.85164061932485,3.88106327117255,0.436368135823035,0.147049349591455,15.426147113631,2.24716998001697,27.6895962679896,41.2048192771084,0.975903614457831,0,0,0,0,0,0,0,0
194,"Plot_194",2014,"Conifer Forest",80415,"Xiangtan",112.542081271872,27.7885882956261,10,1,17.5226824289948,0.340285394193912,0.625564516129032,80,17.8,1520,55,133,350.333333333333,167,0,-4.46982947858114,2.69531268140543,0,0,0,0,0,0,0,0,0,1.80279069767442,3.70906976744186,0.54,0.260101660605608,9.51428571428571,0.8125,28.1560210855065,30,1,0,0,0,0,0,0,0,0
195,"Plot_195",2014,"Conifer Forest",80101,"Zhangjiajie",111.205850365716,29.565730559734,29,2,30.1250691927511,0.229126159213404,0.648924731182796,124,16.8,1309,61.3333333333333,128,304,206.333333333333,0,-2.85227720784253,0.148786168177943,0,0,0,0,0,0,0,0,0,1.80279069767442,3.70906976744186,0.41,0.1422916243106,17.680600495,2.83949676825,28.1560210855065,45,1,0,0,0,0,0,0,0,0
196,"Plot_196",2014,"Conifer Forest",40118,"Huaihua",110.148175502404,27.7588634757551,16,2,35.7392429206364,0.29680666931664,0.581666667,226,17.2,1343,58,126.666666666667,272,277.333333333333,0.0788712073368827,-1.53284228805829,-1.36477818721279,0.0397688846039344,0.0270473448644112,5.84327907697451e-18,0.0444951923534524,0.0183568938418971,0.0153890364439304,0.00953109543794271,0.0355398703276882,5.25895116927706e-17,3.19145974896688,2.81020100323538,0.41,0.0600706988104575,21.3617268774013,2.44912809785526,22.1312691305584,30.1973684210526,1,0,0,0,0,0,0,0,0
197,"Plot_197",2014,"Conifer Forest",80101,"Changde",111.330648462323,29.564648555844,47,3,62.0983164884607,0.303678154716101,0.654543011,121,17.1,1286,63,127.333333333333,310,223,0,-2.85227720784253,0.148786168177943,0,0,0,0,0,0,0,0,0,1.80279069767442,3.70906976744186,0.41,0.1422916243106,17.680600495,2.83949676825,28.1560210855065,45,1,0,0,0,0,0,0,0,0
198,"Plot_198",2014,"Conifer Forest",40118,"Huaihua",110.553828269062,27.7603162059973,11,2,11.4492364285436,0.341336592289452,0.545779569892473,385,16.7,1389,61,121.666666666667,297,293,0.264712325215957,-1.54404896498601,-1.3122505932837,0.140556786950791,0.076711849071132,0.0220403815478598,0.123491875655638,0.0575587550671424,0.0427305343475316,0.0270380832407315,0.098494373188044,0.0571669042227816,3.14223034668297,2.83340485869584,0.410827619376747,0.0619727055462422,21.2514912625888,2.45798139281776,22.1403726448622,30.5607476635514,0.990654205607477,0,0,0,0,0,0,0,0
199,"Plot_199",2014,"Conifer Forest",40118,"Loudi",111.039967590863,27.7608046415507,11,2,29.8297183296953,0.492924112125958,0.404301075268817,672,14.7,1482,60.3333333333333,119,296.333333333333,346,1.14303738231781,-1.85697903838052,-1.7481384663804,0.0191367299408172,0.0204028511754862,0.0168007708766991,0.126278904382986,0.590714596808744,0.903775725885406,0.100250114478407,0.300110186932099,0.0385895045569186,3.16924818089408,2.75388625637822,0.41062893081761,0.0737179150422453,13.9296781834231,3.87403879043007,17.9079405294728,37.9245283018868,0.993710691823899,0,0,0,0,0,0,0,0
200,"Plot_200",2014,"Conifer Forest",40118,"Loudi",112.095418065363,27.7566700844428,23,2,55.3467318142333,0.333162682048763,0.631209677,120,17.6,1464,56.3333333333333,130,301.333333333333,184.666666666667,1.91393174509551,-3.30721378398776,0.864996750023174,0,0,0.706447856781878,0.979483215870418,0.625645846419305,1.22764700896989,0,0.553289143745242,0,1.80279069767442,3.70906976744186,0.4465625,0.175425697018571,15.3838244629241,2.26940392717969,28.1560210855065,40.78125,1,0,0,0,0,0,0,0,0
201,"Plot_201",2014,"Conifer Forest",40118,"Zhuzhou",113.473480977701,27.7386601444113,11,2,8.69854845640118,0.281609644323161,0.595376344,217,17.3,1577,58,125,282,197,0.869722898453939,-1.35812842709789,-1.12313667108457,0.152821130209652,0.22271191903633,0.389354441627603,0.105112824326852,0.170884035951281,0.209138193449318,0.0911012944957339,0.0584557263608728,0.63024405722922,3.1393685948008,2.89924678964151,0.426372849678457,0.0618388947749372,21.0150591904042,2.36629673263672,21.6562992290483,29.7596153846154,0.884615384615385,0,0,0,0,0,0,0,0
202,"Plot_202",2014,"Conifer Forest",40118,"Huaihua",110.107680371961,27.7219466463844,6,1,7.1548782005327,0.221168143035511,0.574301075268817,470,16.1,1366,59,119,278.333333333333,278,0.414483001035914,-1.57712830955042,-1.25688169840658,0.190229613147536,0.142215423270047,0.0582902865121652,0.20753001901458,0.0961124180564712,0.0699218562805029,0.0430700498872859,0.157394948492804,0.0743812852892154,3.11567350239813,2.86531338204831,0.412195121951219,0.06441865484005,21.13718864778,2.45675423016375,22.2811007278788,30.8536585365854,0.98780487804878,0,0,0,0,0,0,0,0
203,"Plot_203",2014,"Conifer Forest",40118,"Huaihua",110.432355096958,27.7233974600115,13,2,17.3287197889923,0.346828943051348,0.558010752688172,318,16.6,1381,60,120.333333333333,295.666666666667,285,1.30498985139484,-1.93307088039284,-0.905663666077603,0.658009336509264,0.447520860235736,1.38777878078145e-16,0.736210036814831,0.303730106025722,0.254624432161867,0.157699916600293,0.588036771130209,1.74860126378462e-15,2.7702301367415,3.08285786171134,0.41,0.0850110462121674,20.2451185414062,2.567539927875,23.9587772235593,34.6875,1,0,0,0,0,0,0,0,0
204,"Plot_204",2014,"Conifer Forest",80101,"Changde",111.085159385254,29.961765429359,27,2,67.7739428968272,0.450501391301615,0.617473118,338,16.3,1275,59.6666666666667,127.666666666667,230.666666666667,215.333333333333,0.73109637275269,-2.62083487911544,0.0661934689656759,0.259856781657627,0.168291388103182,0.162211290012732,0.33396731176036,0.108508353662397,0.200432047730971,0.130210630553981,0.313117819891413,0.237103294712738,1.93454828530333,3.62941646003696,0.416285552733119,0.133064274847116,17.9933904948088,2.76347561976533,26.9253371531184,43.05,0.96,0,0,0,0,0,0,1,0
205,"Plot_205",2014,"Conifer Forest",80415,"Zhuzhou",113.270228601623,27.706157573629,6,1,4.69056006911928,0.234008417329629,0.598172043010753,223,17.3,1584,57.3333333333333,129.333333333333,320.666666666667,162.333333333333,0.365958384240768,-1.42069273638635,-1.28752836791255,0.104119657083388,0.0474302237628711,0.147345772469282,0.0197348313060024,0.0227655299863232,0.0983402991132485,0.0646855959604759,0.0144779462964233,0.284312694866423,3.15970472565932,2.82001088745652,0.41575984752619,0.059066093721157,21.3492536108348,2.40943096301776,21.4855726684267,29.9193548387097,0.951612903225806,0,0,0,0,0,0,0,0
206,"Plot_206",2014,"Conifer Forest",40118,"Loudi",110.877641789033,27.6887006291326,7,1,2.54396943486112,0.329560262274007,0.302741935483871,1296,12,1594,53,93.6666666666667,283,409,2.77849267452172,-0.994352482643359,-1.1718256658206,0.654711191633221,0.49491185692842,0.697003594213795,0.187772476983023,0.857028715260695,1.81428426109398,0.31732847302581,0.45491034019441,1.43674087862636,2.69371832358674,2.51031189083821,0.451052631578947,0.0717830783447619,15.5432577009792,3.29589962923489,12.7807031996224,36.0526315789474,0.631578947368421,0,0,0,0,0,0,0,0
207,"Plot_207",2014,"Conifer Forest",40118,"Loudi",110.959693831888,27.6884780883618,22,2,19.146941129693,0.327719482979333,0.466854838709677,521,15.5,1440,60.3333333333333,122,266.333333333333,325.333333333333,0.903590268253555,-1.75834571071233,-1.10609627920056,0.455613376804611,0.309868688800342,2.22044604925031e-16,0.509760458248346,0.210306285284227,0.176304941157308,0.109193270577633,0.407163552421939,1.00929365875014e-15,2.9541235838369,2.96382584657248,0.41,0.0741230024413909,20.7325889138636,2.51584565243182,23.1609540101313,32.7272727272727,1,0,0,0,0,0,0,0,0
208,"Plot_208",2014,"Conifer Forest",40118,"Loudi",111.04044809121,27.6884780469927,15,2,20.2684831706309,0.422999329383926,0.462392473,575,15.2,1460,59,110,297.333333333333,346,0.108430832190427,-1.53955941128629,-1.35707276867626,0.0546736052165533,0.037184242656041,2.30118954195032e-16,0.0611712549898015,0.0252367542341072,0.021156592938877,0.013103192469316,0.0488596262906326,7.26691434300102e-17,3.18439016106939,2.81477706239861,0.41,0.0604892780675491,21.3429865976364,2.45111542926818,22.1619405950563,30.2727272727273,1,0,0,0,1,0,0,0,0
209,"Plot_209",2014,"Conifer Forest",40118,"Loudi",111.283683953614,27.6886897781555,19,2,27.970038583602,0.373367960892699,0.595268817204301,268,17.2,1376,56.6666666666667,128,288.333333333333,207.666666666667,1.81390450385509,-2.0633449360276,-0.0646626865744484,0.562476310346586,0.447058051071271,0.399279255326633,0.784300780726903,0.420480495641614,0.434824871525934,0.285275282507817,0.663611674496766,0.803789522263352,2.13554073113546,3.54541406014626,0.427553391664605,0.112242782927061,19.3235522344392,2.6108033235492,25.5565075007451,39.2692307692308,0.846153846153846,0,0,0,0,0,0,0,0
210,"Plot_210",2014,"Conifer Forest",80415,"Xiangtan",112.338071980212,27.6825805229661,8,1,9.5920762860372,0.25361011603294,0.62002688172043,113,17.7,1517,56.6666666666667,129.666666666667,299.333333333333,187.333333333333,0.262301495320882,-1.47585077123121,-1.30675529277714,0.0905410220678644,0.136905013663186,0.0647267073805539,0.00193847877014041,0.0499364716284562,0.0602102759534544,0.0524291725305677,0.0248063702768571,0.167883912238326,3.16717882341347,2.85980444759945,0.412477070582151,0.0590229082163755,21.5463609058258,2.4232483597394,22.4995574210832,30.1398601398601,0.972027972027972,0,0,0,0,0,0,0,0
211,"Plot_211",2014,"Conifer Forest",80101,"Huaihua",110.432200562305,27.6513607621249,20,2,35.806268902579,0.378049544596098,0.498037634,607,15.7,1408,58.6666666666667,119.666666666667,292,283.333333333333,0.240233318420179,-1.53106905607732,-1.3116681130463,0.113760964512234,0.110702073890996,0.0293851502638183,0.0835040954364119,0.0350334993553568,0.0295803180597654,0.0408620195595738,0.076836804761014,0.0762172863049577,3.15567102864741,2.84850972732611,0.411106940916399,0.0610790181758338,21.3781283142362,2.44457346059058,22.4040424642443,30.4375,0.9875,0,0,0,0,0,0,0,0
212,"Plot_212",2014,"Conifer Forest",40118,"Huaihua",110.675062639663,27.6525938846187,15,2,8.80644474954573,0.516317373758944,0.445,610,14.7,1461,58,118,272,299.666666666667,1.95801700197585,-1.14549285373498,-0.573695842121811,0.684704309209291,0.392243916415844,0.685018702801103,0.483363276929793,0.287950417666008,0.306100916561201,0.355576440179896,0.343425732936382,1.24225969038921,2.66888065894706,3.05533605566891,0.445346207283332,0.0720428796676145,20.1039935974722,2.37876901522416,19.130314318858,31.5116279069767,0.72093023255814,0,0,0,0,0,0,0,0
213,"Plot_213",2014,"Conifer Forest",40118,"Huaihua",110.757087231623,27.6525362690859,17,2,11.0857022550983,0.40332205820931,0.41510752688172,586,15.2,1444,61.3333333333333,123.333333333333,263.333333333333,335.333333333333,0.563356120476751,-1.65356300025924,-1.22629574734026,0.284058597587655,0.193192012478374,2.22044604925031e-16,0.317817360612227,0.131118425189096,0.109919806754041,0.0680780874429716,0.253851869980067,7.65671051465625e-16,3.06440451163024,2.89244232924783,0.41,0.0675934409596659,21.0249249693103,2.48484458769828,22.6824993094249,31.551724137931,1,0,0,0,0,0,0,0,0
214,"Plot_214",2014,"Conifer Forest",40118,"Shaoyang",110.918866709293,27.6526711917453,36,3,5.58090925989306,0.24363303263175,0.398387097,1380,11.3,1629,52,102,257.333333333333,334,0,-1.51524982246117,-1.38495904528467,0,0,0,0,0,0,0,0,0,3.20997533631745,2.79821608637929,0.41,0.0589744198037889,21.4108085625,2.44392318225,22.0509391044924,30,1,0,0,0,0,0,0,0,0
215,"Plot_215",2014,"Conifer Forest",40118,"Zhuzhou",113.431305004329,27.631348076592,9,1,4.90893002089104,0.299550246116944,0.602634408602151,92,17.7,1566,57,125.333333333333,308.333333333333,183,1.6054360983081,-1.22314225604809,-0.747943276047965,0.476740332717469,0.647408831298274,0.556688985300912,0.138927703498316,0.211305609774786,0.434934822874033,0.223887685211727,0.11573052895688,1.02985532539992,2.92522319317867,3.16023744536299,0.436920902176602,0.0626680030012659,21.4247588406914,2.25790225981205,22.8369803474869,30.2884615384615,0.788461538461539,0,0,0,0,0,0,0,0
216,"Plot_216",2014,"Conifer Forest",80101,"Huaihua",110.230457394992,27.6143567307961,15,2,22.0831721803977,0.438685931488368,0.527311828,537,16,1377,58,118.666666666667,305.666666666667,319.333333333333,1.1488214395631,-1.21578616742059,-1.09108342529273,0.377153010520323,0.238666073654131,0.346012044299362,0.130995149235295,0.129832530363813,0.290343259140608,0.228883644282941,0.0620644870786781,0.857578467566329,3.00203412065255,2.86464593240098,0.419489411269331,0.0627384172947026,21.5950362741256,2.32763303280865,20.275463743192,29.7619047619048,0.833333333333333,0,0,0,0,0,0,0,0
217,"Plot_217",2014,"Conifer Forest",80101,"Huaihua",110.467696610917,27.6162186007307,31,3,50.1661464601761,0.540479569497958,0.425322581,929,13.1,1503,53,104,220,346.666666666667,1.95971300845758,-0.764294990274301,-0.97341510604356,0.636560194076625,0.28376591317723,0.618921529420096,0.142191228235959,0.276677601418897,0.396652689828459,0.392426416198303,0.110981877216876,1.43941746382018,2.7846727504452,2.7266667620501,0.4339561976859,0.0615412992253903,20.6440860874838,2.43795746772461,16.8694483340519,29.2913385826772,0.62992125984252,0,1,0,0,0,0,0,0
218,"Plot_218",2014,"Conifer Forest",40118,"Shaoyang",111.041171392362,27.616773281961,19,2,15.5483658020161,0.338512634083197,0.470430108,591,15,1462,59.3333333333333,115,288,339.666666666667,0.792029989813688,-1.36587182076286,-1.11195849994516,0.185402359462502,0.27300093245015,0.351331412023093,0.0739256484605703,0.0904174081267039,0.226141285854771,0.0885659047473438,0.0569624116580583,0.539712234322701,3.11566470042532,2.93038394420877,0.424469524945545,0.0609555798563272,21.322886334591,2.3603564433178,21.8165452736329,29.8387096774194,0.903225806451613,0,0,0,0,0,0,0,0
219,"Plot_219",2014,"Conifer Forest",80101,"Huaihua",110.35297109676,27.579789571855,35,3,35.3060635657917,0.415450131065697,0.542930107526882,505,15.7,1397,61,117.666666666667,306,292.666666666667,1.61146697854727,-1.70059454764591,-0.69738327022439,0.60760588702161,0.486718480795522,0.441093262242306,0.649439678367494,0.327995492082136,0.301919930187326,0.178607802577837,0.551892905894331,0.562856793835594,2.77219107816151,3.13197456661049,0.428260869565217,0.0837367159515876,20.0536448827641,2.45320246544557,22.4614663240079,33.4057971014493,0.898550724637681,0,0,0,0,0,0,0,0
220,"Plot_220",2014,"Conifer Forest",40118,"Shaoyang",110.918839011404,27.5802894787114,15,2,17.0166280444173,0.387713256115277,0.466827956989247,501,15.8,1423,64,121.666666666667,273.666666666667,310.666666666667,1.80822491762193,-1.61416209466561,-0.741251060620645,0.70847279309308,0.685388621244402,0.300428477979826,0.651206413965334,0.382868650975955,0.443778502893902,0.26356186782517,0.532515853229175,0.779231792751627,2.69561230962613,3.1969932093074,0.423119299749911,0.081219915243863,20.5912917280033,2.56021781411365,24.5397241426443,34.0740740740741,0.851851851851852,0,0,0,0,0,0,0,0
221,"Plot_221",2014,"Conifer Forest",40118,"Shaoyang",111.000101274271,27.5805568435406,8,1,1.6852981223577,0.174766773830837,0.405053763,506,15.7,1428,59.3333333333333,124,318,322.666666666667,0.3108519085865,-1.46829928641213,-1.2917662402132,0.107299615203251,0.162245299975132,0.0767072276928923,0.00229727941396367,0.0591794091558328,0.0713548322465895,0.0621334938514185,0.0293978787129338,0.198958204475388,3.1589761584402,2.87160888349998,0.41295184244373,0.0590322018287879,21.5723417716299,2.41928568542487,22.5855425984298,30.1666666666667,0.966666666666667,0,0,0,0,0,0,0,0
222,"Plot_222",2014,"Conifer Forest",40118,"Shaoyang",111.20292757579,27.5444928022048,26,2,63.8816221844247,0.501664131393053,0.382069892473118,810,14.3,1505,52,101.666666666667,245,337.666666666667,1.44187281682236,-1.78660598827199,-0.814805839981765,0.62360996111888,0.457628312058052,0.2362572221441,0.68536791523857,0.317652818812192,0.273724429180127,0.17096381305339,0.563177753121337,0.32397408774728,2.78019547973848,3.09838257323362,0.419305555555556,0.0839704308976674,20.2971176191511,2.5105951618963,23.0369700788485,33.8888888888889,0.944444444444444,0,0,0,0,0,0,0,0
223,"Plot_223",2014,"Conifer Forest",40118,"Loudi",111.688215773449,27.54253113106,19,2,23.0852442849745,0.458287080581881,0.564354838709677,217,17.3,1401,57.6666666666667,129.333333333333,305.333333333333,185.333333333333,0.756279379117515,-1.4860322521958,-1.17500499266439,0.323691638742347,0.203315141754879,0.147968331923243,0.252695386528336,0.156839320122179,0.0863003272962234,0.0826702269022656,0.203666588359367,0.366061374394601,3.04257285674236,2.89676642248806,0.415876216370223,0.0651232490758006,21.1822189680058,2.46023573950259,22.196456750054,30.9746835443038,0.936708860759494,0,0,0,0,0,0,0,0
224,"Plot_224",2014,"Conifer Forest",80415,"Xiangtan",112.417198321853,27.5371004763879,8,1,7.23002467160256,0.249422641308756,0.525591397849462,263,17.2,1599,56,120.666666666667,312.666666666667,228,0.274981826653173,-1.46806830578837,-1.29699966202163,0.0733620895396129,0.109022072754094,0.109277763192465,0.0196569190046355,0.0285988134882433,0.0755015921189245,0.0300006460277719,0.0142554368758839,0.186925306602349,3.17518154687234,2.84742692627253,0.414196176145498,0.0594677746661222,21.4273742438181,2.41790994934647,22.1194695424727,30,0.96875,0,0,0,0,0,0,0,0
225,"Plot_225",2014,"Conifer Forest",80415,"Xiangtan",112.498798683495,27.5356400457647,19,2,18.9362824503871,0.472427080588348,0.574704301,105,17.9,1581,54.3333333333333,128,322.333333333333,205,0,-1.51524982246117,-1.38495904528467,0,0,0,0,0,0,0,0,0,3.20997533631745,2.79821608637929,0.41,0.0589744198037889,21.4108085625,2.44392318225,22.0509391044924,30,1,0,0,0,0,0,0,0,0
226,"Plot_226",2014,"Conifer Forest",80415,"Xiangtan",112.741619228416,27.5329630394028,46,3,53.9770697968945,0.363257232302229,0.608629032258065,69,17.9,1625,58,133.666666666667,311.333333333333,173.333333333333,1.05004809746709,-2.43133988887131,-0.00920743506073212,0.327510898618616,0.23386070739366,0.18399438659412,0.442294390281096,0.42274688427663,0.163127333708852,0.184062588455678,0.506049001844709,0.384195153469715,1.97641696040566,3.5910748708749,0.417333333333333,0.129883246224774,18.9676529924482,2.77667291361431,26.3895920587755,41.8,0.933333333333333,0,0,0,0,0,0,0,0
227,"Plot_227",2014,"Conifer Forest",80101,"Huaihua",110.190653215761,27.5057660499164,10,1,17.4427200928261,0.242849216270154,0.558387096774194,272,17,1339,59.6666666666667,125,285,281.666666666667,0.191096362962201,-1.52978716300097,-1.33290855236266,0.102418945274184,0.0525828228289145,0.0196727588264098,0.0836330717128354,0.0406560869756564,0.028937026217274,0.018263761203271,0.0667154445791364,0.0510259188201964,3.16129592588206,2.82200229435269,0.410737960610932,0.0609535812199197,21.299835703975,2.45316197345625,22.079808328147,30.375,0.991666666666667,0,0,0,0,0,0,0,0
228,"Plot_228",2014,"Conifer Forest",80101,"Huaihua",110.270643886033,27.5054864960124,18,2,15.8079681941059,0.380947612683433,0.550510753,398,16.2,1370,59,120.333333333333,286,301,0,-1.51524982246117,-1.38495904528467,0,0,0,0,0,0,0,0,0,3.20997533631745,2.79821608637929,0.41,0.0589744198037889,21.4108085625,2.44392318225,22.0509391044924,30,1,0,0,0,0,0,0,0,0
229,"Plot_229",2014,"Conifer Forest",80101,"Huaihua",110.352347061183,27.5066307803775,40,3,33.8280841303988,0.370572962194852,0.541854838709677,279,16.9,1357,60,123.666666666667,308.333333333333,268,1.20697168855442,-1.6420729294764,-0.950195295396106,0.555098873171165,0.517503443351162,0.145866638765826,0.468900020395996,0.213508234929832,0.186243084935504,0.190138906397793,0.391811889322868,0.378339374457642,2.87896307842073,3.09191563498763,0.415806903167993,0.0727466474770347,21.1170692907064,2.46030410423335,24.103451220601,32.7868852459016,0.934426229508197,0,0,0,0,0,0,0,0
230,"Plot_230",2014,"Conifer Forest",80101,"Zhangjiajie",110.669526807638,29.5298084100861,27,2,14.8349171845724,0.362800882290825,0.560860215,1109,12.9,1493,56,114,310.666666666667,329.666666666667,0.122785822302827,-1.49317994594626,-1.34614238259028,0.0204913282140078,0.0292822273180571,0.0653770999783656,0.0165824277401087,0.0193854399940947,0.0374729105691353,0.0189282444134259,0.0123267129150071,0.0834244093800685,3.20042975839732,2.81119841294842,0.412465753424657,0.0593832040563829,21.3589483889447,2.43124205894764,21.8913205183639,29.9315068493151,0.986301369863014,0,0,0,0,0,0,0,0
231,"Plot_231",2014,"Conifer Forest",40118,"Huaihua",110.391942052384,27.4689902937096,18,2,9.23597153798205,0.462180774235355,0.505376344086022,558,15.7,1395,61,122,289.666666666667,263,1.02162324414567,-1.27541591361787,-1.16792904368641,0.434937653950723,0.278224833828403,0.138061586979126,0.0567010108513178,0.133461685121998,0.252251657655632,0.170102023381459,0.0491550737663129,0.756069179568682,2.97683600255781,2.87091991077409,0.409917444189251,0.0605828168662082,21.8216472500357,2.34569621091011,21.5058931708571,30.2857142857143,0.857142857142857,0,0,0,0,0,0,0,0
232,"Plot_232",2014,"Conifer Forest",40118,"Shaoyang",110.798015147962,27.4717957227576,35,3,57.8835932010049,0.422649006301661,0.341182795698925,793,16.6,1348,60,108.666666666667,260.666666666667,379.666666666667,0.692300369458079,-1.61935866353108,-1.17774896637697,0.347344879434996,0.24805563869346,0.05333110089838,0.328840942272869,0.138206138738445,0.118959192190998,0.0905082052325101,0.268145278582933,0.129930723077687,3.0267436475103,2.90936774915205,0.412027476057117,0.0679341700408887,21.0719942932599,2.47023793766266,22.6945717239212,31.6666666666667,0.978494623655914,0,0,0,0,0,0,0,0
233,"Plot_233",2014,"Conifer Forest",80101,"Huaihua",110.029054074862,27.4324811623407,36,3,68.3063714956507,0.332236592299378,0.448951612903226,1049,13.3,1439,54.6666666666667,113.333333333333,341,344,0.0379618394764436,-1.52365879972772,-1.37531284897358,0.019141332616393,0.0130182736980449,2.79301389842807e-18,0.0214161720940888,0.0088354353995839,0.00740696321138248,0.00458745247177976,0.0171058475956969,4.63640307139059e-16,3.20112511846435,2.80394472588283,0.41,0.0594984273793034,21.3873481344025,2.44641106643868,22.0893358465114,30.0943396226415,1,0,0,0,0,0,0,0,0
234,"Plot_234",2014,"Conifer Forest",80101,"Huaihua",110.19095878351,27.433460923719,7,1,8.56025284765167,0.342480213535684,0.553763440860215,368,17,1337,58,125.666666666667,279.333333333333,301.666666666667,0.471133679080782,-1.62855722800196,-1.25498063736411,0.237557678512028,0.161566121853668,3.76346788008528e-17,0.265790069440031,0.109654095889363,0.0919257305948043,0.056933578310372,0.212295848217701,7.07531961456032e-16,3.09072240083923,2.87540707629985,0.41,0.066035199846739,21.0946892347458,2.47744636750424,22.5683189333919,31.271186440678,1,0,0,0,0,0,0,0,0
235,"Plot_235",2014,"Conifer Forest",80101,"Huaihua",110.271761064123,27.4340870348022,38,3,30.7978384841331,0.334251000988252,0.551236559139785,338,16.4,1362,58,124.333333333333,287.333333333333,266.333333333333,0.317691161340777,-1.54904938187251,-1.28889385317387,0.154128513148173,0.138935381872489,0.0305149695197415,0.128270979798311,0.053863532939534,0.04549656290331,0.0508543084426092,0.112331592315954,0.0791477378060877,3.13528015122334,2.86229848841576,0.41115006848457,0.062243057131976,21.3284107971935,2.44973611540904,22.497086516975,30.6493506493507,0.987012987012987,0,0,0,0,0,0,0,0
236,"Plot_236",2014,"Conifer Forest",40118,"Huaihua",110.514564979809,27.4353698440194,15,2,19.0767462346461,0.355560932376425,0.458602150537634,785,14,1468,58,109.666666666667,224.333333333333,349.666666666667,1.5294727232253,-2.08546488966332,-0.683074753901173,0.749017900310549,0.515803217983962,0.0488718139448795,0.838340784755757,0.349869800530809,0.304265611237374,0.187026411914592,0.678086186889189,0.0623628489950359,2.58542669703358,3.20754688357559,0.411836734693878,0.0958364712755464,19.735454077071,2.60804504140232,24.6108000064947,36.530612244898,0.989795918367347,0,0,0,0,0,0,0,0
237,"Plot_237",2014,"Conifer Forest",40118,"Shaoyang",110.919308958915,27.4359572603325,33,3,73.7990912871641,0.400204724749033,0.503736559139785,446,16.1,1402,60,124.666666666667,286,305,1.1995361260296,-1.87736140600195,-0.969569716638546,0.604836864872151,0.411357558398505,2.22044604925031e-16,0.676718316668178,0.279186259074149,0.234048720472019,0.144956488996229,0.540518648210596,1.69309011255336e-15,2.8288628300183,3.0449056250004,0.41,0.0815394960243836,20.4005438775521,2.551057695125,23.7043988076837,34.0625,1,0,0,0,0,0,0,0,0
238,"Plot_238",2014,"Conifer Forest",40118,"Shaoyang",111.404259140884,27.4350423776601,26,2,19.6226636590614,0.543654945329966,0.36239247311828,792,13,1600,54.6666666666667,102.666666666667,276.333333333333,368.666666666667,1.7973833361598,-1.45726613775791,-0.635747772622172,0.573783382308875,0.491899086926441,0.648137660648238,0.537846150961231,0.326497192549856,0.441305743716036,0.252276209296226,0.440533729284456,0.933745436767322,2.79056890710521,3.09859632599659,0.436571428571428,0.0796400683353791,20.1677868972839,2.35325249388734,20.8665171456779,32,0.814285714285714,0,0,0,0,0,0,0,0
239,"Plot_239",2014,"Conifer Forest",40118,"Shaoyang",111.72823627076,27.433680975759,37,3,62.0636123551974,0.426856857405097,0.335779569892473,518,15.7,1494,57,115,316.666666666667,298.333333333333,1.2819200232488,-1.919876531195,-0.920799309631511,0.646376937762613,0.439609511862896,2.22044604925031e-16,0.723195193051446,0.298360714576968,0.250123139002017,0.154912071184695,0.57764135905936,1.73545388586143e-15,2.78411682725443,3.07386917406928,0.41,0.0841888369571659,20.2819298052303,2.56363624117105,23.8985297040098,34.5394736842105,1,0,0,0,0,0,0,0,0
240,"Plot_240",2014,"Conifer Forest",80415,"Xiangtan",112.860578365901,27.4238136369194,6,1,7.68587249108964,0.331003723941063,0.565725806451613,84,17.9,1660,58,128.333333333333,293,249.666666666667,2.21298048008111,-3.71745348641352,1.73133731640975,0.527144340430494,0.368864178468553,0.632506756267193,1.52417873188157,0.860199314977701,0.913726831018542,0.130557364985402,0.0597573498686864,0.10287985293183,2.11076713165213,3.5302533670816,0.508450089378168,0.210409153033227,12.5577370859741,1.22144570194909,26.9791898496408,30.3389830508475,0.983050847457627,0,0,0,0,0,0,0,0
241,"Plot_241",2014,"Conifer Forest",80415,"Zhuzhou",113.022434674675,27.4215767874032,27,2,41.4367374583952,0.408137612613068,0.599139785,81,17.9,1629,57,132.666666666667,339,192.333333333333,0.61459874771321,-1.64060164686441,-1.17505736612281,0.255270506822718,0.185453220247933,0.113173490246035,0.356480014718745,0.173885684457166,0.115823472688004,0.0595295325086808,0.177415387334332,0.07055702557838,3.0799093018898,2.88814802218872,0.414335260115607,0.0685863890371178,20.9020013330565,2.43236924862633,22.4455744579054,30.9826589595376,0.988439306358382,0,0,0,0,0,0,0,0
242,"Plot_242",2014,"Conifer Forest",80101,"Huaihua",109.908341875649,27.3958915721649,17,2,18.289221562606,0.392152628158373,0.554193548,250,17.4,1294,61.6666666666667,122.666666666667,291,282.666666666667,1.6760429802764,-1.14479237824936,-0.707917692842692,0.386887049305809,0.569682745783689,0.733138314529104,0.164040572754075,0.216344528279758,0.471898712962545,0.212970075159982,0.134297619720327,1.12624064988551,2.97608495930497,3.12599237379641,0.445884421864952,0.063887696734084,21.1927614372856,2.23667766969814,21.4696424039608,29.6,0.76,0,0,0,0,0,0,0,0
243,"Plot_243",2014,"Conifer Forest",40118,"Shaoyang",110.797135433307,27.3996096192594,22,2,24.8696565552733,0.438365667684309,0.407338709677419,650,15.5,1421,59.6666666666667,113.333333333333,284.666666666667,315,0.944223359845358,-1.71200408888638,-1.07756106244564,0.466173622636241,0.358854322371505,0.043268231882964,0.475713715252346,0.202019301393798,0.171440447565391,0.128778067009227,0.385463884358604,0.112226317977816,2.94711168661181,2.99079880940121,0.411639912468739,0.0728927216799235,20.8788478896555,2.49616461501382,23.3654547090711,32.5925925925926,0.981481481481481,0,0,0,0,0,0,0,0
244,"Plot_244",2014,"Conifer Forest",40118,"Shaoyang",110.87806304354,27.3993609129372,25,2,31.6307644821065,0.542611082399991,0.473225806451613,482,15.8,1412,62.6666666666667,117,292.333333333333,317.666666666667,1.826394200545,-1.8044286054249,-1.37866429128513,0.305686511945003,0.25005403839618,0.0330569013034649,0.323923143866982,0.810460289906505,1.26197939451438,0.185453399518772,0.495357343121369,0.0857408346862587,3.03392495288495,2.90001480838547,0.41124725737059,0.0745555058508055,17.3853291930831,3.18662185608445,20.8708948843883,35.4929577464789,0.985915492957746,0,0,0,0,0,0,0,0
245,"Plot_245",2014,"Conifer Forest",40118,"Shaoyang",111.525595594851,27.3986766996193,30,2,37.2948469475115,0.454446889224327,0.521962365591398,334,16.8,1384,60.6666666666667,121.666666666667,320.333333333333,246.333333333333,1.4748875218333,-1.80519473339366,-0.784825191341619,0.631995491568049,0.472479047036719,0.260703416573593,0.689472234170631,0.319312087589031,0.287151481728942,0.17267299353148,0.573475860606984,0.33267043901022,2.76810388595262,3.1126148432284,0.420285714285714,0.084484549687984,20.1287038192406,2.50404580676016,23.1294107112174,34,0.942857142857143,0,0,0,0,0,0,0,0
246,"Plot_246",2014,"Conifer Forest",80415,"Xiangtan",112.819696068821,27.3882036504653,26,2,34.5823488231909,0.367118607477299,0.559543011,91,17.9,1679,56.3333333333333,126.333333333333,269,216,1.33674624502812,-1.26000402260076,-0.885559318630369,0.291944254602655,0.320504175843886,0.654587702696491,0.225273530835998,0.215613305734778,0.381897259585404,0.209665048150797,0.131057502770294,0.883127896726115,3.04324694879776,2.9646567399844,0.438635753934676,0.0656043041726396,20.7246737110363,2.30118078771194,20.1089697450865,29.5488721804511,0.827067669172932,0,0,0,0,0,0,0,0
247,"Plot_247",2014,"Conifer Forest",80415,"Hengyang",112.981133624275,27.3856252590451,4,1,10.0780123614357,0.337721764778718,0.60311828,93,17.9,1653,57,126.333333333333,285,184.666666666667,0,-1.51524982246117,-1.38495904528467,0,0,0,0,0,0,0,0,0,3.20997533631745,2.79821608637929,0.41,0.0589744198037889,21.4108085625,2.44392318225,22.0509391044924,30,1,0,0,0,0,0,0,0,0
248,"Plot_248",2014,"Conifer Forest",80101,"Huaihua",109.383032898968,27.3549278135727,36,3,44.2285591981174,0.567080517530098,0.520510752688172,402,16.8,1223,61.3333333333333,121.333333333333,280,294.333333333333,1.13241641213369,-1.59291966413079,-1.00264887103718,0.558837669448367,0.362463147280602,0.151244836591678,0.461876150318843,0.216579128672778,0.168250193269234,0.146157156091279,0.373233256386777,0.392288993221457,2.8776976436026,2.99870080247702,0.416037859543993,0.0717028153748838,20.8308608843272,2.48650860431241,22.7116618425886,32.5,0.931818181818182,0,0,0,0,0,0,0,0
249,"Plot_249",2014,"Conifer Forest",80101,"Huaihua",109.948838904951,27.3597117696536,4,1,1.49889226139285,0.134186227719442,0.550537634408602,490,16.2,1327,61.6666666666667,122.666666666667,315.666666666667,266.333333333333,0,-4.46982947858114,2.69531268140543,0,0,0,0,0,0,0,0,0,1.80279069767442,3.70906976744186,0.54,0.260101660605608,9.51428571428571,0.8125,28.1560210855065,30,1,0,0,0,0,0,0,0,0
250,"Plot_250",2014,"Conifer Forest",40118,"Huaihua",110.434145843536,27.3626033643317,33,3,27.8646405626602,0.394773620613711,0.393010753,795,14.9,1425,57.6666666666667,110,276.666666666667,374.333333333333,1.81652552786817,-1.07145567207882,-0.882514745454285,0.319424860269983,0.256643891742319,0.738913479347644,0.23461287922971,0.457758001555626,0.389427680951635,0.252461602823681,0.0980365571406057,1.35783852657233,3.06488051788693,2.82942307536462,0.450814018636393,0.0666013038919933,19.8456881427131,2.27799819629424,19.9713863455768,29.3877551020408,0.673469387755102,0,0,0,0,0,0,0,0
251,"Plot_251",2014,"Conifer Forest",40118,"Shaoyang",111.40413924697,27.3631651242898,10,1,18.672050287159,0.289727682491471,0.56005376344086,217,17.4,1342,56.3333333333333,128.333333333333,369.333333333333,198.666666666667,2.30691740073935,-3.22669115775077,2.11544405844437,0.084016054400076,0.327347285145371,0.202109649205897,1.5935116800649,0.671731912543402,0.844253450911785,0.457064470999785,1.90323947078598e-16,1.1201024882499,1.75212624584718,3.52119601328904,0.530132207931404,0.209249402418333,11.840572387551,1.18234699261905,23.166492255624,30,0.761904761904762,0,0,0,0,0,0,0,0
252,"Plot_252",2014,"Conifer Forest",80415,"Hengyang",112.535527005971,27.3551435449306,35,3,27.706516441956,0.325585472240249,0.534973118,114,17.8,1640,56,127.666666666667,288,216,0,-1.51524982246117,-1.38495904528467,0,0,0,0,0,0,0,0,0,3.20997533631745,2.79821608637929,0.41,0.0589744198037889,21.4108085625,2.44392318225,22.0509391044924,30,1,0,0,0,0,0,0,0,0
253,"Plot_253",2014,"Conifer Forest",80415,"Zhuzhou",113.102161216868,27.3481764264077,8,1,24.483737615192,0.330314635398172,0.580510752688172,85,17.9,1620,58,129,282,196.333333333333,0.160739280510112,-1.49137666853793,-1.33757287321443,0.0554838573300352,0.0838958747357764,0.0396647543370314,0.00118790662026277,0.0306012457571097,0.0368970692455792,0.0321287816525577,0.0152014311069466,0.10287985293183,3.18404355095614,2.83553445779659,0.411500936835795,0.0590038004944664,21.4929440925661,2.43139564149146,22.3227713895453,30.0847457627119,0.983050847457627,0,0,0,0,0,0,0,0
254,"Plot_254",2014,"Conifer Forest",40118,"Zhuzhou",113.424830344144,27.3427644499993,26,2,32.4292788509654,0.34270857241547,0.582741935483871,159,17.5,1609,57.3333333333333,124.333333333333,289.666666666667,195,0.470530815206001,-1.49359065936984,-1.22253454338625,0.147248743804171,0.142306812884642,0.185810435085179,0.147318456870456,0.0952414666369227,0.108020014297027,0.0547361418192704,0.0859504766210091,0.237103294712739,3.1370723403541,2.86527179775516,0.4172,0.0628342203655812,21.1400101975584,2.41955265695911,21.7802154563895,30.28,0.96,0,0,0,0,0,0,0,0
255,"Plot_255",2014,"Conifer Forest",40118,"Zhuzhou",113.586586819274,27.3398701581065,9,1,17.4247742726664,0.370778140978299,0.56991935483871,107,17.8,1576,57.3333333333333,129.333333333333,300.333333333333,159,1.87686284090318,-2.21190937381237,-0.503972961040457,0.54451098963902,0.300870610723798,0.0957999104586307,0.647319771839086,0.70475346122908,1.03638356429399,0.439207125790431,0.819041226144364,0.148693989438112,2.74638702272201,2.90666554478345,0.416013710452146,0.0915671216041059,17.3911051085834,1.83384461960482,15.6431270515648,38.2716049382716,0.975308641975309,0,0,0,0,0,0,0,0
256,"Plot_256",2014,"Conifer Forest",40118,"Huaihua",110.474945806445,27.3268014801265,25,2,21.384431115247,0.324220725062413,0.42008064516129,641,15.5,1404,58.3333333333333,119,286.333333333333,330.666666666667,1.36586726450463,-1.97179575893285,-0.861241167516949,0.688705288792693,0.468397583724966,2.22044604925031e-16,0.770554029987535,0.317899030878775,0.266502591005782,0.165056573788082,0.615468522727035,1.92799705739783e-15,2.72947326458568,3.109239294547,0.41,0.0874241969524561,20.1370789784756,2.57899708966463,24.1356012443509,35.1219512195122,1,0,0,0,0,0,0,0,0
257,"Plot_257",2014,"Conifer Forest",40118,"Shaoyang",111.121353349092,27.3277893380579,17,2,45.0219965022143,0.296274408465329,0.530188172043011,339,16.7,1373,62,124.333333333333,303.333333333333,256.333333333333,0.378060591623805,-4.40243146730036,2.58920741002095,0,0,0.139545255660618,0.19347816609786,0.123584364724801,0.242498174611336,0,0.109291682715109,0,1.80279069767442,3.70906976744186,0.534583333333333,0.255192909093316,9.85454883014881,0.896958198677083,28.1560210855065,30.625,1,0,0,0,0,0,0,0,0
258,"Plot_258",2014,"Conifer Forest",40118,"Shaoyang",111.524812126076,27.3268926312901,30,2,41.9977528140867,0.378202390400795,0.608951612903226,249,17.3,1354,58,130.666666666667,340,183,1.03083237746612,-2.47398166987005,-0.0324582342957672,0.361437720268403,0.286284128429783,0.155509851887427,0.520529199609264,0.210832744574694,0.208117417390636,0.188827152368223,0.438390435664006,0.33267043901022,1.98707454781214,3.5584070004653,0.41613543898331,0.126839377912478,18.3513534155494,2.75468634886326,26.2385092542345,42.0666666666667,0.942857142857143,0,0,0,0,0,0,0,0
259,"Plot_259",2014,"Conifer Forest",40118,"Loudi",112.252729815717,27.3222629116705,28,2,16.5852485698901,0.362144093315266,0.435860215053763,266,16.8,1581,54,118.333333333333,363.333333333333,291,1.89993992861684,-1.5601886312897,-0.565770066501973,0.757531556413841,0.754880646694345,0.34596506464519,0.617543996954167,0.317882876397946,0.361403664839503,0.297640740629192,0.480640058541911,0.897341621425806,2.61828918552189,3.34226117256237,0.425627401172688,0.078478131745644,21.2453088466952,2.41046925191374,25.5018478931504,34.2647058823529,0.823529411764706,0,0,0,0,0,0,0,0
260,"Plot_260",2014,"Conifer Forest",80415,"Hengyang",112.980292931239,27.313395115108,14,2,29.2593638013569,0.418557277720138,0.597688172,95,18,1652,57.3333333333333,129.333333333333,270.666666666667,184.666666666667,0,-1.51524982246117,-1.38495904528467,0,0,0,0,0,0,0,0,0,3.20997533631745,2.79821608637929,0.41,0.0589744198037889,21.4108085625,2.44392318225,22.0509391044924,30,1,0,0,0,0,0,0,0,0
261,"Plot_261",2014,"Conifer Forest",80101,"Changde",110.795111716655,29.925559099245,35,3,15.4606242100161,0.243168162670563,0.609435483870968,473,15.9,1309,59.3333333333333,123,300.333333333333,254.333333333333,0,-1.51524982246117,-1.38495904528467,0,0,0,0,0,0,0,0,0,3.20997533631745,2.79821608637929,0.41,0.0589744198037889,21.4108085625,2.44392318225,22.0509391044924,30,1,0,0,0,0,0,0,0,0
262,"Plot_262",2014,"Conifer Forest",40118,"Zhuzhou",113.706861909498,27.3013803999265,20,2,26.3027840661065,0.586606463361207,0.438064516,281,17,1614,53,115.333333333333,288,253,2.35018745056738,-0.724169679961128,0.0291468413071907,0.443923049847711,0.644248145699024,1.12190891490557,0.298388107216869,0.407600105124282,0.673412690940876,0.402119530857581,0.251361172668646,1.54364124161939,2.80205116022222,3.36164772572933,0.493468233807993,0.0718873457599406,20.1344685808331,1.99439054573664,18.2027365397654,28.2142857142857,0.5,0,0,0,0,0,0,0,0
263,"Plot_263",2014,"Conifer Forest",40118,"Huaihua",110.273147786564,27.2899820031644,37,3,23.449232621036,0.39717890999829,0.489489247311828,530,15.8,1382,59,122.333333333333,295.333333333333,282.333333333333,0.324121071927792,-1.45557941558753,-1.28001029059244,0.0540915159534301,0.0772970912175371,0.172577707483663,0.0437730851452334,0.0511722727659997,0.0989182603832489,0.0499654011670821,0.0325391590692329,0.220217680560243,3.18416692194081,2.83331645080694,0.416666666666667,0.0600796513015429,21.2705940191837,2.40963718221029,21.6193777419967,29.8148148148148,0.962962962962963,0,0,0,0,0,0,0,0
264,"Plot_264",2014,"Conifer Forest",40118,"Hengyang",112.292767429584,27.2858058655823,23,2,12.9155152589299,0.281601046727386,0.503924731182796,240,17.5,1555,56,121.666666666667,304.333333333333,254,0.395729136265291,-1.45488484754098,-1.2651397244785,0.136597469319269,0.20654591671711,0.0976519175907406,0.00292454501045769,0.0753381781582698,0.0908380658227166,0.079098867260532,0.0374248857084428,0.253283175155509,3.14440496476099,2.89257825410589,0.413795225999081,0.0590487109787876,21.6184941170956,2.41224640061769,22.7382864538404,30.2142857142857,0.957142857142857,0,0,0,0,0,0,0,0
265,"Plot_265",2014,"Conifer Forest",80415,"Hengyang",112.454532897441,27.2843975421009,24,2,37.6988422530848,0.521031046632437,0.610833333333333,147,17.7,1611,57.3333333333333,127.666666666667,255.333333333333,212.333333333333,0,-2.85227720784253,0.148786168177943,0,0,0,0,0,0,0,0,0,1.80279069767442,3.70906976744186,0.41,0.1422916243106,17.680600495,2.83949676825,28.1560210855065,45,1,0,0,0,0,0,0,0,0
266,"Plot_266",2014,"Conifer Forest",80415,"Hengyang",112.697144630379,27.2812399274745,45,3,83.1912178103756,0.509730424878675,0.279247311827957,835,14.4,1808,49,101.333333333333,260.666666666667,386.333333333333,0.839044811746338,-1.70109999857168,-1.21271272859056,0.334533413843603,0.228403093446477,6.47630097698008e-17,0.383538231232635,0.271593890762483,0.311828808533383,0.0834717969573785,0.348466234743827,8.32667268468867e-16,3.03241161747384,2.91006379291297,0.41,0.070164819202022,20.5508665197917,2.56881886211458,22.6019362296302,32.2916666666667,1,0,0,0,0,0,0,0,0
267,"Plot_267",2014,"Conifer Forest",80101,"Xiangxi",109.555992758219,29.485510703458,23,2,17.5282042461415,0.33360200988934,0.488467742,707,15.6,1454,62,128.333333333333,276.333333333333,316,0,-2.85227720784253,0.148786168177943,0,0,0,0,0,0,0,0,0,1.80279069767442,3.70906976744186,0.41,0.1422916243106,17.680600495,2.83949676825,28.1560210855065,45,1,0,0,0,0,0,0,0,0
268,"Plot_268",2014,"Conifer Forest",80101,"Huaihua",109.50508010893,27.24765536944,23,2,28.2464878272532,0.306498006928194,0.538897849462366,377,16.5,1251,56.6666666666667,120,329,296,0.507708735132517,-1.57284810751085,-1.23954214128272,0.267333496749544,0.145902928625486,0.0436649068400995,0.237763907822759,0.109474494931624,0.0823119696641274,0.0532722260474798,0.189338697973133,0.113255187611171,3.07448535704849,2.86859363101239,0.411655238753493,0.0649709912886956,21.0921739626776,2.47203960338551,22.2298061852319,31.1214953271028,0.981308411214953,0,0,0,0,0,0,0,0
269,"Plot_269",2014,"Conifer Forest",40118,"Huaihua",110.232656080391,27.253083138818,6,1,9.15412063098708,0.260805825697516,0.516317204301075,547,15.2,1394,56.6666666666667,118.333333333333,299.666666666667,297,2.62107149471178,-3.48496959320782,1.33522210584206,0.680607636955036,0.46289026351656,0.776599683676482,1.83824207268264,1.0019350968399,1.08618594907651,0.16311587333202,2.59052039079203e-16,1.92438657601694e-15,2.27185224388876,3.40545187375434,0.496666666666667,0.193059247005002,13.4797933303571,1.35630772741667,26.1209937585018,30,1,0,0,0,0,0,0,0,0
270,"Plot_270",2014,"Conifer Forest",40118,"Shaoyang",111.201855196063,27.2554828521382,15,2,8.87954372880509,0.453398269492411,0.558897849462366,290,17,1355,59.6666666666667,129.333333333333,336,270,0.800634483455995,-3.75419925322995,2.8281263939735,0.163614772559717,0.411861550220847,0.200466197041074,0.537061573277181,0.0716633112855989,0.219223395784807,0.18934399649638,0.16415949454305,1.30614473485313e-15,1.48330369357045,4.47448700410397,0.508306973709098,0.204604765028481,10.3179112733111,1.12347520716322,21.4629840167681,33.8235294117647,1,0,0,0,0,0,0,0,0
271,"Plot_271",2014,"Conifer Forest",80101,"Zhangjiajie",109.88574447857,29.491117187557,25,2,10.0273520756085,0.494182337977596,0.54005376344086,434,15.9,1443,58,126.333333333333,301.666666666667,287,2.08027650795521,-1.3110634679168,-0.458087861197886,0.764497547922124,0.448069326566442,0.585714351178808,0.697886133332538,0.295774933784707,0.293545877937317,0.382568262393317,0.551463655856413,1.20747048233339,2.46427588620453,3.12864784002323,0.439711054662379,0.080691308984615,19.7384764690974,2.47208150912852,19.9319626927055,33.6666666666667,0.733333333333333,0,0,0,0,0,0,0,0
272,"Plot_272",2014,"Conifer Forest",40118,"Hengyang",112.172091192973,27.2500989720083,17,2,24.3968989037126,0.459978438635088,0.536693548,254,17.3,1518,56,121,283.666666666667,227.666666666667,0.651387064507055,-1.59200001073691,-1.18428455017457,0.304291761239369,0.208574287517077,0.0882248216142442,0.304988154528943,0.140583205594592,0.106009882965975,0.065831671157953,0.231528631838772,0.166751368693453,3.05103574280739,2.89436712185995,0.412777777777778,0.067404637746768,21.0097788201349,2.45735892726907,22.2425647260746,31.2962962962963,0.972222222222222,0,0,0,0,0,0,0,0
273,"Plot_273",2014,"Conifer Forest",40118,"Hengyang",112.251848532605,27.2499949796371,9,1,17.7060064221773,0.453774791089975,0.570940860215054,237,17.6,1524,55.6666666666667,125,270.666666666667,218,0.356393401919844,-1.53481286195364,-1.28533747175903,0.190383306535205,0.0933983526157456,0.042496110183808,0.149103393002285,0.0738893011698838,0.051615571713052,0.0333236954884975,0.118756036123065,0.110223639071004,3.11655830117336,2.84183277940251,0.411610095878398,0.062535161034376,21.2025969445136,2.46048442137273,22.058425756275,30.6818181818182,0.981818181818182,0,0,0,0,0,0,0,0
274,"Plot_274",2014,"Conifer Forest",80415,"Hengyang",112.978656876987,27.2416085362697,14,2,4.3842974318387,0.278445699859523,0.591586021505376,70,17.8,1660,58.6666666666667,125.666666666667,286.666666666667,212.666666666667,1.11477925837917,-1.32744767826502,-1.01218782499879,0.384798620039246,0.581845213703922,0.275087988967614,0.00823851927766293,0.212229605248504,0.255893191505011,0.222823564156811,0.105426875384314,0.713505285015186,3.00597862480846,3.09178727486205,0.42180736977492,0.059205547903785,22.0569413990197,2.34537319494948,24.1893530802418,30.6666666666667,0.866666666666667,0,0,0,0,0,0,0,0
275,"Plot_275",2014,"Conifer Forest",80415,"Hengyang",113.059306228437,27.2408963794092,5,1,5.10767088330319,0.222866204691092,0.566827956989247,135,17.8,1644,56.6666666666667,127,281.666666666667,194,0,-1.51524982246117,-1.38495904528467,0,0,0,0,0,0,0,0,0,3.20997533631745,2.79821608637929,0.41,0.0589744198037889,21.4108085625,2.44392318225,22.0509391044924,30,1,0,0,0,0,0,0,0,0
276,"Plot_276",2014,"Conifer Forest",40118,"Huaihua",109.385531914962,27.2101476947817,28,2,11.01861276146,0.459704548463755,0.489166667,455,16.4,1235,56,118.333333333333,305.333333333333,322.666666666667,0.833989150862637,-1.28021883737162,-1.21404436369827,0.236822157873333,0.058679769080586,0.29427867382974,0.0477277452630409,0.140988923708316,0.09305351394669,0.14845185638475,0.0308889737169044,0.66515781417887,3.09225201732932,2.80866805393736,0.422479502453884,0.0592838681491363,20.9947341476463,2.43821385937387,20.7261630541359,29.8245614035088,0.87719298245614,0,0,0,0,0,0,0,0
277,"Plot_277",2014,"Conifer Forest",40118,"Huaihua",110.434614282524,27.2183083812338,42,3,17.017928787793,0.360886387076008,0.421854839,698,14.4,1445,59.6666666666667,119,287.666666666667,304.333333333333,0.882019442891436,-1.62851018043308,-1.16917247162849,0.320916444976691,0.21902677381201,0.131796215102929,0.388817010101089,0.285984573087401,0.123820836635901,0.0875144102809661,0.28412220209374,0.341844427209831,3.05608380769451,2.89497644954749,0.415209133724229,0.0704538894011387,20.4945217592845,2.48820935035259,22.934798569499,31.7647058823529,0.941176470588235,0,0,0,0,0,0,0,0
278,"Plot_278",2014,"Conifer Forest",40118,"Shaoyang",110.597052177475,27.2179852880783,25,2,24.7014905385302,0.336804328848742,0.380967741935484,1028,13.8,1480,56.6666666666667,113,268,357.666666666667,0,-1.51524982246117,-1.38495904528467,0,0,0,0,0,0,0,0,0,3.20997533631745,2.79821608637929,0.41,0.0589744198037889,21.4108085625,2.44392318225,22.0509391044924,30,1,0,0,0,0,0,0,0,0
279,"Plot_279",2014,"Conifer Forest",40118,"Hengyang",112.291977261086,27.2139436800356,25,2,9.0366747165426,0.477793455727638,0.563897849,182,17.7,1533,56,122,319.333333333333,195,0,-1.51524982246117,-1.38495904528467,0,0,0,0,0,0,0,0,0,3.20997533631745,2.79821608637929,0.41,0.0589744198037889,21.4108085625,2.44392318225,22.0509391044924,30,1,0,0,0,0,0,0,0,0
280,"Plot_280",2014,"Conifer Forest",80415,"Hengyang",112.61568405488,27.2104945762932,23,2,27.8343547843129,0.385287713946718,0.318333333333333,688,14.5,1783,51,106,288,345.333333333333,1.99999492960475,-1.63821162911611,-0.407877233883594,0.623070550988202,0.528066932946983,0.709774926751023,0.661912360049034,0.355077533293295,0.471831944161031,0.245755757730363,0.632499187818807,0.905707871358317,2.65333519941829,3.24721218833898,0.442142857142857,0.0898934987664807,19.5890673936359,2.40011328347282,21.8453291437712,33.7142857142857,0.821428571428571,0,0,0,0,0,0,0,0
281,"Plot_281",2014,"Conifer Forest",40118,"Shaoyang",110.475360169955,27.1825950971714,4,1,0.361688973627548,0.230039058150078,0.438010752688172,741,15.1,1425,59.3333333333333,113.333333333333,270.333333333333,297.666666666667,0,-1.96457189296925,-1.85228308501378,0,0,0,0,0,0,0,0,0,3.17,2.75,0.41,0.0775923918409506,11.96282374,4.254698741,16.9596241647564,40,1,0,0,0,0,0,0,0,0
282,"Plot_282",2014,"Conifer Forest",40118,"Shaoyang",110.797770804857,27.1830245170937,25,2,38.9243587105573,0.321607630707713,0.548360215,364,16.8,1370,60.3333333333333,128.333333333333,292.333333333333,330,0,-2.85227720784253,0.148786168177943,0,0,0,0,0,0,0,0,0,1.80279069767442,3.70906976744186,0.41,0.1422916243106,17.680600495,2.83949676825,28.1560210855065,45,1,0,0,0,0,0,0,0,0
283,"Plot_283",2014,"Conifer Forest",40118,"Shaoyang",110.878298805599,27.1832980095941,12,2,19.5081499371839,0.245142044745118,0.552849462365591,325,16.9,1368,61,127,318.333333333333,287.666666666667,0,-3.53400533773727,2.86899215168675,0,0,0,0,0,0,0,0,0,1.385,4.71,0.498555273311897,0.187528797158596,10.5651806760882,1.21915988629037,19.4035879956178,35,1,0,0,0,0,0,0,0,0
284,"Plot_284",2014,"Conifer Forest",40118,"Shaoyang",111.444113727337,27.1826927363335,6,1,1.66531053105393,0.143812164874729,0.601586021505376,288,17.1,1345,56.6666666666667,127.333333333333,301,273,0,-4.46982947858114,2.69531268140543,0,0,0,0,0,0,0,0,0,1.80279069767442,3.70906976744186,0.54,0.260101660605608,9.51428571428571,0.8125,28.1560210855065,30,1,0,0,0,0,0,0,0,0
285,"Plot_285",2014,"Conifer Forest",40118,"Zhuzhou",113.542041509198,27.1603472705742,18,2,18.5628267067206,0.257184629743881,0.515645161290323,195,17.5,1588,59,129.333333333333,313.333333333333,165.333333333333,0,-1.51524982246117,-1.38495904528467,0,0,0,0,0,0,0,0,0,3.20997533631745,2.79821608637929,0.41,0.0589744198037889,21.4108085625,2.44392318225,22.0509391044924,30,1,0,0,0,0,0,0,0,0
286,"Plot_286",2014,"Conifer Forest",40118,"Shaoyang",110.27370172938,27.1454816365036,30,2,42.7258467093863,0.417949298222482,0.339435484,884,13.5,1464,53.6666666666667,105.666666666667,212,387.666666666667,1.81825576015663,-0.73187733696963,-0.870955615702955,0.821276043635948,0.110533250262919,0.516052544497925,0.119471029965794,0.175710800551705,0.142117485858366,0.424932750020312,4.44089209850063e-17,1.42261976827643,2.62038421524317,2.78274400956846,0.429995476527331,0.0568965109516555,20.9404915998521,2.36980624287631,16.5286010268751,30,0.64,0,0,0,0,0,0,0,0
287,"Plot_287",2014,"Conifer Forest",40118,"Zhuzhou",113.500941989037,27.1250800862628,10,1,11.1157747621891,0.347533555648413,0.563467742,134,17.8,1567,57,129.666666666667,293.333333333333,175,0,-1.51524982246117,-1.38495904528467,0,0,0,0,0,0,0,0,0,3.20997533631745,2.79821608637929,0.41,0.0589744198037889,21.4108085625,2.44392318225,22.0509391044924,30,1,0,0,0,0,0,0,0,0
288,"Plot_288",2014,"Conifer Forest",40118,"Shaoyang",110.233861519583,27.1092182110235,40,3,44.7989605008053,0.398456369285985,0.436075269,628,15.3,1398,54.6666666666667,111.666666666667,235,335.666666666667,0.326462426427176,-1.52308546629569,-1.29433762341585,0.174894873646412,0.0805404274250647,0.0448997876849592,0.127106729165419,0.0658389829506514,0.0440029136756322,0.0342200120732218,0.101222036988524,0.116458141009747,3.12469947836354,2.83559091860517,0.411702986025229,0.0619394614466521,21.2264521210481,2.45763628530288,22.0001549671373,30.5769230769231,0.980769230769231,0,0,0,0,0,0,0,0
289,"Plot_289",2014,"Conifer Forest",40118,"Shaoyang",111.443727376782,27.1104530133927,9,1,9.14064517343224,0.180922317430931,0.572930107526882,332,16.9,1361,59.3333333333333,127.333333333333,304.666666666667,196.666666666667,0.77527306244483,-4.12931767765804,2.53647910207262,0.0282348140286266,0.110009804493354,0.0679218799248245,0.535522719560564,0.225745255037108,0.283723621035683,0.153603146802379,3.62029247160377e-17,0.37642669219074,1.78891304347826,3.65760869565217,0.53729708304208,0.246172563797789,10.1514859769627,0.913805915369565,26.7893240581909,30,0.934782608695652,0,0,0,0,0,0,0,0
290,"Plot_290",2014,"Conifer Forest",80415,"Hengyang",112.976149583763,27.0970751110569,18,2,22.1418920102257,0.417329748458728,0.594032258064516,85,18.1,1603,60,127.666666666667,311.666666666667,160,2.7482013692604,-1.05238173599334,0.826625578282465,0.139981994681524,0.401131215285366,0.311400355941607,1.66091661551787,0.729267307003455,0.812433072821278,0.544552306907961,0.316280626152943,1.45140391310781,1.80705426356589,3.24475968992248,0.496878836727403,0.111624257638017,17.3860940757305,1.87318904900666,16.1669384034622,32,0.377777777777778,0,0,0,0,0,0,0,0
291,"Plot_291",2014,"Conifer Forest",40118,"Huaihua",109.548433451737,27.0639537631671,44,3,40.668996830863,0.317929958095338,0.545672043010753,372,16.7,1258,55,123.333333333333,305.666666666667,257,0.229585190088774,-1.4973734011922,-1.32383272367474,0.121830755038383,0.0436669834002436,0.0448997876849592,0.064820643828437,0.0410412602125498,0.0224397560217418,0.033948554443786,0.0516232388641474,0.116458141009747,3.15176072141436,2.81807450166166,0.411702986025229,0.0603372075138288,21.2981868915769,2.45002910095673,21.8827495444255,30.2884615384615,0.980769230769231,0,0,0,0,0,0,0,0
292,"Plot_292",2014,"Conifer Forest",40118,"Huaihua",109.628851843011,27.0689566221992,52,4,20.2130810126104,0.388565481537858,0.526048387096774,510,16.8,1272,57.6666666666667,122,304,287,0.387907749328524,-1.41470156390651,-1.39592924492498,0.0139882125806756,0.0769864102034497,0.107962319061073,0.0162578344045119,0.0931641574254467,0.200982857734215,0.0568299783106717,0.0413763247191187,0.280025622062475,3.20322705348029,2.76286836471482,0.414216917776757,0.0593894767390079,21.1526978087331,2.51435976066915,21.5546330764829,29.7619047619048,0.952380952380952,0,0,0,0,0,0,0,0
293,"Plot_293",2014,"Conifer Forest",40118,"Shaoyang",110.516270382785,27.0744846219275,18,2,38.4588578828422,0.266626156589643,0.493817204,532,16.5,1381,61,122.333333333333,260,302,0,-1.51524982246117,-1.38495904528467,0,0,0,0,0,0,0,0,0,3.20997533631745,2.79821608637929,0.41,0.0589744198037889,21.4108085625,2.44392318225,22.0509391044924,30,1,0,0,0,0,0,0,0,0
294,"Plot_294",2014,"Conifer Forest",40118,"Shaoyang",110.919145417877,27.0752572764024,27,2,44.6584679175849,0.174670763957748,0.564623655913978,325,17.1,1362,60.3333333333333,124.333333333333,289.333333333333,311.666666666667,0,-4.46982947858114,2.69531268140543,0,0,0,0,0,0,0,0,0,1.80279069767442,3.70906976744186,0.54,0.260101660605608,9.51428571428571,0.8125,28.1560210855065,30,1,0,0,0,0,0,0,0,0
295,"Plot_295",2014,"Conifer Forest",40118,"Hengyang",112.451805083924,27.067605628539,22,2,24.1638258860882,0.44504549618478,0.60266129,102,18,1512,55,129.666666666667,255.333333333333,190.666666666667,0.785264771172835,-2.7978419622891,0.281814111657239,0.0788842073502773,0.0594746800768854,0.281686566453718,0.292166717841204,0.192876011628423,0.390372631622164,0.0742206969794722,0.325558539652997,0.186925306602348,1.84020348837209,3.6822238372093,0.4215625,0.146441986992145,17.6569426772748,2.69572246293639,27.5187912911331,43.03125,0.96875,0,0,0,0,0,0,0,0
296,"Plot_296",2014,"Conifer Forest",40118,"Shaoyang",110.395956830325,27.0375063261683,6,1,3.00446927328038,0.180743112176431,0.44244623655914,589,16,1393,58,118.333333333333,270.666666666667,287,0.306157461633708,-1.42479368733243,-1.31672318102125,0.107295512275287,0.0188007544113865,0.096990141320371,0.0202400938915505,0.000236359830702365,0.0740209189487879,0.0573139485642294,1.29919715647625e-16,0.251566703025342,3.15848702413373,2.80680263589506,0.413768309502634,0.0584604311322455,21.4101571936978,2.41811902073241,21.5530548013287,30,0.957446808510638,0,0,0,0,0,0,0,0
297,"Plot_297",2014,"Conifer Forest",40118,"Hengyang",111.766129206301,27.0366812945519,8,1,2.38957447356282,0.28200742489297,0.494247312,281,17.1,1405,57.3333333333333,123,328.333333333333,214,1.51791601037664,-1.25739050350242,-0.884836485429282,0.717710783759474,0.22130135759501,0.362664829205351,0.386801207454052,0.225362864051594,0.135108771677911,0.289220471754927,0.299364174393561,0.940656381611818,2.73033188092755,2.93490728031599,0.426604113745981,0.0670542746950021,20.5458852752188,2.47873254051563,20.0295232700268,31.875,0.8125,0,0,0,0,0,0,0,0
298,"Plot_298",2014,"Conifer Forest",40118,"Shaoyang",112.007895263063,27.0353110823231,28,2,41.8664965276789,0.46115574900958,0.470994623655914,337,17.1,1458,57,124,297.666666666667,205,1.57456096859106,-2.1854307636417,-0.504590494461716,0.75020498985438,0.514103419090789,0.0879862248156109,0.847056783801162,0.344699565543192,0.314829621134074,0.203882433010496,0.686541839942566,0.150505021057891,2.42465356149074,3.30116861186501,0.413356940916399,0.103974779811883,19.3319228325933,2.64399663704597,25.001131970639,38,0.975,0,0,0,0,0,0,0,0
299,"Plot_299",2014,"Conifer Forest",40118,"Hengyang",112.168750169561,27.0339680306342,21,2,44.9452333497534,0.434216869138672,0.565241935,228,17.6,1469,56,124,278,209.333333333333,1.19154275290053,-2.45773804000166,0.0247427110763634,0.425017186109455,0.252150063253074,0.315736670883172,0.501542342220344,0.170777023097862,0.350637053696008,0.199613145089158,0.505455933549344,0.402895590302629,2.05013994172774,3.58381705139687,0.422631578947368,0.126845283041753,18.2002377955587,2.69125517112213,26.0530454553012,41.4912280701754,0.929824561403509,0,0,0,0,0,0,0,0
300,"Plot_300",2014,"Conifer Forest",80415,"Hengyang",112.652624359187,27.0297949371648,14,2,18.4430371517508,0.311425433190761,0.591720430107527,59,18.2,1520,53.3333333333333,129.333333333333,256.333333333333,192.666666666667,0.957711415259394,-1.2828088840747,-1.06980786372577,0.239363554349967,0.176023511175511,0.45434543755103,0.100303339820692,0.138205991285581,0.221767995719537,0.169783388534869,0.0732213978822999,0.68918024329836,3.08385553030585,2.88648590880422,0.429382210932476,0.061102360099063,20.9926140547606,2.35933701362565,20.431511743023,29.56,0.872,0,0,0,0,0,0,0,0
301,"Plot_301",2014,"Conifer Forest",40118,"Zhuzhou",113.699830923448,27.0129077342876,26,2,15.8065397096113,0.315453752677097,0.408763440860215,445,15.8,1671,51.6666666666667,117.666666666667,287.333333333333,274.666666666667,0,-1.51524982246117,-1.38495904528467,0,0,0,0,0,0,0,0,0,3.20997533631745,2.79821608637929,0.41,0.0589744198037889,21.4108085625,2.44392318225,22.0509391044924,30,1,0,0,0,0,0,0,0,0
302,"Plot_302",2014,"Conifer Forest",40118,"Shaoyang",110.274892785978,27.0012342832038,38,3,62.7475064352465,0.631546890456794,0.362096774193548,1055,14,1450,53.6666666666667,109,240.333333333333,367.666666666667,2.19017146359281,-0.292779313355888,-0.577743364605724,0.732594262285105,0.634141043916331,0.783848108493341,0.163828685609413,0.163972564058772,0.581145806830332,0.483108855810592,0.0690497723675624,1.50595468786892,2.4026818778542,2.45192237388511,0.466204852290997,0.0623541642302215,21.4957837637703,2.01190225777922,12.7525141501856,29.84375,0.421875,0,0,0,0,0,0,0,0
303,"Plot_303",2014,"Conifer Forest",40118,"Shaoyang",110.838797540356,27.0029269186122,45,3,24.3590499504844,0.160792723739314,0.569274193548387,323,17.1,1366,61,121,283.333333333333,291.666666666667,0.592052261401569,-3.27867587620475,2.73900949017066,0.0875611123561245,0.190060631983631,0.0767401959952094,0.297524505672558,0.180466095723221,0.130711712642595,0.0769484056482809,0.0825954969041845,0.372658447508532,1.42800477897252,4.62115890083632,0.501505103205062,0.179795902066499,11.0741917819845,1.26579662105157,18.7194462641944,34.5161290322581,0.935483870967742,0,0,0,0,0,0,0,0
304,"Plot_304",2014,"Conifer Forest",40118,"Shaoyang",111.564242510293,27.0026382403191,34,3,23.5534648782477,0.409933949639311,0.561263440860215,328,17,1379,58,124.333333333333,342.333333333333,187.333333333333,0.777960757371251,-2.51271280838418,0.13162206766027,0.0535022520812778,0.174324808360983,0.190504147484497,0.362934421047937,0.0699060197042839,0.12997879893731,0.209272054942508,0.257782526110165,0.494117233390018,1.80881229680198,3.62387323203358,0.417768006430868,0.132429090188415,17.8867523248684,2.79100956505263,26.2106669204443,43.4210526315789,0.912280701754386,0,0,0,0,0,0,0,0
305,"Plot_305",2014,"Conifer Forest",40118,"Shaoyang",111.886166482201,26.9998890927286,35,3,9.02505946194661,0.39798016857676,0.495268817,444,16.4,1475,55,117.666666666667,359.666666666667,237.333333333333,0.159728885987845,-1.55138569774175,-1.34350647194784,0.0805393989676521,0.0547759113876425,1.20024110770287e-17,0.0901110525172386,0.037176129319783,0.0311656652739725,0.0193022435937086,0.0719748573309782,1.08021699693258e-16,3.17194331905683,2.82283375343503,0.41,0.0612262361418108,21.3099921282432,2.45461436025,22.2159413201955,30.4054054054054,1,0,0,0,0,0,0,0,0
306,"Plot_306",2014,"Conifer Forest",40118,"Hengyang",112.128492531023,26.9985624406225,9,1,31.5245120753234,0.440299494356771,0.538629032,260,17.4,1471,56,120,303,261.333333333333,0.755904170636606,-1.56910253264379,-1.13545799936683,0.350994774482316,0.341556962238275,0.096990141320371,0.266557723318246,0.116728664256915,0.100300304817777,0.126074487867604,0.237070044849465,0.251566703025342,3.025109608079,2.96942848109188,0.413768309502634,0.066139010006495,21.2995566535169,2.44613689574983,23.252993095137,31.4893617021277,0.957446808510638,0,0,0,0,0,0,0,0
307,"Plot_307",2014,"Conifer Forest",80415,"Yueyang",113.515533302373,29.4694267347925,15,2,29.863196704595,0.358324921498354,0.643306451612903,169,16.7,1362,60.6666666666667,127.666666666667,283.333333333333,206,0.802787569165453,-1.3494613767211,-1.11277989458382,0.145635853388337,0.18109938488353,0.415380299498689,0.101842791972326,0.118573040378331,0.241788769567672,0.126133108487974,0.0754006578559147,0.555710846982981,3.13562763433554,2.88620592555281,0.427168684302835,0.0615774540820827,21.0665064364796,2.35425392946468,20.8852859317817,29.5454545454545,0.9,0,0,0,0,0,0,0,0
308,"Plot_308",2014,"Conifer Forest",40118,"Huaihua",109.590401395001,26.9598018659905,21,2,74.2590579430425,0.48273110460014,0.540940860215054,328,17.1,1265,55.6666666666667,124.666666666667,322.333333333333,265.333333333333,1.48894228894351,-1.84901878275773,-0.802321868602696,0.732537418299721,0.455818047558801,0.106754934233373,0.764901057859345,0.314020117654921,0.265427347142514,0.189824139308858,0.604612046055479,0.276893986039963,2.67019802776128,3.10399301254676,0.414167306979383,0.085834099237339,20.0819814898882,2.57055608995588,23.363157210968,34.9411764705882,0.952941176470588,0,0,0,0,0,0,0,0
309,"Plot_309",2014,"Conifer Forest",80101,"Huaihua",109.991718069001,26.9396898666082,3,1,34.1442153143681,0.47219454698264,0.534973118,578,16,1355,58,124,295,298.333333333333,2.13317591884889,-0.690100001793164,0.215433146252572,0.111153239971301,0.433080458247326,0.571336592471199,0.945328053535943,0.145905555966377,0.340572147846798,0.604696295132716,0.656890531240728,1.48189559195462,1.67511627906977,3.23562790697674,0.463133163987138,0.0848299554556711,18.6430540432,2.5553131287,15.5824084342026,36,0.4,0,0,0,0,0,0,0,0
310,"Plot_310",2014,"Conifer Forest",40118,"Hengyang",112.248965602659,26.9615417838317,20,2,8.70373591139131,0.327926320012682,0.545053763,229,18.1,1445,54,127.666666666667,274.666666666667,181.333333333333,1.29438094354719,-2.4678858130307,0.307599896804732,0.0530902801571715,0.206852835462856,0.415581141366498,0.487742196394865,0.169816336366108,0.430954413315659,0.288821951810749,0.418985001236373,0.707799900037656,1.7746862659061,3.60485300570426,0.429054470060062,0.136311321900113,17.4302171060728,2.66220495505189,25.3882447157226,42.1698113207547,0.867924528301887,0,0,0,0,0,0,0,0
311,"Plot_311",2014,"Conifer Forest",40118,"Zhuzhou",113.537574932893,26.9442299443729,13,2,2.40981214598824,0.223479864787989,0.438360215053763,299,17.3,1582,58.6666666666667,125.666666666667,310.666666666667,163.666666666667,0,-1.51524982246117,-1.38495904528467,0,0,0,0,0,0,0,0,0,3.20997533631745,2.79821608637929,0.41,0.0589744198037889,21.4108085625,2.44392318225,22.0509391044924,30,1,0,0,0,0,0,0,0,0
312,"Plot_312",2014,"Conifer Forest",40118,"Shaoyang",110.355696777382,26.9294217422179,16,2,6.85218250014755,0.528103439616939,0.43752688172043,620,15.5,1411,57,116.333333333333,269.666666666667,301.333333333333,0.501994593474197,-1.63679776658675,-1.24552766224261,0.253118542669228,0.172149271555745,2.62416351275037e-16,0.283200254582414,0.116836825157904,0.0979471895318376,0.0606629280986852,0.226201973567744,7.26691434300103e-16,3.08204946007717,2.88102096647589,0.41,0.0665487111225899,21.0716987381818,2.47988441734091,22.6059465573119,31.3636363636364,1,0,0,0,0,0,0,0,0
313,"Plot_313",2014,"Conifer Forest",40118,"Shaoyang",110.516343478078,26.9302622330638,6,1,13.9259749517511,0.228404990211095,0.514811828,463,16.3,1393,58.6666666666667,116.333333333333,284,282.333333333333,0,-1.51524982246117,-1.38495904528467,0,0,0,0,0,0,0,0,0,3.20997533631745,2.79821608637929,0.41,0.0589744198037889,21.4108085625,2.44392318225,22.0509391044924,30,1,0,0,0,0,0,0,0,0
314,"Plot_314",2014,"Conifer Forest",40118,"Shaoyang",111,26.930657759154,11,2,27.4914592789121,0.298155586098454,0.538924731182796,509,16.3,1402,60.3333333333333,119.666666666667,300.666666666667,274.333333333333,1.15372658368612,-3.89911939836761,2.53948076265546,0.169103755261911,0.00921870833114742,0.147012560311353,0.770520555307066,0.33620957715564,0.231253851897803,0.233512825970279,0.0997880581311868,0.675343043208483,1.89158537898364,3.71367678725237,0.54625,0.2386909118103,10.5281269866201,0.900712647647225,25.9363662394568,29.375,0.875,1,0,0,0,0,0,0,0
315,"Plot_315",2014,"Conifer Forest",40118,"Hengyang",112.207695715881,26.9254004031641,15,2,11.1908778466395,0.328553552543886,0.56002688172043,198,17.9,1448,54.3333333333333,126.333333333333,262.666666666667,189.333333333333,0,-1.51524982246117,-1.38495904528467,0,0,0,0,0,0,0,0,0,3.20997533631745,2.79821608637929,0.41,0.0589744198037889,21.4108085625,2.44392318225,22.0509391044924,30,1,0,0,0,0,0,0,0,0
316,"Plot_316",2014,"Conifer Forest",40118,"Shaoyang",110.71780295538,26.8947725188115,24,2,12.1935409395469,0.361910861465888,0.554166667,367,17,1379,60.3333333333333,128.333333333333,336.333333333333,303.666666666667,1.23862419798742,-2.43111601198973,0.334482048639045,0.189317323675143,0.0103206530587772,0.592507764939984,0.269313442797892,0.0025795368213684,0.484735938678671,0.261425437820954,0.446864306966481,0.756069179568681,1.90427033345638,3.71433493293958,0.435714285714286,0.134652202300964,17.6726598375658,2.65074025581111,25.6192726900212,42.1428571428571,0.857142857142857,0,0,0,0,0,0,0,0
317,"Plot_317",2014,"Conifer Forest",40118,"Shaoyang",111.040503783969,26.8948229532512,9,1,7.94175022383488,0.375999574398257,0.534274193548387,336,17,1379,61.3333333333333,120.333333333333,293,286.333333333333,3.14728315183304,-2.28740981981104,0.617667255951187,0.765675896609241,0.482048442526993,0.747361487584731,2.0449698100751,1.02701691206669,1.1650212783031,0.340722242029824,2.67759670644891e-16,0.973307049694657,2.31290414465709,3.19715268321304,0.48089319084547,0.139349902568315,16.0953542876471,1.75685367323529,21.6528475467742,30,0.803921568627451,0,0,0,0,0,0,0,0
318,"Plot_318",2014,"Conifer Forest",40118,"Hengyang",112.167280708891,26.8895729399912,10,1,6.8191410470059,0.34918792704735,0.573790322580645,215,17.7,1442,56.6666666666667,120.666666666667,286.333333333333,233,0.33285917863257,-1.53745225560664,-1.28209457898521,0.15715440649242,0.152928720272485,0.0410316625351225,0.115973206861331,0.0489944656790994,0.0414886518587497,0.0564485934125135,0.106145746045362,0.10642525026862,3.13375876414897,2.86880365262045,0.411553601286174,0.0619282420803432,21.3649415473929,2.44483585360519,22.546522767302,30.6140350877193,0.982456140350877,0,0,0,0,0,0,0,0
319,"Plot_319",2014,"Conifer Forest",40118,"Shaoyang",110.436620712476,26.8573808388626,31,3,73.3946277628753,0.234743215314651,0.495026882,449,16.5,1392,58,118,266.666666666667,303.666666666667,1.46418145488858,-2.05728795166983,-0.763170445232259,0.738277823870145,0.50211252105339,2.22044604925031e-16,0.826017981408021,0.340781185431344,0.285685265011415,0.17693723294233,0.659769525533967,1.87237612801648e-15,2.63949507740811,3.16748109221547,0.41,0.0927516648741177,19.8985620486486,2.60429085225,24.5259723400387,36.0810810810811,1,0,0,0,0,0,0,0,0
320,"Plot_320",2014,"Conifer Forest",40118,"Hengyang",111.563520017887,26.857353203823,23,2,22.9340731691651,0.340927108513385,0.382365591,729,15.2,1489,55,117.666666666667,331.333333333333,352.666666666667,0.137508132566787,-1.52318231339531,-1.34092093480993,0.0557538773952917,0.0462053246654647,0.0358410661627857,0.0589542031853314,0.0310956688098374,0.0206754248497011,0.0109480710334258,0.0403432991916303,0.0457349710704785,3.18377237762002,2.81888337892908,0.41134328358209,0.0604406560683634,21.3268816311228,2.4429188924808,22.055103337139,30.1865671641791,0.992537313432836,0,0,0,0,0,0,0,0
321,"Plot_321",2014,"Conifer Forest",80101,"Zhangjiajie",110.752105886288,29.4568418247132,32,3,70.6850904406592,0.445460062700278,0.566397849462366,377,16.1,1387,60,125.666666666667,279,215,2.01300499096242,-1.99896518818597,0.421384657710748,0.327621419892059,0.116277946829978,0.880485184666862,0.486151124203282,0.0588205104184083,0.692433409255052,0.425986865793737,0.708967410091052,1.26011529928114,1.99484324797613,3.6633068483348,0.455854685346808,0.125743262403385,17.7293265642405,2.51593590552521,23.245602076871,39.5604395604396,0.714285714285714,0,0,0,0,0,0,0,0
322,"Plot_322",2014,"Conifer Forest",80101,"Huaihua",109.672535716378,26.816312844123,4,1,0.107352994263778,0.104014176516254,0.542123656,401,16.7,1302,59,121.666666666667,343.333333333333,281.666666666667,2.62107149471178,-3.48496959320782,1.33522210584206,0.680607636955036,0.462890263516559,0.776599683676482,1.83824207268264,1.0019350968399,1.08618594907651,0.16311587333202,2.59052039079203e-16,1.92438657601694e-15,2.27185224388876,3.40545187375434,0.496666666666667,0.193059247005002,13.4797933303571,1.35630772741667,26.1209937585018,30,1,0,0,0,0,0,0,0,0
323,"Plot_323",2014,"Conifer Forest",80101,"Huaihua",109.752386999801,26.8164978796774,7,1,4.71343977054145,0.178253674747873,0.529193548387097,341,17,1307,59.3333333333333,124.333333333333,327.333333333333,312.333333333333,1.63381039967363,-2.11017875416155,-0.617102671937887,0.759467842912275,0.554162347403492,0.0891358320181916,0.849462106786016,0.361854231438655,0.351335860561939,0.208202492628779,0.702149391421506,0.231194707801993,2.49172413208603,3.23063669802317,0.41345020545371,0.101513634903587,19.3103008726323,2.70190856269684,24.7370549161152,37.4025974025974,0.961038961038961,0,0,0,0,0,0,0,0
324,"Plot_324",2014,"Conifer Forest",40118,"Shaoyang",110.557403040147,26.8216658957255,26,2,28.4560930654395,0.373587549966153,0.504811827956989,426,16.6,1400,59,123.333333333333,254,269,1.29389849063527,-1.92664286411697,-0.913037441142328,0.652416788087076,0.443717294021791,1.36642833800019e-16,0.729952845539051,0.301148645199899,0.252460329941234,0.156359594554954,0.5830389330539,1.91299967320027e-15,2.77699544750421,3.07847875747547,0.41,0.0846104827289615,20.2630522340385,2.56563813178846,23.9294258678814,34.6153846153846,1,0,0,0,0,0,0,0,0
325,"Plot_325",2014,"Conifer Forest",40118,"Yongzhou",111.523430825871,26.8218412609023,3,1,6.68756740755062,0.254309121555246,0.34008064516129,631,15.2,1480,54,116,325,320.333333333333,1.56254705262794,-1.19381891381747,-0.755930223802098,0.287723010151083,0.382186618900024,0.811453794714904,0.244814456583334,0.25345415032465,0.46925046400932,0.237499848806555,0.162560251953105,1.0354551300946,3.03840258082821,3.01511906334927,0.448360655737705,0.0666998863647475,20.5428493367375,2.2531229785133,19.6677758871979,29.1803278688525,0.786885245901639,1,0,0,0,0,0,0,0
326,"Plot_326",2014,"Conifer Forest",40118,"Zhuzhou",113.453538559918,26.8008010537076,7,1,15.1421997498589,0.206604384049487,0.565188172,220,18.2,1520,62.3333333333333,127,312.666666666667,160.333333333333,0.332028133202138,-1.49417621726289,-1.27833536022243,0.131374579761692,0.129187223170061,0.084960594812352,0.073818907820933,0.0363748924379383,0.0834612385231252,0.0478667763203359,0.0438241839454677,0.177955308317264,3.14680005941728,2.85734115828479,0.413273919009264,0.0607097565624661,21.410790898038,2.41912332472232,22.3433505053183,30.2475247524752,0.97029702970297,0,0,0,0,0,0,0,0
327,"Plot_327",2014,"Conifer Forest",40118,"Huaihua",109.552337165137,26.7782288023698,35,3,30.8725470059304,0.459618883108433,0.527688172043011,436,16.5,1288,55,119.333333333333,309.333333333333,279.666666666667,1.23144079954018,-1.25851473571996,-0.965334045790646,0.420728508092432,0.223225499634306,0.485142507290999,0.211941262485102,0.18863618315997,0.209682677397048,0.218830499874056,0.108021998470697,0.829861531494585,2.96834374881279,2.92020973387518,0.431484421864952,0.0636982285324311,20.7886473205969,2.37944310054422,20.1748947123829,30.2,0.84,0,0,0,0,0,0,0,0
328,"Plot_328",2014,"Conifer Forest",80101,"Shaoyang",110.356393271527,26.785066325673,34,3,76.3995956662257,0.43116571528205,0.469408602150538,493,16.6,1392,61.3333333333333,125.666666666667,298.666666666667,324.666666666667,1.36853970968688,-1.97365921173478,-0.85910354352606,0.690052804161759,0.469314046765361,1.52259157662879e-16,0.772061689961984,0.318521029630478,0.267024027886143,0.165379522186424,0.616672743613744,1.78904510253882e-15,2.72751203163984,3.11050877702931,0.41,0.0875403184918384,20.1318800822143,2.57954841173571,24.1441100694115,35.1428571428571,1,0,0,0,0,0,0,0,0
329,"Plot_329",2014,"Conifer Forest",40118,"Shaoyang",110.838743614034,26.7856694983183,18,2,25.67064090507,0.342135059669333,0.495107527,572,15.9,1431,59.3333333333333,124.333333333333,299.666666666667,261.333333333333,1.12774918061947,-2.37158187548331,0.0218569286454127,0.255006191098702,0.29801580560508,0.214251222176699,0.568856330632982,0.152303720242188,0.201341336312433,0.257595161853861,0.421231053158116,0.555710846982981,1.90815824538485,3.54818595940204,0.41885552733119,0.125216131095832,18.176728145775,2.756531205585,25.5109615986646,42.15,0.9,0,0,0,0,0,0,0,0
330,"Plot_330",2014,"Conifer Forest",40118,"Shaoyang",110.919351311774,26.7861444522034,12,2,7.68246220997525,0.302170057602527,0.519032258064516,521,16.3,1412,58.3333333333333,120.666666666667,303.333333333333,272,1.67701339675721,-2.05387163030481,-0.512041659118715,0.749200406997502,0.51740380943048,0.194481325809074,0.846056406516091,0.34316946944849,0.337783801479908,0.227576365834914,0.696363545022767,0.33267043901022,2.46029129684836,3.27118769584303,0.417673007808911,0.0999396050458006,19.4300814585703,2.60737927218365,24.2590333269314,37.1428571428571,0.942857142857143,0,0,0,0,0,0,0,0
331,"Plot_331",2014,"Conifer Forest",40118,"Zhuzhou",113.492994072416,26.7646087983731,25,2,52.8405383047209,0.335811074651791,0.515349462365591,249,17.8,1538,52.6666666666667,120.666666666667,289,228,2.64321525102935,-3.47643106709291,1.23683978973811,0.461041196914867,0.313560221108732,0.868504971685533,1.54481852135946,0.909703246009431,1.39145089590242,0.110494113485501,0.548056597070666,1.29810692110018e-15,2.06257863096236,3.54091216478415,0.48,0.190346159945116,13.9720078716923,1.67500800023846,27.0289290274731,34.1538461538462,1,0,0,0,0,0,0,0,0
332,"Plot_332",2014,"Conifer Forest",40118,"Huaihua",109.43205698887,26.7419208218982,31,3,76.258412190509,0.394452684433898,0.512930107526882,407,19,1625,55.3333333333333,123.333333333333,295.333333333333,276,0.498654868033693,-1.55276178456068,-1.25892478674059,0.235457079333099,0.129173011000377,0.0698292173183939,0.215798688478684,0.111707414052359,0.0746726209017481,0.0497953448509876,0.16590277977366,0.166751368693453,3.09396117101708,2.83759351606831,0.412671808086221,0.0646081192311352,21.1114085507536,2.45496073210191,22.153613537524,30.9722222222222,0.972222222222222,0,0,0,0,0,0,0,0
333,"Plot_333",2014,"Conifer Forest",40118,"Huaihua",109.50638538662,26.7419743765575,9,1,17.7418890234616,0.358931855896242,0.514704301,455,16.7,1282,55.3333333333333,120,305,290,0.0747559960462701,-1.4932439846809,-1.36898988499095,0.0338994280658087,0.00267767331501433,0.0228879302290753,0.00492399552711474,0.0077472097581463,0.00224872669570124,0.0171670977068534,0,0.0593652207164404,3.19424742043087,2.7993984544727,0.410859759935067,0.058853524235005,21.3901666322039,2.44316526173301,21.9067552296915,30,0.990291262135922,0,0,0,0,0,0,0,0
334,"Plot_334",2014,"Conifer Forest",80101,"Huaihua",109.593148395351,26.7427715734997,4,1,0.521466485199827,0.226294190232418,0.534731182795699,337,17.2,1284,55,124.333333333333,311.666666666667,297,0,-1.51524982246117,-1.38495904528467,0,0,0,0,0,0,0,0,0,3.20997533631745,2.79821608637929,0.41,0.0589744198037889,21.4108085625,2.44392318225,22.0509391044924,30,1,0,0,0,0,0,0,0,0
335,"Plot_335",2014,"Conifer Forest",40118,"Hengyang",112.326803665425,26.7439492973125,7,1,3.23130886131422,0.193031392276814,0.58739247311828,103,18.2,1401,52.6666666666667,128.333333333333,280.666666666667,181.666666666667,0.995534627818194,-3.99219640770862,2.51248388180979,0.12863282376496,0.0534291329881012,0.0305315430825092,0.557920992517916,0.488649681578079,0.29058000673215,0.214354036651017,0.0769747332443614,0.520947612098702,1.86795314784769,3.68487550828275,0.541162790697674,0.245145082911351,10.9358595058164,0.919434911190181,26.1903163872526,29.5348837209302,0.906976744186046,0,0,0,0,0,0,0,0
336,"Plot_336",2014,"Conifer Forest",40118,"Chenzhou",113.37157559935,26.7302057428279,27,2,56.1290352967006,0.342107966661012,0.506155914,281,17.3,1565,56,125,326,184.333333333333,0.28986023068061,-1.47157490520625,-1.29826806382284,0.100053724476652,0.151288953931419,0.0715272259869197,0.00214214525462387,0.0551830524942026,0.0665362751968347,0.0579376492898477,0.0274126542893025,0.185522653881304,3.16253424061768,2.86648845579389,0.412745899947656,0.0590281705247182,21.5610720128534,2.4210045805522,22.5482446802481,30.1550387596899,0.968992248062015,0,0,0,0,0,0,0,0
337,"Plot_337",2014,"Conifer Forest",40118,"Huaihua",109.954860961181,26.7101630561243,4,1,34.7590938679655,0.381862289521758,0.519166666666667,462,16.5,1362,55,116.666666666667,316.333333333333,289,0,-1.51524982246117,-1.38495904528467,0,0,0,0,0,0,0,0,0,3.20997533631745,2.79821608637929,0.41,0.0589744198037889,21.4108085625,2.44392318225,22.0509391044924,30,1,0,0,0,0,0,0,0,0
338,"Plot_338",2014,"Conifer Forest",40118,"Shaoyang",111.080758609709,26.7140335292634,29,2,13.3485255165333,0.415973910876017,0.542150537634409,312,17.2,1388,59.6666666666667,125,283,221,0.734564710347415,-2.52467460086535,0.158884195158947,0.0382759090810263,0.149132389203625,0.196741250850964,0.32552618923414,0.0502429600435184,0.117276910415564,0.208228751767464,0.226201973567744,0.510294625328724,1.78344608879493,3.63733615221987,0.418050479391991,0.133585310847732,17.8264267901818,2.79643864104545,26.2509282595514,43.6363636363636,0.909090909090909,0,0,0,0,0,0,0,0
339,"Plot_339",2014,"Conifer Forest",40118,"Zhuzhou",113.571898329332,26.6907606965392,50,3,78.8843801996788,0.38592721403283,0.569811827956989,135,18.2,1499,63.3333333333333,131.333333333333,363,125,1.65594037042789,-2.42947759064973,0.580133328445314,0.222016643385231,0.169438159597528,0.7398746974891,0.323284805337595,0.200645857758631,0.783671235137318,0.326566995769572,0.559804445907608,0.838910945043701,1.88410887631818,3.79620294713318,0.446369346484748,0.137287726854905,17.0946608444873,2.49385395289021,24.5668121157754,40.945945945946,0.837837837837838,0,0,0,0,0,0,0,0
340,"Plot_340",2014,"Conifer Forest",80101,"Huaihua",109.835914152137,26.6732762111636,8,1,14.3653407434444,0.256929105541222,0.495215054,672,16.4,1352,54,112.333333333333,280.333333333333,315.666666666667,0,-1.51524982246117,-1.38495904528467,0,0,0,0,0,0,0,0,0,3.20997533631745,2.79821608637929,0.41,0.0589744198037889,21.4108085625,2.44392318225,22.0509391044924,30,1,0,0,1,0,0,0,0,0
341,"Plot_341",2014,"Conifer Forest",40118,"Shaoyang",110.075735055786,26.675021003651,7,1,15.1644948215143,0.210090484254119,0.515537634408602,363,17.1,1366,59.3333333333333,124.666666666667,290.333333333333,313,0.454988480113377,-1.37953180121613,-1.28786190092922,0.166650180643834,0.0256166996523599,0.129793486684301,0.027246066977596,0.00423189927886991,0.110962156554617,0.0895148157897377,2.95526992166409e-17,0.373906164835089,3.12810642964941,2.80537167379769,0.414665051701404,0.0584059242760534,21.421168249578,2.40432308324926,21.2548730030588,30,0.935251798561151,0,0,0,0,0,1,0,0
342,"Plot_342",2014,"Conifer Forest",80101,"Shaoyang",110.156115706329,26.6754490613788,9,1,13.2706667419772,0.244636085928664,0.45172043,559,15.6,1417,53.3333333333333,106.666666666667,270.666666666667,334.666666666667,1.44710331130032,-1.17929381847426,-0.998500391690189,0.500092056246918,0.262759082041968,0.506072756600888,0.220597672554456,0.169362738329913,0.360023655027873,0.289543492427955,0.135025573381734,0.978451489271832,2.90983153169293,2.77832364693782,0.433457174309296,0.0645530184062036,21.0229238265701,2.33302555458223,19.4805863922991,30.4777070063694,0.802547770700637,0,0,0,0,0,1,0,0
343,"Plot_343",2014,"Conifer Forest",40118,"Shaoyang",110.638180319918,26.6775038914722,7,1,6.41497702181108,0.213486687502838,0.506236559139785,493,16.1,1432,56.3333333333333,119,271.666666666667,277,0,-1.51524982246117,-1.38495904528467,0,0,0,0,0,0,0,0,0,3.20997533631745,2.79821608637929,0.41,0.0589744198037889,21.4108085625,2.44392318225,22.0509391044924,30,1,0,0,0,0,0,0,0,0
344,"Plot_344",2014,"Conifer Forest",40118,"Shaoyang",111.281801394491,26.6777212664666,50,3,20.4694513879132,0.437298478436499,0.285268817,1241,12.7,1609,51.6666666666667,97.3333333333333,261.333333333333,362.666666666667,0,-1.51524982246117,-1.38495904528467,0,0,0,0,0,0,0,0,0,3.20997533631745,2.79821608637929,0.41,0.0589744198037889,21.4108085625,2.44392318225,22.0509391044924,30,1,0,0,0,0,0,0,0,0
345,"Plot_345",2014,"Conifer Forest",40118,"Yongzhou",111.52284564244,26.676433906681,11,2,5.71408991157331,0.246221373849929,0.573440860215054,215,17.5,1376,58,128.333333333333,284.333333333333,230,0,-4.46982947858114,2.69531268140543,0,0,0,0,0,0,0,0,0,1.80279069767442,3.70906976744186,0.54,0.260101660605608,9.51428571428571,0.8125,28.1560210855065,30,1,0,0,0,0,0,0,0,0
346,"Plot_346",2014,"Conifer Forest",40118,"Yongzhou",111.76296277533,26.6763579751061,11,2,29.3932183920594,0.23902947234923,0.58255376344086,161,17.9,1377,57,125.333333333333,315,217,0.229251784094054,-4.37397478364443,2.64858194713185,0.00794579300753686,0.0300180526558743,0.020624681717647,0.162328694101623,0.0833574738278363,0.0568507621128199,0.0396295990508614,2.09476042382105e-18,0.114303089447075,1.80651162790698,3.69569109258447,0.539218024024753,0.256078906368191,9.73845959506614,0.83184010163371,27.8200708382355,30,0.981132075471698,0,0,0,0,0,0,0,0
347,"Plot_347",2014,"Conifer Forest",40118,"Yongzhou",111.844061784016,26.6749967743232,12,2,28.605749657049,0.32406823855599,0.57510752688172,288,17.5,1401,55.3333333333333,124.333333333333,290.333333333333,199.333333333333,0.819769070427265,-1.61976451418082,-1.08098827721765,0.319634984795555,0.307396062984119,0.185843172986092,0.389631490855809,0.198533760001904,0.225563373150369,0.113323582493665,0.145901954726662,0.218274327575169,3.04409487050336,2.95004537026475,0.417424046727042,0.0693181373114981,21.0355343862554,2.38255976181981,23.1155777844108,30.8715596330275,0.963302752293578,0,0,0,0,0,0,0,0
348,"Plot_348",2014,"Conifer Forest",40118,"Hengyang",112.968874955621,26.6642478525288,7,1,8.08448893619552,0.175581375236211,0.576236559139785,115,18.1,1477,60,131.666666666667,264.666666666667,131.333333333333,0.21437776114155,-4.41511504050484,2.61975209387413,0.0556669826521865,0.0378598517999655,0.0635181840044036,0.150350046068179,0.0819483952662267,0.0888392828719986,0.0133412674175882,1.02798428206033e-17,7.40148683083438e-17,1.82884967246411,3.69220210668144,0.537592592592593,0.256377082072241,9.73459169295635,0.842711540412037,28.042964011784,30,1,0,0,0,0,0,0,0,0
349,"Plot_349",2014,"Conifer Forest",40118,"Zhuzhou",113.691091087817,26.6524463482343,28,2,10.5179236169843,0.272817834074728,0.550806451612903,204,17.8,1519,54.3333333333333,126.666666666667,270.666666666667,202.666666666667,0,-2.85227720784253,0.148786168177943,0,0,0,0,0,0,0,0,0,1.80279069767442,3.70906976744186,0.41,0.1422916243106,17.680600495,2.83949676825,28.1560210855065,45,1,0,0,0,0,0,0,0,0
350,"Plot_350",2014,"Conifer Forest",40118,"Huaihua",109.392630563909,26.6324713734764,25,2,55.124922260425,0.421232892098762,0.476532258064516,695,15.4,1309,54.6666666666667,114,305,321.666666666667,1.23069779006568,-1.17612867256257,-1.1887491847963,0.503548744617734,0.195460005458467,0.234509976656062,0.123508454317487,0.0843630011127409,0.319200005716006,0.294030755689501,0.0290858424652739,0.938002986092113,2.92546834430699,2.73412932054775,0.406703296703297,0.062667272966941,21.5263797243956,2.31290773670755,19.0435806668546,29.8351648351648,0.813186813186813,0,0,0,0,0,0,0,0
351,"Plot_351",2014,"Conifer Forest",80101,"Huaihua",109.795717730969,26.6366643767118,8,1,7.61565888274902,0.204681396994668,0.499973118,618,16.1,1358,53,117,291,316,0.249284644612282,-1.53168538985457,-1.30881262217987,0.118013797015756,0.114840553026344,0.0305149695197415,0.0866699059386664,0.0363859069603339,0.0307308263826088,0.0423896026429944,0.0797092668762526,0.0791477378060877,3.15355527640052,2.85046921983054,0.41115006848457,0.0611610155150044,21.3768550578104,2.44459879611034,22.4177997380008,30.4545454545455,0.987012987012987,0,0,0,0,1,0,0,0
352,"Plot_352",2014,"Conifer Forest",40118,"Shaoyang",110.116510629252,26.6396512717355,13,2,26.5704055286598,0.416980585872648,0.515913978494624,383,16.4,1394,56,118,249,304.666666666667,0.900258629267543,-2.5448578366777,0.0978169397279299,0.186385141099878,0.234438643120367,0.217146593515294,0.261686426990701,0.0870932666094558,0.245307583811606,0.157823651366272,0.287185492109377,0.618420268494761,1.88566455485939,3.59622920462438,0.416680985374961,0.135119201590023,17.6981147813617,2.74719927416781,26.6762864216588,43.2258064516129,0.887096774193548,0,0,0,0,0,0,0,0
353,"Plot_353",2014,"Conifer Forest",40118,"Shaoyang",110.839307524937,26.6419443199631,37,3,107.059300133411,0.521882010553798,0.477016129,553,15.5,1460,62.3333333333333,122,278.666666666667,321.666666666667,1.18129934840288,-2.44568048495265,0.0369013217459366,0.398338024888238,0.25002489575313,0.314492736138217,0.501411887419031,0.162571786853715,0.336944571359265,0.209261762479016,0.492763871917468,0.438430648507283,2.02600663281704,3.58453994967715,0.422673785555281,0.126954172214486,18.1758344297667,2.69801147088319,25.9663667939984,41.6025641025641,0.923076923076923,0,0,0,0,0,0,0,0
354,"Plot_354",2014,"Conifer Forest",40118,"Shaoyang",111.241037762835,26.6416051861659,13,2,10.7404050685513,0.222070222139899,0.467231182795699,502,16.4,1421,58.3333333333333,121.666666666667,299.666666666667,234.666666666667,0,-4.46982947858114,2.69531268140543,0,0,0,0,0,0,0,0,0,1.80279069767442,3.70906976744186,0.54,0.260101660605608,9.51428571428571,0.8125,28.1560210855065,30,1,0,0,0,0,0,0,0,0
355,"Plot_355",2014,"Conifer Forest",80415,"Yueyang",113.555729509557,29.4328181560947,7,1,12.9040348640526,0.337349939941602,0.624032258064516,114,16.5,1386,60.6666666666667,126.333333333333,275.666666666667,233.333333333333,0.192775770862169,-1.46189901544587,-1.37535573078637,0.0266255994730928,0.0281159302924276,0.0585013811936473,0.00599386426785556,0.0339444601671217,0.0734866786044035,0.032052903333913,0.015075871947831,0.151737067179874,3.19742572946469,2.78743608304915,0.412232485881812,0.0590194085222589,21.3195820177516,2.46368737130833,21.7774505809567,29.9159663865546,0.974789915966387,0,0,0,0,0,0,0,0
356,"Plot_356",2014,"Conifer Forest",40118,"Hengyang",113.008209510542,26.6281958689362,5,1,48.8698587737076,0.191680642694496,0.572231182795699,141,18.1,1484,58.3333333333333,128.666666666667,289,198,0,-1.51524982246117,-1.38495904528467,0,0,0,0,0,0,0,0,0,3.20997533631745,2.79821608637929,0.41,0.0589744198037889,21.4108085625,2.44392318225,22.0509391044924,30,1,0,0,0,0,1,0,0,0
357,"Plot_357",2014,"Conifer Forest",40118,"Chenzhou",113.248875042426,26.6239253005747,4,1,14.4971877051303,0.114363112221073,0.563924731,198,17.9,1512,58.3333333333333,129,263,151.333333333333,0.884967962963385,-1.22537902579861,-1.16629411662234,0.310144624359922,0.0543447977548418,0.280356282462623,0.0585053017026353,0.00068321339217693,0.213962258209337,0.165669678732044,1.4130111222502e-16,0.727169841093434,3.04497869954689,2.8257320746003,0.422075719087986,0.0573273197427068,21.4087212215657,2.36123257375045,20.4554462238997,30,0.863636363636364,0,0,0,0,0,0,0,0
358,"Plot_358",2014,"Conifer Forest",40118,"Zhuzhou",113.891248920908,26.6125839440461,25,2,22.2754728569692,0.367501518188602,0.503763440860215,348,17.2,1535,56,123.333333333333,296.333333333333,193.666666666667,0.349117272879306,-1.59710864197431,-1.29105627711349,0.176033878612694,0.119722971113612,2.71891352969426e-17,0.196954512745404,0.0812553647016525,0.0681183744607507,0.0421886536189857,0.157314475411669,6.34413156928661e-16,3.12382117476788,2.85398263828108,0.41,0.0640754731409406,21.1824284767347,2.46814197322959,22.4247196339422,30.9183673469388,1,0,0,0,0,0,0,0,0
359,"Plot_359",2014,"Conifer Forest",80101,"Shaoyang",110.156703295904,26.6036701175401,38,3,77.5577635268605,0.450646654009168,0.526854838709677,448,17,1387,61,125.666666666667,289,349.333333333333,1.14590359406252,-1.64595540635569,-1.00777608290431,0.549817547745871,0.335814208589725,0.134360504685594,0.517191186897797,0.23297846517696,0.19395460334988,0.127044282147713,0.40990539452579,0.336541414059771,2.87773076517635,2.97292900445959,0.414179056363105,0.0746016575134388,20.6605705463461,2.48344535312686,22.3443560670149,32.6446280991736,0.942148760330578,0,0,0,0,0,0,0,0
360,"Plot_360",2014,"Conifer Forest",40118,"Shaoyang",110.879518700517,26.6056121487172,4,1,34.3778157939616,0.341832392236096,0.505806451612903,511,16.1,1441,57,122,303,293.666666666667,0.843629802921915,-1.73808772002473,-1.1293348430409,0.425379773096898,0.28930641469785,7.40148683083438e-17,0.475933761173224,0.196350775612588,0.164605693518783,0.101947420832513,0.380144983356903,9.62193288008469e-16,2.97544456321028,2.95002503322305,0.41,0.0728606205549241,20.7891072179167,2.50985211325,23.0684527679947,32.5,1,0,0,0,0,0,0,0,0
361,"Plot_361",2014,"Conifer Forest",40118,"Yongzhou",111.361521990414,26.6053122800952,9,1,2.50848079859822,0.455506922342375,0.43239247311828,272,17.6,1376,56,119.666666666667,301.333333333333,242,0,-1.51524982246117,-1.38495904528467,0,0,0,0,0,0,0,0,0,3.20997533631745,2.79821608637929,0.41,0.0589744198037889,21.4108085625,2.44392318225,22.0509391044924,30,1,1,0,0,0,0,0,0,0
362,"Plot_362",2014,"Conifer Forest",40118,"Zhuzhou",113.690017226839,26.5808983811528,13,2,9.10064697570528,0.260281238636655,0.496827956989247,243,17.6,1522,58.6666666666667,124.666666666667,283.333333333333,175.666666666667,0.754734548989721,-1.36064754598073,-1.36493163270179,0.0229602021010251,0.101329832467453,0.229536249714507,0.073826138355741,0.247336431352174,0.226936322051276,0.0650628852885716,0.0466503704923007,0.595356154547143,3.21302935529668,2.74853590566472,0.419573543060746,0.060987001954109,20.6790904355396,2.52180890292817,21.6397510155673,29.7297297297297,0.891891891891892,0,0,0,0,0,0,0,0
363,"Plot_363",2014,"Conifer Forest",80101,"Huaihua",109.715719863212,26.5636732994694,29,2,31.9857782936428,0.353311945431059,0.538951612903226,373,17.1,1334,58.3333333333333,124.666666666667,333.666666666667,288,1.31571888219513,-1.80490777091001,-1.63933253294398,0.153459098841081,0.179739995809065,0.11581993163179,0.130089570719958,0.603454690414572,0.900332981154785,0.157441535360426,0.302316483805726,0.300406185088324,3.10027959262349,2.82190462095239,0.414541296067277,0.0757002152399743,14.0327551702511,3.8659458384179,18.4350753101041,38.0769230769231,0.948717948717949,0,0,0,0,1,0,0,0
364,"Plot_364",2014,"Conifer Forest",40118,"Shaoyang",109.956164688476,26.5657283468189,18,2,57.8182670900988,0.295781827976937,0.488736559139785,543,16.1,1394,54.3333333333333,121,278.333333333333,290.333333333333,0.058703116488834,-1.49851187619719,-1.37233272394459,0.0205730114243011,0.00360488642151738,0.0185970432790242,0.00388086765261392,4.53200082106597e-05,0.0141928882101198,0.0109894672533782,3.49676543189026e-18,0.0482357979897189,3.20044797146456,2.79980493609284,0.410697285616629,0.0588793116637789,21.4106880336272,2.43914839645737,21.9588109066629,30,0.992125984251969,0,0,0,0,0,0,0,0
365,"Plot_365",2014,"Conifer Forest",40118,"Shaoyang",110.517930687761,26.568881453,23,2,10.8586881288197,0.362785070648591,0.380591398,794,14.9,1478,57,116,253.333333333333,289.666666666667,1.51160436884867,-1.04867612821844,-1.02340020130793,0.538510606144804,0.326667516669992,0.490014285257917,0.06158989611653,0.112589725408902,0.413106191603413,0.325865024885038,0.0304115986685525,1.10456106622543,2.88725269611498,2.75278224470737,0.430285175777063,0.0603940454042234,21.6244114588369,2.2640754119467,19.3312939325158,30,0.766666666666667,0,0,0,0,0,0,0,0
366,"Plot_366",2014,"Conifer Forest",40118,"Shaoyang",110.678818783066,26.5692899240673,20,2,9.41057902881831,0.298520164785967,0.473494624,446,16.2,1444,55.6666666666667,120.666666666667,283.333333333333,268,1.32735695089432,-1.08961465983633,-1.05955048901538,0.457634571543875,0.231892428840264,0.495642906120358,0.0534701500713004,0.094271916753877,0.318745400985251,0.297450204763669,0.0387466294147481,0.987930394636411,2.94714796452721,2.73761402136681,0.433046901036084,0.0595640719120163,21.2532077586954,2.31382831251688,18.9584580624773,29.7777777777778,0.8,0,0,0,0,0,0,0,0
367,"Plot_367",2014,"Conifer Forest",40118,"Zhuzhou",113.889313485017,26.5403314904596,30,2,15.0669164045872,0.371585653824049,0.444354839,347,17.4,1523,58,124.333333333333,309,183,0.481020242535228,-1.44111739712059,-1.2378125109613,0.166038185719044,0.251062552258777,0.118698738048033,0.00355486928132699,0.0915757405983848,0.110416303600606,0.0961469672741407,0.045491034019441,0.307873045419934,3.12945031861653,2.91409945025406,0.414660803858521,0.0590656545801031,21.6658609979683,2.40502187147348,22.8950498843935,30.2631578947368,0.947368421052632,0,0,0,0,0,0,0,0
368,"Plot_368",2014,"Conifer Forest",80101,"Huaihua",109.439843579162,26.529986840046,4,1,9.12365517886671,0.0286339709926474,0.466666666666667,618,16.1,1313,55,120.666666666667,335,302.333333333333,0,-1.51524982246117,-1.38495904528467,0,0,0,0,0,0,0,0,0,3.20997533631745,2.79821608637929,0.41,0.0589744198037889,21.4108085625,2.44392318225,22.0509391044924,30,1,0,0,0,0,1,0,0,0
369,"Plot_369",2014,"Conifer Forest",80101,"Changde",110.834772176043,29.8903157874894,32,3,11.721317835384,0.35806807350917,0.63655914,399,16.4,1298,57.6666666666667,122.333333333333,281.333333333333,248.333333333333,0.880439755602896,-1.34013015011462,-1.07695726520963,0.146933739306027,0.209969168914585,0.468788634122727,0.118904840583274,0.139003931647427,0.268700731114124,0.135725595779675,0.0883890982096391,0.598197456582184,3.13423325064687,2.90122802546045,0.429565217391304,0.0622180339819801,20.9993093592892,2.34330122561172,20.7844003232551,29.4565217391304,0.891304347826087,0,0,0,0,0,0,0,0
370,"Plot_370",2014,"Conifer Forest",40118,"Shaoyang",110.398946978509,26.5321933494955,35,3,50.3627312698066,0.369699965134469,0.47077957,567,16,1446,56,119,282.333333333333,348.333333333333,0.283478514527444,-1.47256751696205,-1.30023831340152,0.097850888757596,0.147958096301061,0.0699524447470094,0.00209498265166254,0.05396811322276,0.0650713773693606,0.0566620633583754,0.026809122793214,0.181438089005769,3.16361244733813,2.86493681103446,0.412683493130664,0.0590269489174244,21.5576569344363,2.42152545786352,22.5369422807991,30.1515151515152,0.96969696969697,0,0,0,0,0,0,0,0
371,"Plot_371",2014,"Conifer Forest",40118,"Shaoyang",110.638947275255,26.5324976238438,40,3,77.9233191048384,0.434521189051005,0.376102151,832,14.3,1514,52.3333333333333,100.666666666667,226,322.333333333333,0,-1.51524982246117,-1.38495904528467,0,0,0,0,0,0,0,0,0,3.20997533631745,2.79821608637929,0.41,0.0589744198037889,21.4108085625,2.44392318225,22.0509391044924,30,1,0,0,0,0,0,0,0,0
372,"Plot_372",2014,"Conifer Forest",40118,"Shaoyang",110.879634333742,26.5334093533832,40,3,64.9194095762386,0.482810936589971,0.538145161290323,412,16.8,1423,60.3333333333333,124,296,338,1.6665436866007,-1.95137003865529,0.176555742375705,0.0868384687275786,0.338344108005724,0.446356712868124,0.738537541824955,0.113988715598732,0.266071990505311,0.472418980572434,0.513195727531818,1.15773093121454,1.74959302325582,3.51180232558139,0.432138818327974,0.118349262287713,18.08162280675,2.7210869184375,22.9170158141299,41.25,0.75,0,0,0,0,0,0,0,0
373,"Plot_373",2014,"Conifer Forest",40118,"Yongzhou",111.120024366855,26.5332652345605,7,1,9.86825753994194,0.20839860807259,0.401720430107527,797,14.2,1529,51,103,215,328.333333333333,0,-1.51524982246117,-1.38495904528467,0,0,0,0,0,0,0,0,0,3.20997533631745,2.79821608637929,0.41,0.0589744198037889,21.4108085625,2.44392318225,22.0509391044924,30,1,1,0,0,0,0,0,0,0
374,"Plot_374",2014,"Conifer Forest",40118,"Yongzhou",111.600732336268,26.5322669018846,10,1,15.0618520154621,0.218852836918488,0.57494623655914,115,18.3,1360,57.3333333333333,127,288.333333333333,210.333333333333,0.745129814740761,-4.14350566936317,2.54309716787815,0.0271370214773682,0.105732533751789,0.0652810219480962,0.514701160333463,0.216968095775127,0.272692215711985,0.147630931428886,1.31838984174237e-16,0.361790916004545,1.78949127906977,3.65975290697674,0.537409704581994,0.246752942831448,10.1249359660179,0.9095848355625,26.8462697676623,30,0.9375,0,0,0,0,0,0,0,0
375,"Plot_375",2014,"Conifer Forest",40118,"Yongzhou",112.0034164429,26.5293880785974,10,1,17.8598485264059,0.412471880820107,0.552096774193548,378,16.9,1447,53.3333333333333,120,330.333333333333,260.333333333333,1.73018955393454,-1.67853127692053,-0.663688354443963,0.482153106238088,0.491460331701151,0.545474592700303,0.855275952647869,0.502906864511769,0.609772740686499,0.184449192295518,0.0696425609509846,0.555710846982981,2.92869206397982,3.06792617263076,0.43590368488746,0.0827273284167591,20.4802736260879,2.18636660652711,23.4000985197134,29.95,0.9,0,0,0,0,0,0,0,0
376,"Plot_376",2014,"Conifer Forest",80101,"Zhangjiajie",110.793988080633,29.421277994967,29,2,28.5641586994662,0.770241843049687,0.536532258,897,13.7,1475,55,116.666666666667,273,338.333333333333,2.08320680160493,-1.79727013935249,-0.663356788053769,0.75151646208544,0.522111450782628,0.472179002042313,0.676645225227269,0.492005451011285,0.285626939997495,0.136285493613523,0.633365525989682,1.22470710078894,2.7523300015462,3.08122255542046,0.434151438175972,0.0970488325720813,17.8407893962282,2.57732749145293,25.0388180820661,35.4545454545455,0.727272727272727,0,0,0,0,0,0,0,0
377,"Plot_377",2014,"Conifer Forest",80101,"Huaihua",109.555469716105,26.4895969585877,26,2,7.61349581095772,0.565230236192095,0.506908602150538,721,15.5,1360,54,118.666666666667,300.666666666667,318,2.20743752719308,-0.608499630743163,-0.262222974762405,0.54886707169082,0.421553301643288,0.89496477879833,0.314211295539909,0.405689963195593,0.574934764357023,0.380689170443097,0.180961578854195,1.53088387598617,2.7806827048223,3.07002664616252,0.483242347266881,0.0674752696304612,19.4457846065334,2.12574937076038,16.7152805910466,28.6363636363636,0.454545454545455,0,0,0,0,0,0,0,0
378,"Plot_378",2014,"Conifer Forest",80101,"Huaihua",109.636078149635,26.4911390393158,8,1,3.13236994689963,0.243423755010902,0.535510753,471,16.9,1338,55,121.333333333333,302.333333333333,296,1.41157529874334,-1.20542270984805,-0.840032818998068,0.235573229896183,0.336635517025852,0.751590840881711,0.190635571372434,0.222859673354201,0.43079757857509,0.21760364316877,0.141710851783934,0.959067043609682,3.07597010782335,2.9804679785998,0.444615384615385,0.0647131218113579,20.6827715106655,2.26589972050535,19.8101397223033,29.0384615384615,0.807692307692308,0,0,0,0,0,0,0,0
379,"Plot_379",2014,"Conifer Forest",80101,"Zhangjiajie",110.958884247828,29.4209888718512,11,2,2.72705291280818,0.227929856225819,0.585752688,397,16.1,1379,56,119,294.333333333333,338,0,-1.51524982246117,-1.38495904528467,0,0,0,0,0,0,0,0,0,3.20997533631745,2.79821608637929,0.41,0.0589744198037889,21.4108085625,2.44392318225,22.0509391044924,30,1,0,0,0,0,0,0,0,0
380,"Plot_380",2014,"Conifer Forest",40118,"Hengyang",112.44437684651,26.4901579830958,7,1,4.60807640963707,0.242193638439281,0.579247311827957,127,18.4,1392,58.3333333333333,131.333333333333,299.333333333333,159,1.38521146027435,-3.88198524810941,2.30982158794411,0.149906919515519,0.282672345543523,0.112777184256891,0.845115026382229,0.311637834131858,0.707227973702993,0.228093715578861,0.049155073766313,0.625017188443443,1.86294384061089,3.56951401867282,0.535263459807074,0.236902201774249,10.4426629169614,1.07901135417441,26.0141051052368,29.7142857142857,0.885714285714286,0,0,0,0,1,0,0,0
381,"Plot_381",2014,"Conifer Forest",40118,"Hengyang",112.84522210414,26.4853939871359,6,1,4.48124450546456,0.194039791887559,0.578602150537634,104,18.4,1436,57,128,252,157.333333333333,0,-4.46982947858114,2.69531268140543,0,0,0,0,0,0,0,0,0,1.80279069767442,3.70906976744186,0.54,0.260101660605608,9.51428571428571,0.8125,28.1560210855065,30,1,0,0,0,0,0,0,0,0
382,"Plot_382",2014,"Conifer Forest",40118,"Zhuzhou",113.647208423343,26.4727985206207,4,1,0.649465376258803,0.227461077010205,0.533629032258064,214,17.7,1516,58.6666666666667,127.666666666667,271.333333333333,163.333333333333,0,-4.46982947858114,2.69531268140543,0,0,0,0,0,0,0,0,0,1.80279069767442,3.70906976744186,0.54,0.260101660605608,9.51428571428571,0.8125,28.1560210855065,30,1,0,0,0,0,0,0,0,0
383,"Plot_383",2014,"Conifer Forest",40118,"Zhuzhou",113.807304529336,26.4699104142125,23,2,14.8048837218319,0.283785480495886,0.500349462365591,239,17.9,1499,63,129,282,142.666666666667,0,-1.51524982246117,-1.38495904528467,0,0,0,0,0,0,0,0,0,3.20997533631745,2.79821608637929,0.41,0.0589744198037889,21.4108085625,2.44392318225,22.0509391044924,30,1,0,0,0,0,0,0,0,0
384,"Plot_384",2014,"Conifer Forest",40118,"Zhuzhou",113.887571849909,26.4683359324935,25,2,20.4397743265333,0.450578855482939,0.386182795698925,684,15.6,1648,50,118.333333333333,261.666666666667,240.333333333333,0,-1.51524982246117,-1.38495904528467,0,0,0,0,0,0,0,0,0,3.20997533631745,2.79821608637929,0.41,0.0589744198037889,21.4108085625,2.44392318225,22.0509391044924,30,1,0,0,0,0,0,0,0,0
385,"Plot_385",2014,"Conifer Forest",80101,"Huaihua",109.516302353573,26.4534795081444,45,3,115.230666254239,0.593812023900916,0.503172043010753,645,15.4,1359,53.3333333333333,113.666666666667,282.666666666667,315.333333333333,1.10207632137901,-1.61815522573852,-1.02866178416156,0.517557298566095,0.322864473438357,0.14510028258576,0.47860467252358,0.220137036511698,0.182022692458059,0.117133111601293,0.376485394009281,0.359171857914205,2.90322157152986,2.95663229316047,0.414163647648246,0.0734510170462683,20.7352596330619,2.46629311640877,22.171452388964,32.3255813953488,0.937984496124031,0,0,0,0,0,0,0,0
386,"Plot_386",2014,"Conifer Forest",40118,"Huaihua",109.756793185688,26.4565238131827,8,1,20.4276823975765,0.26317186953796,0.483897849,592,15.9,1386,54.6666666666667,111,292,331,0.37434024216448,-1.52519225840059,-1.28447143198418,0.17844169635192,0.102948028273773,0.0495349861810985,0.159228306428727,0.0655668882853296,0.0495248216875611,0.0442377632899336,0.110375489161707,0.144351405864082,3.12220859579276,2.83795369239719,0.411137724550898,0.0631188786246381,21.2850807180255,2.44513819498704,21.9361522767453,30.5688622754491,0.976047904191617,0,0,0,0,0,0,0,0
387,"Plot_387",2014,"Conifer Forest",40118,"Hengyang",112.323775175502,26.454987771251,11,2,19.3189899765168,0.280005981429433,0.579784946236559,167,18,1406,53,126.666666666667,293.666666666667,181.666666666667,0.121432094914541,-1.54253609563222,-1.35365812256094,0.0612291751696326,0.0416427725612565,9.06304509898087e-18,0.0685059174766623,0.0282627355484008,0.0236933476385218,0.0146743143022558,0.054718078404059,8.15674058908278e-17,3.18125728246759,2.81680493701322,0.41,0.0606747709161728,21.3346818672449,2.45199611257653,22.175532614309,30.3061224489796,1,0,0,0,0,0,0,0,0
388,"Plot_388",2014,"Conifer Forest",40118,"Zhuzhou",114.006847883073,26.4296564534574,34,3,88.1819674498939,0.364823014642924,0.19733871,1383,12.2,1881,49.3333333333333,102.333333333333,240.333333333333,355,0.280917007292402,-1.58024420925054,-1.3104019862969,0.141645556388863,0.0963350179497354,2.15876699232669e-17,0.158479332279556,0.0653820811848862,0.0548114097515668,0.0339470752008262,0.126582999666413,5.95202899312931e-16,3.14157052749452,2.84249369587539,0.41,0.0630245616895367,21.2294790036632,2.46315245379167,22.3477139230139,30.7291666666667,1,0,0,0,0,0,0,0,0
389,"Plot_389",2014,"Conifer Forest",40118,"Shaoyang",110.278670623133,26.4223873083466,18,2,38.2778776938531,0.367716125361626,0.42489247311828,925,14.3,1505,54,114,256.333333333333,325.666666666667,0.237966467442136,-1.45588425448201,-1.34326106074537,0.0852302535427532,0.0263094920876244,0.05149130177356,0.0313150385080367,0.02423972486863,0.0580483222568196,0.0571313842158367,0.0111927260251529,0.185801499704969,3.16956087337683,2.79598353842739,0.410807453416149,0.0597602159741557,21.4522828499777,2.42392728553751,21.5605297057014,29.9378881987578,0.968944099378882,0,0,0,0,0,0,0,0
390,"Plot_390",2014,"Conifer Forest",40118,"Hengyang",112.28303874974,26.4194161939521,9,1,28.0497010666924,0.221324661416983,0.583548387096774,109,18.5,1386,56,129,333,163.666666666667,0.199641155901888,-4.3852835212744,2.65194492052921,0.0329784202941332,0.0248640515296718,0.00680452613143943,0.114838569273297,0.113880389847492,0.0561274953189505,0.0310287879124378,0.0415685165232873,0.0781462035533815,1.81813953488372,3.69805605247466,0.53974358974359,0.257273218258485,9.81866897293875,0.831477083778392,27.8945934775584,29.7692307692308,0.987179487179487,0,0,0,0,0,0,0,0
391,"Plot_391",2014,"Conifer Forest",80101,"Huaihua",109.598059152641,26.3811031804016,9,1,12.705535154282,0.267946373652758,0.510672043010753,719,15.2,1396,54.3333333333333,117.333333333333,305,317,0.093652436365698,-1.50144084127028,-1.35754939673424,0.0323268736890836,0.0488807281275753,0.023110100217701,0.000692116754594672,0.0178293769381312,0.021497548195041,0.0187193738187366,0.00885689580600855,0.0599414707433905,3.19497557811826,2.81980220317949,0.410868188954038,0.0589914145170239,21.4583183298912,2.43667685965437,22.2081754262387,30.0490196078431,0.990196078431373,0,0,0,0,0,0,0,0
392,"Plot_392",2014,"Conifer Forest",40118,"Huaihua",109.677167518063,26.3829390593296,6,1,3.39027812912642,0.186950136775196,0.515833333333333,465,17.1,1362,54,118.666666666667,252.666666666667,303,1.71336764562962,-0.930658676567864,-0.99174168425382,0.622325546252561,0.42244237493462,0.566254823377141,0.095933804680518,0.0785098532856486,0.467877497157801,0.39829118438257,0.057408948142989,1.23547203041335,2.80274202009146,2.61427928816775,0.439118197304508,0.0607391783084502,21.4720558619813,2.23968335392455,17.6511655477698,30.2127659574468,0.723404255319149,0,0,0,0,0,0,0,0
393,"Plot_393",2014,"Conifer Forest",40118,"Shaoyang",110.238605153209,26.3873878433801,24,2,50.3407640552411,0.356827373285469,0.467446237,517,16.5,1449,57,118,241,337.666666666667,0.552189042692955,-1.42805087935822,-1.19751115186103,0.111572704441644,0.140730144882864,0.278875903881481,0.0980233518014474,0.0934495559304481,0.160484725340072,0.0811366521382623,0.0540557040045827,0.355859430585695,3.1548439770558,2.86439874039586,0.421052631578947,0.0615376299580198,21.1456264857081,2.39055054697364,21.3890091436971,29.8245614035088,0.93859649122807,0,0,0,0,0,0,0,0
394,"Plot_394",2014,"Conifer Forest",40118,"Shaoyang",110.56010960835,26.3883760202142,25,2,20.7235916949091,0.331657902833881,0.301989247,1345,12.2,1600,52.6666666666667,103.666666666667,233.333333333333,328.666666666667,1.63010182704441,-1.10814661569723,-0.78858686412412,0.318276276807804,0.354093946969518,0.805164382385125,0.200096699661258,0.253499285259544,0.478138821441396,0.269536401799025,0.141710851783934,1.13768693744598,3.02317571399956,2.94077016517155,0.449596862478358,0.0650153060785107,20.6151126974048,2.23581897153274,19.1835009258793,29.0384615384615,0.756410256410256,0,0,0,0,0,0,0,0
395,"Plot_395",2014,"Conifer Forest",40118,"Chenzhou",113.444447654969,26.3681055820801,6,1,17.4214135744916,0.350290912141302,0.506989247311828,228,17.9,1503,59,127,306,170.666666666667,0,-1.51524982246117,-1.38495904528467,0,0,0,0,0,0,0,0,0,3.20997533631745,2.79821608637929,0.41,0.0589744198037889,21.4108085625,2.44392318225,22.0509391044924,30,1,0,0,0,0,0,0,0,0
396,"Plot_396",2014,"Conifer Forest",40118,"Zhuzhou",113.764943350775,26.3619481183594,12,2,22.4553878543689,0.320837638330851,0.396370968,566,16.1,1611,51.3333333333333,118.666666666667,245.666666666667,243.333333333333,0.0575920256887747,-1.49833488745096,-1.37268424296934,0.0261161222544935,0.00206287974878969,0.0176328633879739,0.00379344657134229,0.00596845105416461,0.00173241923692252,0.0132255335280777,0,0.0457349710704786,3.19788596813598,2.79912492155556,0.410660860248596,0.058881492612858,21.3949420041381,2.4433406015541,21.9401112007275,30,0.992537313432836,0,0,0,0,1,0,0,0
397,"Plot_397",2014,"Conifer Forest",40118,"Zhuzhou",113.844872869119,26.3609859092949,3,1,51.8270800189311,0.148644208507577,0.346370967741936,742,15.1,1681,49,114,219.333333333333,284.666666666667,0,-1.51524982246117,-1.38495904528467,0,0,0,0,0,0,0,0,0,3.20997533631745,2.79821608637929,0.41,0.0589744198037889,21.4108085625,2.44392318225,22.0509391044924,30,1,0,0,0,0,1,0,0,0
398,"Plot_398",2014,"Conifer Forest",40118,"Shaoyang",110.278864394406,26.3508638190694,31,3,34.5505707415916,0.368350933496406,0.463870968,492,16.2,1466,58.3333333333333,117,247.333333333333,343.333333333333,0.465903539620572,-1.37559086402632,-1.29459402730653,0.215427017445937,0.0227043337122108,0.110873972518519,0.0241472829769254,0.0375651825403408,0.0401169785095814,0.111755536773416,1.19975713951428e-16,0.372658447508532,3.10417047590987,2.79411458771887,0.413317190644124,0.0586559078867034,21.3331327137444,2.42960981393474,21.057330130009,30,0.935483870967742,0,0,0,0,0,0,0,0
399,"Plot_399",2014,"Conifer Forest",40118,"Shaoyang",110.439490250638,26.3523043101217,32,3,10.3567395823229,0.44420279182485,0.348548387,805,14.7,1516,54,116,222.333333333333,345.666666666667,0.394307810723345,-1.44201795947989,-1.25615830088966,0.0658047534751321,0.0940353758303619,0.20994851588266,0.053251919937093,0.0622533633005951,0.120338497155686,0.0607851499099539,0.0395853453743552,0.267904678297581,3.17830137321885,2.84129380635868,0.418181818181818,0.0603308402783052,21.2387270775209,2.40184490947399,21.5212956141568,29.7727272727273,0.954545454545455,0,0,0,0,0,0,0,0
400,"Plot_400",2014,"Conifer Forest",40118,"Yongzhou",111.160291142626,26.3529952039508,6,1,6.13630710137603,0.222374932380037,0.564462366,254,18,1398,56.6666666666667,125.666666666667,298.333333333333,189,0,-1.51524982246117,-1.38495904528467,0,0,0,0,0,0,0,0,0,3.20997533631745,2.79821608637929,0.41,0.0589744198037889,21.4108085625,2.44392318225,22.0509391044924,30,1,0,0,0,0,0,0,0,0
401,"Plot_401",2014,"Conifer Forest",40118,"Yongzhou",111.641509629853,26.351558371494,21,2,22.0391932518744,0.369260207742276,0.573924731,139,18.3,1372,55.3333333333333,129,306.333333333333,167.666666666667,1.20716390647184,-3.09491004845332,0.530765145162066,0,0,0.445574068509382,0.617784196444646,0.394610249799539,0.774307214932891,0,0.348973094721637,0,1.80279069767442,3.70906976744186,0.4295,0.159963129754851,16.4556532778929,2.5354472530125,28.1560210855065,42.75,1,0,0,0,0,0,0,0,0
402,"Plot_402",2014,"Conifer Forest",40118,"Yongzhou",112.122243458736,26.3486262922949,9,1,18.252829461622,0.247493139891163,0.576854839,325,17.5,1429,57,120.666666666667,331.333333333333,234,0.167224346399958,-1.48500569189003,-1.33738335353885,0.0589667895768846,0.0727168367137976,0.0444804754531622,0.00235921300204166,0.0258627543139407,0.0395192234201971,0.0272490390248314,0.0128473488252863,0.11537055628974,3.18235675848283,2.8306310180673,0.411686767110703,0.0589416657488777,21.4799641894278,2.43047664648845,22.2243392632068,30.0714285714286,0.980952380952381,0,0,0,0,0,0,0,0
403,"Plot_403",2014,"Conifer Forest",40118,"Zhuzhou",113.643484018249,26.3288583778092,18,2,8.24405171308952,0.391268245174121,0.415591397849462,691,16.4,1595,50,117.666666666667,260,263.333333333333,0.577379294273469,-1.40540202798924,-1.19175792869215,0.0963569604457291,0.137694657465887,0.307424612542466,0.077976025622172,0.0911567105473,0.176209942263684,0.089006826653861,0.0579642557267344,0.392288993221457,3.16246439166954,2.86283266634838,0.422272727272727,0.0610090505155634,21.1526863350314,2.38080577308599,21.256473868989,29.6590909090909,0.931818181818182,0,0,0,0,0,0,0,0
404,"Plot_404",2014,"Conifer Forest",40118,"Huaihua",109.838384834696,26.3121421042439,4,1,30.3340378456325,0.123178021981448,0.504704301075269,606,16.2,1419,57,111.666666666667,248.666666666667,333.333333333333,1.71697619509319,-1.52543852565952,-0.668526450397393,0.56015615947762,0.700196121870027,0.475644921234259,0.566576278911769,0.329393985752915,0.536767915648764,0.26447803968119,0.115138562860362,0.779231792751627,2.87907642437094,3.19187693884625,0.43274892937954,0.0741295429372527,21.2475100217283,2.21357703471239,24.8791829279928,30.7407407407407,0.851851851851852,0,0,0,0,0,0,0,0
405,"Plot_405",2014,"Conifer Forest",40118,"Shaoyang",110.879818895513,26.3168867056595,43,3,41.2784320195876,0.465685013275875,0.322150538,1106,13.9,1558,51,105.666666666667,229.333333333333,311.666666666667,0.502596441933227,-1.36071063903834,-1.26265834642689,0.0942053473432672,0.0769281031470578,0.213051094694801,0.109935515774863,0.133449702530327,0.0609916921285925,0.118382924895004,0.0556204569221631,0.37642669219074,3.1636725969924,2.83420199378934,0.418478260869565,0.0618338735410685,21.7874906127717,2.42214558340761,20.997616988982,29.6739130434783,0.934782608695652,0,0,0,0,0,0,0,0
406,"Plot_406",2014,"Conifer Forest",40118,"Yongzhou",111.921659669206,26.3136774874802,8,1,28.5767598992818,0.247843161577224,0.519086022,248,17.6,1415,55,120.333333333333,294.666666666667,264.666666666667,0,-1.51524982246117,-1.38495904528467,0,0,0,0,0,0,0,0,0,3.20997533631745,2.79821608637929,0.41,0.0589744198037889,21.4108085625,2.44392318225,22.0509391044924,30,1,0,0,0,0,0,0,0,0
407,"Plot_407",2014,"Conifer Forest",40118,"Chenzhou",113.442996137619,26.2961544858918,5,1,37.7288027075472,0.366587349749376,0.51252688172043,288,17.6,1518,58,123.666666666667,321.666666666667,181.333333333333,0,-1.51524982246117,-1.38495904528467,0,0,0,0,0,0,0,0,0,3.20997533631745,2.79821608637929,0.41,0.0589744198037889,21.4108085625,2.44392318225,22.0509391044924,30,1,0,0,0,0,1,0,0,0
408,"Plot_408",2014,"Conifer Forest",40118,"Chenzhou",113.522652949378,26.2950729417321,3,1,23.0975747033846,0.385747553919269,0.351505376344086,671,15.9,1619,56,127.333333333333,277,190.333333333333,0.267044443241207,-1.46642858047365,-1.29909188235466,0.0445661822477085,0.0636853338956949,0.142187354671854,0.0360647923383487,0.0421610079496094,0.0814990880207823,0.0411666623728789,0.0268091227932142,0.181438089005769,3.18885936091838,2.82693456636555,0.415454545454545,0.0598787001201331,21.296087572514,2.41587100039933,21.6978434442687,29.8484848484849,0.96969696969697,0,0,0,0,0,0,0,0
409,"Plot_409",2014,"Conifer Forest",80101,"Huaihua",109.478692244983,26.2726822405617,8,1,6.47888639740483,0.286504011881141,0.487715054,847,15,1402,54,115.333333333333,287,289.333333333333,0.476663371857274,-1.37145549448136,-1.28887672628687,0.210449493760857,0.0188726294559145,0.121339268558664,0.0261786806760123,0.0312548982525063,0.0556962269694746,0.109678284390137,1.1842378929335e-16,0.384195153469716,3.10637698056295,2.79751596633496,0.413922947909968,0.058550066835248,21.3463924319707,2.42400549383387,21.0735519372615,30,0.933333333333333,0,0,0,0,0,0,0,0
410,"Plot_410",2014,"Conifer Forest",80101,"Huaihua",109.558491593414,26.2738487240855,7,1,2.212100254805,0.314532164867251,0.532580645,363,17.5,1358,54,118.666666666667,312.333333333333,307.666666666667,0.72113888974704,-1.28077382680245,-1.21480488905153,0.327013179027218,0.0258303609559231,0.220790003035838,0.0474996636436371,0.0747339951188548,0.0216924977051855,0.165603596169552,0,0.57267071032729,3.04239168083633,2.81081442227109,0.41916089034261,0.0576862566743333,21.1908652362414,2.43584740846552,20.5146350592001,30,0.896551724137931,0,0,0,0,0,0,0,0
411,"Plot_411",2014,"Conifer Forest",40118,"Huaihua",109.878641024404,26.2765443824995,20,2,25.3170055986838,0.250947297449725,0.509354838709677,454,16.8,1420,56,120,252.666666666667,338,1.48259202051958,-2.2866117755658,-0.500106037517778,0.747560903016441,0.508426066066635,1.87883896475026e-16,0.836404302180163,0.345066155958217,0.289277461390997,0.179162035427552,0.668065444124261,1.96424073587528e-15,2.39813804479263,3.32370859468462,0.41,0.107042037788488,19.2587654466346,2.67213871263462,25.5731017858467,38.6538461538462,1,0,0,0,0,0,0,0,0
412,"Plot_412",2014,"Conifer Forest",40118,"Shaoyang",110.038701218499,26.2777055525032,12,2,6.30139496221868,0.394952995748978,0.303897849462366,1514,11.6,1582,52.3333333333333,107.666666666667,244.333333333333,328.333333333333,0,-2.85227720784253,0.148786168177943,0,0,0,0,0,0,0,0,0,1.80279069767442,3.70906976744186,0.41,0.1422916243106,17.680600495,2.83949676825,28.1560210855065,45,1,0,0,0,0,0,0,0,0
413,"Plot_413",2014,"Conifer Forest",40118,"Shaoyang",110.84030904351,26.2806099896357,15,2,30.4339114644595,0.434801035782817,0.380349462365591,870,14.8,1528,54,119.666666666667,260.666666666667,300.333333333333,1.58149236876213,-1.13415042282918,-0.784407151493906,0.305311943560011,0.361162599486295,0.803949607156882,0.203397434205347,0.235304471980301,0.477523703992637,0.260536261698753,0.148054356778217,1.09117631522481,3.02796341678441,2.9710886556603,0.447197452229299,0.0652600282771246,20.6711414094783,2.23711907887649,19.2392634519573,28.9808917197452,0.770700636942675,0,0,0,0,0,0,0,0
414,"Plot_414",2014,"Conifer Forest",40118,"Shaoyang",110.919603987714,26.2803604023837,5,1,2.54409248432533,0.220476353447492,0.278091397849462,1269,12.2,1627,54.3333333333333,107.333333333333,265,337.333333333333,0,-1.51524982246117,-1.38495904528467,0,0,0,0,0,0,0,0,0,3.20997533631745,2.79821608637929,0.41,0.0589744198037889,21.4108085625,2.44392318225,22.0509391044924,30,1,0,0,0,0,1,0,0,0
415,"Plot_415",2014,"Conifer Forest",40118,"Yongzhou",112.121059378138,26.2766189201679,23,2,34.9126236307406,0.180462815275786,0.50739247311828,216,17.6,1428,55,121.666666666667,307.666666666667,206,0,-1.51524982246117,-1.38495904528467,0,0,0,0,0,0,0,0,0,3.20997533631745,2.79821608637929,0.41,0.0589744198037889,21.4108085625,2.44392318225,22.0509391044924,30,1,0,0,0,0,0,0,0,0
416,"Plot_416",2014,"Conifer Forest",40118,"Hengyang",113.001849668935,26.2668118496627,5,1,3.78758752860969,0.137415317665411,0.546774193548387,222,18.1,1471,57.6666666666667,126.333333333333,311,174.666666666667,0.376381380869108,-1.41413262610466,-1.28819645278769,0.113168992671298,0.0426813059080631,0.143973571778159,0.0187387043725517,0.0179292351509439,0.0988293883728929,0.0675513145908884,0.0114025221734357,0.296806519779406,3.15520630850578,2.81787509372624,0.415641339492857,0.058893471058163,21.3623058514862,2.40917741784415,21.4591289758795,29.9367088607595,0.949367088607595,0,0,0,0,0,0,0,0
417,"Plot_417",2014,"Conifer Forest",40118,"Chenzhou",113.321979997447,26.2620261924874,6,1,14.8279147550059,0.204022243106568,0.541505376,231,18,1496,58,128,292,171.333333333333,0,-1.51524982246117,-1.38495904528467,0,0,0,0,0,0,0,0,0,3.20997533631745,2.79821608637929,0.41,0.0589744198037889,21.4108085625,2.44392318225,22.0509391044924,30,1,0,0,0,0,0,0,0,0
418,"Plot_418",2014,"Conifer Forest",80101,"Huaihua",109.678944029416,26.2387572384873,26,2,27.0396671786263,0.57387842406866,0.531048387096774,398,17.1,1392,57,120.666666666667,264,316.333333333333,0,-1.51524982246117,-1.38495904528467,0,0,0,0,0,0,0,0,0,3.20997533631745,2.79821608637929,0.41,0.0589744198037889,21.4108085625,2.44392318225,22.0509391044924,30,1,0,0,0,0,0,0,0,0
419,"Plot_419",2014,"Conifer Forest",40118,"Huaihua",109.839062492107,26.240040961912,25,2,47.8310384014354,0.456938040208442,0.523575269,392,17.1,1415,58,119.333333333333,291.666666666667,333.333333333333,0.816363687691479,-1.72917420412219,-1.13955981113065,0.411631498830406,0.279956031374815,2.22044604925031e-16,0.460551582012105,0.190004718544789,0.159285637504256,0.0986524801912058,0.367858697494807,1.24344978758018e-15,2.98482579413457,2.9439526753493,0.41,0.0723051725248787,20.8139752717,2.50721495601,23.0277522214547,32.4,1,0,0,0,0,0,0,0,0
420,"Plot_420",2014,"Conifer Forest",40118,"Shaoyang",110.319813283686,26.2432565336395,35,3,38.3536860095894,0.457990079452908,0.413951613,699,15.3,1511,53.3333333333333,113.333333333333,261.666666666667,361.333333333333,0.485644352311798,-1.4413206243515,-1.27933529050837,0.205407452798313,0.0777378854032141,0.0890545221309923,0.1046385583764,0.0516088974994175,0.118186170897327,0.0969671778606921,0.0500602447218966,0.32397408774728,3.10805010484621,2.8096841272125,0.411111111111111,0.0617221316322332,21.3294920243567,2.40991186360807,21.3166992338377,30.1851851851852,0.944444444444444,0,0,0,0,0,0,0,0
421,"Plot_421",2014,"Conifer Forest",40118,"Yongzhou",111.920528068613,26.241358173689,26,2,10.8248713165227,0.284416554007458,0.39241935483871,556,16.2,1480,51.3333333333333,115.333333333333,330.666666666667,281.666666666667,0,-1.51524982246117,-1.38495904528467,0,0,0,0,0,0,0,0,0,3.20997533631745,2.79821608637929,0.41,0.0589744198037889,21.4108085625,2.44392318225,22.0509391044924,30,1,0,0,0,0,0,0,0,0
422,"Plot_422",2014,"Conifer Forest",40118,"Yongzhou",112.080586720665,26.2409114036569,24,2,20.8258522616232,0.101325733598673,0.42994623655914,229,17.6,1425,57,123,281.333333333333,232.666666666667,0,-1.51524982246117,-1.38495904528467,0,0,0,0,0,0,0,0,0,3.20997533631745,2.79821608637929,0.41,0.0589744198037889,21.4108085625,2.44392318225,22.0509391044924,30,1,0,0,0,0,0,0,0,0
423,"Plot_423",2014,"Conifer Forest",40118,"Yongzhou",112.162002856567,26.2405016316987,26,2,40.1175574614423,0.283213662801913,0.45188172,438,16.8,1463,55.6666666666667,120.333333333333,316.666666666667,245.333333333333,0.915357417750622,-1.33217016500796,-1.06295718429713,0.152761034852985,0.218296408177626,0.487380483299031,0.123620528425394,0.144516736233524,0.279357225539986,0.141108383719536,0.0918945517618959,0.621921574619383,3.13079042857094,2.90591038632777,0.430454545454545,0.0623654709900797,20.9806048500524,2.33872750030998,20.7268303786534,29.4318181818182,0.886363636363636,0,0,0,0,0,0,0,0
424,"Plot_424",2014,"Conifer Forest",40118,"Hengyang",112.241445988438,26.2391874011982,14,2,19.2700188642028,0.430566411264382,0.468629032,342,18,1416,58,120.666666666667,297.333333333333,261,0.139107216102768,-1.47514191348899,-1.3547035205641,0.0487513187929182,0.00854240361428403,0.0440689195569336,0.0091963890080876,0.000107393619845405,0.0336325102559605,0.0260414486914121,8.3790416952842e-18,0.114303089447075,3.18714561299071,2.80202333003251,0.411670854213432,0.0587465191664065,21.4105197480311,2.4324817144073,21.8301790832783,30,0.981132075471698,0,0,0,0,0,0,0,0
425,"Plot_425",2014,"Conifer Forest",40118,"Chenzhou",113.040897988211,26.2302360276221,10,1,27.6022265976227,0.279865125801845,0.530698924731183,177,18.3,1464,56.3333333333333,125.333333333333,282,194.333333333333,0.746889473793764,-1.36339489736869,-1.16881657351092,0.222349058355244,0.249689892480998,0.240894585583047,0.0332875946031811,0.0834256464626483,0.170224519011153,0.0910180575382231,0.0406339184079902,0.549200614876706,3.10111378043299,2.91506793080291,0.419942227322728,0.059504254930671,21.4769680419176,2.38124243128561,22.3653614041033,30.1644736842105,0.901315789473684,0,0,0,0,0,0,0,0
426,"Plot_426",2014,"Conifer Forest",40118,"Chenzhou",113.44131030523,26.2237285699277,4,1,48.3027084603655,0.258268530781674,0.492150538,276,17.8,1512,60.3333333333333,128.333333333333,291.333333333333,177.666666666667,0,-1.51524982246117,-1.38495904528467,0,0,0,0,0,0,0,0,0,3.20997533631745,2.79821608637929,0.41,0.0589744198037889,21.4108085625,2.44392318225,22.0509391044924,30,1,0,0,0,0,0,0,0,0
427,"Plot_427",2014,"Conifer Forest",40118,"Chenzhou",113.681757694861,26.2191169319865,1,1,17.5875346669458,0.0747969283588016,0.387258065,685,15.6,1645,52.3333333333333,117.666666666667,236.666666666667,250.666666666667,0,-1.51524982246117,-1.38495904528467,0,0,0,0,0,0,0,0,0,3.20997533631745,2.79821608637929,0.41,0.0589744198037889,21.4108085625,2.44392318225,22.0509391044924,30,1,0,0,0,0,0,0,0,0
428,"Plot_428",2014,"Conifer Forest",40118,"Huaihua",109.799170411822,26.2033439720182,12,2,35.8543059593162,0.373507713712676,0.529677419354839,401,17.1,1419,56,121.333333333333,266.666666666667,331.666666666667,1.94643601246903,-1.71232837157429,-0.811141187733005,0.711266721252311,0.591434507221691,0.309391587885607,0.787200309757366,0.396315251479488,0.52604164989475,0.248309414609111,0.698619675566221,0.793791639400238,2.63769844051134,3.0445215641762,0.423129028549157,0.0924270019389438,19.2012718191878,2.79696028957117,22.7754602670966,35.0252525252525,0.848484848484848,0,0,0,0,0,0,0,0
429,"Plot_429",2014,"Conifer Forest",40118,"Shaoyang",110.200661072294,26.2072188738226,49,3,46.8050012473888,0.620052377214145,0.35311828,755,15.4,1510,54,111,250,355.333333333333,1.62921998800812,-1.07449222651774,-0.985020022773936,0.469497098253848,0.175754037208996,0.563910828896984,0.19093730173709,0.318002853747844,0.304708476579901,0.28913329831229,0.0647821036726556,1.2503392568541,2.95777742929164,2.81609864555007,0.430584009398961,0.0641794444770533,20.5064077242268,2.31551706020198,19.2979948723038,29.6153846153846,0.717948717948718,0,0,0,0,0,0,0,0
430,"Plot_430",2014,"Conifer Forest",40118,"Chenzhou",113.400552442672,26.1885840682192,25,2,34.0953074623189,0.386073103298614,0.447231183,443,16.8,1561,54,126.666666666667,250,181,0,-1.51524982246117,-1.38495904528467,0,0,0,0,0,0,0,0,0,3.20997533631745,2.79821608637929,0.41,0.0589744198037889,21.4108085625,2.44392318225,22.0509391044924,30,1,0,0,0,0,0,0,0,0
431,"Plot_431",2014,"Conifer Forest",40118,"Chenzhou",113.560947186395,26.1859074538811,14,2,12.2208274698585,0.468125573295346,0.336505376344086,859,14.9,1679,51,115.333333333333,215.666666666667,287,0.129175829937004,-1.54431563518685,-1.35161675803548,0.0651337648787311,0.0442983357098787,9.65411325761006e-18,0.0728745456616846,0.0300650525985249,0.0252042744329325,0.0156100965735984,0.0582074549185428,8.68870193184905e-17,3.17938436591217,2.81801725335891,0.41,0.0607856633800239,21.3297170827717,2.45252260803261,22.1836582779927,30.3260869565217,1,0,0,0,0,0,0,0,0
432,"Plot_432",2014,"Conifer Forest",40118,"Chenzhou",114.120588766914,26.1802539214121,4,1,21.6144670678592,0.358247384201343,0.333252688,1039,14.3,1745,51,110.333333333333,247.333333333333,285,0.821894588410073,0.344754456123585,0.0181409136319694,0.288040018457076,0.0504715391429287,0.260374749173072,0.0543355159453204,0.000634519455234468,0.198712755157137,0.153862081015396,5.55111512312578e-17,0.675343043208485,2.15124691703968,2.97477701079741,0.48748586414791,0.0484055277451787,21.3974147915051,1.91332511104457,11.8131931206892,30,0.125,0,0,0,0,1,0,0,0
433,"Plot_433",2014,"Conifer Forest",80101,"Huaihua",109.599787064496,26.1655344183353,19,2,15.7310656270673,0.674308594000629,0.520725806451613,508,16.6,1410,55.6666666666667,119.333333333333,282.666666666667,292,1.72833907657043,-1.01158591127008,-0.709751481670993,0.368188569609294,0.345939901242331,0.834066822034611,0.241063994762162,0.252498233823433,0.422391173107481,0.308469600959183,0.160226397943819,1.22470710078894,2.9773726351669,3.00114368571693,0.452661603332359,0.0658270432345913,20.8883768324474,2.25688331862324,18.5231888609234,28.8636363636364,0.727272727272727,0,0,0,0,0,0,0,0
434,"Plot_434",2014,"Conifer Forest",80101,"Huaihua",109.760095206597,26.167410517047,27,2,44.4444286339944,0.296006803330923,0.530268817,512,17,1422,57,121.333333333333,270,314.666666666667,0.106529783787334,-1.53912531148584,-1.35757073790141,0.0537150478783073,0.0365323151212846,2.2997476938664e-16,0.0600987785154964,0.0247942943694467,0.0207856679315811,0.0128734625796157,0.048003001724915,7.13714801544744e-17,3.18484703919882,2.81448133068398,0.41,0.0604622270271248,21.3441977041518,2.45098699628571,22.1599584255819,30.2678571428571,1,0,0,0,0,0,0,0,0
435,"Plot_435",2014,"Conifer Forest",40118,"Shaoyang",110.240262250002,26.1700685130439,35,3,96.2286748234614,0.289682090312884,0.331854838709677,1133,13.1,1576,53,98.6666666666667,197.666666666667,351.333333333333,0.316104370249787,-1.44560630949892,-1.29882570598053,0.075070469302302,0.0541922986783667,0.15058565840778,0.0303067512967188,0.0355191899609493,0.0956181834213647,0.0593486932744849,0.02251267198345,0.225572955032348,3.17412242856231,2.8098895495782,0.415822784810127,0.0597090244507625,21.3269449172177,2.41074871764223,21.5378327171993,29.873417721519,0.962025316455696,0,0,0,0,0,0,0,0
436,"Plot_436",2014,"Conifer Forest",40118,"Yongzhou",111.360736045842,26.1722169713687,20,2,15.9841526363561,0.357074032210507,0.583575268817204,129,18.3,1398,52.6666666666667,125,288,184.333333333333,2.88466448178552,-1.89427088327987,0.0734836267325455,0.709991240131231,0.453280887103466,0.838595346787271,1.69106908474631,0.965435462902306,1.00089607481686,0.286073674078711,0.204759911489968,0.918530325591705,2.63774091865197,3.11268868124519,0.468407805831628,0.115371283500845,18.3629424603023,1.92357111985266,21.2626492346025,28.75,0.818181818181818,0,0,0,0,0,0,0,0
437,"Plot_437",2014,"Conifer Forest",40118,"Yongzhou",112.080585797139,26.1692992488923,9,1,9.90487689841518,0.320487249671756,0.328064516129032,335,17.2,1443,52.3333333333333,111,283.666666666667,332.333333333333,1.97422010999511,-0.835343309629699,-1.10432588719,0.200030112799103,0.340127501387248,0.704432888910843,0.142985100812111,0.403313756876449,0.820303772626995,0.301142764154871,0.199127867619692,1.39496711489981,3.0696999315107,2.73694270062112,0.449996100454596,0.0636787242168593,19.7865492243409,2.66940094263035,18.227980547352,28.3908045977011,0.655172413793103,0,0,0,0,0,0,0,0
438,"Plot_438",2014,"Conifer Forest",40118,"Chenzhou",113.04015852855,26.1579866809961,39,3,29.9778947655243,0.356530527629733,0.554166667,109,18.5,1453,59.6666666666667,126.666666666667,270.666666666667,161.333333333333,0.565248442072949,-1.45472817541183,-1.20584803370666,0.214492623585812,0.290968247363068,0.126560707847551,0.0485986056730242,0.0987630099130474,0.118670106595601,0.110595428904403,0.0836153060000265,0.328264909941676,3.10396004076938,2.93508917561232,0.41498902948236,0.0602455613179677,21.63128429529,2.4078538015033,23.0404813756684,30.4929577464789,0.943661971830986,0,0,0,0,0,0,0,0
439,"Plot_439",2014,"Conifer Forest",40118,"Chenzhou",114.160653582143,26.1446346092025,10,1,5.89429255465597,0.298479628308542,0.439435484,635,16.5,1600,53,123,236.666666666667,187,0,-1.51524982246117,-1.38495904528467,0,0,0,0,0,0,0,0,0,3.20997533631745,2.79821608637929,0.41,0.0589744198037889,21.4108085625,2.44392318225,22.0509391044924,30,1,0,0,0,0,0,0,0,0
440,"Plot_440",2014,"Conifer Forest",40118,"Shaoyang",110.200558290976,26.1342935901301,36,3,55.5990641038983,0.502272026016724,0.322822580645161,1121,12.9,1583,54,106.666666666667,188.333333333333,343.333333333333,0.324357489197461,-1.59093061786011,-1.2981432784849,0.163549360962851,0.111232085394688,2.51371250858526e-17,0.182986280550759,0.075492644236951,0.063287343894726,0.0391965875753341,0.146157558570828,2.26234125772673e-16,3.13032337563954,2.84977384191113,0.41,0.0636904879834197,21.1996647096226,2.46631413994811,22.396509782663,30.8490566037736,1,0,0,0,0,0,0,0,0
441,"Plot_441",2014,"Conifer Forest",40118,"Yongzhou",111.799563842172,26.1346088007985,15,2,28.105062148042,0.284860830109875,0.400268817204301,392,17.1,1439,55,120,304.333333333333,266,2.75567573165347,-3.29708918477963,1.34011004396161,0.599413064933223,0.470349295082814,0.775809086387967,1.83747242871549,0.997747637686962,1.13805332325254,0.243655744446538,0.113827911840706,0.37642669219074,2.15426555790688,3.40387667947436,0.494502403187474,0.189235917564481,13.6901702465095,1.41502126625987,25.1488678892307,30.6521739130435,0.934782608695652,0,0,0,0,0,0,0,0
442,"Plot_442",2014,"Conifer Forest",40118,"Yongzhou",112.121242710184,26.1349376134367,31,3,21.9319207377813,0.385271398334609,0.340188172043011,969,14.4,1588,50.3333333333333,106,275.666666666667,368.666666666667,2.28160360001536,-0.706034390696616,-0.0117442461942029,0.376759816778576,0.540654640144295,1.20093289033905,0.309847370890357,0.377255470710055,0.690608028167129,0.351543862590537,0.238603281520488,1.54316612889498,2.87194489170667,3.25589876259583,0.49780701754386,0.0732005383291484,19.6882364090094,1.99597650938591,16.3039663435713,27.4298245614035,0.508771929824561,0,0,0,0,0,0,0,0
443,"Plot_443",2014,"Conifer Forest",40118,"Chenzhou",113.239355966359,26.1188849378541,7,1,12.6342964685487,0.267900800010606,0.565833333333333,155,18.4,1473,60.3333333333333,128,282,153.333333333333,0,-1.51524982246117,-1.38495904528467,0,0,0,0,0,0,0,0,0,3.20997533631745,2.79821608637929,0.41,0.0589744198037889,21.4108085625,2.44392318225,22.0509391044924,30,1,0,0,0,0,1,0,0,0
444,"Plot_444",2014,"Conifer Forest",40118,"Chenzhou",113.479532217583,26.1144469868035,19,2,36.4033330063069,0.339423326547754,0.408306451612903,557,16.5,1583,53,125.333333333333,262.333333333333,197.333333333333,1.4176638898883,-2.01146617167487,-0.815734017607824,0.714822475118468,0.486160227874444,1.64816613964972e-16,0.799775096679996,0.329954446101154,0.276608942646846,0.171315874191415,0.638808413312005,1.8267174714451e-15,2.68772124362519,3.13626487522725,0.41,0.0898962688991002,20.0264014446649,2.59073399767268,24.3167427263121,35.5670103092784,1,0,0,0,0,0,0,0,0
445,"Plot_445",2014,"Conifer Forest",40118,"Chenzhou",113.958439629926,26.1056174762497,25,2,71.9422321697731,0.451866798835638,0.27010752688172,1140,14,1762,51,111.333333333333,241,290.333333333333,0.964963530362447,-1.78013260635748,-1.08110386148547,0.486559348864483,0.330915454049196,8.79799378004841e-17,0.544384184638508,0.224590616604929,0.18827984808681,0.116609848036619,0.434818736748212,1.32807810870255e-15,2.93119347394477,2.97866823074074,0.41,0.0754806584324968,20.6718050774292,2.5222915341934,23.2604364780895,32.9716981132076,1,0,0,0,0,0,0,0,0
446,"Plot_446",2014,"Conifer Forest",80101,"Huaihua",109.601084655002,26.0935784830694,20,2,56.1483130692346,0.320658550598539,0.515026882,546,16.6,1429,55,119.666666666667,255.333333333333,330,0,-1.51524982246117,-1.38495904528467,0,0,0,0,0,0,0,0,0,3.20997533631745,2.79821608637929,0.41,0.0589744198037889,21.4108085625,2.44392318225,22.0509391044924,30,1,0,0,0,0,0,0,0,0
447,"Plot_447",2014,"Conifer Forest",80101,"Huaihua",109.841392361914,26.0955284865223,23,2,31.3521234975057,0.409621803156815,0.464247312,616,16.6,1468,55,117.666666666667,289.333333333333,322.333333333333,2.00112899455174,-0.777763685840256,-0.891990050988718,0.746764702295992,0.364309239586639,0.557757062106236,0.175421747679962,0.146737578715064,0.499063479830655,0.44817347688479,0.0568390505553218,1.46450833354065,2.6504522065818,2.7058877219312,0.420106902262938,0.0639459947508969,21.5438219310523,2.1780587780568,16.307194569561,29.7169811320755,0.613207547169811,0,0,0,0,0,0,0,0
448,"Plot_448",2014,"Conifer Forest",40118,"Shaoyang",110.160322977324,26.0979182355615,37,3,63.5985643876488,0.72015025964494,0.331935483870968,775,15.3,1533,53.3333333333333,110.666666666667,229.333333333333,359,2.06300719910703,-0.50510728309127,0.706545906062209,0.286954331667182,0.439380806617977,1.02035142323964,0.278957956094342,0.204686920739601,0.781246307228096,0.373052404124365,0.446685561243695,1.16795326654793,2.52590710583167,3.49544384315383,0.53190368488746,0.0914223319916514,18.0125279755358,1.91235497380609,14.6322023934556,28.6,0.253333333333333,0,0,0,0,0,0,0,0
449,"Plot_449",2014,"Conifer Forest",40118,"Shaoyang",110.2401866443,26.0983159219299,37,3,66.3952939223374,0.491557376623003,0.367419355,917,14.8,1548,54,111.666666666667,239,319,1.15116256700507,-1.50663018671467,-0.963000321935934,0.463299522816929,0.42299130709065,0.297721018507464,0.362397986896439,0.200363220392575,0.200680241787495,0.147984110645893,0.292245818693293,0.535306626855439,2.94205944564729,3.02913519078509,0.42224960401709,0.0692320845440319,21.0164637330832,2.4177859515277,22.6967961022435,31.6438356164384,0.904109589041096,0,0,0,0,0,0,0,0
450,"Plot_450",2014,"Conifer Forest",40118,"Yongzhou",111.839773753145,26.0974664039494,20,2,13.5930059640856,0.343914136861417,0.334543010752688,660,16,1494,52,118.333333333333,317,296,1.1127987194758,-1.28509253880571,-0.98015670575748,0.185711374238857,0.265382634996473,0.592507764939984,0.150285301746665,0.175688792055324,0.339614184392724,0.171545262719637,0.111716076741621,0.756069179568682,3.11042859515041,2.93360320631452,0.435714285714286,0.0632374555808402,20.8699810382801,2.31167718209683,20.3863452777234,29.2857142857143,0.857142857142857,0,0,0,0,0,0,0,0
451,"Plot_451",2014,"Conifer Forest",40118,"Yongzhou",111.99891452633,26.0964972087014,33,3,20.6363290306978,0.505140259974026,0.216021505,910,14.2,1590,50,105,233,399,2.08908080171184,-0.831504317621892,-0.906812521648054,0.216996165423791,0.382226790851105,0.838903678118918,0.184274237565436,0.405434465210967,0.758041111066216,0.308405275374856,0.212032553815729,1.43498844285485,3.05595757815933,2.83594402844737,0.459326478771573,0.0660563996958423,19.7198888382593,2.5455765559555,17.99642379061,28.1632653061225,0.63265306122449,0,0,0,0,0,0,0,0
452,"Plot_452",2014,"Conifer Forest",40118,"Yongzhou",112.079755562585,26.0964471707902,15,2,11.3563997495796,0.216325648738045,0.32739247311828,624,15.6,1521,54,116.333333333333,318,253.333333333333,0.124881648644311,-1.47879442534604,-1.35610862401566,0.0234074858192094,0.0191145570213975,0.0529374458932134,0.0273160080515481,0.0331586487142186,0.01515478907357,0.0294149611870665,0.0138201821168331,0.0935318716815537,3.19905263883564,2.80670506966576,0.412,0.0596489576084805,21.4996668923077,2.43878590252308,21.8024631182694,29.9230769230769,0.984615384615385,0,0,0,0,0,0,0,0
453,"Plot_453",2014,"Conifer Forest",40118,"Yongzhou",112.159273299219,26.0961368263935,15,2,36.6314011641566,0.293539697532866,0.354005376344086,481,16,1505,55,120.666666666667,294,224.666666666667,0.0726981213393233,-1.50225707257739,-1.36210730031136,0.0121323540207421,0.0173372045300441,0.0387079897165851,0.00981800114493527,0.0114775879044987,0.0221866836773214,0.0112068949272811,0.00729830899368874,0.0493933071589973,3.20435576221931,2.80585890766596,0.411451612903226,0.0592150750492676,21.3802779764553,2.43645768224135,21.9569700981425,29.9596774193548,0.991935483870968,0,0,0,0,0,0,0,0
454,"Plot_454",2014,"Conifer Forest",40118,"Chenzhou",112.319492321406,26.0945976563953,20,2,8.84613856341813,0.41862164107382,0.308010753,814,14.8,1579,52,109.666666666667,283,302.666666666667,0.953091495847325,-1.32345208608162,-1.04762376234535,0.159058352936058,0.227295312381239,0.507471928305079,0.128716577884875,0.150474196899236,0.290873259780805,0.146925340755244,0.095682750912962,0.647559251019473,3.12701971867825,2.91103868632532,0.431428571428571,0.0625269496179983,20.9601189589834,2.33371818212236,20.6637775821849,29.4047619047619,0.880952380952381,0,0,0,0,0,0,0,0
455,"Plot_455",2014,"Conifer Forest",40118,"Chenzhou",112.559235863182,26.0918893476942,5,1,3.38606162070274,0.338429992421108,0.379247312,563,16.1,1530,56,120,325.333333333333,208.666666666667,1.03861023631476,-1.59782142981267,-1.02768945839476,0.475447287938288,0.303316611498727,0.199844499625556,0.447386966364818,0.217429540031578,0.161665546144559,0.105852599113745,0.347260469225683,0.341844427209831,2.93489516814975,2.96362085574635,0.417898684509173,0.0717383912563971,20.6883688028665,2.47257259741699,22.1692424578217,32.0588235294118,0.941176470588235,0,0,0,0,0,0,0,0
456,"Plot_456",2014,"Conifer Forest",40118,"Chenzhou",112.95897122134,26.0869509738451,24,2,14.0359512259895,0.325553153741956,0.566451612903226,173,18.5,1454,60,129.333333333333,288,159.666666666667,0.0893056097902639,-1.5352054550788,-1.36206732568075,0.0450301778070051,0.0306256200188056,6.62819716194123e-18,0.0503817605946794,0.0207854507843845,0.0174249555714248,0.0107920281531767,0.0402416787906438,5.03742984307534e-16,3.18897258051681,2.81181091743993,0.41,0.0602179601695622,21.3551338152239,2.44982726562313,22.1420597310747,30.2238805970149,1,0,0,0,0,0,0,0,0
457,"Plot_457",2014,"Conifer Forest",40118,"Shaoyang",110.1211124371,26.0614479251704,39,3,44.4190227208548,0.537760430017319,0.32008064516129,927,14.4,1554,55.3333333333333,112,217.666666666667,354.333333333333,2.31933439271825,-0.939640316111729,-0.27276360806107,0.544043582049588,0.514989478059948,0.948159558042877,0.412363100307739,0.450222966917862,0.579083855835692,0.367293291173828,0.251171918934258,1.5423059118256,2.82496661800299,3.12455333357909,0.478526085681861,0.0781250632223621,18.7052147447812,2.20994725725101,18.8743247800613,29.9264705882353,0.514705882352941,1,0,0,0,0,0,0,0
458,"Plot_458",2014,"Conifer Forest",40118,"Yongzhou",111.559665557063,26.0630201891349,12,2,14.6201592341779,0.318500880999043,0.502069892473118,287,17.7,1421,55,123.333333333333,280.666666666667,204.666666666667,0,-1.51524982246117,-1.38495904528467,0,0,0,0,0,0,0,0,0,3.20997533631745,2.79821608637929,0.41,0.0589744198037889,21.4108085625,2.44392318225,22.0509391044924,30,1,0,0,0,0,0,0,0,0
459,"Plot_459",2014,"Conifer Forest",80415,"Changde",111.90607446917,29.3816944974114,11,2,52.2989421086027,0.238406221644074,0.626290322580645,36,17.1,1277,64,130.333333333333,313.333333333333,188,1.25598836262476,-3.88969826219363,2.4247073240236,0.0457420740622635,0.178222410801369,0.110037475678766,0.867578581368669,0.365720707940296,0.459649101051972,0.248846211988772,1.48029736616688e-16,0.609833576936056,1.77914728682171,3.62139534883721,0.535395030367989,0.23637060678488,10.5998861618095,0.985095263222222,25.827574298228,30,0.888888888888889,0,0,0,0,0,0,0,0
460,"Plot_460",2014,"Conifer Forest",40118,"Yongzhou",112.039422598486,26.0611034478502,23,2,61.4847839963967,0.349964660501837,0.295940860215054,615,16.1,1496,51,116.666666666667,332,297,0,-1.51524982246117,-1.38495904528467,0,0,0,0,0,0,0,0,0,3.20997533631745,2.79821608637929,0.41,0.0589744198037889,21.4108085625,2.44392318225,22.0509391044924,30,1,0,0,0,0,0,0,0,0
461,"Plot_461",2014,"Conifer Forest",40118,"Yongzhou",112.119253112779,26.060389319323,26,2,35.514125084474,0.29177781126707,0.321048387096774,743,15.3,1541,52.3333333333333,114,356.666666666667,287.666666666667,0.61286699723857,-1.39807884169112,-1.17887785425265,0.102279388258491,0.14615784129062,0.326319978971905,0.0827686984165103,0.0967595132443535,0.187040407007695,0.094477490145757,0.0615269368104264,0.41640041426824,3.15929699535968,2.86714043834632,0.423090909090909,0.061144692563015,21.1354781865335,2.37659794580839,21.2035095199554,29.6363636363636,0.927272727272727,0,0,0,0,0,0,0,0
462,"Plot_462",2014,"Conifer Forest",40118,"Yongzhou",111.520055743876,26.0274622193318,21,2,7.41572866395872,0.407755569334562,0.470913978,370,17.3,1444,55.3333333333333,123.333333333333,290,210.666666666667,1.77718076977023,-1.08562289297097,-0.629328011500582,0.2965879428585,0.423825897075849,0.946256845341189,0.240011193011711,0.28058150790465,0.542376430778306,0.273964138091509,0.17841471218884,1.20747048233339,3.02415475280564,3.05093871025839,0.458,0.0669320865876179,20.4012638506229,2.19706398196408,18.9436972945236,28.6666666666667,0.733333333333333,0,0,0,0,0,0,0,0
463,"Plot_463",2014,"Conifer Forest",40118,"Yongzhou",112.238797685837,26.0225289917317,23,2,51.945065152517,0.30571087323657,0.404731183,345,17.2,1455,54,119.333333333333,301.333333333333,245.666666666667,0,-1.51524982246117,-1.38495904528467,0,0,0,0,0,0,0,0,0,3.20997533631745,2.79821608637929,0.41,0.0589744198037889,21.4108085625,2.44392318225,22.0509391044924,30,1,1,0,0,0,0,0,0,0
464,"Plot_464",2014,"Conifer Forest",40118,"Yongzhou",111.479169513247,25.9914097769707,6,1,1.6885990555263,0.179864501782741,0.391693548387097,756,15.2,1530,54.3333333333333,112,348.666666666667,429,0,-1.51524982246117,-1.38495904528467,0,0,0,0,0,0,0,0,0,3.20997533631745,2.79821608637929,0.41,0.0589744198037889,21.4108085625,2.44392318225,22.0509391044924,30,1,0,0,0,0,0,0,0,0
465,"Plot_465",2014,"Conifer Forest",40118,"Yongzhou",111.559883823077,25.9911199060846,6,1,22.3047590775367,0.275524936756768,0.426290322580645,666,16.4,1482,53,115,363,253.333333333333,0,-1.51524982246117,-1.38495904528467,0,0,0,0,0,0,0,0,0,3.20997533631745,2.79821608637929,0.41,0.0589744198037889,21.4108085625,2.44392318225,22.0509391044924,30,1,0,0,0,0,0,0,0,0
466,"Plot_466",2014,"Conifer Forest",40118,"Yongzhou",111.799923219695,25.9903347013175,32,3,107.354704852326,0.589042968984515,0.403091397849462,409,17.2,1447,53,120,310.666666666667,265,1.880113801156,-1.41078747175291,-0.568271985578812,0.554888173724069,0.509874283434281,0.746882217526886,0.537674666995028,0.33184658646637,0.486609730454457,0.268193540005892,0.435050522395968,1.00564115145708,2.79506415469311,3.11065006995013,0.444939759036145,0.0793850144623063,20.0752989681381,2.32957494574613,20.6332486931875,31.8072289156626,0.795180722891566,0,0,0,0,0,0,0,0
467,"Plot_467",2014,"Conifer Forest",40118,"Yongzhou",111.879492268829,25.9897825720832,6,1,1.0642431798981,0.165760092099922,0.343521505,460,16.7,1469,53.6666666666667,115.666666666667,248.333333333333,325,0,-1.51524982246117,-1.38495904528467,0,0,0,0,0,0,0,0,0,3.20997533631745,2.79821608637929,0.41,0.0589744198037889,21.4108085625,2.44392318225,22.0509391044924,30,1,0,0,0,0,0,0,0,0
468,"Plot_468",2014,"Conifer Forest",40118,"Yongzhou",112.039059916299,25.9881829282353,27,2,51.2975550979917,0.360209432166324,0.327069892473118,760,15.5,1519,51,105.333333333333,238,354,1.27844848921873,-1.17818027143169,-1.12079525698618,0.144850230822625,0.209202489597292,0.55718071715794,0.124628859834866,0.256979127549014,0.361643132989462,0.199691646144076,0.13659876401958,0.924469588036503,3.12848312253548,2.83112855742114,0.435379606109325,0.062684894484358,20.580535476454,2.47461499437629,20.0171878767375,29.0833333333333,0.816666666666667,0,0,0,0,0,0,0,0
469,"Plot_469",2014,"Conifer Forest",40118,"Chenzhou",112.357875002134,25.9856860525978,5,1,4.59872224925549,0.231404665976209,0.570403225806452,258,18.2,1423,59.6666666666667,124.333333333333,321.666666666667,186.666666666667,0.556274553130418,-3.30765491657401,2.7267375589417,0.134977691799902,0.163337577603873,0.022136966645551,0.233814351668019,0.330230289798838,0.123510715326271,0.0537354832711114,0.161157143664392,0.237103294712739,1.4496,4.6356,0.499413062379421,0.181606971573453,11.4728206446136,1.26210199222734,18.9380311824153,34.08,0.96,0,0,0,0,0,0,0,0
470,"Plot_470",2014,"Conifer Forest",40118,"Yongzhou",111.598588973088,25.9547262685873,30,2,20.1567013034909,0.412630156386125,0.423198924731183,689,16.4,1483,53,115.333333333333,279,253,1.0867649477849,-1.22733226123387,-1.03128652272984,0.30676910024723,0.175180754882516,0.488365539396621,0.10034837415305,0.150332918677182,0.218877119808365,0.202012098900145,0.072435943898631,0.796623929985055,3.04373110236898,2.88856806679339,0.431427517824689,0.060757208303859,20.9429492768553,2.35833436824916,20.0691685726878,29.5652173913043,0.847826086956522,0,0,0,0,0,0,0,0
471,"Plot_471",2014,"Conifer Forest",40118,"Yongzhou",111.998467854282,25.9516907918611,15,2,7.56306720036793,0.125912785240614,0.390537634408602,616,16.4,1484,53.6666666666667,120.333333333333,303.333333333333,277.666666666667,0.769802928542456,-1.30409847949639,-1.40799646452932,0.0277596078663507,0.152779531048746,0.2142512221767,0.0322636723757537,0.184884270410799,0.398850481173549,0.112779091957528,0.0821113164050911,0.555710846982981,3.19580394235941,2.72398587088391,0.41885552733119,0.0598460393677487,20.8687759795896,2.59183999693021,21.0086964456725,29.5,0.9,0,0,0,0,0,0,0,0
472,"Plot_472",2014,"Conifer Forest",40118,"Yongzhou",112.237893725141,25.9505639592186,5,1,4.13430023150051,0.217265887513981,0.56497311827957,272,17.4,1452,56,121.666666666667,294.666666666667,209.666666666667,2.91921837723524,-2.84481066771516,0.451163231725875,0.758026755658672,0.515544030991568,0.864937897694682,2.04734210845029,1.11590521410544,1.20973960078396,0.181670303923538,2.72004641033163e-16,1.97619698383278e-15,2.57674224892809,3.20810024285745,0.4685,0.149481678164608,16.0573732808036,1.7097827502375,24.7982259959487,30,1,0,0,0,0,0,0,0,0
473,"Plot_473",2014,"Conifer Forest",40118,"Chenzhou",112.956302337807,25.9429470277271,9,1,17.9532938827729,0.255822121709419,0.555698925,194,18.5,1461,61.3333333333333,127,314.333333333333,174.333333333333,1.90544606089046,-1.91992810083252,-0.577963884694279,0.75252153458712,0.647750897584385,0.265106386275681,0.837884720439956,0.399152393897903,0.456553130788249,0.264030490580851,0.715615617379513,0.687615654935935,2.46387862308507,3.23271118906331,0.421304928507902,0.100661282874173,19.184674284703,2.76340142246429,24.458663244405,36.9858156028369,0.872340425531915,0,0,0,0,0,0,0,0
474,"Plot_474",2014,"Conifer Forest",40118,"Chenzhou",113.515075739444,25.9343465839857,26,2,43.4978430225457,0.271317681322247,0.394005376,711,15.9,1618,52,120.666666666667,261.333333333333,230.333333333333,1.12619997494955,-1.19920867145895,-1.21299143634003,0.470702891409243,0.168989238143908,0.202884176187526,0.102291834404049,0.0714701867071477,0.286495723451326,0.268763058669804,0.0168893178792957,0.870461988866187,2.94947288577577,2.73806478729462,0.40714255232664,0.0616352775381752,21.5454515254089,2.32873941682908,19.3583162433004,29.9056603773585,0.830188679245283,0,0,0,0,0,0,0,0
475,"Plot_475",2014,"Conifer Forest",40118,"Chenzhou",113.83402818688,25.9279861135953,5,1,8.17224080581537,0.476091039255014,0.341505376344086,1224,14.6,1725,51,113.333333333333,221.666666666667,286.666666666667,1.06651455531667,-1.72599026725325,-1.03708941483581,0.543037613558338,0.33188846834962,0.0580263726728561,0.550836411917983,0.234739564836402,0.190795207047103,0.126371161131016,0.437927020827152,0.150505021057891,2.88803902518091,2.98343142043232,0.412213881832797,0.0753265546155327,20.6116139784875,2.52108625411875,22.9006820230829,33,0.975,0,0,0,0,0,0,0,0
476,"Plot_476",2014,"Conifer Forest",80101,"Huaihua",109.722164517865,25.9137568908095,28,2,47.6563682946687,0.305644397725651,0.563924731182796,609,16.9,1500,55,122,300.666666666667,259.333333333333,0,-1.51524982246117,-1.38495904528467,0,0,0,0,0,0,0,0,0,3.20997533631745,2.79821608637929,0.41,0.0589744198037889,21.4108085625,2.44392318225,22.0509391044924,30,1,0,0,0,0,0,0,0,0
477,"Plot_477",2014,"Conifer Forest",40118,"Chenzhou",112.915978087285,25.9067804663404,10,1,10.7245012741889,0.3200828299556,0.529516129,257,18.1,1472,57.3333333333333,124.333333333333,307,181,0.738148955622133,-1.52890011598094,-1.14012965988351,0.328400478381834,0.350446318365847,0.117241724996901,0.207824997705129,0.0952205091578566,0.113058800929029,0.130554844944306,0.198811530509881,0.304093939991812,3.03912047218128,2.97174081442858,0.41460027393828,0.0644746777977361,21.4203273255921,2.43121367979525,23.2805213016035,31.2337662337662,0.948051948051948,0,0,0,0,0,0,0,0
478,"Plot_478",2014,"Conifer Forest",40118,"Chenzhou",113.156314881981,25.9039365767623,5,1,11.0270648621312,0.200233896349708,0.576989247,133,18.8,1456,62.6666666666667,130.333333333333,328.333333333333,139.333333333333,0,-1.51524982246117,-1.38495904528467,0,0,0,0,0,0,0,0,0,3.20997533631745,2.79821608637929,0.41,0.0589744198037889,21.4108085625,2.44392318225,22.0509391044924,30,1,0,0,0,0,0,0,0,0
479,"Plot_479",2014,"Conifer Forest",80415,"Yueyang",113.306819603248,29.3650866055818,5,1,21.3602224307105,0.305340916716397,0.618091397849462,98,16.7,1352,58.3333333333333,127,293.333333333333,169.666666666667,2.76276801757355,-2.60386840468329,0.187654773581742,0.737436539751528,0.513179982673109,0.824242321613406,1.79828835569549,0.974959351875735,1.13794954923985,0.189243534211512,0.185787220956973,0.110223639071005,2.60884672037274,3.19634962281539,0.458181818181818,0.135056740598356,16.9609802160344,1.89227830734414,24.3921159913277,31,0.981818181818182,0,0,0,0,0,0,0,0
480,"Plot_480",2014,"Conifer Forest",40118,"Chenzhou",113.63376715735,25.8959297248013,4,1,67.7478333426561,0.0292682926829268,0.263709677,1142,14.1,1738,51,110.333333333333,219,318.666666666667,0,-1.51524982246117,-1.38495904528467,0,0,0,0,0,0,0,0,0,3.20997533631745,2.79821608637929,0.41,0.0589744198037889,21.4108085625,2.44392318225,22.0509391044924,30,1,0,0,0,0,1,0,0,0
481,"Plot_481",2014,"Conifer Forest",40118,"Chenzhou",113.793757501206,25.8927266917154,17,2,19.9938393733293,0.363513082754964,0.343709677419355,1046,13,1820,52,111,221,311.666666666667,0.200013470837376,-1.56083030150826,-1.3326722766439,0.100851919344771,0.0685907253854923,1.51394048812521e-17,0.112837601435181,0.0465521725238523,0.0390258333290915,0.0241703854143199,0.0901273488433978,1.36254643931269e-16,3.16200313272735,2.82926791641551,0.41,0.0618147790483393,21.2836423783807,2.45740864540909,22.2590668992997,30.5113636363636,1,0,0,0,0,0,0,0,0
482,"Plot_482",2014,"Conifer Forest",40118,"Yongzhou",111.678164663773,25.882205172526,9,1,11.4303003440998,0.276889424692278,0.477956989247312,415,17.1,1462,54,121.333333333333,310,221.666666666667,0,-1.51524982246117,-1.38495904528467,0,0,0,0,0,0,0,0,0,3.20997533631745,2.79821608637929,0.41,0.0589744198037889,21.4108085625,2.44392318225,22.0509391044924,30,1,0,0,0,0,1,0,0,0
483,"Plot_483",2014,"Conifer Forest",40118,"Yongzhou",111.838594104285,25.8807438470042,14,2,33.4243206473231,0.384334563127431,0.391827956989247,728,15.7,1514,53,120,340.666666666667,248.333333333333,0.300056754498916,-1.42667819014761,-1.31814476152673,0.105157467055758,0.0184261174648787,0.0950574481108042,0.0198367756625773,0.000231649959847538,0.0725459264859387,0.0561718708468905,1.29526019539602e-16,0.24655380942532,3.15955969730422,2.80662374944682,0.413689803054662,0.0584711392295694,21.4101707638812,2.41865660743069,21.563427390978,30,0.958333333333333,0,0,0,0,0,0,0,0
484,"Plot_484",2014,"Conifer Forest",40118,"Yongzhou",111.91899557404,25.8813218828059,9,1,0.630386374155011,0.058624227073796,0.506102150537634,397,17.5,1449,56,121.333333333333,330,208.666666666667,0,-4.46982947858114,2.69531268140543,0,0,0,0,0,0,0,0,0,1.80279069767442,3.70906976744186,0.54,0.260101660605608,9.51428571428571,0.8125,28.1560210855065,30,1,0,0,0,0,0,0,0,0
485,"Plot_485",2014,"Conifer Forest",40118,"Chenzhou",112.955289566628,25.8706689566839,11,2,38.4368545255431,0.244480786387031,0.539704301,217,18.5,1461,61.6666666666667,125.666666666667,318.333333333333,190.333333333333,0,-1.51524982246117,-1.38495904528467,0,0,0,0,0,0,0,0,0,3.20997533631745,2.79821608637929,0.41,0.0589744198037889,21.4108085625,2.44392318225,22.0509391044924,30,1,0,0,0,0,0,0,0,0
486,"Plot_486",2014,"Conifer Forest",40118,"Chenzhou",113.752130394868,25.8572546527357,4,1,42.9174158157196,0.109902238632294,0.324354838709677,807,15.7,1652,52,121.333333333333,280,222.333333333333,0,-1.51524982246117,-1.38495904528467,0,0,0,0,0,0,0,0,0,3.20997533631745,2.79821608637929,0.41,0.0589744198037889,21.4108085625,2.44392318225,22.0509391044924,30,1,0,0,0,0,1,0,0,0
487,"Plot_487",2014,"Conifer Forest",40118,"Chenzhou",113.832393403392,25.8562240209355,11,2,5.10861276417328,0.228710302753092,0.384193548,738,16.3,1619,52.3333333333333,122,271.666666666667,230.666666666667,0,-1.51524982246117,-1.38495904528467,0,0,0,0,0,0,0,0,0,3.20997533631745,2.79821608637929,0.41,0.0589744198037889,21.4108085625,2.44392318225,22.0509391044924,30,1,0,0,0,0,0,0,0,0
488,"Plot_488",2014,"Conifer Forest",40118,"Chenzhou",113.912074634978,25.8544300749144,5,1,9.26564419695163,0.316773115662409,0.295,982,14.7,1728,51,116.333333333333,214.666666666667,293.666666666667,0.761894043469273,-1.71187149678196,-1.15940827859899,0.384166507883357,0.261276727460688,6.53072367426563e-17,0.429822531716995,0.177327171054967,0.148657737053295,0.0920701620667329,0.343314327529936,9.01239867048656e-16,3.00303641886995,2.93216515712379,0.41,0.0712269498783199,20.8622485525735,2.50209576842647,22.9487452781709,32.2058823529412,1,0,0,0,0,0,0,0,0
489,"Plot_489",2014,"Conifer Forest",40118,"Chenzhou",112.915573657494,25.8347272891899,6,1,24.1371360506838,0.201338797440311,0.534274193548387,348,18.1,1469,60.6666666666667,126,299,187,0,-1.51524982246117,-1.38495904528467,0,0,0,0,0,0,0,0,0,3.20997533631745,2.79821608637929,0.41,0.0589744198037889,21.4108085625,2.44392318225,22.0509391044924,30,1,0,0,0,0,0,0,0,0
490,"Plot_490",2014,"Conifer Forest",40118,"Chenzhou",113.472776818417,25.826290878879,21,2,47.2941085672333,0.261156493454524,0.373494623655914,835,15.2,1650,55,120.666666666667,281.666666666667,236,0,-1.51524982246117,-1.38495904528467,0,0,0,0,0,0,0,0,0,3.20997533631745,2.79821608637929,0.41,0.0589744198037889,21.4108085625,2.44392318225,22.0509391044924,30,1,0,0,0,0,0,0,0,0
491,"Plot_491",2014,"Conifer Forest",40118,"Chenzhou",113.712931021719,25.8222558051053,37,3,71.5455081399174,0.394205658461357,0.352930108,537,16.8,1589,54,123.333333333333,291,235.333333333333,0.332003078939902,-1.45406877237554,-1.2773533600939,0.0554069185759896,0.0791768092234311,0.176774468565655,0.0448375631873562,0.0524166849554579,0.10132376403449,0.0511804645383694,0.0333304494300429,0.225572955032348,3.18351354436165,2.8342050676279,0.416835443037975,0.0601076318457899,21.2670442839099,2.40876918220928,21.6084521378829,29.8101265822785,0.962025316455696,0,0,0,0,0,0,0,0
492,"Plot_492",2014,"Conifer Forest",40118,"Chenzhou",112.875175585726,25.7995042123584,10,1,18.5951396514096,0.262801717177096,0.533225806,188,18.3,1462,63,126.666666666667,290,156.666666666667,0,-1.51524982246117,-1.38495904528467,0,0,0,0,0,0,0,0,0,3.20997533631745,2.79821608637929,0.41,0.0589744198037889,21.4108085625,2.44392318225,22.0509391044924,30,1,0,0,0,0,1,0,0,0
493,"Plot_493",2014,"Conifer Forest",40118,"Chenzhou",113.593361943977,25.787861876647,22,2,58.0148267610111,0.338332762168681,0.354865591397849,652,16.3,1605,51,122.666666666667,224.333333333333,272.666666666667,0.712391736499844,-1.35094376189459,-1.317287277054,0.266718471580234,0.108356904338575,0.120708101596497,0.0778690859704607,0.0790215973774337,0.140387268459139,0.147982045129899,5.47902271892934e-17,0.57486251669685,3.08265812285625,2.74534036789385,0.407624812293815,0.0610872392797904,21.3217410818842,2.3920276887008,20.7954229909757,30,0.896103896103896,0,0,0,0,0,0,0,0
494,"Plot_494",2014,"Conifer Forest",40118,"Chenzhou",113.751419152011,25.785145730681,4,1,2.68312319537762,0.0490785856398973,0.375806452,835,15.2,1686,54,122,214.666666666667,232.666666666667,0,-1.51524982246117,-1.38495904528467,0,0,0,0,0,0,0,0,0,3.20997533631745,2.79821608637929,0.41,0.0589744198037889,21.4108085625,2.44392318225,22.0509391044924,30,1,0,0,0,0,0,0,0,0
495,"Plot_495",2014,"Conifer Forest",40118,"Chenzhou",113.709932980531,25.7500522424974,30,2,15.3064592418874,0.376926927642132,0.365430108,1054,14.9,1695,53,120,269.666666666667,241,0.855080659330292,-1.38633399678562,-1.17925093802509,0.160814544951069,0.159565328045191,0.321613572796562,0.140103053383512,0.216963261470072,0.15244981823808,0.0795572990802587,0.0388233174492157,0.63800111072816,3.14153514897198,2.855662111419,0.422673740849696,0.0628532233103394,20.8464763685487,2.39189039192959,21.7590333093917,30,0.882978723404255,0,0,0,0,0,0,0,0
496,"Plot_496",2014,"Conifer Forest",40118,"Yongzhou",111.518592886724,25.7386533670543,17,2,8.47918181601768,0.264028261481451,0.378306451612903,710,16.3,1511,51,111.666666666667,259.666666666667,333.333333333333,0,-1.51524982246117,-1.38495904528467,0,0,0,0,0,0,0,0,0,3.20997533631745,2.79821608637929,0.41,0.0589744198037889,21.4108085625,2.44392318225,22.0509391044924,30,1,0,0,0,0,0,0,0,0
497,"Plot_497",2014,"Conifer Forest",40118,"Yongzhou",111.757399954016,25.7367951081015,5,1,6.80064428183133,0.290254027960079,0.430483871,594,16.3,1499,52,115.666666666667,279.333333333333,273.333333333333,0.776833589787704,-1.3370955296595,-1.18001799741304,0.223023569698693,0.130679967382901,0.287724582323648,0.0957507272662813,0.0856119161372292,0.228340161178316,0.154959929010773,0.0534578882845645,0.576185532896128,3.09559133137697,2.83162942394229,0.41875,0.0615732059518702,21.2392987639309,2.35884758235815,20.6122235092604,29.6875,0.895833333333333,0,0,0,0,0,0,0,0
498,"Plot_498",2014,"Conifer Forest",40118,"Yongzhou",111.837520691191,25.7366814253495,11,2,6.7049435883061,0.187686064152623,0.525645161290323,467,17.3,1466,53,120,370,231.666666666667,0,-4.46982947858114,2.69531268140543,0,0,0,0,0,0,0,0,0,1.80279069767442,3.70906976744186,0.54,0.260101660605608,9.51428571428571,0.8125,28.1560210855065,30,1,0,0,0,0,0,0,0,0
499,"Plot_499",2014,"Conifer Forest",40118,"Chenzhou",112.474006612453,25.7321097314124,16,2,24.2954200187185,0.58209436372152,0.583924731182796,209,18.5,1431,61.3333333333333,128,338.666666666667,161.666666666667,0.868809232939109,-1.36002632617905,-1.14940061454696,0.208604473559957,0.126017568958593,0.324571774996065,0.136855476319114,0.194071182666204,0.194206526589641,0.104471165160761,0.0233895918246919,0.63734757285955,3.11304168455333,2.85125499134552,0.423875872551885,0.0619026232522619,20.8546031020859,2.37097973519123,21.2157904245992,29.9350649350649,0.883116883116883,0,0,0,0,0,0,0,0
500,"Plot_500",2014,"Conifer Forest",40118,"Chenzhou",112.635024575842,25.730030416604,6,1,4.10488227076683,0.176853503918209,0.559327957,263,18.2,1444,64.3333333333333,125,342.333333333333,178.666666666667,1.17781002956411,-1.86709913440363,-0.98134188384714,0.593882010085419,0.403907016641873,2.22044604925031e-16,0.664461539144889,0.274129614705663,0.229809610896029,0.14233102520661,0.530728730226811,1.68286437416866e-15,2.83966358930613,3.03791442350102,0.41,0.0808999999371602,20.4291748605263,2.54802149435526,23.6575396258119,33.9473684210526,1,0,0,0,0,0,0,0,0
501,"Plot_501",2014,"Conifer Forest",40118,"Chenzhou",112.793736237043,25.7278647272109,23,2,21.9182711271898,0.529834243331402,0.542661290322581,272,18.5,1444,63,126,302.333333333333,186.333333333333,1.15581568034714,-1.3541628770647,-1.0065295794074,0.418911125944558,0.417369658608071,0.31569530774969,0.221670832450293,0.202208632094819,0.193443327425485,0.158365893173084,0.210505284533885,0.675343043208484,2.973761632449,3.01611588743841,0.423421272775991,0.064246289394439,21.6041590719975,2.39838875687252,22.5851097933798,30.7708333333333,0.875,0,0,0,0,0,0,0,0
502,"Plot_502",2014,"Conifer Forest",40118,"Chenzhou",113.590019561091,25.7165142405331,16,2,8.05369167999071,0.400674609596903,0.409865591397849,459,16.8,1583,54,122,251.333333333333,252.666666666667,1.25582633125129,-2.42376163220743,0.125398763154453,0.36870606743824,0.18831341005734,0.435493207230888,0.4500892957304,0.127445964770702,0.411507026070217,0.229519667109217,0.510914857631677,0.555710846982981,2.0145449065861,3.62167001518401,0.428,0.128612308453174,18.0480628415461,2.66780985094278,25.7697890105654,41.5,0.9,0,0,0,0,0,0,0,0
503,"Plot_503",2014,"Conifer Forest",40118,"Chenzhou",113.908905079536,25.7099809054324,6,1,3.94146030439952,0.218681381009529,0.29760752688172,1082,14.4,1757,52.3333333333333,109.333333333333,198,326,0,-1.51524982246117,-1.38495904528467,0,0,0,0,0,0,0,0,0,3.20997533631745,2.79821608637929,0.41,0.0589744198037889,21.4108085625,2.44392318225,22.0509391044924,30,1,0,0,0,0,0,0,0,0
504,"Plot_504",2014,"Conifer Forest",40118,"Yongzhou",111.637726156932,25.7016609767608,8,1,9.97048769563923,0.43011850512326,0.54561828,327,17.6,1466,53,117.333333333333,273.666666666667,242,1.28287507221184,-1.9204096362131,-0.920187768477818,0.646858497932472,0.439937027309127,1.34572487833352e-16,0.723733983932836,0.298582997625754,0.25030948435914,0.155027482918862,0.578071710228678,1.56104085886689e-15,2.78355574884987,3.07423235336795,0.41,0.0842220575331256,20.2804424814394,2.56379396588636,23.9009639472239,34.5454545454545,1,0,0,0,0,1,0,0,0
505,"Plot_505",2014,"Conifer Forest",40118,"Chenzhou",113.468663088661,25.6824465249936,21,2,38.1590818342634,0.360365655525026,0.468951612903226,446,17.4,1537,56,124,291,211.333333333333,1.11993558832443,-1.21696594423294,-1.09129834456125,0.370503347560983,0.155518492548986,0.385876258102519,0.116575822120834,0.117876802167103,0.274807439278263,0.234487564577981,0.0605128749017111,0.843505751355537,3.00653076137824,2.83170029730624,0.421894549183017,0.061802848106756,21.1709699694759,2.33541665345375,19.7200865590627,29.6428571428571,0.836734693877551,0,0,0,0,0,0,0,0
506,"Plot_506",2014,"Conifer Forest",40118,"Chenzhou",113.628403453782,25.6796544677123,27,2,51.9085964271109,0.423912409790112,0.423279569892473,442,17.8,1537,55,123.666666666667,272.333333333333,218.333333333333,0.951592285560522,-1.34062021270565,-1.09917907285008,0.22666104879072,0.196952620158771,0.408805068519462,0.161237771449273,0.169968950082394,0.240410569880235,0.150187167457643,0.0775305003143213,0.659278662212342,3.09318444989797,2.87620058386602,0.425879674548329,0.0634147206111539,20.9297615104637,2.37025320578353,20.7953457620189,29.8066298342541,0.878453038674033,0,0,0,0,0,0,0,0
507,"Plot_507",2014,"Conifer Forest",40118,"Chenzhou",112.791325080192,25.6559664811952,6,1,8.81009663515948,0.295703061722115,0.429408602,319,18.1,1455,61.3333333333333,128,314,174,0.195722114277884,-1.55981740197388,-1.33383420483592,0.0986881073584803,0.0671190882099011,1.48029736616688e-17,0.110416632592188,0.0455533799421205,0.0381885208963575,0.0236518016331429,0.0881936361388014,1.33226762955019e-16,3.16306918169602,2.82857787574804,0.41,0.0617516599540159,21.2864682935833,2.45710896845,22.2544418371929,30.5,1,0,0,0,0,0,0,0,0
508,"Plot_508",2014,"Conifer Forest",40118,"Chenzhou",113.111511319997,25.6522450965865,34,3,55.3124653886868,0.334436587267517,0.2825,1055,14.5,1645,51,105.666666666667,215.333333333333,341,0.568572257202553,-1.56285017052299,-1.27146300517671,0.180697736980376,0.161248062776143,0.0736351952694749,0.182385359983723,0.193702402050959,0.236565220045137,0.0534861635828921,0.186063150057109,0.125956837423805,3.11936026261441,2.87196170112535,0.412797450763666,0.0638875972371227,20.9025410668944,2.51114139773749,22.1971809238281,31.0677083333333,0.979166666666667,0,0,0,0,0,0,0,0
509,"Plot_509",2014,"Conifer Forest",40118,"Chenzhou",113.19024253091,25.6506608187244,49,3,25.9624730199993,0.344636332224482,0.288252688,881,15,1628,52.6666666666667,111.666666666667,214.666666666667,353,0.291402060795206,-1.52269208835709,-1.28808670194723,0.109858524091393,0.0951356142017335,0.0895757556109575,0.11447292151628,0.0639183691738182,0.0519759932818725,0.0263263036833738,0.0757583345258789,0.114303089447075,3.15700167318285,2.84187628187251,0.413396226415094,0.0618954963547243,21.2338065856927,2.43765220824864,22.0038724287214,30.3301886792453,0.981132075471698,0,0,0,0,0,0,0,0
510,"Plot_510",2014,"Conifer Forest",40118,"Yongzhou",111.63692197842,25.6290761560709,25,2,41.1811153142455,0.279443691902128,0.60733871,272,18.2,1457,59,124.666666666667,298.666666666667,177.666666666667,0,-2.85227720784253,0.148786168177943,0,0,0,0,0,0,0,0,0,1.80279069767442,3.70906976744186,0.41,0.1422916243106,17.680600495,2.83949676825,28.1560210855065,45,1,0,0,0,0,0,0,0,0
511,"Plot_511",2014,"Conifer Forest",40118,"Chenzhou",113.548373139046,25.6087725782876,28,2,11.0809810574249,0.421557468584777,0.376397849462366,822,15.7,1631,54,119.333333333333,247,229.666666666667,0,-1.51524982246117,-1.38495904528467,0,0,0,0,0,0,0,0,0,3.20997533631745,2.79821608637929,0.41,0.0589744198037889,21.4108085625,2.44392318225,22.0509391044924,30,1,0,0,0,0,0,0,1,0
512,"Plot_512",2014,"Conifer Forest",40118,"Yongzhou",111.358328251182,25.5945871105717,25,2,33.4831289408806,0.25514955412818,0.386048387096774,661,16.6,1530,55,120.333333333333,272.666666666667,273.666666666667,0.725726132098864,-1.36524660931763,-1.16057347707391,0.113218407159517,0.160870696084536,0.373928795646852,0.0926118371608878,0.123146697178161,0.207676103376085,0.113392596160176,0.0747212979286328,0.505696870754513,3.1528120218681,2.86660985199348,0.425285552733119,0.0614488817953336,21.0537418906458,2.38465710363224,21.0145422956198,29.55,0.91,0,0,0,0,0,0,0,0
513,"Plot_513",2014,"Conifer Forest",40118,"Chenzhou",113.508630930005,25.5723023059023,32,3,12.1690062173281,0.450621626796071,0.400913978494624,517,16.9,1569,55,121,277.333333333333,216.333333333333,1.29790469926879,-1.25249115909007,-1.23220474749741,0.164241195076848,0.189958469824068,0.421307485920731,0.193688578732037,0.339187635464521,0.458006500141774,0.163439093388495,0.125680586334323,0.905707871358317,3.12672746650111,2.77874736736079,0.429079324758842,0.0649681203754421,20.2717572144994,2.58210438621708,20.8366924034966,29.8214285714286,0.821428571428571,0,0,0,0,0,0,0,0
514,"Plot_514",2014,"Conifer Forest",40118,"Yongzhou",112.194198006141,25.5537332347071,6,1,8.01030505204983,0.291740065806614,0.570940860215054,307,18.3,1443,59.3333333333333,125.333333333333,318,167.666666666667,1.34229618000865,-4.08292023789876,2.16099138386268,0.348550977343682,0.237054133675891,0.397710169637892,0.94139565329347,0.513108343598496,0.556254666523239,0.0835344682943956,7.26931742314091e-17,8.51170985545953e-16,1.98706487654434,3.58979130920748,0.52297619047619,0.233763569548227,11.0721637063138,1.02613875005655,27.3565460641832,30,1,0,0,0,0,0,0,0,0
515,"Plot_515",2014,"Conifer Forest",40118,"Yongzhou",112.272990083635,25.5531144609039,6,1,2.57622688909339,0.236999291590148,0.514489247311828,503,17.3,1466,55,120,284.666666666667,237.333333333333,0,-1.51524982246117,-1.38495904528467,0,0,0,0,0,0,0,0,0,3.20997533631745,2.79821608637929,0.41,0.0589744198037889,21.4108085625,2.44392318225,22.0509391044924,30,1,0,0,0,0,0,0,0,0
516,"Plot_516",2014,"Conifer Forest",40118,"Chenzhou",112.513549205111,25.5495977864987,11,2,30.3472899124126,0.378556936379966,0.553010752688172,387,17.8,1455,60,125,312,182,0.202694610630599,-2.78901121473253,0.117882118382094,0.0654842459048905,0.0578202850057504,0.0242889400561675,0.107666426138042,0.0423132416468109,0.0536714655553056,0.0360535138423235,0.0820327743870606,0.0629990686344826,1.83383789952609,3.68297928157004,0.410912940961978,0.139590280523985,17.7958099489758,2.82101100996481,27.8465826621314,44.5360824742268,0.989690721649485,0,0,0,0,0,0,0,0
517,"Plot_517",2014,"Conifer Forest",40118,"Chenzhou",113.626490770871,25.5349083513331,26,2,15.5295278086684,0.445865444903552,0.426021505376344,707,16.5,1608,54.6666666666667,123,268.666666666667,177,0.489802989587909,-1.40323342934803,-1.23573340725132,0.125664847017487,0.0883806815817884,0.23101916463219,0.0484770113533645,0.070415239936235,0.110754843752998,0.0878895508166303,0.0357187456248718,0.354889614899585,3.14847268912039,2.83938350663876,0.419154189251263,0.0599383026057069,21.2128962327127,2.40454543091542,21.2722604783851,29.7959183673469,0.938775510204082,0,0,0,0,0,0,0,0
518,"Plot_518",2014,"Conifer Forest",40118,"Chenzhou",112.630823987274,25.5133419814446,11,2,12.7308720053186,0.244211027145596,0.411532258,730,16.1,1513,61.3333333333333,119.333333333333,306.333333333333,224,0.76587948711506,-2.50907447672358,0.159365053586614,0.0399076258400361,0.155489960444051,0.205128406216039,0.339403496167477,0.0523848367982081,0.122276470315366,0.217105623724898,0.235845050898976,0.532048681918702,1.78252491694352,3.63392026578073,0.418433835553514,0.133170724492357,17.8333708994762,2.79438825403571,26.1602095535535,43.5714285714286,0.904761904761905,0,0,0,0,0,0,0,0
519,"Plot_519",2014,"Conifer Forest",40118,"Chenzhou",112.869769693109,25.5107228077153,7,1,20.439926179132,0.379968671560191,0.23502688172043,1261,13.9,1657,54,104.333333333333,222.333333333333,360.333333333333,0,-1.51524982246117,-1.38495904528467,0,0,0,0,0,0,0,0,0,3.20997533631745,2.79821608637929,0.41,0.0589744198037889,21.4108085625,2.44392318225,22.0509391044924,30,1,0,0,0,0,0,0,0,0
520,"Plot_520",2014,"Conifer Forest",40118,"Chenzhou",112.948854279845,25.509620271963,37,3,48.4427894059883,0.481406528488874,0.333037634408602,757,15.4,1574,54.6666666666667,113.333333333333,248.333333333333,296.666666666667,0.777361565822438,-1.71671970245014,-1.1538467528451,0.391965629164009,0.266581013085442,6.69175521691875e-17,0.438548534596547,0.180927162425981,0.151675698527797,0.0939393160547889,0.350284092001451,1.22276618054606e-15,2.99793381542603,2.93546801092296,0.41,0.0715290670582399,20.8487224153425,2.50353016096233,22.9708829646452,32.2602739726027,1,0,0,0,0,0,0,0,0
521,"Plot_521",2014,"Conifer Forest",40118,"Chenzhou",113.107939540524,25.5070123380761,5,1,8.88916888130923,0.244459083600516,0.451854838709677,689,16.7,1522,59,125,298.666666666667,182.666666666667,2.46593979424834,-3.24804258411205,1.16802809102113,0.0295490880013779,0.115130540285928,0.828807481976788,1.26737155746001,0.757618456322595,1.41553439815519,0.160753065260151,0.681050888554142,0.393948599850323,1.78821599235425,3.65502389295954,0.467709265295335,0.18253332036673,14.5463171743738,2.00181042201027,26.7206771755403,38.013698630137,0.931506849315068,0,0,0,0,0,0,0,0
522,"Plot_522",2014,"Conifer Forest",40118,"Chenzhou",113.505637500413,25.5010680592939,22,2,15.8048734047092,0.428962563567901,0.39258064516129,655,16.9,1570,55,120,251.666666666667,233,1.60985472073348,-1.1270830407348,-1.0276131527791,0.36727959094964,0.267408326813344,0.568044478359163,0.242143261020457,0.312224424889111,0.470697759276383,0.260883014090991,0.159555922008578,1.09607662126821,2.98659950881102,2.84793906299958,0.437470042047984,0.0657979699504714,20.2633384317042,2.54070580095492,19.6371470285462,29.8717948717949,0.769230769230769,0,0,0,0,0,0,0,0
523,"Plot_523",2014,"Conifer Forest",40118,"Chenzhou",113.586106114814,25.4997964230524,5,1,29.8999912362373,0.348351470203158,0.371478495,1024,15.6,1655,55,113.666666666667,224,314.666666666667,1.85466453245966,-1.05493525515024,-0.57535436623029,0.309518957064761,0.442304391660789,0.98751294156664,0.250475502911108,0.29281465342554,0.56602364065454,0.285908771199395,0.186193461236034,1.26011529928114,3.01088185398336,3.06899032624976,0.461428571428571,0.0675004913578914,20.3291535140602,2.17943118194366,18.7217514509544,28.5714285714286,0.714285714285714,1,0,0,0,0,0,0,0
524,"Plot_524",2014,"Conifer Forest",40118,"Chenzhou",112.829692926319,25.4751063769438,6,1,12.1610989403583,0.348332552244494,0.272903225806452,1145,14.1,1636,53.6666666666667,106.666666666667,234,310,0,-1.51524982246117,-1.38495904528467,0,0,0,0,0,0,0,0,0,3.20997533631745,2.79821608637929,0.41,0.0589744198037889,21.4108085625,2.44392318225,22.0509391044924,30,1,0,0,0,0,0,0,0,0
525,"Plot_525",2014,"Conifer Forest",40118,"Chenzhou",113.465021797169,25.4660590570904,5,1,2.46920491587038,0.195946560382529,0.359301075268817,869,15.1,1661,54.3333333333333,115,222.333333333333,276,1.50598378042259,-2.12298954308906,-0.687802130074391,0.759355628007685,0.516447814667236,2.22044604925031e-16,0.849600763747243,0.350510475473711,0.293841568595513,0.181988784296056,0.678605920703231,1.97821557115028e-15,2.57034595511607,3.21224048686228,0.41,0.0968458763977939,19.7152594409091,2.62372935770455,24.8259763685897,36.8181818181818,1,0,0,0,0,0,0,0,0
526,"Plot_526",2014,"Conifer Forest",40118,"Chenzhou",113.783556495195,25.4598645394137,17,2,58.0721927183497,0.269305405473337,0.334301075268817,506,17.2,1606,52,117.666666666667,228,252.666666666667,0.0616305257487563,-1.49923947980591,-1.38319377757726,0.0160326883557024,0.0124575843082866,0.00958658809545437,0.00433059468938273,0.00825957285787281,0.0178294111876786,0.0132117653510356,0.00366398845821376,0.0493933071589973,3.20254916988238,2.79272436536009,0.410115142231096,0.0590805697535248,21.3952526270546,2.44725357237502,21.9401594041186,29.9798387096774,0.991935483870968,0,0,0,0,0,0,1,0
527,"Plot_527",2014,"Conifer Forest",40118,"Yongzhou",111.357142916054,25.4497947810812,22,2,52.6019990743005,0.300932750245903,0.427930108,587,16.5,1543,56,120,303.333333333333,279.333333333333,0,-1.51524982246117,-1.38495904528467,0,0,0,0,0,0,0,0,0,3.20997533631745,2.79821608637929,0.41,0.0589744198037889,21.4108085625,2.44392318225,22.0509391044924,30,1,0,0,0,0,0,0,0,0
528,"Plot_528",2014,"Conifer Forest",40118,"Chenzhou",112.709589386405,25.4404403033062,6,1,0.812426184483693,0.50357629903976,0.516505376344086,294,18.5,1438,63.3333333333333,126.666666666667,313.333333333333,164,3.00598303713492,-2.92049194524722,1.06003000400877,0.664710391543233,0.485837695749022,0.735335630296945,2.0731567387876,1.11290311249288,1.0947249845995,0.268075601629805,2.46716227694479e-16,0.609833576936056,2.29376438859161,3.32666634403857,0.492061697034655,0.169369694273547,14.7999284060641,1.47019943703741,24.1426200801284,30,0.888888888888889,0,0,0,0,0,0,0,0
529,"Plot_529",2014,"Conifer Forest",40118,"Yongzhou",111.318015901164,25.4138771985722,6,1,12.5171488783651,0.182327618960835,0.501451612903226,423,18,1521,51.3333333333333,116.666666666667,257.666666666667,344,0.0357823465609921,-1.50507891731512,-1.3772865916474,0.012540230717182,0.00219735003800498,0.0113357839825487,0.00236557374819426,2.76247043927936e-05,0.00865124162074983,0.00669860391238082,2.12482875526346e-18,0.0294020171934555,3.20418598064129,2.7991815596502,0.410423709441684,0.0589166268191895,21.4107353224672,2.44102175739037,21.9949568981558,30,0.995215311004785,0,0,0,0,0,0,0,0
530,"Plot_530",2014,"Conifer Forest",40118,"Yongzhou",111.477550335921,25.4117755804098,9,1,26.3854217756327,0.236011401416837,0.666290322580645,212,18.9,1485,57.3333333333333,123.333333333333,256.666666666667,172.666666666667,0.327944416528491,-4.41171382813544,2.60382071087031,0,0,0.121046965647448,0.167830463417098,0.107201869963871,0.210352319559591,0,0.0948038433878565,0,1.80279069767442,3.70906976744186,0.535329341317365,0.255868964690817,9.80768624532934,0.885326231194611,28.1560210855065,30.5389221556886,1,0,0,0,0,1,0,0,0
531,"Plot_531",2014,"Conifer Forest",40118,"Yongzhou",111.795631393457,25.4122124804206,20,2,39.2078371491371,0.504068201213252,0.581317204301075,282,18.5,1467,57,124,305,183,0.1971597109781,-2.88669321360293,0.202967583352996,0,0,0.0727732614400325,0.100899432931071,0.064449609851956,0.126463511612612,0,0.0569959341275718,0,1.80279069767442,3.70906976744186,0.412765957446808,0.144798220827515,17.5068491166869,2.79636917743617,28.1560210855065,44.6808510638298,1,0,0,0,0,0,0,0,0
532,"Plot_532",2014,"Conifer Forest",40118,"Yongzhou",111.955126198617,25.4101254257107,19,2,38.6111120659492,0.277939888732088,0.482526882,626,17,1486,53.6666666666667,118.666666666667,295.333333333333,254.666666666667,0,-1.51524982246117,-1.38495904528467,0,0,0,0,0,0,0,0,0,3.20997533631745,2.79821608637929,0.41,0.0589744198037889,21.4108085625,2.44392318225,22.0509391044924,30,1,0,0,0,0,0,0,0,0
533,"Plot_533",2014,"Conifer Forest",40118,"Yongzhou",112.112385501172,25.409200081383,25,2,40.622472972101,0.386088396072926,0.412338709677419,655,16.8,1489,54.3333333333333,118.333333333333,256.666666666667,252,1.8157125087319,-1.05400274638865,-0.665437976653342,0.286893161808468,0.422693168486412,0.932305579912329,0.232359416182463,0.299051576104326,0.554367748807131,0.279378635733547,0.18355513312117,1.24225969038921,3.02842154540018,3.02339064638067,0.458105936588649,0.0668109302798946,20.3162958835689,2.24150983655251,18.8277727963665,28.6046511627907,0.720930232558139,0,0,0,0,0,0,0,0
534,"Plot_534",2014,"Conifer Forest",40118,"Yongzhou",112.35165629277,25.4080882907191,6,1,3.86061779233756,0.161686349885106,0.581559139784946,298,18.4,1450,62,124,327.333333333333,193,0,-4.46982947858114,2.69531268140543,0,0,0,0,0,0,0,0,0,1.80279069767442,3.70906976744186,0.54,0.260101660605608,9.51428571428571,0.8125,28.1560210855065,30,1,0,0,0,0,0,0,0,0
535,"Plot_535",2014,"Conifer Forest",40118,"Chenzhou",112.826898047684,25.402562226274,9,1,15.0126865574005,0.314191351732339,0.428494623655914,1051,13.9,1650,54,115.333333333333,238.333333333333,275.333333333333,1.89817563985956,-1.24079750725339,-0.926732117839026,0.59171642284781,0.423824323783813,0.526951430560736,0.493104641611353,0.364897942788437,0.547185058577094,0.316670550335775,0.4106989880546,1.10632976604095,2.80052747613096,2.83293590576679,0.435585994191474,0.0748279243263326,20.2813574301757,2.54726605881587,19.9626209265231,31.7096774193548,0.766129032258065,0,0,0,0,0,0,0,0
536,"Plot_536",2014,"Conifer Forest",40118,"Chenzhou",113.705235657362,25.3928648908512,15,2,28.7197375274847,0.367108204507559,0.45811828,442,17.9,1565,56,126,306.333333333333,175.666666666667,0.945084850023773,-1.57074646203263,-1.07127428493954,0.401336764499373,0.278976451225407,0.194438646916842,0.405626277599453,0.194522100703208,0.148608753237827,0.0932997342878979,0.316036582459924,0.32397408774728,2.98385503525761,2.94683120484575,0.417658430987257,0.0701995668832068,20.9314980628648,2.45685705226779,22.1697154349037,31.6388888888889,0.944444444444444,0,0,0,0,1,0,0,0
537,"Plot_537",2014,"Conifer Forest",40118,"Yongzhou",111.914130762951,25.3744170149862,12,2,22.95890612287,0.316516532591903,0.405456989,618,16.3,1506,52,115,263.333333333333,294.666666666667,0,-1.51524982246117,-1.38495904528467,0,0,0,0,0,0,0,0,0,3.20997533631745,2.79821608637929,0.41,0.0589744198037889,21.4108085625,2.44392318225,22.0509391044924,30,1,0,0,0,0,0,0,0,0
538,"Plot_538",2014,"Conifer Forest",40118,"Yongzhou",112.390681077271,25.3710009358652,11,2,24.810147469317,0.300291888543006,0.494301075,319,18.3,1452,60.3333333333333,125.333333333333,311,188.666666666667,0.199630018388774,-2.76943516929658,0.151339692242105,0.0104021066164185,0.0405291748701092,0.0534676645528383,0.0884670856460069,0.013654349162309,0.0318719255812944,0.0565895815016082,0.0614740995678226,0.138680941247349,1.797898957498,3.69093023255814,0.412035753409469,0.140090027802748,17.7174761098736,2.82860850619828,27.6742734743454,44.6551724137931,0.977011494252874,0,0,0,0,0,0,0,0
539,"Plot_539",2014,"Conifer Forest",40118,"Yongzhou",111.159132738881,25.3419564634162,42,3,10.8077077386669,0.272743936611814,0.348360215053763,1543,12.2,1685,51,108.666666666667,215.666666666667,327.333333333333,0,-1.51524982246117,-1.38495904528467,0,0,0,0,0,0,0,0,0,3.20997533631745,2.79821608637929,0.41,0.0589744198037889,21.4108085625,2.44392318225,22.0509391044924,30,1,0,0,0,0,0,0,0,0
540,"Plot_540",2014,"Conifer Forest",40118,"Chenzhou",112.509633800081,25.334712833207,5,1,6.32254868422618,0.171221207970677,0.515403225806452,349,18,1456,61.6666666666667,124.333333333333,319.666666666667,168,0,-1.51524982246117,-1.38495904528467,0,0,0,0,0,0,0,0,0,3.20997533631745,2.79821608637929,0.41,0.0589744198037889,21.4108085625,2.44392318225,22.0509391044924,30,1,0,0,0,0,0,0,0,0
541,"Plot_541",2014,"Conifer Forest",40118,"Chenzhou",112.389950476117,25.299248339289,22,2,28.9146867765731,0.356145448671429,0.42983871,538,16.6,1493,54.6666666666667,114.333333333333,247.666666666667,258.666666666667,0.160805343460637,-1.48074710538567,-1.33805081584228,0.035852352422513,0.0303432941014288,0.0762891066107287,0.0156735289400649,0.0182740765329776,0.0465890851077846,0.0266270150924222,0.0116203319782439,0.117194656595787,3.19317772526806,2.81174643213873,0.412893904989109,0.059281540881837,21.3618608689134,2.42806613839318,21.8251030096594,29.9354838709677,0.980645161290323,0,0,0,0,0,0,0,0
542,"Plot_542",2014,"Conifer Forest",40118,"Chenzhou",112.549047994548,25.2980238084955,28,2,10.7587221775981,0.472127858800085,0.58510752688172,371,18.4,1448,61.6666666666667,126.333333333333,280,167,0.999054908664754,-2.52470738884591,0.293216297425467,0.152700392758551,0.00832447736428134,0.477907497647065,0.217224011474843,0.00208061406167985,0.39098042790543,0.210861670011963,0.360433761997656,0.609833576936055,1.88171930328261,3.71316489616231,0.43,0.136349851636439,17.6744244281068,2.6926861474642,26.1829945556846,42.7777777777778,0.888888888888889,0,0,0,0,0,0,0,0
543,"Plot_543",2014,"Conifer Forest",80415,"Yueyang",113.347713297709,29.3279860043492,6,1,7.51172895158881,0.274973413960841,0.636290323,100,16.8,1358,59,128,257.333333333333,204.333333333333,0.870954644374441,-1.54668689573628,-1.07022043110428,0.322851664664289,0.276719955051342,0.270880286054738,0.337596491922887,0.18599025249135,0.161982028942782,0.0825874835397096,0.241017091488866,0.345656627233367,3.03447994286518,2.94137535597731,0.420714285714286,0.0686856565686851,20.8302058495512,2.42649435704332,21.9387947224828,31.1309523809524,0.94047619047619,0,0,0,0,0,0,0,0
544,"Plot_544",2014,"Conifer Forest",40118,"Yongzhou",112.111935180813,25.2654221034956,26,2,26.9705572128648,0.348356509222065,0.360645161290323,570,16.2,1503,53,109.333333333333,221.666666666667,328,0.552055059650431,-1.35560400374577,-1.24296465562343,0.206242879689661,0.0485123424384089,0.201108009009792,0.0300662405208138,0.0548232413347521,0.0741072565310508,0.114330628024171,0.0136140076684291,0.432332946459059,3.10744914641686,2.82116829083428,0.4180942589886,0.0586775377720295,21.2565743761683,2.41716079987901,21.0220716010802,29.9242424242424,0.924242424242424,0,0,0,0,0,0,0,0
545,"Plot_545",2014,"Conifer Forest",40118,"Chenzhou",112.429444434126,25.2628693214326,9,1,12.5320160333611,0.342610423664183,0.386290322580645,851,16,1513,55,119,245.666666666667,265,1.17187457254897,-1.13787467799084,-1.09361040376193,0.477879338632657,0.0860771295288417,0.35520465247461,0.0600674120331037,0.108259414321747,0.160515652330633,0.261851994400619,0.0230818340375249,0.918530325591705,2.94162003226358,2.81396337116184,0.422688278698793,0.0589849755713771,21.1522568540068,2.3784418511955,19.3890569636024,29.8701298701299,0.818181818181818,0,0,0,0,0,0,0,0
546,"Plot_546",2014,"Conifer Forest",40118,"Yongzhou",111.198311913082,25.2332968384054,14,2,4.73203936411836,0.372956249294998,0.489354839,674,16.5,1579,52.6666666666667,120,281,270.333333333333,0.650193320206966,-1.31914960637941,-1.25451168779765,0.249897799781618,0.0337207155828836,0.160637983131171,0.0341815074535519,0.0137732281632323,0.15957254402719,0.135073891376504,4.49375986157801e-17,0.532048681918703,3.08307292333484,2.79787577883296,0.414896805236564,0.0585309148169105,21.4469164753118,2.385055925517,20.8092299978845,30,0.904761904761905,0,0,0,0,0,0,0,0
547,"Plot_547",2014,"Conifer Forest",40118,"Yongzhou",111.039178842656,25.161153924827,16,2,6.96584736435978,0.239336612138153,0.535026882,602,16.8,1603,52.6666666666667,117.666666666667,261,294.333333333333,0.174482723965545,-1.47125995934351,-1.38975850762731,0.00629196358853437,0.0346288481833095,0.0485619571870413,0.00731285012374812,0.0419056747169539,0.0904030315159955,0.0255623906346635,0.0186112648101816,0.125956837423805,3.20702296257619,2.78275145815109,0.411844901527331,0.0591560072129472,21.297885107727,2.47473918530838,21.8338052172383,29.8958333333333,0.979166666666667,0,0,0,0,0,0,0,0
548,"Plot_548",2014,"Conifer Forest",40118,"Yongzhou",111.118092538551,25.1617890496675,14,2,25.9847203133451,0.262822452404273,0.57244623655914,502,18.3,1572,52,118.333333333333,273.333333333333,294,0,-1.51524982246117,-1.38495904528467,0,0,0,0,0,0,0,0,0,3.20997533631745,2.79821608637929,0.41,0.0589744198037889,21.4108085625,2.44392318225,22.0509391044924,30,1,0,0,0,0,1,0,0,0
549,"Plot_549",2014,"Conifer Forest",40118,"Yongzhou",112.150577354677,25.1568152010115,6,1,5.63725443330001,0.208787158877889,0.379086021505376,722,16,1509,54.6666666666667,116.666666666667,265.666666666667,245,0,-1.51524982246117,-1.38495904528467,0,0,0,0,0,0,0,0,0,3.20997533631745,2.79821608637929,0.41,0.0589744198037889,21.4108085625,2.44392318225,22.0509391044924,30,1,0,0,0,0,0,0,0,0
550,"Plot_550",2014,"Conifer Forest",40118,"Yongzhou",111.07956437059,25.1253360908073,17,2,31.4017405763009,0.42609655119083,0.53505376344086,244,18.9,1574,61.3333333333333,126,218.333333333333,203,1.55795003047246,-3.73709784858942,2.31945875381154,0.257355406855225,0.194032886973256,0.0531008330718964,0.89617169210677,0.888694297684327,0.438005042835331,0.242140959639919,0.32439038579789,0.609833576936056,1.93581395348837,3.61361757105943,0.537777777777778,0.23558849359721,12.1522739559454,0.976968059412732,25.8903151499565,28,0.888888888888889,0,0,0,0,0,0,0,0
551,"Plot_551",2014,"Conifer Forest",40118,"Yongzhou",111.873151479073,25.1222260376521,22,2,49.2783870940546,0.366332430831402,0.403467741935484,674,16.9,1506,54,117.666666666667,237.333333333333,337.666666666667,1.18815913634688,-1.23282912719561,-1.02116421909938,0.259833633507228,0.247062338400584,0.529300429737841,0.144460894653478,0.172855097892359,0.333544545940786,0.203522463258497,0.110694659472191,0.85401913359533,3.06897273797989,2.89389605014717,0.430599304766506,0.0630243494892423,21.0441861094114,2.32094534744115,20.1622954246203,29.3367875647668,0.83419689119171,0,0,0,0,0,0,0,0
552,"Plot_552",2014,"Conifer Forest",40118,"Yongzhou",112.110885696464,25.1213751111968,28,2,54.4344296212877,0.30413482207145,0.38997311827957,673,17.2,1492,53.6666666666667,118.666666666667,268.666666666667,248,0,-1.51524982246117,-1.38495904528467,0,0,0,0,0,0,0,0,0,3.20997533631745,2.79821608637929,0.41,0.0589744198037889,21.4108085625,2.44392318225,22.0509391044924,30,1,0,0,0,0,0,0,0,0
553,"Plot_553",2014,"Conifer Forest",40118,"Yongzhou",111.752554373505,25.0862480355754,10,1,15.7120679577475,0.248328136018389,0.389220430107527,735,17,1513,53.6666666666667,119.333333333333,225.666666666667,278.333333333333,1.06600204133056,-1.34169382231145,-1.19757150390953,0.420848856192855,0.15103075984108,0.169913950862153,0.235127235580644,0.153961215969754,0.234338321069289,0.191037813617811,0.168092915480244,0.696650162541537,2.9742632845397,2.80280900170576,0.413226316541622,0.0652283478625895,21.0545190678295,2.46559640569239,20.680004922918,30.787037037037,0.87037037037037,0,0,0,0,0,0,0,0
554,"Plot_554",2014,"Conifer Forest",40118,"Yongzhou",111.990434589189,25.0855639842337,21,2,37.6382565399475,0.354254210073765,0.313064516,920,16.1,1513,54.6666666666667,114.333333333333,203,293.666666666667,0.727244500520423,-1.33807678329008,-1.29554681523325,0.105017724550506,0.0908733223014733,0.251358529398008,0.0927438168373497,0.153512897253797,0.244580625522627,0.113323117836293,0.0988403328214827,0.512762317860159,3.15591120689077,2.79502108956584,0.420290903260381,0.0611540827787623,21.1051009405371,2.50503444639515,21.1219580771231,29.6720430107527,0.908602150537634,0,0,0,0,0,0,0,0
555,"Plot_555",2014,"Conifer Forest",40118,"Yongzhou",112.149009465476,25.0750697734829,6,1,3.32154143196146,0.194743645748127,0.356048387,982,15.2,1534,53,116,218,307.333333333333,0.209185757255128,-1.5630008005105,-1.33018243051815,0.105476821288312,0.071736182419977,1.58603289232165e-17,0.118012146903157,0.0486869780345499,0.0408154933929226,0.0252787992472455,0.0942604397507422,5.55111512312578e-16,3.1597187420802,2.83074657498867,0.41,0.0619500342504607,21.2775868458036,2.45805081032143,22.2689777466715,30.5357142857143,1,0,0,0,0,0,0,0,0
556,"Plot_556",2014,"Conifer Forest",40118,"Yongzhou",111.713675125408,25.0513710657828,12,2,16.8871630714607,0.386571634610813,0.464301075268817,417,18.3,1499,56.6666666666667,120.666666666667,271,278,0.500913391882852,-1.38268657976771,-1.35437098391908,0.183131564034989,0.0954903514646976,0.0812355663371284,0.040631416613928,0.0353358656449951,0.0999463623571968,0.118839592179331,0.0154589279795554,0.396464337918893,3.11960223375654,2.75336718761416,0.40842336678124,0.0600355089645533,21.398171246756,2.43563825051575,20.9892969682566,29.9137931034483,0.931034482758621,0,0,0,0,0,0,0,0
557,"Plot_557",2014,"Conifer Forest",40118,"Yongzhou",111.950274376837,25.049847240737,22,2,36.4437868482822,0.338936239230356,0.379677419,859,15.4,1534,56,119,250.333333333333,286,0.75905671172965,-1.29750725093635,-1.25105464388595,0.177107499878127,0.0672454510970117,0.280987472466386,0.0427629355263305,0.128806060784844,0.163310553148576,0.14100266912199,0.0534578882845645,0.586342477871366,3.11892896291506,2.7999005477781,0.421695115956592,0.0595048571806972,21.0330764016085,2.4695314835085,20.7387572143047,29.6875,0.89375,0,0,0,0,0,0,0,0
558,"Plot_558",2014,"Conifer Forest",40118,"Yongzhou",112.028924346308,25.0491517445543,19,2,43.326164170371,0.299732149651682,0.328790323,838,15.8,1519,53.6666666666667,106,227,332.666666666667,0,-1.51524982246117,-1.38495904528467,0,0,0,0,0,0,0,0,0,3.20997533631745,2.79821608637929,0.41,0.0589744198037889,21.4108085625,2.44392318225,22.0509391044924,30,1,0,0,0,0,0,0,0,0
559,"Plot_559",2014,"Conifer Forest",40118,"Yongzhou",112.110074973477,25.0491090079511,4,1,31.7067685585888,0.212268541262007,0.411586021505376,461,17.7,1491,54,118,244.333333333333,271.666666666667,0,-1.51524982246117,-1.38495904528467,0,0,0,0,0,0,0,0,0,3.20997533631745,2.79821608637929,0.41,0.0589744198037889,21.4108085625,2.44392318225,22.0509391044924,30,1,0,0,0,0,1,0,0,0
560,"Plot_560",2014,"Conifer Forest",40118,"Yongzhou",111.910733688007,25.0143769085648,18,2,29.3703870746682,0.312543248228387,0.431801075268817,701,16.6,1510,54,120.666666666667,253.666666666667,256.666666666667,0.40028968188942,-1.58000803788238,-1.26338240227996,0.186732018777788,0.137660466721336,0.0483831970758394,0.204516426601284,0.0930902324618819,0.0691726282334765,0.0426476559340847,0.156386549627082,0.0617393497311301,3.11765276035758,2.86299216643911,0.411818181818182,0.064325374121771,21.1464950162925,2.45854661169371,22.3032455196308,30.8585858585859,0.98989898989899,0,0,0,0,0,0,0,0
561,"Plot_561",2014,"Conifer Forest",40118,"Yongzhou",111.99018215061,25.0134448151816,27,2,35.8581860564211,0.278876371480145,0.338440860215054,1015,15,1547,54.6666666666667,110.333333333333,200.333333333333,310.666666666667,1.07879704932789,-1.26691373771629,-1.09709018526682,0.228160800928183,0.172767995612197,0.451532195858951,0.13039564121837,0.187637524872556,0.271835960448913,0.173624919091154,0.074843916906011,0.81185324102369,3.0949325278685,2.85353646776891,0.427633865900585,0.0624280913659148,20.8946537764243,2.35322327581227,20.468553586501,29.5491803278689,0.844262295081967,0,0,0,0,0,0,0,0
562,"Plot_562",2014,"Conifer Forest",40118,"Chenzhou",112.862066645016,25.0055065383001,10,1,6.93433830732713,0.341014179834726,0.416612903225806,785,16.4,1535,56,115.333333333333,204,248,0.4818223664045,-1.4809588750636,-1.24855521816932,0.226126852998128,0.101008819315231,0.0990028751919217,0.143449318771097,0.0587829140572787,0.0777973767795288,0.0598908884903149,0.113827911840706,0.256787200874303,3.09618577218873,2.84659163397421,0.41385022927443,0.0620717446179429,21.2479600740499,2.43475691226464,21.8076695765214,30.6521739130435,0.956521739130435,0,0,0,0,0,0,0,0
563,"Plot_563",2014,"Conifer Forest",40118,"Yongzhou",111.059623142282,24.9807739965338,15,2,24.8032083077381,0.218502464142102,0.490215053763441,378,18.8,1511,53,118.666666666667,243,289.333333333333,0,-1.51524982246117,-1.38495904528467,0,0,0,0,0,0,0,0,0,3.20997533631745,2.79821608637929,0.41,0.0589744198037889,21.4108085625,2.44392318225,22.0509391044924,30,1,0,0,0,0,1,0,0,0
564,"Plot_564",2014,"Conifer Forest",40118,"Yongzhou",111.791592897041,24.9789157458186,12,2,14.1823065768388,0.247335545016773,0.486236559,531,18.1,1500,55.3333333333333,122,253,264,0.354574080340012,-1.4319067297068,-1.35698357597945,0.0719239549578561,0.0483710797652976,0.0990028751919216,0.0342109299680651,0.0723374856641735,0.132615489541502,0.0571005646458831,0.0262532389262235,0.256787200874303,3.1751638068276,2.78564516528138,0.41385022927443,0.0596530503088556,21.2111495960415,2.4847042153246,21.6006793610096,29.963768115942,0.956521739130435,0,0,0,0,0,0,0,0
565,"Plot_565",2014,"Conifer Forest",40118,"Yongzhou",111.871669141406,24.9785947217877,24,2,64.1955624588484,0.456487398897376,0.490672043010753,444,18,1500,56,122.666666666667,291.333333333333,244,1.04594663520197,-1.26245303680744,-1.10001018684033,0.397938735516827,0.146453731471242,0.335945955376095,0.139121258384444,0.127130583198349,0.192573458130294,0.214436967472642,0.0522165220608827,0.759080924657965,2.99161879486954,2.84426758312906,0.421400302773889,0.0619558855194027,21.0960116529202,2.37771472965626,20.1049102909057,30.0478468899522,0.856459330143541,0,0,0,0,0,0,0,0
566,"Plot_566",2014,"Conifer Forest",40118,"Yongzhou",111.059566165413,24.9447097055964,27,2,39.2527665588881,0.340927136717791,0.666370968,390,18.2,1587,52.3333333333333,118,229.666666666667,276,0.219238295034333,-1.56538834941297,-1.32744359977982,0.110545568533556,0.0751835045196037,1.66533453693773e-17,0.123683286184892,0.0510266578123214,0.0427769046031936,0.0264935859888492,0.0987901775498751,1.49880108324396e-16,3.15720591236834,2.83237309941914,0.41,0.0620988149727943,21.2709257599688,2.458757191725,22.2798796787804,30.5625,1,0,0,0,0,0,0,0,0
567,"Plot_567",2014,"Conifer Forest",40118,"Yongzhou",111.831675281043,24.9425811510119,30,2,46.7531210567391,0.398744907830701,0.468306451612903,661,17.1,1509,56,120.333333333333,252.666666666667,285.666666666667,1.853773420108,-0.78414737157962,-0.869345268457979,0.769764515268778,0.164576708774489,0.549574897165226,0.128980597401772,0.181201065292184,0.280075336842173,0.419389033600711,0.0345921404522833,1.41429180239782,2.66142415689473,2.78628301141455,0.427478014469453,0.0597799596011735,21.0267680918651,2.31461744851142,16.6406889877823,29.8026315789474,0.644736842105263,0,0,0,0,0,0,0,0
568,"Plot_568",2014,"Conifer Forest",40118,"Yongzhou",111.911705093944,24.9419234102649,22,2,32.3183614967602,0.36200250732544,0.428091398,729,17.4,1504,57,121,269.333333333333,241,0.799459986705632,-1.32630662029575,-1.27323577113628,0.377113296723087,0.115883949349734,0.132629892110113,0.0992204484863436,0.0497600128766594,0.167813716942141,0.190535817121828,0.036245705183095,0.591841549870018,3.01290168089218,2.75936829142281,0.406548092751246,0.0613809170030958,21.468418891088,2.38712190442776,20.3673538445615,30.2013422818792,0.892617449664429,0,0,0,0,0,0,0,0
569,"Plot_569",2014,"Conifer Forest",40118,"Yongzhou",111.63308564463,24.9069976816008,19,2,17.038716910309,0.344824889707604,0.457634409,666,16.8,1531,52,120.666666666667,226,236,0.503133907767603,-1.4204791762501,-1.21827572900877,0.0839663883525166,0.119988457806941,0.267892784148182,0.0679490637655048,0.0794348402372398,0.153551049921508,0.0775614105952683,0.0505106137055539,0.341844427209831,3.16898550171926,2.85396372399968,0.420588235294118,0.0607297874766924,21.1881148760565,2.38946894689281,21.3655181169993,29.7058823529412,0.941176470588235,0,0,0,0,0,0,0,0
570,"Plot_570",2014,"Conifer Forest",80101,"Zhangjiajie",110.505103568279,29.3115019010773,12,2,12.4333817124838,0.325648262490364,0.525053763,508,15.4,1447,57.6666666666667,124,316.333333333333,313.333333333333,0.601570858389601,-1.34715034095367,-1.2718603846985,0.181179452554274,0.0600651712816119,0.166467984394298,0.0590387482113475,0.0821922053076762,0.147417229669747,0.132494785876168,0.066243526099067,0.460047937604611,3.1193867454849,2.7994089190724,0.413918918918919,0.0602314226995955,21.5319051503865,2.39037792769502,20.8517039379089,29.6216216216216,0.918918918918919,0,0,0,0,0,0,0,0
571,"Plot_571",2014,"Conifer Forest",40118,"Yongzhou",111.910404623823,24.8699525034506,19,2,19.9043336648241,0.346908927664075,0.336989247,1102,15.2,1550,54.6666666666667,111.333333333333,211.666666666667,313.333333333333,0.372414573982892,-1.42258611600546,-1.31670416202612,0.119639531206194,0.00967806170132582,0.118698738048033,0.0205305528732974,0.0779112308185773,0.00968102890712534,0.0606608558085291,7.79103876929934e-18,0.307873045419935,3.15661152259923,2.79938778179991,0.414660803858521,0.0590377897506635,21.1938138754708,2.44051241135955,21.5792473278977,30,0.947368421052632,0,0,0,0,0,0,0,0
572,"Plot_572",2014,"Conifer Forest",40118,"Yongzhou",111.989567460679,24.8683837275237,7,1,16.9446472671273,0.271941517859976,0.457150537634409,421,18.5,1502,58,122,227,223.666666666667,1.49858539036566,-2.26917638101682,-0.487453548977365,0.745234989247287,0.507190100342697,0.0181712081925012,0.838677129736165,0.341490183615536,0.290315433089339,0.187086058207399,0.668065444124261,0.0471312947145328,2.38567669605172,3.32464539402016,0.410681194410091,0.106946251299374,19.2424106864769,2.67153820637885,25.4588637927352,38.6538461538462,0.992307692307692,0,0,0,0,0,0,0,0
573,"Plot_573",2014,"Conifer Forest",40118,"Yongzhou",111.790489575848,24.8338055550468,24,2,35.2236488771509,0.269651939377915,0.378010752688172,784,16.7,1522,52,119.666666666667,258,298.333333333333,0,-1.51524982246117,-1.38495904528467,0,0,0,0,0,0,0,0,0,3.20997533631745,2.79821608637929,0.41,0.0589744198037889,21.4108085625,2.44392318225,22.0509391044924,30,1,0,0,0,0,0,0,0,0
574,"Plot_574",2014,"Conifer Forest",40118,"Yongzhou",111.593100784062,24.7996753572052,29,2,51.0394528368129,0.360229637295635,0.386666667,807,15.4,1571,52,120,255.333333333333,260,0.0593951821142182,-1.50465047387177,-1.36631683228013,0.00991226957809112,0.0141646909361936,0.0316248625980417,0.00802141726990686,0.00937731830287206,0.0181267698978659,0.00915615909844319,0.00596280046608989,0.0403548870298697,3.2053909469216,2.8044510195342,0.411184210526316,0.0591707438198373,21.3859020317794,2.43783290592716,21.9742801782596,29.9671052631579,0.993421052631579,0,0,0,0,0,0,0,0
575,"Plot_575",2014,"Conifer Forest",80101,"Zhangjiajie",110.835011711331,29.3122899970008,28,2,109.550271505503,0.50367702414642,0.628790322580645,265,16.5,1382,60.3333333333333,129.333333333333,298,206.333333333333,1.51114218890069,-2.23040400533957,-0.564583698548854,0.761956629798229,0.518216790416051,2.22044604925031e-16,0.852510879938192,0.351711070215734,0.29484805675187,0.182612145915242,0.680930332546274,1.98290996026074e-15,2.4572951807642,3.28541689252904,0.41,0.103539436167897,19.4155809915116,2.6555090538314,25.3164480710813,38.0232558139535,1,0,0,0,0,0,0,0,0
576,"Plot_576",2014,"Conifer Forest",80415,"Changde",111.823757635737,29.3102209226052,7,1,7.36130820925992,0.144166104715447,0.622231182795699,146,16.5,1318,57.6666666666667,122.666666666667,272,278.666666666667,0,-1.51524982246117,-1.38495904528467,0,0,0,0,0,0,0,0,0,3.20997533631745,2.79821608637929,0.41,0.0589744198037889,21.4108085625,2.44392318225,22.0509391044924,30,1,0,0,0,0,0,0,0,0
577,"Plot_577",2014,"Conifer Forest",80101,"Xiangxi",109.724190842148,29.2712338954359,22,2,13.0226667289484,0.58490598680178,0.557715053763441,461,16.1,1437,57.3333333333333,121,288.333333333333,295.666666666667,0.486383244430399,-1.50470853014552,-1.21698359950956,0.162581441038402,0.150898143371446,0.178950200209931,0.16523265247497,0.101130794776181,0.104324048777391,0.0528962217484022,0.102571664148371,0.228349296097544,3.12905180451698,2.86969929871041,0.416923076923077,0.0633266680709493,21.1217316110754,2.42353285859338,21.8375900734782,30.3846153846154,0.961538461538462,0,0,0,0,0,0,0,0
578,"Plot_578",2014,"Conifer Forest",80101,"Zhangjiajie",110.217975369311,29.2744315027489,15,2,20.1806591554186,0.225586751464151,0.567419355,771,14.8,1479,57.6666666666667,119.666666666667,292.666666666667,333,0.416237472800856,-1.38887111246205,-1.28494425155209,0.0780184506513038,0.0637098804721523,0.176443448131297,0.0910457723918126,0.110519618311641,0.0505117539149351,0.0980416998010033,0.0460634347833005,0.311746924529712,3.17210998504719,2.82764456177239,0.416933333333333,0.0613128175267197,21.7188507725,2.42611394586333,21.1895556855861,29.7333333333333,0.946666666666667,0,0,0,0,0,0,0,0
579,"Plot_579",2014,"Conifer Forest",80101,"Zhangjiajie",110.300597779755,29.2747812136278,17,2,22.4128383667084,0.341487655529729,0.619327957,403,16.5,1426,57.6666666666667,122.333333333333,295.666666666667,278.333333333333,0.971861532966046,-2.58487173076626,-0.15796287451458,0.490037498607626,0.333280989731923,8.88178419700125e-17,0.548275692871554,0.226196093505702,0.189625758933638,0.117443428799055,0.437927020827152,1.06581410364015e-15,2.08422762540303,3.52689903122935,0.41,0.125628183409238,18.4266421085,2.76038205105,26.9350046893037,42,1,0,0,0,0,0,0,0,0
580,"Plot_580",2014,"Conifer Forest",80101,"Zhangjiajie",110.588851062429,29.2396484571759,26,2,30.808934501963,0.37866972673663,0.628010753,274,16.8,1393,59,129.333333333333,281.333333333333,293.333333333333,0.577680085461415,-2.91314579086885,0.391661702419801,0.073940288116834,0.186127213399758,0.193573064254033,0.151287797951711,0.219278835446673,0.394747609648862,0.0855677603868275,0.148372914422465,6.8199414369831e-16,1.76548795681063,3.79843853820598,0.417906720831419,0.1463306576006,17.0452951540257,2.69482383236075,27.3745538453379,44.1071428571429,1,0,0,0,0,0,0,0,0
581,"Plot_581",2014,"Conifer Forest",80101,"Zhangjiajie",111.082189129995,29.2398131269596,2,1,4.16502524559486,0.170757473469322,0.642123656,106,17.4,1335,62.3333333333333,128.333333333333,286.666666666667,191,0,-1.51524982246117,-1.38495904528467,0,0,0,0,0,0,0,0,0,3.20997533631745,2.79821608637929,0.41,0.0589744198037889,21.4108085625,2.44392318225,22.0509391044924,30,1,0,0,0,0,0,0,0,0
582,"Plot_582",2014,"Conifer Forest",80101,"Zhangjiajie",110.218558944782,29.2030482883532,17,2,45.0478071233895,0.357843140349297,0.58766129,521,16.5,1432,57.3333333333333,123,301,295.666666666667,0.768496083445628,-1.71349598107834,-1.1489687885246,0.385348383733762,0.268393048653559,0.0104868833785292,0.434330882427693,0.186476648378642,0.146348621378313,0.08941558566008,0.334404929129512,5.67883989587027e-16,3.00265284174712,2.93564573995284,0.41039183749253,0.0713403707841993,20.8346480047725,2.49451429488735,22.903661548225,32.146017699115,1,0,0,0,0,0,0,0,0
583,"Plot_583",2014,"Conifer Forest",80101,"Zhangjiajie",110.464780571768,29.2034925868085,26,2,21.2268500187173,0.424431581404688,0.640161290322581,256,17,1398,62.3333333333333,129,295,292.333333333333,0,-2.85227720784253,0.148786168177943,0,0,0,0,0,0,0,0,0,1.80279069767442,3.70906976744186,0.41,0.1422916243106,17.680600495,2.83949676825,28.1560210855065,45,1,0,0,0,0,0,0,0,0
584,"Plot_584",2014,"Conifer Forest",80415,"Yiyang",112.439375163668,29.1966423093844,14,2,17.5597577969603,0.203411364745175,0.601854838709677,25,17.2,1294,63,128,313.333333333333,183.333333333333,0,-2.5599441469726,-1.04171738454576,0,0,0,0,0,0,0,0,0,3,2.38,0.41,0.104210141015544,15.1200991976392,2.09066434060799,20.9890937994758,35,1,0,0,0,0,0,0,0,0
585,"Plot_585",2014,"Conifer Forest",80101,"Xiangxi",109.972448794797,29.1284034100751,11,2,1.40871175436365,0.25629843374191,0.603198925,494,16.1,1442,62.6666666666667,128,328,279.666666666667,0,-1.51524982246117,-1.38495904528467,0,0,0,0,0,0,0,0,0,3.20997533631745,2.79821608637929,0.41,0.0589744198037889,21.4108085625,2.44392318225,22.0509391044924,30,1,0,0,0,0,0,0,0,0
586,"Plot_586",2014,"Conifer Forest",80101,"Zhangjiajie",110.712424294217,29.1317085880222,30,2,54.1741129532832,0.434391770528566,0.588467742,489,15.7,1439,55.6666666666667,121,328.333333333333,298.666666666667,0.671329397382668,-1.33437136349087,-1.21517078450351,0.131829095085864,0.117023176421478,0.268127363187278,0.139630325875072,0.189406681463566,0.104262622649722,0.126774861663694,0.128967705464786,0.442891635249811,3.14308892033076,2.85458410773603,0.420880862629511,0.0620317863046079,21.7675762471033,2.41075443525915,20.9746577193222,29.4444444444444,0.922222222222222,0,0,0,0,0,0,0,0
587,"Plot_587",2014,"Conifer Forest",80101,"Xiangxi",109.931867967704,29.0922719393603,11,2,10.8908465370953,0.285378505536614,0.600752688,406,16.4,1428,59.3333333333333,126.333333333333,283.666666666667,285,0.920412361156894,-1.44947534581257,-1.10959183494892,0.470929627013559,0.175521554597885,0.18048164334262,0.28704806682348,0.161251547758743,0.0997044368849036,0.140885112696859,0.226201973567744,0.468121515797425,2.94816720087739,2.89108575272553,0.417318617629082,0.065519600082529,20.8959864389669,2.4734326972376,21.3785962180976,31.3636363636364,0.917355371900826,0,0,0,0,0,0,0,0
