"","X.1","X","PLT_CN","INVYR.x","FLDTYPCD","ECO_ID","COUNTYCD.x","LON","LAT","STDAGE","AgeGroup","Carbon_Mg_ha","cv_dbh","VPD","Elevation","MAT","MAP","pH_mean","bdod_mean","clay_mean","nitrogen_mean","FDis","PC1.CWM","PC2.CWM","Shade.tolerance.FDis","Drought.tolerance.FDis","WD_mean_add.FDis","LMA.FDis","Nmass.FDis","Pmass.FDis","Leaf.longevity.FDis","Max.height.FDis","Leaf.FDis","Shade.tolerance.CWM","Drought.tolerance.CWM","WD_mean_add.CWM","LMA.CWM","Nmass.CWM","Pmass.CWM","Leaf.longevity.CWM","Max.height.CWM","Leaf.CWM"
"1",1,1,470086,2018,"Broadleaf Forest",40170,"沖縄県",122.97,24.45,60,4,29.2668342614234,0.243432244101238,0.653951612903226,50,22.9,2467,52,115.666666666667,442.333333333333,342.333333333333,2.29115541428169,0.453352735663314,-0.14615130099027,0.787078176794259,1.16868835684326,0.141179634219075,0.662910102339932,0.771829027619534,0.715297674879937,0.277544699634202,0.32770049177542,5.31321018927753e-16,2.61569093354713,3.1613522529051,0.507745870463941,0.0816025031423941,14.8904502249343,3.36761900525596,12.9205138106562,16.8571428571429,0
"2",2,2,470087,2018,"Broadleaf Forest",40170,"沖縄県",123.01,24.45,65,4,5.19345982921817,0.0544828336785087,0.681854838709677,148,23.3,2423,50.6666666666667,120.333333333333,426,306.333333333333,2.30919880343368,-0.213661230084101,-0.0559155073663016,0.919591872370361,0.630443188129684,0.108090657448979,0.495600971603846,0.773663372880711,1.29202802126251,0.345588655797883,0.342130485021213,6.93889390390723e-17,2.96407453584659,2.60271683784068,0.503916454983923,0.0879296255355235,14.4459888404253,1.76824000586911,9.50253145676393,23.75,0
"3",3,3,470061,2018,"Broadleaf Forest",40170,"沖縄県",128.06,26.62,60,4,20.7835981679479,0.225782795496528,0.686666666666667,52,21.8,2259,50,112.666666666667,375.666666666667,263,2.00578551510889,0.381175396476697,-0.101309281321773,0.888011130262516,0.886391760182304,0.520800606043823,0.243117074460378,0.629311520235089,0.992906723858899,0.588399465674633,0.14597567360905,2.77555756156289e-16,2.98,3.344,0.557711054662379,0.0736701606694651,18.6348642639198,3.02082847431182,15.331545077463,29,0
"4",4,4,470067,2018,"Broadleaf Forest",40170,"沖縄県",128.14,26.65,53,4,45.5566580420291,0.206011926706769,0.709758064516129,104,21.9,2236,49.6666666666667,113,343.333333333333,247.666666666667,1.97545535545862,-0.275438228066031,-0.0265878274821177,0.869895133138677,0.847224329045227,0.128107445865457,0.362643145185384,0.727604979847993,0.963943258154309,0.365945700687084,0.253429988904602,1.38777878078145e-16,2.80867381989231,3.17714428873957,0.505703515541265,0.0958667216412463,11.437788154,3.03042376591667,16.4344755915799,21.6666666666667,0
"5",5,5,470068,2018,"Broadleaf Forest",40170,"沖縄県",128.14,26.69,61,4,54.8711646726161,0.189624242967915,0.673521505376344,83,21.5,2272,51,118.333333333333,352.666666666667,249,2.16596070369476,-0.398648101912771,-0.64388788968871,0.52303207540454,0.466205453514964,0.179374499616288,0.57140460015654,1.01765360052073,0.934296799299089,0.847081053696657,0.461520442554134,5.33389757482956e-16,3.58881541339367,2.75372780836756,0.506632617083741,0.0863017781016692,13.606536929312,2.43895000326357,23.5965442883351,18.3478260869565,0
"6",6,6,420004,2018,"Broadleaf Forest",80440,"長崎県",128.69,32.71,98,5,91.3267162541059,0.169068236419485,0.483924731182796,262,15.2,2382,49.6666666666667,105,381.666666666667,295,1.9659712583824,0.399506548044342,0.418975005649111,0.421696850200605,0.774434818335999,0.347200404029216,0.154485181567001,0.406364126943943,1.04317710522856,0.834432670587067,0.583902694436202,6.77236045021345e-16,2.45562455407799,3.34660910973861,0.525422109324759,0.064362784379711,19.8402012093365,2.02631183482486,20.6497766730042,18,0
"7",7,7,420014,2018,"Broadleaf Forest",80440,"長崎県",128.82,32.71,50,3,83.3140352255571,0.165548887325374,0.492123655913978,202,16,2317,52,108.333333333333,368.333333333333,282.666666666667,1.1217087979738,0.147819915006641,0.646661371603652,0.181832033562532,0.522962317325377,0.469054204427054,0.181298650479869,0.303544585548202,0.254922334767959,0.0765947964185846,0.182252624601074,0.57267071032729,2.36241379310345,3.71367816091954,0.578668275862069,0.0872613376286769,14.8996165615172,3.43220128065517,10.8013535393829,30.3448275862069,0.103448275862069
"8",8,8,460013,2018,"Broadleaf Forest",40170,"鹿児島県",128.93,27.81,57,4,83.3138026545523,0.333482340790088,0.681612903225806,163,21.2,2436,52,123.333333333333,352.666666666667,233.666666666667,2.31622724041022,0.405291932645443,-0.43905415526575,0.918107436279274,0.831573401729908,0.509674378916508,0.33578047565744,0.779944889262275,1.22078659460206,0.632321973388116,0.323811117251823,4.65236315081018e-16,3.17089123494044,3.06887693585887,0.533121558719951,0.0677538378410913,19.4800942103285,2.73471503032503,15.318285799392,26.6952380952381,0
"9",10,10,460018,2018,"Broadleaf Forest",40170,"鹿児島県",128.97,27.77,32,3,66.6407485235022,0.157260508241184,0.642311827956989,328,20.1,2557,49,112,343.333333333333,263,1.03230027020345,-1.88799075138733,0.944206083229946,0.0713555156696936,0.0836275296420899,0.064085164690301,0.648626024903663,0.306828122936466,0.62034929337895,0.188468142535899,0.186158037985383,5.35969736025938e-17,3.54924788369012,2.81064061225022,0.482658984366338,0.225909641121782,11.0470639391216,0.771758711959647,7.67108201503404,15.1379310344828,0
"10",11,11,420026,2018,"Broadleaf Forest",80440,"長崎県",129.07,32.93,60,4,96.2790657634417,0.250784273646145,0.491747311827957,198,16.3,2196,52.3333333333333,99.3333333333333,351,293,2.0313775364284,0.00835016529082602,-1.08884131035286,0.705362982621487,0.408370079694781,0.0382361509343328,0.210027901639398,0.596001652815477,0.972430911272156,0.982643229798714,0.749428681475036,3.1720657846433e-16,3.64714285714286,2.25,0.500087039503904,0.0591797010727229,18.7054707473843,1.82519402586674,24.1478746599521,18.9285714285714,0
"11",12,12,460024,2018,"Broadleaf Forest",40170,"鹿児島県",129.21,28.24,38,3,72.7032620466996,0.108198774268465,0.574811827956989,264,20.4,2821,48,112.333333333333,364.666666666667,288,2.04598185483211,0.746634336887873,-0.070711895527805,1.16986760420613,1.25777984545993,1.38777878078145e-17,0.327412831246901,0.154903725596208,0.103066476322105,0.941025862780096,0.456173980028283,4.71844785465692e-16,2.425,3.85,0.52,0.0588843825583987,22.312025645,3.46591288875,24.1474386415525,25,0
"12",13,13,460027,2018,"Broadleaf Forest",40170,"鹿児島県",129.25,28.24,68,4,28.33509645063,0.168931379211988,0.624247311827957,209,20.9,2797,48.6666666666667,112,349.666666666667,279.333333333333,2.3278056162738,-0.146194934274825,-0.206077090252537,0.706776887325746,0.472358917306097,0.0922373610231291,0.772601853762229,0.947190714523028,0.717602731778593,0.680215112288774,0.350341616661722,0.98793039463641,2.64226617250236,3.20209836710078,0.502844218649518,0.0895794245840227,19.5992533471279,2.8792467466987,20.2230904364487,24.8,0.2
"13",14,14,460032,2018,"Broadleaf Forest",40170,"鹿児島県",129.29,28.2,44,3,64.8128664041597,0.167542817955428,0.63994623655914,162,21.4,2756,48,114,336.666666666667,289.666666666667,2.36998695966287,-0.973730253777819,0.191565724099873,0.847089312829954,0.577579104486743,0.993643916458179,0.616335750916331,0.701743052921325,0.68217056419891,0.383023697706256,3.46944695195361e-17,1.15773093121454,2.62979198792539,2.69881822425054,0.547838954983923,0.131430462265772,10.7379625472597,2.96597887728332,19.1377058385279,20,0.25
"14",15,15,460033,2018,"Broadleaf Forest",40170,"鹿児島県",129.29,28.24,117,5,107.643121149152,0.270518425871736,0.624247311827957,199,20.8,2821,49,112.666666666667,336.666666666667,287.666666666667,0.992647758552269,-1.93636801808268,1.11704793112647,0.182964716488054,0.128705643691446,0.128323665397017,0.514424070059489,0.270235514860348,0.533205608886899,0.13452847853663,0.403072477665616,1.66533453693773e-16,3.42966526285311,2.90807983473163,0.485267352290997,0.229698415722249,11.0265920780245,0.737192196780666,7.19727630990053,16.4375,0
"15",16,16,420051,2018,"Broadleaf Forest",80440,"長崎県",129.32,34.27,58,4,79.7834043123504,0.198734363864337,0.571827956989247,40,14.9,2084,53,112.666666666667,337.333333333333,312,0.949614462207627,0.480546483239096,-0.553021425021781,0.18364200763701,0.0820823860186504,0.108090657448979,0.557919775871677,0.333646482145332,0.630685629105536,1.5183819339501e-05,0.171065242510606,8.46545056276682e-16,3.8575,2.70785714285714,0.514638818327974,0.0571747113247682,21.7303402415942,1.30668754770109,6.00050515398087,23.75,0
"16",17,17,420055,2018,"Broadleaf Forest",80440,"長崎県",129.32,34.48,63,4,46.4348284847606,0.177684593725638,0.505860215053763,130,14.4,1919,52.6666666666667,110.333333333333,319,325,2.72355535934244,0.174889850843736,-0.307826266889681,0.734229147933109,0.847892547662185,0.874582440459217,0.196760938613597,0.610580499106975,1.44947331119153,0.235295030996575,0.964374413977147,0.510294625328725,3.30832675577334,2.37514098021728,0.55571208272435,0.0656033048900133,16.6850087893687,1.86087620881296,8.44699254966386,22.6363636363636,0.0909090909090909
"17",18,18,460038,2018,"Broadleaf Forest",40170,"鹿児島県",129.33,28.2,45,3,43.9274438910414,0.261463747618396,0.603602150537634,414,19.9,2892,49.3333333333333,111.333333333333,333.333333333333,306,1.61345043642748,0.788984237326037,-0.351647099874701,1.23816420059069,0.626302356363098,0.128107445865457,0.175715038133995,0.131925775879129,0.415809373706104,0.126929187883513,0.27370438801697,3.05311331771918e-16,2.79336262815198,2.60726083559095,0.505703515541265,0.0509494422939336,22.4834497691917,1.78016264095871,7.18353070232802,24.5,0
"18",19,19,460039,2018,"Broadleaf Forest",40170,"鹿児島県",129.33,28.24,46,3,35.4803171134235,0.26647995915476,0.608279569892473,167,20.6,2856,49,111.333333333333,323.333333333333,278.666666666667,1.67973378279201,-0.157879201203785,-0.789395005803086,0.0715842148835342,0.0174237804100405,1.56125112837913e-17,0.509071409197955,0.972258443106961,1.15433435267056,0.332555271275483,0.410556582025456,9.99200722162641e-16,3.45204147026019,2.61127617358511,0.498555273311897,0.0849559494010165,11.97852824575,2.90764509241667,17.3120473755622,17,0
"19",20,20,460041,2018,"Broadleaf Forest",40170,"鹿児島県",129.33,28.31,40,3,67.5436477087791,0.227186955606941,0.525833333333333,305,20.1,2924,48.3333333333333,108.333333333333,319,311.333333333333,3.46298182197985,-0.973856237574197,0.149899391293603,0.58494990046008,0.300057769326504,0.36273784181807,1.81828601103366,0.91569278725396,1.81344938063115,0.597170486661033,0.739865609028121,0.803789522263353,3.08307692307692,2.88214285714286,0.484722167944596,0.139004270916027,14.8872037864373,1.85920050663411,14.5003178891617,19.9615384615385,0.153846153846154
"20",21,21,420075,2018,"Broadleaf Forest",80440,"長崎県",129.41,34.59,37,3,5.79839059199666,0.0930622201338492,0.510860215053763,238,13.6,1862,53,111.666666666667,302.333333333333,323,3.09026694362343,-1.1401016895792,-0.265808805667253,0.707361807194406,0.424500697842725,0.460920802196227,0.772228542956787,0.659030092276309,0.829764296832187,1.98386754978371,0.798304465049494,1.15773093121456,3.2,3.2475,0.521416454983923,0.0884812660741914,16.9114874953586,2.29406557117738,32.3993643818603,32.5,0.25
"21",22,22,460053,2018,"Broadleaf Forest",40170,"鹿児島県",129.42,28.35,49,3,75.2083110501516,0.322546740826753,0.594811827956989,175,19.9,2984,49.3333333333333,110.333333333333,310.666666666667,304.666666666667,3.86696402884653,-1.26977127096665,-0.39243082667136,0.60318134706267,0.281618527107402,0.621358739916003,1.55237085049149,0.86792194003195,2.41125753674495,0.446510895373737,0.974553502787696,1.49261177908652,3.00405856414998,2.93396027909016,0.454290909090909,0.124875116157141,14.3578441331818,2.64706130628976,13.6850722832592,27.5,0.409090909090909
"22",23,23,460056,2018,"Broadleaf Forest",40170,"鹿児島県",129.46,28.35,36,3,156.495110419016,0.44665158660106,0.617715053763441,199,20.2,2983,48.3333333333333,108.333333333333,353.666666666667,301.666666666667,2.74234089097594,-1.11676126866087,0.493113556469857,0.398666591970866,0.301665565640273,0.210348711369323,1.80217998983376,1.12457730463117,1.0542344426269,0.456673443459064,0.478077229730965,5.88900908714213e-16,3.45335583285152,2.86019862274085,0.492855035649378,0.171513071491786,15.114598542863,1.11889114038977,10.6807916622868,18.304347826087,0
"23",24,24,460057,2018,"Broadleaf Forest",40170,"鹿児島県",129.46,28.38,59,4,81.574694169542,0.2793083952839,0.663064516129032,113,21.1,2951,48.3333333333333,113.333333333333,337,298,0.868930030071048,-1.90383414993285,1.18709503989189,0.250361648281461,0.163695992182505,0.411526259230112,0.443183181756163,0.114553398474452,0.430739220528106,0.00337047740666187,0.111749128835331,1.70803542250024e-17,3.39538461538462,2.77388278388278,0.497305202819688,0.231318957366926,10.3502735123459,0.693389167367689,6.03036940527732,14.6923076923077,0
"24",25,25,460058,2018,"Broadleaf Forest",40170,"鹿児島県",129.5,28.31,59,4,145.772142397167,0.382726423344081,0.669569892473118,380,19.8,2996,49,110.666666666667,313,304.333333333333,2.5051825074158,-1.45507361136876,0.299352913363997,0.299904144089885,0.247620805434375,0.140993509727354,1.48811823163986,0.707635819295101,1.51526982292946,0.508985507870089,0.418935287781077,4.1236855200363e-16,3.6604555181448,2.68969478136315,0.488158649517685,0.187216817828205,12.3103862530492,1.32754198261686,11.8927782868381,17.5714285714286,0
"25",26,26,460061,2018,"Broadleaf Forest",40170,"鹿児島県",129.54,28.35,62,4,35.1856808267319,0.18452464189287,0.643763440860215,205,20.6,2981,48,109.666666666667,318,293.666666666667,1.23085642489047,-1.76471234792957,0.935517621536504,0.0168472911165599,0.0700934214798682,0.061078575099348,0.881566851845568,0.304905147998905,0.679843203902793,0.119465545830453,0.0782012537191346,3.80647894157197e-16,3.51655633050097,2.81566983966117,0.482650753330271,0.21849322298587,10.9768275880306,0.805543899655442,7.08915639301777,14,0
"26",27,27,460063,2018,"Broadleaf Forest",40170,"鹿児島県",129.54,28.42,33,3,73.9399555955313,0.22169725370307,0.631155913978495,121,20.6,3004,50.6666666666667,116.666666666667,306.333333333333,257.666666666667,2.6394771625578,0.235774216620302,-0.846702111344135,0.786010055715419,0.810386932132012,0.128107445865457,0.502223670748762,1.16387321935251,1.38473045617319,0.621059681317228,0.304115986685522,3.79326200080262e-16,3.44439620900453,2.82381163270449,0.505703515541265,0.0681527294056606,17.7709060993664,2.75035889943638,16.9359251369577,23.3333333333333,0
"27",28,28,460065,2018,"Broadleaf Forest",40170,"鹿児島県",129.58,28.38,74,5,29.9061786138273,0.1596020952159,0.67508064516129,10,21.6,2932,50.3333333333333,113.333333333333,328.333333333333,267.333333333333,1.31437207180893,-2.1435436403238,1.20709945213514,0.457653353377985,0.24016114530204,0.061078575099348,0.36197619028971,0.366829510195797,0.703647272484669,0.326185145573263,0.134059292089945,0.756069179568681,3.27468438538206,2.97394874228761,0.482650753330271,0.233232080039025,11.3690168415362,0.814813220555433,9.16514586935807,14.8571428571429,0.142857142857143
"28",29,29,420150,2018,"Broadleaf Forest",80440,"長崎県",129.8,32.82,43,3,39.9801771381354,0.221756561261455,0.527365591397849,57,16.2,2025,52.3333333333333,115.333333333333,319.666666666667,225.666666666667,2.30979781647963,-0.143074933124783,0.422606157148791,0.758060787240164,0.889831993413606,1.14503010871635,0.81960623637381,0.685815950908397,0.556389962353992,0.522020722348213,0.566110645575265,6.2815250077476e-16,2.78030214424951,2.88366471734893,0.560808344897614,0.0880736836162627,13.4217380250977,2.07902389399755,13.36937678309,22.6315789473684,0
"29",30,30,420161,2018,"Broadleaf Forest",80440,"長崎県",129.84,32.75,65,4,89.2593593978776,0.267172359478384,0.578279569892473,126,16.5,2016,51.6666666666667,112.666666666667,321,248.666666666667,0.838527473387601,-0.302280270761038,0.0330875339776659,0.0742541646820464,0.252100060633762,0.0518835155755101,0.138491245569762,0.319434474663684,0.578705185601217,0.173053065859734,0.257484868727076,1.62832710278356e-16,3.37093962090045,3.36771449660378,0.500699745980707,0.0655614250642432,14.6258722903363,1.76325125079986,25.4076859556758,15.6666666666667,0
"30",31,31,420167,2018,"Broadleaf Forest",80440,"長崎県",129.88,32.68,56,4,55.5754892836657,0.158334239828712,0.532741935483871,519,14.2,2508,50,101,373.666666666667,297.666666666667,0.895258765985987,0.282132067252721,0.531001877193377,0.379616861486225,0.471255546742039,0.356826284174885,0.0945741875939991,0.35793139467206,0.0220930802889359,0.2836749242554,0.223432153483241,1.90323947078598e-16,2.5154555181448,3.73544308068288,0.573603134282652,0.0853630274588861,15.1690165774048,3.41098313660317,13.3133495741678,28.5714285714286,0
"31",32,32,420175,2018,"Broadleaf Forest",80440,"長崎県",129.88,33.15,54,4,127.611493849565,0.293276736530001,0.553709677419355,96,16,1921,51,107.333333333333,340,332.333333333333,0.744439140335686,-0.597277320014306,-1.16869871629712,0.147606810067168,0.0391499268776648,0.135532861697331,0.0246596337523934,0.23920910334594,0.538093930474368,0.0376417801269326,0.107236491172856,0.351536297448677,3.99539965536405,2.51883136054889,0.49318828705057,0.081673418202781,17.7707537648162,2.00131070519565,21.7502769920313,30.3030303030303,0.0606060606060606
"32",33,33,410026,2018,"Broadleaf Forest",80440,"佐賀県",129.92,33.36,63,4,95.8179113917758,0.250336267790337,0.557016129032258,72,16.1,1874,50,106.666666666667,350,343.333333333333,2.16335167299509,-0.268864426453015,-0.336840831511774,0.471110576855622,0.44372383706332,0.51480497796258,0.145737018808638,0.855116711508878,1.12649074830749,0.413521402894615,0.831250363607094,0.384195153469716,3.25665432098765,3.17660493827161,0.479085006430868,0.0675943266419666,16.9620627185192,2.00045972727972,23.0992622372149,20.3333333333333,0.0666666666666667
"33",34,34,410029,2018,"Broadleaf Forest",80440,"佐賀県",129.92,33.47,56,4,42.4643401443088,0.60072652554535,0.626801075268817,134,15.6,1885,53,106.666666666667,346.666666666667,307.333333333333,1.74830396739056,-0.445940861841975,-0.699320334497967,0.563277648313576,0.243323228285339,0.875525321712179,0.298144253498007,0.771224836541219,0.493363260037804,0.430864002369775,0.598500261797107,3.10862446895044e-16,3.812,2.984,0.451422109324759,0.063836995175453,16.5593881681134,1.4241771372651,17.1587989769198,26.8,0
"34",35,35,410020,2018,"Broadleaf Forest",80440,"佐賀県",129.93,33.11,75,5,128.848728916717,0.201852759501827,0.49994623655914,393,14.5,2204,49.6666666666667,103.333333333333,347.666666666667,315,0.947571335625788,0.211451130386311,0.631704165224155,0.356790027337749,0.423669095559034,0.349171024031101,0.138352475148617,0.361043996818278,0.245784618996321,0.341584491130714,0.323976622550699,1.55431223447522e-16,2.49784473945831,3.76640870555258,0.574323761139182,0.0872033912156046,14.717661814432,3.31397370835426,13.8276517770334,27.8571428571429,0
"35",36,36,420190,2018,"Broadleaf Forest",80440,"長崎県",129.97,33,61,4,156.037309887397,0.341122043089224,0.493306451612903,223,15.5,2005,55,117.666666666667,346.666666666667,226.333333333333,1.14498612590454,-0.452345631160827,-0.644494145365176,0.391384595857729,0.519412745943691,0.111000749597617,0.179393579106088,0.405098658325194,0.270734056742947,0.0869707862502446,0.686397060479602,4.1364761078776e-16,3.80677419354839,2.80354838709677,0.498003320195,0.0745589007260554,16.7210783614165,1.65631482342471,22.3906465964261,24.4193548387097,0
"36",37,37,420204,2018,"Broadleaf Forest",80440,"長崎県",130.05,32.97,74,5,101.913303630609,0.181060281798474,0.342768817204301,465,13.9,2402,52,101.333333333333,320.333333333333,388.666666666667,2.35030708432782,0.665919572659189,0.205293345482595,0.531172724446928,0.970096992982688,0.584786933366966,0.38099107153932,0.848012014510452,1.11911718636221,0.264194141216155,0.777185299307445,5.96230883594991e-16,2.20893303958674,2.94877569890004,0.536604781469572,0.0699698872921313,18.7024344619802,2.62907841667803,9.77559151244388,23.3333333333333,0
"37",38,38,410065,2018,"Broadleaf Forest",80440,"佐賀県",130.05,33.36,75,5,183.831111117606,0.355938903802446,0.404220430107527,294,13.6,2229,50,100,312.666666666667,313.666666666667,1.64359718525829,-0.310960764991949,-0.181627974426315,0.627452927943419,0.69610143739525,0.561911564257863,0.272982179542107,0.698107181217106,0.44426540380303,0.321364527173773,0.420506055663932,0.220217680560242,2.98337103823027,3.10714660628947,0.527292013814457,0.0966585865850908,11.6664156605004,3.25419759093033,17.1757679806715,23.8888888888889,0.037037037037037
"38",39,39,430011,2018,"Broadleaf Forest",80440,"熊本県",130.06,32.24,60,4,77.4174422411728,0.341047919546361,0.51010752688172,155,16.5,2247,52,118.333333333333,346.333333333333,221.333333333333,2.40579279002554,-0.859664245686007,-0.869977225407761,0.662620466475655,0.246511571571392,1.01771510228841,0.337698606343185,0.635892583840958,1.43294433239704,0.222469119723024,0.570993281123837,7.58652400160524e-16,3.71424436962293,2.65263219311179,0.469377749196141,0.0923358327352994,12.7358268534128,2.12709046473764,20.681870907432,27.8571428571429,0
"39",40,40,430013,2018,"Broadleaf Forest",80440,"熊本県",130.06,32.31,49,3,19.1724070097444,0.116470951267023,0.511747311827957,179,16.6,2197,50.3333333333333,113,357.333333333333,239.333333333333,0.803039110162663,-0.333356059513721,-0.812805084118268,0.401985830776099,0.350031496881241,1.28865172501134e-17,0.194706279076499,0.21969590908449,0.107477322594048,0.178417463047207,0.391006268595671,3.01346249541114e-16,3.81142857142857,2.71428571428571,0.498555273311897,0.0746582432872396,18.109449900817,1.78961059712224,20.7864527033754,27,0
"40",41,41,430015,2018,"Broadleaf Forest",80440,"熊本県",130.06,32.39,44,3,77.1051781043617,0.230695950237157,0.446263440860215,305,15.4,2388,50,106,346.666666666667,263.666666666667,2.11556283379643,-0.247244891871577,-0.473081932110887,0.660786313377859,0.535756667075514,0.477477997952425,0.235189879014614,0.866143136873147,1.20252377106763,0.331916063911558,0.519259197101065,6.29126380620922e-16,3.26580129499707,2.96265822225829,0.506265796550716,0.0869434068586804,14.0531041206548,2.7522799490876,17.3458543973523,25.1818181818182,0
"41",42,42,420209,2018,"Broadleaf Forest",80440,"長崎県",130.1,32.97,64,4,122.189416442849,0.255264099174745,0.364677419354839,726,12.1,2796,48,90.3333333333333,326.666666666667,483.666666666667,1.99360304081903,-0.123086989268152,-0.347238199789722,0.598736958200336,0.588265191265504,0.3491632888465,0.391528675108339,1.06626102403931,1.0030902618755,0.43451752077793,0.352342663864054,7.61499125864691e-16,3.14459919422289,2.98197871531846,0.518817482892242,0.0873316637385278,13.2804543187039,2.95015343498973,17.4773544425683,21.6410256410256,0
"42",43,43,430029,2018,"Broadleaf Forest",80440,"熊本県",130.15,32.39,46,3,36.3841330071107,0.194253615843643,0.48744623655914,153,16.3,2182,53,112.333333333333,340.666666666667,239.333333333333,1.34654583091773,-0.0237367786553513,0.282620295051642,0.495147302681634,0.22826124384465,0.07504519018154,0.145250805988821,0.603049879673593,0.611289195811899,0.436592754447213,0.511778619013979,3.33066907387547e-16,3.05125356125356,3.55475783475784,0.501854462033144,0.0592111535002435,16.3500559899382,1.76389072140621,21.4292091751302,17.8461538461538,0
"43",44,44,460097,2018,"Broadleaf Forest",80440,"鹿児島県",130.19,31.81,47,3,115.097958259284,0.2118127141766,0.453924731182796,52,16.9,2372,51,110,311,241.333333333333,1.32918517024914,-0.449185270683144,-0.66837595172796,0.183795086481243,0.226958565599766,0.142655129320905,0.267647203858949,0.668836214722918,0.850860225633571,0.198506132384907,0.204192162488851,4.15011940157499e-16,3.33143984821958,2.7235822464479,0.504270134742,0.0948073125202821,10.8848751808554,3.0557013019883,21.7021787623576,19.5,0
"44",45,45,460096,2018,"Broadleaf Forest",80440,"鹿児島県",130.2,31.77,39,3,108.320971984569,0.260101530062801,0.445806451612903,166,16.2,2493,53.3333333333333,110.333333333333,332.333333333333,242.666666666667,1.97465846853,-0.546159943638828,-0.456366306147817,0.481112140661655,0.303813913870264,0.743919214937748,0.396682134003606,0.837881849879907,0.86941031481441,0.605784001511696,0.306300562771354,6.37171475002264e-16,3.17103033230966,2.60722814853716,0.536569091290368,0.103956632521438,11.6287822999864,2.94283275810637,25.315377600795,20.3478260869565,0
"45",46,46,420224,2018,"Broadleaf Forest",80440,"長崎県",130.22,32.78,50,3,149.680996192344,0.278514197681126,0.426505376344086,283,15.3,2167,50.3333333333333,107.333333333333,371.666666666667,273.333333333333,2.60976580892235,-0.133414734342946,-0.373219840007866,0.793232625264457,0.669765442497536,0.49896843291004,0.56229382541806,0.98634902222631,1.38485941170331,0.528189793916462,0.553567124764321,6.70297151117438e-16,3.1854970121505,3.08046703001949,0.493741518488746,0.0789692852490158,16.1526967183266,2.41533521923301,16.6078043677102,25.925,0
"46",47,47,460102,2018,"Broadleaf Forest",80440,"鹿児島県",130.24,31.31,39,3,4.88583362639911,0.178780437098199,0.436774193548387,187,17.5,2361,51.6666666666667,111,303.666666666667,253,1.60613262004886,-0.192783278624773,-0.015837667663429,0.126629310044255,0.700578343760516,0,0.161392641181437,0.812598099541614,1.15082457567732,0.144746016700573,0.202743991123681,0,3.58272954233786,3.54047829937116,0.498555273311897,0.0896870557157259,14.9903184797891,2.26901862907207,17.3883085877097,16.6666666666667,0
"47",48,48,460109,2018,"Broadleaf Forest",80440,"鹿児島県",130.24,31.88,38,3,83.9129561760807,0.128913844501178,0.481747311827957,167,16.2,2415,52.6666666666667,110.333333333333,320.666666666667,222.333333333333,0.387346280458744,-0.461333191026166,-1.04041293913507,0.169969431687715,0.111140078529538,2.41352831440251e-18,0.0456559968268628,0.147251491786584,0.121164388351675,0.0455097668640355,0.217307831695893,1.97909321781006e-16,3.98446947900915,2.55322765076414,0.498555273311897,0.0805675790472241,18.1779648795516,1.83397264798579,21.814321143543,28.695652173913,0
"48",49,49,460111,2018,"Broadleaf Forest",80440,"鹿児島県",130.24,31.95,61,4,17.9153386610366,0.170512140673614,0.442150537634409,257,16.1,2383,52.6666666666667,112,302.666666666667,234,0,-0.506414643287055,-1.13321413213159,0,0,0,0,0,0,0,0,0,4.07,2.5,0.498555273311897,0.0812859559702976,18.4650396365978,1.80374993364855,22.0946630802507,30,0
"49",50,50,460123,2018,"Broadleaf Forest",80440,"鹿児島県",130.28,31.74,54,4,142.614151121153,0.243510315196443,0.484059139784946,100,16.6,2416,53.6666666666667,112,334.333333333333,241,2.06246760971041,-0.200585408010114,-0.795395201377102,0.595933099142397,0.499817672198574,0.110710138402247,0.215209002194292,0.855164305896115,1.27321547325666,0.304572345812918,0.476573529752456,7.4837255733992e-16,3.46545631070722,2.82296460321461,0.504115017268072,0.0812824789369767,17.2613231356987,2.56988957679964,22.7017940365529,25.5925925925926,0
"50",51,51,460130,2018,"Broadleaf Forest",80440,"鹿児島県",130.28,31.99,61,4,11.6552636293822,0.308995855879913,0.444220430107527,171,15.7,2418,50.6666666666667,108,333.666666666667,249,1.91942316888256,0.0388691292257231,-0.37036631847572,0.440027278365459,0.362207775071853,0.542729333242238,0.604395857836012,0.213180326375359,1.0864829035682,0.69715766498338,0.562304252932823,3.88578058618805e-16,2.81224677063128,2.51842660161816,0.485723688562242,0.0808505319637687,18.8111144455611,1.86182479658314,24.4705852257535,12.7142857142857,0
"51",52,52,460131,2018,"Broadleaf Forest",80440,"鹿児島県",130.28,32.03,65,4,75.0812445815824,0.32924513124034,0.504354838709677,115,16.2,2303,50.3333333333333,111.666666666667,330.333333333333,220.333333333333,1.72182628129933,-0.329253649773648,-0.357421902876464,0.283405827786802,0.502192066165237,0.133790967720212,0.191377334712175,0.598506117191681,0.933349520854487,0.246673649665861,0.68946987708081,0.341844427209831,3.38091741378947,3.08520423147944,0.494607594098733,0.0697686655195663,15.8029363031649,2.04614102594611,24.0564374288564,19.2941176470588,0.0588235294117647
"52",53,53,460142,2018,"Broadleaf Forest",80440,"鹿児島県",130.32,31.7,72,5,20.6305466329987,0.176275969622021,0.486344086021505,95,16.8,2396,52.3333333333333,112.666666666667,295,234,0.424619151812453,0.557445222299253,-0.255247048145305,0.12997696177027,0.114469620796428,8.20051097734491e-18,0.104686723331347,0.116015007468778,0.0654368172676594,0.080873131872988,0.312158723523486,1.11022302462516e-16,2.93430976430976,2.93882154882155,0.498555273311897,0.0567092564607081,20.6260864026637,1.95968552069826,10.6204935488763,22.9090909090909,0
"53",54,54,410140,2018,"Broadleaf Forest",80440,"佐賀県",130.35,33.43,95,5,82.6619127550551,0.176877948369255,0.347069892473118,778,10.7,2660,48.6666666666667,93.3333333333333,326.333333333333,533,0.216694991748702,0.410429348195029,0.858780266053553,0.0905046010704379,0.0507474235478434,0.118232841983489,0.000973399767551013,0.0238020470777586,0.143114381596645,0.0288000921529931,0.0182393594680197,6.57070769676113e-17,2.34244897959184,3.96734693877551,0.585510204081633,0.0831193559701085,15.8032861021618,3.35311127836734,10.6433119414906,30.1020408163265,0
"54",55,55,460168,2018,"Broadleaf Forest",80440,"鹿児島県",130.36,31.78,9,1,55.6439007586986,0.248540439320129,0.476155913978495,67,16.3,2419,50.3333333333333,109,333,248.666666666667,1.68166962179035,-0.204034937991298,-0.619139717311835,0.388333040710775,0.225604295624844,0.291114190930092,0.318237351390375,0.598386175513457,0.735499512630238,0.72306634639739,0.547914231967489,7.36253163698788e-16,3.26,2.46719298245614,0.511414966999492,0.0726039677559426,16.8078583073336,1.9677494136804,29.0784753842127,15.7368421052632,0
"55",56,56,460175,2018,"Broadleaf Forest",80440,"鹿児島県",130.36,32.03,44,3,156.162213602907,0.288777061384116,0.442069892473118,365,14.3,2687,51,103.666666666667,317.333333333333,262,1.54046056084082,-0.261032406161348,-0.744285509452911,0.65007557668754,0.388509421843976,0.277353349652599,0.0994901976800481,0.495302299517356,0.907683286719501,0.261373708000462,0.382084817839876,5.94174915030871e-16,3.62198055590231,2.73311467472116,0.510409219364058,0.0829709962304565,17.2535704268699,2.24305863652897,19.186416118453,27.3703703703704,0
"56",57,57,430049,2018,"Broadleaf Forest",80440,"熊本県",130.36,32.42,60,4,12.0110736156634,0.151259573748872,0.509381720430108,55,16.8,2038,50.6666666666667,112,313.666666666667,247.333333333333,0.588612710669822,-0.203115158007548,0.286586603264355,0.217699140522206,0.068865455979007,1.98254111540207e-18,0.104073288517042,0.120218978704987,0.244398204067426,0.2855084732854,0.357491445573185,8.72318090776909e-17,3.21330687830688,3.53513227513228,0.498555273311897,0.059627475826657,14.4217483271894,1.6336689621061,21.862632461656,16.2857142857143,0
"57",58,58,460205,2018,"Broadleaf Forest",80440,"鹿児島県",130.4,32.1,72,5,89.5105098748008,0.279519784481415,0.477177419354839,273,15.7,2360,53.6666666666667,100,335.666666666667,269,2.05486244194966,-0.284291954303015,-1.03538466623714,0.224089758543783,0.222480221460908,0.224533877370987,0.283266770540115,0.956001362298621,1.25960208874546,0.627191446685016,0.643865126441585,4.81693538103495e-16,3.52137917767917,2.61953998685335,0.514738205580334,0.0805793312271849,17.6439238046843,2.69181153534718,30.6169176099994,23.6451612903226,0
"58",59,59,460198,2018,"Broadleaf Forest",80440,"鹿児島県",130.41,31.85,59,4,144.881326538382,0.352301103026956,0.512930107526882,25,16.8,2298,51,116.333333333333,294.666666666667,223.333333333333,1.00650805662934,-0.414016901366963,-0.813009285313994,0.40900484072614,0.386309182971943,0.0191932677515429,0.136881507129862,0.418647151626712,0.32347554835663,0.0700825987746909,0.46778173647609,4.15376545420102e-16,3.82228887082852,2.71423688952507,0.499294746645969,0.0789455790794125,17.5594983011564,1.85583498705314,21.8350313568695,26.6206896551724,0
"59",60,60,460199,2018,"Broadleaf Forest",80440,"鹿児島県",130.41,31.88,61,4,88.1916745487649,0.272086013076252,0.495779569892473,95,16.3,2357,53.3333333333333,108,333,222.666666666667,2.08560084539587,-0.207960253498916,-0.685787426250185,0.176170770881988,0.460791530748858,0.18047910765049,0.191912210297772,0.897157863213429,1.43768911993702,0.511983702309739,0.647529265477733,4.25585492772977e-16,3.4128797965946,3.00496566391805,0.50988460640705,0.0750809783144569,17.025844695496,2.63188113805535,28.303561703395,22.6296296296296,0
"60",61,61,460224,2018,"Broadleaf Forest",80440,"鹿児島県",130.45,31.74,30,2,42.1161606108419,0.311888478543771,0.431075268817204,479,14.2,2822,52,102.333333333333,340.333333333333,267.666666666667,2.0976793313978,-0.783310193500917,-0.578006905087218,0.201758931234119,0.32786076850904,0.132355907080383,0.418232352344476,0.744711680138396,1.36131813768655,0.669216442962053,0.472931391539526,7.45435459391177e-16,3.59305389343245,2.64183854231814,0.506214104271934,0.111659174251167,12.5993036142636,2.39894682370844,26.8135240626678,17.2857142857143,0
"61",62,62,460230,2018,"Broadleaf Forest",80440,"鹿児島県",130.45,31.96,58,4,75.7412561315039,0.194990618976691,0.461935483870968,146,16,2373,52.3333333333333,110.333333333333,323,220.666666666667,1.64379622317722,-0.288551312431627,-0.644034232337025,0.568043950072407,0.503978129208168,0.106714363105521,0.25087613629897,0.565372877051468,0.891445730849851,0.256044669967131,0.489688803050769,0.212644456753692,3.54802021003717,2.8769394533693,0.499424351171337,0.0753854277231168,16.8311882920996,2.16444123883446,19.5823192611183,25.9285714285714,0.0357142857142857
"62",63,63,460231,2018,"Broadleaf Forest",80440,"鹿児島県",130.45,31.99,23,2,91.0037678766867,0.31296818789645,0.461935483870968,179,15.8,2379,52.6666666666667,102.333333333333,333.666666666667,273,1.49507939912737,-0.649596360810947,-0.8987287608682,0.50072203887878,0.46496762042748,0.631779340029163,0.144181724934371,0.490355773988569,0.572690715064447,0.113493721844311,0.367255692514958,0.186925306602348,3.8703125,2.8378125,0.469006750401929,0.0771690030806446,16.7820074978634,1.78197408826647,21.3846951537729,29.28125,0.03125
"63",64,64,460210,2018,"Broadleaf Forest",40170,"鹿児島県",130.46,30.4,62,4,393.994803096396,0.646256098584033,0.338306451612903,556,15.8,3194,49.3333333333333,104.333333333333,352.666666666667,322.333333333333,2.23562169778962,0.309263190872999,0.741942869852289,0.48025612914151,0.45650849567025,0.435329759916778,0.312137139744696,0.839306488108508,1.53291047546629,0.517289719003247,0.459964899529903,3.79813140003343e-16,2.42893374177728,3.66605999301222,0.538719253680826,0.0756121930916493,18.3739456925125,2.235987946986,14.6641072461346,23.1578947368421,0
"64",65,65,460243,2018,"Broadleaf Forest",80440,"鹿児島県",130.49,31.31,68,4,68.7088918933497,0.235712515616171,0.473279569892473,275,16.6,2502,52.3333333333333,108,358.333333333333,253.666666666667,1.63679216703057,-0.676754017715991,-0.433159977254361,0.326751193062278,0.165911664099661,0.220827104461836,0.364560087468455,0.712049939542702,0.733118334355985,0.75462802364349,0.267323126292566,6.15449720172641e-16,3.27867831837842,2.74865476424762,0.506754379980428,0.100085397761585,11.6470406257639,2.56776997099064,27.6244775127481,17.1304347826087,0
"65",66,66,460247,2018,"Broadleaf Forest",80440,"鹿児島県",130.49,31.45,63,4,77.1166069786551,0.26927961679198,0.46241935483871,375,16,2593,51.3333333333333,107.666666666667,358,255,2.20967096228807,0.254099045901823,-0.217638043482419,0.407282702966233,0.485210730088719,0.479342434117252,0.259008293564161,0.997646329947267,1.0555328071483,0.642837171605873,0.364939184022626,4.9960036108132e-16,2.93563772540272,2.5302869796227,0.520844218649518,0.0699717527398036,16.6821634766339,1.98852311275656,18.9666861508686,12,0
"66",67,67,460253,2018,"Broadleaf Forest",80440,"鹿児島県",130.49,31.67,71,5,68.1808628576426,0.413304547213179,0.479758064516129,160,16.6,2442,51,121,380,200.333333333333,1.58025324079862,0.122492112071979,-0.187040097149941,0.359122148267929,0.857577167359041,0.712942334158547,0.21648337734027,0.229584555974714,0.898184648823843,0.467115010974156,8.32667268468867e-17,2.63677968348475e-16,3.55,3,0.533916454983923,0.0555615578260176,14.8593736478636,1.93821867780117,19.4528855957298,14,0
"67",68,68,400092,2018,"Broadleaf Forest",80440,"福岡県",130.52,33.8,42,3,57.0944957862092,0.459895325671554,0.581827956989247,22,16,1721,50.3333333333333,112,366,336.333333333333,1.27564239116559,0.124426834791749,-0.224555681020821,0.0861893155843028,0.0869011529590474,1.2490009027033e-17,0.0464294997141853,0.385453283821608,0.745405230330448,0.926271662571494,0.218963510413576,8.43769498715119e-16,3.039,2.595,0.498555273311897,0.0624774550721561,16.6034469521628,1.58700055057135,18.7401438196311,13,0
"68",69,69,460283,2018,"Broadleaf Forest",80440,"鹿児島県",130.53,31.74,62,4,117.411374979114,0.297375631009237,0.469596774193548,193,16,2503,52.3333333333333,114,383,214,1.33611579332494,-0.408912422033632,-0.857053503702279,0.453515082074039,0.303445432520008,0.0147713917843481,0.148768867233504,0.651096141948465,0.771798597062592,0.100291265978477,0.446191225340683,6.41299878697952e-16,3.76546042521071,2.67855362820444,0.499119608224742,0.0818233257153368,16.7343770735912,2.08139934548019,21.2642285573681,26.4473684210526,0
"69",70,70,430089,2018,"Broadleaf Forest",80440,"熊本県",130.53,32.97,38,3,39.9501012630527,0.309131038249817,0.565940860215054,278,15.2,2060,52.3333333333333,109,340.666666666667,292,2.24865999555624,0.161593597907457,0.329990640996934,0.655216545766613,0.576217744858221,1.24802335190913,0.950065163036098,1.1397307304528,0.472951530572767,0.128063127331146,0.266101488349832,8.46545056276682e-16,2.6225,2.44805555555555,0.584268863879957,0.0957389839604165,14.9088422997186,2.22196316078526,8.45939497841285,22.0833333333333,0
"70",71,71,460270,2018,"Broadleaf Forest",40170,"鹿児島県",130.54,30.4,28,2,298.252724149081,0.57041294688895,0.383279569892473,323,16.8,3187,48.6666666666667,102.333333333333,352.666666666667,315.666666666667,2.13357055417543,0.487209610387429,0.74099959819503,0.447430152283188,0.31730678014757,0.44497742668081,0.218565467097867,0.598614155261776,1.67287230160945,0.437202411635552,0.476909160938659,3.9110129276568e-16,2.41184608417953,3.7675103519757,0.544479785150541,0.0713711821158875,19.9882515923193,2.32138722794072,13.7464889166917,24.7727272727273,0
"71",72,72,430103,2018,"Broadleaf Forest",80440,"熊本県",130.57,32.64,65,4,104.395194790732,0.391226179896537,0.540967741935484,145,16,2082,53,117.666666666667,387.666666666667,247.333333333333,2.03070480521946,-0.342198264232609,-1.08229193113589,0.242496081334908,0.156318945188386,0.260505650107328,0.272860143463045,1.15134377847057,1.16424533810068,0.527493304390378,0.489350269484885,7.09028795271975e-16,3.53471352923283,2.62513245831915,0.504600843320666,0.0852421348406621,15.5324532254176,2.93663653598416,26.0123089607418,25.0909090909091,0
"72",73,73,430128,2018,"Broadleaf Forest",80440,"熊本県",130.61,32.82,69,4,45.0047112981623,0.404544513246608,0.554301075268817,81,15.7,2062,53,111.333333333333,332.333333333333,233.333333333333,1.50828735929854,-0.231195159942881,-0.272104284133513,0.121270562250941,0.473998574475486,0.0750451901815399,0.158397843952137,0.621356419467879,1.02344793572061,0.375752389434064,0.436199498062548,3.71497704393802e-16,3.30216835592412,3.16318729985488,0.501854462033144,0.0670014295821355,15.8094228549935,2.09359735412712,28.7436440056624,16.3076923076923,0
"73",74,74,430133,2018,"Broadleaf Forest",80440,"熊本県",130.61,33,57,4,64.6432433160792,0.327240561378786,0.589005376344086,39,16.2,1876,56.3333333333333,116.333333333333,309,210.666666666667,1.58663819946322,-0.0343314230009378,-0.032921430409171,0.375324965731869,0.471603917812853,0.292958510034896,0.207079198070579,0.622669518538014,0.677166541985193,0.333881057886219,0.673921026495117,3.70074341541719e-16,3.29666666666667,3.28866666666667,0.512177551982851,0.0669242346783661,16.8792513729723,1.91904905276116,20.1539715666506,19.9333333333333,0
"74",75,75,430116,2018,"Broadleaf Forest",80440,"熊本県",130.62,32.35,56,4,45.5716944177465,0.13684063754021,0.446102150537634,92,16.2,2164,49.6666666666667,97.3333333333333,317,279.666666666667,1.10458470743557,0.0186817023968032,0.359177848739861,0.497591485167525,0.236475320829001,0.068547384826939,0.0938012950660179,0.766672569530393,0.126556366704828,0.355380596136901,0.147320871552535,4.1920490067743e-16,3.06956577266922,3.49644955300128,0.501513166648187,0.0605012445793656,16.7182462021147,1.53967964625989,20.7367765807985,14.9310344827586,0
"75",76,76,430140,2018,"Broadleaf Forest",80440,"熊本県",130.66,32.28,47,3,33.917330622002,0.142842659045269,0.430860215053763,364,13.9,2673,49.3333333333333,102,334.333333333333,311,1.08588025807234,0.0283828456874087,-0.00354639672217959,0.104614560975846,0.442781891191778,1.06124259706816e-17,0.0895088231695931,0.654987038153941,0.42790489659514,0.460048279984643,0.0763973032296506,3.82047334944539e-16,3.26842286041256,3.20077068028118,0.498555273311897,0.0644620023264572,16.0421926951041,1.75922609773625,18.9096343092893,14.6470588235294,0
"76",77,77,430156,2018,"Broadleaf Forest",80440,"熊本県",130.66,32.86,48,3,118.857057387504,0.227657631249999,0.543279569892473,286,15.5,2060,53,113.333333333333,345.333333333333,271.333333333333,1.08517585302768,0.269801663983762,0.191033272477734,0.311688591085488,0.411450807616878,9.71445146547012e-18,0.391840080026417,0.490214817455229,0.583236813885766,0.303175034115698,0.291951347218101,4.10782519111308e-16,2.69215624392124,3.52102772036344,0.498555273311897,0.0538234196853619,15.0253580768,2.44801711466666,8.392,28,0
"77",78,78,460353,2018,"Broadleaf Forest",80440,"鹿児島県",130.7,31.05,81,5,81.8513706351663,0.396368558370701,0.456209677419355,262,17.7,2266,52,115,320.333333333333,269.666666666667,1.94729542065317,-0.466302961079251,-0.528288956936134,0.487220126541578,0.371485515363893,0.0922373610231291,0.391037315085836,1.18650187187172,1.01873370728198,0.640853358022643,0.355815704422061,7.88258347483861e-16,3.17427545080543,2.84557395924539,0.502844218649518,0.092477058146782,13.5468998750861,2.76397945732859,28.7805562978383,18.1,0
"78",79,79,460368,2018,"Broadleaf Forest",80440,"鹿児島県",130.7,32.07,60,4,51.2579252134335,0.195506880756187,0.414059139784946,558,13.8,2800,52.6666666666667,97,325.666666666667,283.333333333333,2.19179495964934,-0.0498026403758373,-0.0330263898246068,0.986762712897154,0.722716755911785,0.599659728635758,0.273319945725244,0.436779193989988,1.09203612349035,0.424771341502494,0.477325299517484,0.34184442720983,2.96895424836601,3.13535947712418,0.526797219595234,0.0860797293988799,18.164327212025,2.36914920305049,15.3448058244512,26.8235294117647,0.0588235294117647
"79",80,80,430166,2018,"Broadleaf Forest",80440,"熊本県",130.7,32.25,61,4,20.9440140892949,0.136862153530116,0.506021505376344,121,15,2431,50,100,345,277.666666666667,0,-0.506414643287055,-1.13321413213159,0,0,0,0,0,0,0,0,0,4.07,2.5,0.498555273311897,0.0812859559702976,18.4650396365978,1.80374993364855,22.0946630802507,30,0
"80",81,81,430168,2018,"Broadleaf Forest",80440,"熊本県",130.7,32.32,31,3,73.2858621525757,0.408218424928395,0.337016129032258,798,12.3,3052,50,99.6666666666667,356.666666666667,356.333333333333,2.42901875451506,0.0430723316413796,-0.473481417596595,1.16823876375756,0.6208326447475,0.202963933554584,0.53634935099272,0.527195960793618,0.362855515582038,1.10215256039247,0.770427166269988,0.609833576936062,2.7423670781893,2.26236872427984,0.507049131832797,0.0542631222640411,19.0060486962241,1.64215192678412,15.8986342771403,25.5,0.111111111111111
"81",82,82,430169,2018,"Broadleaf Forest",80440,"熊本県",130.7,32.35,60,4,85.1979241933657,0.256377354863634,0.332338709677419,953,11.8,3134,49,92.3333333333333,334.666666666667,324.666666666667,2.28053046083402,-0.05142897111982,0.676903049302443,0.438198120165213,0.832845770332864,0.680277093124219,0.471165560956492,0.23138853825854,1.49882448165781,0.256312557750903,0.186158037985382,0.572670710327289,2.27310344827586,3.43413793103448,0.551375410799423,0.0883126906857354,15.8208352564002,2.63831060089553,11.7368394409875,28.8620689655172,0.103448275862069
"82",83,83,430174,2018,"Broadleaf Forest",80440,"熊本県",130.7,32.53,54,4,54.031932388557,0.191912868439628,0.494139784946237,149,14.2,2512,50,109,312,267.666666666667,0.535085068476012,-0.171653784760256,0.27573320923626,0.226261077113419,0.113590294886951,0.0191932677515429,0.0380450942202825,0.277948073546966,0.264770111546469,0.185069607056987,0.10045591094083,3.82835525732813e-17,3.21404853128991,3.50955300127714,0.49929474664597,0.0616935159689574,14.8696805822081,1.63706985571688,22.9161810376677,14.5172413793103,0
"83",84,84,430198,2018,"Broadleaf Forest",80440,"熊本県",130.74,32.32,64,4,63.6466130748611,0.181437232003697,0.346559139784946,701,12.5,3014,50,97.3333333333333,336.333333333333,295,1.85614310034606,-0.183611034297501,-0.271250648865367,0.266769668178597,0.486618910579889,2.29850860566927e-17,0.422262882671808,0.736174640658816,1.26844029001407,0.310802738687256,0.322172873394975,5.23886489744996e-16,3.24433807824422,3.04138484123431,0.498555273311897,0.0761870119452056,13.3394414184841,2.3940772534434,19.6349454920891,17.5,0
"84",85,85,400193,2018,"Broadleaf Forest",80440,"福岡県",130.74,33.58,75,5,37.8546312629172,0.3365089429811,0.590698924731183,37,15.4,1799,52,109,337,314,0.283728732899826,0.54578434997942,-0.347779693291679,0.208513869851039,0.0767937414063075,0.0569366426068698,0.0589431180849791,0.0941350041600592,0.113232667560355,0.0522261695085477,6.16790569236198e-18,1.91205076463221e-16,3.10777777777778,2.96222222222222,0.500938020721686,0.0519859915901869,20.6687051890803,1.92750624656335,9.91010356394617,25,0
"85",86,86,400196,2018,"Broadleaf Forest",80440,"福岡県",130.74,33.69,59,4,60.178055192986,0.231949127349151,0.578870967741936,66,15.5,1787,55,110.666666666667,363,341.333333333333,1.94466863416527,0.866550346776671,-0.157409572579012,0.90415908744068,0.817970101167657,0.140117518915344,0.245822332506579,0.23023690264218,1.06198852685731,0.451669777743101,0.464093667181552,5.99057840370657e-16,2.81070987654321,3.23313271604938,0.51106469721329,0.0538120192219839,22.3000014846596,2.38532634852566,11.8156243772418,21.4583333333333,0
"86",87,87,430230,2018,"Broadleaf Forest",80440,"熊本県",130.78,32.43,66,4,37.1061767560229,0.328992112896415,0.304139784946237,780,12.6,2963,49,100.666666666667,325.333333333333,305.333333333333,2.14554973379447,-0.00132338825786838,-0.448781301494025,0.615593477870359,0.743847890272212,0.390236512243782,0.295387607651573,0.548120755603179,0.914433023056528,0.482456013824833,0.795206987407328,0.32397408774728,3.30747138462833,2.82962704166474,0.509351616648803,0.063135245343658,16.3579325472478,2.14439168709657,16.8256227408169,21.4444444444444,0.0555555555555556
"87",88,88,400224,2018,"Broadleaf Forest",80440,"福岡県",130.78,33.9,56,4,112.169823702352,0.339724556595543,0.581182795698925,167,15.1,1849,50,111,331.333333333333,327.666666666667,1.54556212079979,-0.29297346905547,-0.778536945171113,0.287018785895691,0.100803980209651,5.84327907697451e-18,0.413264452864477,0.995910975256277,0.817141547475765,0.47145053621688,0.415484777377561,8.76491861546176e-18,3.19939154174078,2.62748486117558,0.498555273311897,0.0855498542046907,12.7186841065917,2.9895210459737,25.5832290531317,17.2105263157895,0
"88",89,89,400242,2018,"Broadleaf Forest",80440,"福岡県",130.82,33.72,63,4,64.8139496930317,0.245699114854689,0.483575268817204,708,12.2,2220,49,98.6666666666667,325.666666666667,383,2.35352210134722,0.212255899151853,0.19329369377356,0.839363442869123,0.75305355827867,0.790775051324861,0.451308909509219,0.591481750108361,1.28926529075097,0.194603701518062,0.50274021990957,0.454447981532749,2.852944,3.314832,0.534968843729903,0.0801071895743377,17.8938778011505,2.50537257942885,10.107606237286,25.08,0.08
"89",90,90,400245,2018,"Broadleaf Forest",80440,"福岡県",130.82,33.83,69,4,90.3517723660769,0.4496103814326,0.545752688172043,319,14.1,1946,50,105.666666666667,337.333333333333,321.333333333333,1.82043590685111,-0.0663641843858811,-0.579666444305239,0.499211392131823,0.567605775442431,0.11096547489754,0.534987489131515,1.08511734389962,0.792810532699353,0.390494899856637,0.130009584308061,6.74460487459783e-16,3.22682260755883,2.91309935044043,0.503488691318328,0.0814475473162118,12.9628893249931,3.06585804148455,17.5745025698939,20.25,0
"90",91,91,460403,2018,"Broadleaf Forest",80440,"鹿児島県",130.83,31.13,34,3,17.9948308111,0.112122277767999,0.344086021505376,669,14.7,2905,49.6666666666667,99.6666666666667,346.333333333333,340.333333333333,1.47024732289932,-0.533799254165348,-1.04416525603093,0.320095787225631,0.0617124716697431,0,0.184378601652226,0.834375986198661,1.07698783058828,0.0292472607075057,0.405487982247363,7.95659834314696e-16,3.84939620900453,2.54047829937116,0.498555273311897,0.0880104166138464,15.1627056447319,2.34295254909903,21.7297753868338,26.6666666666667,0
"91",92,92,430258,2018,"Broadleaf Forest",80440,"熊本県",130.83,32.43,48,3,47.9167379157306,0.185827230246683,0.287069892473118,961,11.6,3152,49.3333333333333,95.6666666666667,308.666666666667,352.666666666667,2.06438017962221,0.325518554004096,0.124190860230137,0.785065034742654,0.824943120891959,0.570216184487695,0.281748763168881,0.681926409461663,1.08934969793814,0.228076533229944,0.522845561724724,4.82520006856318e-16,2.7695906903801,3.26854032940929,0.547576825377195,0.0783361819878854,16.4360200405564,2.88209417901221,11.13569010745,26.5,0
"92",93,93,460428,2018,"Broadleaf Forest",40170,"鹿児島県",130.87,30.44,55,4,75.8489728866068,0.315313941133909,0.525,112,18.8,3163,54,121.333333333333,353,298.333333333333,2.5738696404875,0.338020873571541,0.165396367581747,1.10608473067525,0.146001335080654,0.142341606517174,0.515338462649348,1.45439673049279,1.66842573036335,0.441945668048323,1.5419764230905e-17,1.11022302462516e-16,2.26475050089492,2.76508217693932,0.510469010360843,0.0732670218257127,17.1924611826667,2.16839164805392,12.7294544072449,20,0
"93",94,94,460432,2018,"Broadleaf Forest",80440,"鹿児島県",130.87,31.24,45,3,14.6114271010786,0.297068840299211,0.459784946236559,199,17.3,2451,51,120,344,215,3.32231584862267,-0.125631135028758,0.202901878330092,1.08824893414524,0.754667907275956,0.593069086331987,0.299810956221703,1.22854297649342,1.8896958218002,0.258363704660208,0.993445556506038,1.37212554810613,2.67,3.74,0.476185091103966,0.0697622662828352,19.9470286541723,2.36251593153604,13.0477079363198,23.6666666666667,0.333333333333333
"94",96,96,430281,2018,"Broadleaf Forest",80440,"熊本県",130.87,32.28,78,5,16.3250801644483,0.305779292920602,0.530349462365591,350,14.5,2577,50,105.333333333333,329.666666666667,260,0.748911792324325,0.378174684850148,-0.355035756253871,0.0971711208732551,0.0946892297565751,3.46944695195361e-18,0.215300345955311,0.490433732435597,0.47559285426137,0.139409078863298,0.099788058131187,2.91433543964104e-16,3.0510235783767,2.95267936226419,0.498555273311897,0.0595809076147015,18.9103712990338,2.15144105547661,11.7239345274706,24.375,0
"95",97,97,430286,2018,"Broadleaf Forest",80441,"熊本県",130.87,32.46,63,4,65.1883004780976,0.246804321250449,0.293709677419355,498,13.6,2700,49.3333333333333,101,317,373.666666666667,2.08579301523021,0.29876366418421,-0.302342081374945,0.562835194303686,0.356949584646515,1.73472347597681e-17,0.377880815691087,1.2959734533915,0.98431148522166,0.470133013774051,0.562376984753618,4.75314232417645e-16,2.88573159513297,2.85815137221593,0.498555273311897,0.0769585948014843,16.7704696287731,2.54526274337126,14.5246551042558,17.1875,0
"96",98,98,430291,2018,"Broadleaf Forest",80440,"熊本県",130.87,32.64,58,4,46.033469162677,0.154093566291541,0.551639784946237,95,16,2128,51,110.333333333333,346,267.333333333333,0.286119720983206,-0.24983329302498,0.322510763318429,0.161904790406506,0.076394374194331,0.0198533860620575,0.0208017637705019,0.20387518079719,0.0411174558725317,0.0746637277127704,0.0125680586334325,1.1498738469332e-16,3.25285714285714,3.53464285714286,0.499321156407901,0.0620551428690191,14.6095367438008,1.52426798353008,23.9890699751715,14.0714285714286,0
"97",99,99,400256,2018,"Broadleaf Forest",80440,"福岡県",130.87,33.58,66,4,48.1896093530979,0.251885512719827,0.569731182795699,315,14.3,1937,49.6666666666667,109.333333333333,306.666666666667,304.666666666667,2.33636907534564,-0.0101340108603175,0.183281194318579,0.53772271642149,0.852372411878833,0.606353424735735,0.311183773705289,0.526939722664401,1.609364185833,0.425450552101958,0.506446214562012,3.91221446772674e-16,2.96947932883133,3.11382000186955,0.538290857449089,0.0768556297091485,14.2246231848466,2.28357833208687,15.9953958400895,20.2857142857143,0
"98",100,100,460454,2018,"Broadleaf Forest",40170,"鹿児島県",130.91,30.44,60,4,127.310122863144,0.503595539119401,0.506774193548387,183,18.5,3114,54,118,359,292.333333333333,1.25968755677687,-0.0167886638488185,0.0989681680935597,0.110338578246582,0.719314805338448,3.99512073255265e-18,0.10857600863567,0.497431804234383,0.729545144902285,0.157316315105151,0.178448223592331,2.52323414687536e-17,3.63487706469903,3.54870225728992,0.498555273311897,0.0840359145883094,17.2205810765485,1.81424615644078,15.0077805890297,15.4545454545455,0
"99",101,101,460458,2018,"Broadleaf Forest",80440,"鹿児島県",130.91,31.16,72,5,124.91975670969,0.288758145692039,0.365188172043011,600,15.1,2849,50,103,330.333333333333,308,2.21941856609512,-0.35711677638458,-0.0191714266426078,0.621316513983826,0.755069351913546,0.385422806107981,0.405893835139715,0.670324518469961,1.24039227539743,0.512276482156885,0.582382114502775,6.54568991601915e-16,3.20704441272741,3.08542583496919,0.521180379153269,0.0956843830309913,13.1491902466947,2.41799611366349,20.6303242926206,17.7833333333333,0
"100",102,102,430304,2018,"Broadleaf Forest",80441,"熊本県",130.91,32.14,84,5,43.322292656667,0.228176120498913,0.331263440860215,666,12.9,3028,52.3333333333333,92,323,320,2.252160775564,-0.214459891317199,0.32133108381249,0.741958188287894,0.734800062615134,0.572001438736592,0.286761549179071,0.282418550411378,1.17046823873489,0.839978043188749,0.434692102852436,0.581537974682101,2.7174625593165,3.48393341569018,0.556309837535962,0.082944491572144,15.4549516695822,2.83239418345899,19.1852988619637,28.3157894736842,0.105263157894737
"101",103,103,430309,2018,"Broadleaf Forest",80440,"熊本県",130.91,32.32,46,3,80.122085118991,0.213223901603306,0.436505376344086,451,14.6,2565,52,100,318,324.666666666667,1.18616402200324,-0.418321165279531,-1.07974518882271,0.499847282535082,0.0451026705988684,0.177368920233937,0.0501049183481585,0.301978591888847,0.561926607356339,0.218244078362077,0.365472331113967,0.460047937604611,3.78675675675676,2.50675675675676,0.491375116016338,0.0798226925377523,18.7673001596756,2.01913739208347,19.8559125649133,28.7027027027027,0.0810810810810811
"102",104,104,430312,2018,"Broadleaf Forest",80441,"熊本県",130.91,32.43,70,4,25.7173330455891,0.206479090940763,0.263844086021505,990,11.2,3208,50,102,324.666666666667,458,2.28498320531535,0.464206791701003,0.246263874674511,0.562112052760971,0.679446813588044,0.609482052490878,0.610339705892004,0.806969239710623,1.30687420392982,0.439151183636628,0.459944012921079,6.50994409893842e-16,2.70454545454545,3.33636363636364,0.540121058170126,0.067481354644424,18.5744085337917,2.44223830134613,12.3302246210872,24.5454545454545,0
"103",105,105,430346,2018,"Broadleaf Forest",80440,"熊本県",130.95,32.71,70,4,158.500053355025,0.34174105451683,0.452123655913979,577,13,2686,48.6666666666667,103,306.666666666667,274.333333333333,2.38422910472677,0.332627160997831,-0.171114249389523,0.922725302616955,0.868087900194258,0.426915836406975,0.488790229911912,0.784015956641955,0.989799753998228,0.458112859365537,0.536415109479241,7.46478902083493e-16,2.31037356607027,2.53164349585496,0.505815588932137,0.0639575776867822,17.676434024781,2.19952982036243,11.6394706753229,26.1315789473684,0
"104",106,106,430353,2018,"Broadleaf Forest",80440,"熊本県",130.95,32.97,59,4,83.8403896676761,0.210487704914782,0.370806451612903,877,10.9,2925,49.6666666666667,99.3333333333333,320,391.333333333333,0.069711786227794,0.508092529866592,-0.283991723276467,6.75135623082866e-18,0.0300684470659123,7.31396925006438e-18,0.024160807278038,0.0099576901142009,0.0197429575631707,0.0240945202462324,0.0479832382206521,1.50030138462859e-17,3,2.98648648648649,0.498555273311897,0.054202037507675,20.3622722493291,1.96325168784911,10.6047505615587,24.7297297297297,0
"105",107,107,400286,2018,"Broadleaf Forest",80440,"福岡県",130.95,33.8,67,4,123.740416270001,0.301702710128505,0.550645161290323,16,15.5,1759,50.6666666666667,111.666666666667,362,324.333333333333,0.744850413006367,-0.526657246689163,-0.779078910929097,0.172557889261158,0.0874390479066402,2.23035875482732e-18,0.136918217541289,0.417542724371322,0.468451523693059,0.209285889516207,0.148954768988827,9.91270557701033e-17,3.32306483784377,2.65327013195382,0.498555273311897,0.0981601736903917,9.84016267942892,3.23894243010865,22.3540992392094,19.2857142857143,0
"106",108,108,400288,2018,"Broadleaf Forest",80440,"福岡県",130.95,33.87,71,5,146.725895825909,0.247082411721536,0.552956989247312,85,14.8,1847,49.3333333333333,110.666666666667,355.666666666667,313,1.9619962641413,-0.162370720978358,-0.459869181063861,0.340364759574151,0.337531093745036,0.0779985158492125,0.44479743072897,0.972595037933601,1.16566290771597,0.418552607984742,0.359246132751874,6.42819131257966e-16,3.29524420202119,2.83865518765948,0.501641956913183,0.0804074491518422,14.6733470895567,2.39622463119003,17.9671051006361,20.92,0
"107",109,109,460477,2018,"Broadleaf Forest",40170,"鹿児島県",130.96,30.41,48,3,12.5461198669505,0.104214127049017,0.592822580645161,37,19.4,3039,51,111.333333333333,355,310.666666666667,1.95551163314255,-0.32309325266448,0.797233356194903,0.792774506505461,0.745715622749471,1.17765204913562,0.535115438180132,0.544366969810162,0.433316530181093,0.31784936549367,0.126714994452301,1.11022302462516e-16,2.44636477116893,2.3324613719078,0.629978424437299,0.131662450746027,9.58837026636393,2.56062267093469,10.3602786593309,19.1666666666667,0
"108",110,110,460478,2018,"Broadleaf Forest",40170,"鹿児島県",130.96,30.44,64,4,80.4486924364012,0.264533732670931,0.592768817204301,39,19.4,2996,53,93,336.333333333333,269,1.66328057528757,-0.42203955198877,0.58467589715336,0.729459851483334,0.395426450869213,1.17765204913562,0.454419117589413,0.0729863151933066,0.571897659234469,0.390222373843957,9.25185853854297e-18,1.11022302462516e-16,2.40272954233786,2.10270052159338,0.629978424437299,0.134605521292332,7.98030006166667,2.84870745866667,11.2632015124035,20,0
"109",111,111,430338,2018,"Broadleaf Forest",80441,"熊本県",130.96,32.43,30,2,15.6519110117212,0.218051196543933,0.215134408602151,1040,11.1,3234,48.3333333333333,95.3333333333333,319.333333333333,494,1.9302435136234,0.350082990393794,-0.099293564760536,0.844889266247011,0.474684276011217,0.669118234332147,0.234560272819943,0.562175993843069,0.760107629691549,0.259945282445656,0.498940290655935,7.91033905045424e-16,2.8415,2.81708928571429,0.506958227491961,0.0597392342221742,17.9726189803736,1.85171026169665,8.61127177613086,24.625,0
"110",112,112,430356,2018,"Broadleaf Forest",80440,"熊本県",131,32.17,14,2,9.30433511596977,0.345737695554714,0.348387096774194,668,13.1,3027,50,97.3333333333333,331,289,1.65677903840645,0.372716643428548,0.484308225672755,0.338566335067408,0.757208876660723,0.546276506306639,0.0658608246195925,0.296687744107651,1.12015196732067,0.203613569241309,0.608231973371044,4.44089209850063e-16,2.53333333333333,3.49333333333333,0.559518424437299,0.0807415101538979,17.0416430031189,2.84106092582482,12.9390573319854,25,0
"111",113,113,430366,2018,"Broadleaf Forest",80441,"熊本県",131,32.53,48,3,11.0946768399845,0.167095835811572,0.21255376344086,975,10.2,3324,48.3333333333333,97.6666666666667,322.666666666667,449,1.56996036217212,1.30312632945078,-0.120576232716158,0.408093350304465,0.531697843762606,3.46944695195361e-18,0.309887074295148,0.649755976910415,0.30008310883134,0.0234496533966146,1.18605234807354,6.66133814775094e-16,1.625,2.035,0.498555273311897,0.0519587598458424,23.9512001793302,1.89644039653405,5.20992404155324,17,0
"112",114,114,400298,2018,"Broadleaf Forest",80440,"福岡県",131,33.94,73,5,189.215921558002,0.276409588409526,0.592338709677419,102,15.7,1734,54,117.333333333333,368.333333333333,338.333333333333,1.43319466641829,-0.217203577099895,-0.813232685323165,0.602729280693325,0.386016085143495,0.108993098170462,0.258753750567173,0.311267065535113,0.635722070058617,0.32495422636199,0.533444266441237,6.11944357620771e-16,3.63181850604827,2.72506832848159,0.503285472362578,0.0746991333757411,18.2585726539211,2.08862806013034,22.5902117750415,25.452380952381,0
"113",115,115,460532,2018,"Broadleaf Forest",80440,"鹿児島県",131.04,31.27,19,2,6.63102153224902,0.0733228366319121,0.439327956989247,295,16.6,2586,50.3333333333333,102.333333333333,325.333333333333,252,0,-0.588568475921933,-0.866067503829599,0,0,0,0,0,0,0,0,0,3.40818862701358,2.62143489811348,0.498555273311897,0.101459337900944,8.558037661,3.42135778,21,20,0
"114",116,116,450055,2018,"Broadleaf Forest",80440,"宮崎県",131.04,32.1,55,4,48.5286705445821,0.320691751734664,0.379354838709677,479,14.4,2852,52.6666666666667,97.6666666666667,308,284.666666666667,2.19766670061578,0.0705314520138421,-0.0482187314988369,0.606732368716038,0.960674647396553,0.673349937236136,0.283230381579092,0.384276434961527,1.05516116271322,0.490426628127998,0.691582280833002,3.63906435849357e-16,3.24277777777778,2.79981481481481,0.543641818506609,0.0733228601561655,16.2522656221242,1.88088373207466,14.9217653005274,20.2222222222222,0
"115",117,117,450061,2018,"Broadleaf Forest",80441,"宮崎県",131.04,32.57,99,5,71.5254865009867,0.563216526695836,0.21489247311828,1529,8.1,3513,47,96.6666666666667,309,551.333333333333,2.02803443304184,0.770193155540192,-0.670600338032145,1.07756316676934,0.683508746843689,0.314769188896404,0.213953985049308,0.607162715439305,0.525366130294311,0.0549979592675709,0.979929290431127,9.80697005085555e-16,3.25899730765688,2.54748817610825,0.485382465166131,0.0528137181839172,21.8086098289493,1.76926067498073,6.24457800264947,19.6666666666667,0
"116",118,118,440047,2018,"Broadleaf Forest",80440,"大分県",131.04,33.36,61,4,26.8256525905171,0.157017453760752,0.490483870967742,701,12.3,2320,48,104,331.666666666667,333,0.992022763621134,0.462776120287284,-0.133813784921954,0.282404306070147,0.227754380946285,0.102030350197576,0.326145056554251,0.244704578982548,0.181669232367371,0.171606939615945,0.51457687712533,0.34184442720983,2.77942210405364,2.92932735373798,0.494522610175903,0.0642451405517306,20.6566399102469,1.94819701244968,9.80723758656674,21.5882352941176,0.0588235294117647
"117",119,119,430408,2018,"Broadleaf Forest",80440,"熊本県",131.08,32.64,55,4,8.71292213521474,0.234750770412588,0.341182795698925,622,12.5,2854,49,97.3333333333333,295.666666666667,309.333333333333,0,0.484394198960186,0.455308466554567,0,0,0,0,0,0,0,0,0,2.51314814814815,3.74592592592593,0.498555273311897,0.0419144401314664,16.64218818075,2.20468194833333,5.24,30,0
"118",120,120,440057,2018,"Broadleaf Forest",80440,"大分県",131.08,33.4,27,2,30.6995906867269,0.278074883440557,0.492930107526882,404,13.8,2006,53,110.333333333333,302.666666666667,315,0.381816741401231,0.617050978377516,-0.233075955739607,0.181736676324119,0.0457073337331065,0,0.0564688829811344,0.157839032888383,0.047383192769265,0.0719955416003935,0.274109875999217,1.29526019539602e-16,2.90365432098765,2.97693827160494,0.498555273311897,0.0551824848389541,20.8698168938367,1.98827267006817,9.7078487844171,23.2666666666667,0
"119",121,121,460549,2018,"Broadleaf Forest",80440,"鹿児島県",131.12,31.52,58,4,38.2222139500017,0.244537289751646,0.541397849462366,110,17,2457,51,119,356,198.666666666667,0.705641389226478,0.416792543085047,-0.371957450034817,0.189784589207336,0.179388921651944,0.0598425785184661,0.146770532584212,0.173717606522803,0.273174102164129,0.325751300239532,0.283490819422421,2.15513881250766e-16,3.10588235294118,2.93588235294118,0.501078182334027,0.0571486737918765,20.2080509456804,1.98469045152546,13.6034934670212,23.4705882352941,0
"120",122,122,450099,2018,"Broadleaf Forest",80440,"宮崎県",131.12,32.1,20,2,15.1614276228592,0.20096093932201,0.350456989247312,698,13,3100,52.6666666666667,96.3333333333333,320.666666666667,370.333333333333,0,0.484394198960186,0.455308466554567,0,0,0,0,0,0,0,0,0,2.51314814814815,3.74592592592593,0.498555273311897,0.0419144401314664,16.64218818075,2.20468194833333,5.24,30,0
"121",123,123,450100,2018,"Broadleaf Forest",80440,"宮崎県",131.12,32.14,56,4,76.7129959991838,0.240570668415729,0.354381720430108,487,14.6,2847,53,97.6666666666667,296.333333333333,351,1.98757514893464,0.598758516079882,0.391470005187293,0.55868692158038,0.502264948389047,0.405674418898493,0.218886693320393,0.810444303775847,1.11288167368836,0.415478527024761,0.665096264372598,4.2700885562506e-16,2.49575498575499,3.40185185185185,0.524606685629483,0.0630386909867967,18.8011760223098,2.32948519363188,13.4021674647748,18.7692307692308,0
"122",124,124,450102,2018,"Broadleaf Forest",80440,"宮崎県",131.12,32.21,68,4,22.9071032221498,0.209897970737352,0.388333333333333,577,13.7,2967,49.6666666666667,95.6666666666667,335,318,2.35453820038822,0.369471704406663,0.315830109016374,0.451308924644855,1.01846287890457,0.556524343240097,0.300053947868113,0.525648574881222,1.45585506370475,0.353292660903934,0.545584080113827,2.99760216648792e-16,2.73774074074074,2.4207037037037,0.574711054662379,0.0685083137441778,15.8346259276279,1.64885686480209,10.4166045102949,16.7,0
"123",125,125,450104,2018,"Broadleaf Forest",80440,"宮崎県",131.13,32.28,53,4,101.186022275634,0.257601464377752,0.371451612903226,393,14.9,2750,49.6666666666667,101.666666666667,344.333333333333,312,1.33099629673445,0.677353687897538,-0.27449313900862,0.750248110145273,0.525694911625506,0.0827191966318934,0.301683520478834,0.175729509765613,0.309086992885927,0.261077648424798,0.567890056769903,0.212644456753692,1.73758597883598,1.90876322751323,0.496158468075333,0.0476992482349887,20.3160599768587,1.79512453631264,7.70944904669381,26.1428571428571,0.0357142857142857
"124",126,126,400309,2018,"Broadleaf Forest",80440,"福岡県",131.13,33.54,63,4,47.347843885923,0.224576929513702,0.542715053763441,111,14.7,1800,52,109,312,311.333333333333,0.628214396733661,0.505651966769883,-0.0362513250724177,0.235473781717516,0.379074988216432,0,0.106786709841772,0.315582876578157,0.156232763975411,0.137832593501927,0.202743991123681,3.70074341541719e-17,2.83771604938272,3.24864197530864,0.498555273311897,0.0497036631882667,19.1402467965615,2.04824356980758,8.6791882114062,26.6666666666667,0
"125",127,127,430443,2018,"Broadleaf Forest",80440,"熊本県",131.17,32.86,65,4,39.1492169105309,0.323216857149731,0.310591397849462,807,12,2716,51.3333333333333,107,327.666666666667,318,2.63472832340171,0.277499078041183,-0.589457595849474,0.529038688197167,0.177729572885577,0.485830435774829,0.148580382641063,0.935117708285158,1.3492088510125,0.241648342548343,1.21398136725894,1.26011529928114,2.65962962962963,2.76100529100529,0.473253766651355,0.0659881471322512,20.4939468333819,2.67855013958002,10.1619419693785,20.8571428571429,0.285714285714286
"126",128,128,440076,2018,"Broadleaf Forest",80440,"大分県",131.17,33.36,80,5,36.8972128433179,0.190881933729638,0.448870967741936,431,13.6,2041,49.6666666666667,106.333333333333,289.666666666667,318,2.83401494734275,-0.660132849547687,-0.675572989969073,1.38749002309216,0.848189043590475,1.5419764230905e-17,0.530982140237778,0.563032621053746,0.212405483885903,1.14968722110175,0.729878368045253,1.23872445315136,2.90652263374486,2.16441872427984,0.498555273311897,0.0697124125795849,18.4708397630962,1.65644618135825,25.5757120678816,24,0.277777777777778
"127",129,129,450163,2018,"Broadleaf Forest",80440,"宮崎県",131.21,32.14,90,5,69.2708816069084,0.39603251460479,0.388037634408602,728,12.6,3171,52.3333333333333,91.6666666666667,317.333333333333,375,2.61797687166729,0.116308415302693,0.290087379856167,0.417157674223436,0.532241648474427,0.387416885862168,0.978518369809355,0.751816319586516,0.822767572224276,0.72955459785415,0.886280875483521,0.409537472266373,2.41691997592462,2.9322386975697,0.522745870463941,0.095500910593343,18.9908991095305,2.19378755192987,13.4500910754193,21,0.0714285714285714
"128",130,130,450164,2018,"Broadleaf Forest",80440,"宮崎県",131.21,32.17,40,3,84.2920073082454,0.259089226118018,0.446666666666667,438,13.9,3003,50,100.333333333333,325.333333333333,315.666666666667,2.75907759373508,-0.782985360124328,0.174073452243163,0.888720392783186,0.701580959814631,0.604355218232966,0.550626707848432,0.62316799466458,1.44879445510138,0.679026557414049,0.609431641957574,0.909337641348441,3.01321817990022,3.39526686554709,0.522555403578201,0.103320488648554,14.5718880832913,2.51124328794089,21.4840439868402,25.8974358974359,0.179487179487179
"129",131,131,450165,2018,"Broadleaf Forest",80440,"宮崎県",131.21,32.21,54,4,49.5804067245552,0.174481027245236,0.441209677419355,667,13.1,3085,51.6666666666667,99,293.333333333333,328,2.19623557598513,0.292461405908914,-0.082524275162881,0.913844426007195,0.651526505518994,0.552830376287025,0.297731289591162,0.673703520402896,0.936919498833,0.58309990376533,0.729661400635013,0.205574101143131,3.01948275862069,3.19948914431673,0.523735486195809,0.0733634788512805,19.0566469963754,2.39422867298664,13.6287270846102,23.6896551724138,0.0344827586206897
"130",132,132,450167,2018,"Broadleaf Forest",80440,"宮崎県",131.21,32.28,52,4,15.0195556675759,0.206943257803006,0.392231182795699,624,12.5,3135,49,95,328.333333333333,327.666666666667,1.97554499584558,0.377275335439231,-0.458856455580161,0.290292579681111,0.607686041407956,0.672894970664314,0.267544677661772,0.518137744381885,1.18016314413742,0.651690643201474,0.496317290270772,7.105427357601e-16,3.33344,2.19432,0.547422109324759,0.0535178861336052,17.6928514124,1.56518708326448,12.6994841342329,18.8,0
"131",133,133,450168,2018,"Broadleaf Forest",80440,"宮崎県",131.21,32.32,58,4,28.5735154741541,0.116602481519867,0.360752688172043,836,12.1,3158,49,95.6666666666667,320,316,2.61350530338311,-0.286636373306432,-0.214412935293751,1.00543212033789,0.778644665316706,0.569419439520529,0.379782734476027,0.494036914746537,1.23262887888636,0.83230572534772,0.39273926036784,0.820994787786491,3.10770406600143,3.06725630506458,0.522923828058893,0.0792775828716551,16.8745582282313,2.42962948895419,18.0943377676133,25.7368421052632,0.157894736842105
"132",134,134,440080,2018,"Broadleaf Forest",80441,"大分県",131.21,33.08,110,5,77.1050695861719,0.244728939960551,0.290456989247312,1337,7.6,3246,50,100.333333333333,294.666666666667,592.666666666667,0.656350192573725,0.440978631026648,0.214782118733458,0.466394228262521,0.393306721505265,1.15648231731787e-17,0.0074935001439131,0.0722452644332841,0.217083586128418,0.000828804753875759,0.0786150169663255,1.45386348462818e-16,2.74999118165785,3.55583774250441,0.498555273311897,0.0417130648808506,16.852877741767,2.12459852749769,5.24761904761905,30.4761904761905,0
"133",135,135,450183,2018,"Broadleaf Forest",80440,"宮崎県",131.25,31.52,73,5,95.4811564188438,0.63741538539013,0.546263440860215,65,17.3,2530,53,121,336.666666666667,210.333333333333,1.86912630568432,0.211408073670164,-0.557772445074143,0.266230102752162,0.292503341048782,0.0968370689408264,0.387950393994649,0.540255857247234,0.945048773049947,0.810070563795394,0.613097829158012,8.10462807976364e-16,3.04464081185733,2.64773649337853,0.501988691318328,0.0738057383410495,18.9370375583432,2.29199259118651,21.96521203139,16.6,0
"134",136,136,450193,2018,"Broadleaf Forest",80440,"宮崎県",131.25,31.88,104,5,164.608615979196,0.411549864884389,0.529758064516129,179,16.3,2688,51.3333333333333,111.666666666667,369,225,2.23386023386837,0.20511547666224,0.347393392282886,0.723469506382611,0.861045111215201,0.559526693723874,0.312353226155408,0.537755465151346,1.3074199405749,0.525833401633483,0.456549431863697,4.79040675440114e-16,2.55374029341041,3.33530275040519,0.543168619745147,0.0768696379077044,17.4422047299376,2.50576438413204,15.3172992222554,26.4444444444444,0
"135",137,137,450202,2018,"Broadleaf Forest",80440,"宮崎県",131.25,32.21,53,4,33.3709461604338,0.138823021154123,0.473870967741936,379,14.4,2964,52,103.666666666667,320.333333333333,326.666666666667,1.59778655011779,0.102181154998918,-0.446936831025706,0.73822969603131,0.391511507731189,0.165862433950606,0.179086090616317,0.549276327451876,0.321947578433237,0.480681973550615,0.78796557380664,5.19192532104117e-16,3.34923747276689,2.71559912854031,0.505110845470021,0.0720330857550605,19.0657060159567,1.77982012343577,16.6082601392583,20.8235294117647,0
"136",138,138,450204,2018,"Broadleaf Forest",80440,"宮崎県",131.25,32.28,73,5,77.9609802221765,0.38030060086228,0.398870967741936,564,13.4,3036,52,98.3333333333333,317.333333333333,386.333333333333,2.18089335381558,-0.0154984873970631,-0.253651153215551,0.581896927795555,0.602779612594024,0.249189533444412,0.547189135835305,0.888809488261459,0.904633673156194,0.792856194012791,0.556506982837828,6.33995779851734e-16,2.90589333097096,2.8763864069146,0.507958871213403,0.0825056636259162,15.2706584591788,2.56919711103556,21.1301568518459,16.8947368421053,0
"137",139,139,450208,2018,"Broadleaf Forest",80440,"宮崎県",131.25,32.43,55,4,45.5865431530064,0.202335474384213,0.324381720430108,685,11.9,3127,51.3333333333333,89.6666666666667,327.333333333333,451,1.47946786202121,0.412337706873815,0.0887672919213675,0.485738433146709,0.455770649859209,0.108245374332056,0.22157189542719,0.663650567528179,0.454793943619933,0.410892537202909,0.630349499675446,3.30543673240672e-16,2.85439577934237,3.29841539099169,0.501413884828997,0.0582636472065076,17.9277558255012,2.09494373156476,11.4966541317975,21.2727272727273,0
"138",140,140,450217,2018,"Broadleaf Forest",80441,"宮崎県",131.25,32.75,52,4,61.5887693985593,0.251872058685964,0.461881720430108,464,13.7,2493,50,104,339.333333333333,298.666666666667,2.30837271285131,0.119042709930399,0.0845753246275888,0.667208469544441,0.712844531548782,0.296410738616373,0.636871277363173,0.937815199443806,1.08166763998881,0.395295531052882,0.510914857631677,7.17944222590935e-16,3.07927973562807,2.90061812901003,0.519229479099678,0.0860983487324137,17.2256849073423,1.84267306686204,14.0430734503584,15.6,0
"139",141,141,350090,2018,"Broadleaf Forest",80440,"山口県",131.25,34.16,69,4,60.356499503461,0.218570425167418,0.564381720430107,193,14.3,1846,52,110.333333333333,314,330,2.38668424513091,-0.198842055341055,-0.541835254258533,0.410990722371704,0.367412475306602,0.408096452864947,0.220541083668285,0.824635968557212,1.29626405426012,0.398664382101495,0.798492966694135,0.918530325591705,3.22220906710224,2.89654458669719,0.493494744226834,0.0680864582923674,16.6449622124278,2.39051059491377,15.1792168098592,24.2272727272727,0.181818181818182
"140",142,142,440112,2018,"Broadleaf Forest",80440,"大分県",131.26,33.54,55,4,29.8534281950837,0.132825602388355,0.571451612903226,28,15.4,1685,55,120.333333333333,315.666666666667,309.666666666667,1.95389436812826,-0.0452139926820042,0.164828827601878,0.589924261396588,0.478295841062377,0.508723613924987,0.592994022004368,0.828774051662449,0.613152853301838,0.572631936780964,0.543365128565545,0.307873045419934,2.89462962962963,3.07245614035088,0.517955464545608,0.0758225567076397,16.7535819797339,1.90696193395,16.6551331672187,19.8421052631579,0.0526315789473684
"141",143,143,450232,2018,"Broadleaf Forest",80440,"宮崎県",131.29,31.88,60,4,169.875141208445,0.26880526409203,0.529758064516129,256,15.7,2816,52.3333333333333,110.333333333333,325.333333333333,251,1.64347393406891,-0.459255231555944,-0.408957774674225,0.240295393540701,0.492401155818409,0.187782549042907,0.304919861698562,0.696454159928346,1.04537576343528,0.376537707689551,0.288910187351246,5.45859653774035e-16,3.31242764684012,2.97655078239007,0.506175667202572,0.0930220155586964,11.6157814302912,2.82043063630911,22.2179318378651,19.5,0
"142",144,144,450246,2018,"Broadleaf Forest",80440,"宮崎県",131.3,32.39,55,4,37.0498924164606,0.189327938844518,0.474005376344086,432,14.9,2896,53.6666666666667,99.3333333333333,294.666666666667,295,1.99995289168283,-0.518101862435601,-0.256987754420753,0.654027650974505,0.338879498451765,0.162465736724191,0.61157294556394,0.601543949754756,0.490673973543239,0.597404815271783,0.488219259617046,0.727169841093434,3.14525436520095,2.96356690614321,0.496479554223911,0.0840039360527496,17.5936119479953,1.91702745190673,20.5580927089341,25.6818181818182,0.136363636363636
"143",145,145,450283,2018,"Broadleaf Forest",80440,"宮崎県",131.34,32.25,46,3,43.4135519369293,0.114842839917417,0.438736559139785,374,14.7,2976,49,95.6666666666667,311.333333333333,324.666666666667,1.509188248315,0.0305831155766011,-0.592907769177052,0.82304377935214,0.405243563793627,0.0846589228523682,0.187790645724621,0.444922180651955,0.357824494257884,0.451105806177529,0.694268868583861,5.76919464582001e-16,3.46732142857143,2.73304232804233,0.501821156407901,0.0744263095915949,19.2975061134619,1.89007458280411,16.0642400074464,24.3928571428571,0
"144",146,146,450284,2018,"Broadleaf Forest",80440,"宮崎県",131.34,32.28,30,2,4.63992317765627,0.127596219366359,0.421505376344086,565,13.4,3057,49,101,312,351,1.86628595591764,0.780936735290994,0.120675987560337,0.486084523918207,0.585269948291453,0.0511078657521927,0.161485754481409,0.991816186622313,0.836621951981353,0.5098624121976,0.527134376921571,2.59052039079203e-16,2.67,3.26777777777778,0.495703515541265,0.0589142487433899,19.5291310610875,2.23649111702274,11.9110237350884,12.6666666666667,0
"145",147,147,450285,2018,"Broadleaf Forest",80440,"宮崎県",131.34,32.32,23,2,8.64356988900595,0.135736250012389,0.455430107526882,762,12.6,3112,52,96.3333333333333,340,346.666666666667,1.79347089167764,0.000992885370018022,-0.235217576777319,0.396459152503794,0.639392701226425,1.38777878078145e-17,0.503785840377531,0.818638555603556,0.991161480090865,0.426095652703263,0.510914857631677,6.88338275267597e-16,2.96853471006469,3.04694432961576,0.498555273311897,0.0725370108097574,13.9581170295713,2.59430284149489,14.0999214723475,23,0
"146",148,148,450308,2018,"Broadleaf Forest",80440,"宮崎県",131.38,31.74,95,5,71.6971036163738,0.220176049648268,0.47991935483871,260,16.1,2823,50,102.666666666667,326,302,1.90213323235159,-0.551507011119022,-0.805258694463751,0.70132891975833,0.257009731129521,0.745907617774212,0.404721953795862,0.726218950912557,0.828200637838441,0.306411708895634,0.423329453466246,0.454447981532749,3.62912754508054,2.39059072925787,0.522270196784566,0.0920327930012003,15.8791176461608,2.18136133304101,18.4942367708178,28,0.08
"147",149,149,450320,2018,"Broadleaf Forest",80440,"宮崎県",131.38,32.17,73,5,25.9743850032072,0.169856390918559,0.528763440860215,245,16,2800,51.3333333333333,107.333333333333,316,267.666666666667,1.45833637722473,0.280072421941162,-0.123461971631191,0.516683405794723,0.130450428249386,0.157072029015138,0.485614048857615,0.397812045617164,0.446622949328022,0.452633258359065,0.515740499734456,0.510294625328724,2.69838383838384,2.96464646464647,0.494272496346098,0.0719898223389809,20.8908207409131,2.05390031105334,13.2727362836893,22.3636363636364,0.0909090909090909
"148",150,150,450324,2018,"Broadleaf Forest",80440,"宮崎県",131.38,32.32,68,4,44.739392647605,0.331846463438902,0.42,566,13.6,3021,51.3333333333333,105.333333333333,335.666666666667,298.666666666667,3.08782357612751,-0.629751588694413,-0.207862572037928,0.974676800049773,0.828271372974431,0.61488864464309,0.646281951113515,0.687944117527984,1.56159871032652,0.721933050365502,0.529161816832808,0.98793039463641,3.08563772540272,2.6845369796227,0.520422109324759,0.0896774276154583,14.8130658728292,2.10857098291522,17.5276572466994,24.2,0.2
"149",151,151,450326,2018,"Broadleaf Forest",80440,"宮崎県",131.38,32.39,53,4,6.53303391519303,0.144378563138085,0.485483870967742,275,15.1,2896,51,108,315.333333333333,257.333333333333,2.04305913037396,-0.633172860160876,0.185865306182728,0.696769712469755,0.446958662850242,3.29597460435593e-17,0.478775245657159,0.344016881495018,0.369029989348836,0.398429354824138,1.41413933808768,4.44089209850063e-16,3.14982210282489,3.28178153499587,0.498555273311897,0.0843363132138354,15.8670974182807,1.46268754894625,19.3684558559555,29.5,0
"150",152,152,450334,2018,"Broadleaf Forest",80441,"宮崎県",131.38,32.68,76,5,15.5246242767034,0.12259061612951,0.468817204301075,464,13.7,2582,51.3333333333333,102.666666666667,339,264.333333333333,2.00100376298675,0.004708182718906,0.464447902763365,0.478292124142846,0.516099115039449,0.697982449004597,0.535455759392972,0.488909194417076,1.21497719696283,0.210861670011963,0.225271101248535,0.609833576936056,2.50555555555556,3.48222222222222,0.531580121471954,0.0828911358307058,17.4867331052104,2.48944186176871,12.3718088469312,27.7777777777778,0.111111111111111
"151",153,153,440156,2018,"Broadleaf Forest",80440,"大分県",131.38,32.86,84,5,22.8478251529946,0.261523103175948,0.297043010752688,914,10.7,2940,49.3333333333333,96,333.333333333333,387,1.16980156092801,1.50670222447362,-0.149032409491041,0.524052320065052,0.300520449136456,1.85037170770859e-17,0.230074776304171,0.378544972117388,0.327532362186113,0.0151923799985435,0.64878077159578,6.29126380620922e-16,2.13893333333333,2.35846666666667,0.498555273311897,0.0586368800688969,25.88182429811,1.93277738078981,5.57800626422588,9.33333333333333,0
"152",154,154,450348,2018,"Broadleaf Forest",80440,"宮崎県",131.42,31.99,68,4,92.7339607126288,0.253101158890784,0.62260752688172,89,17,2622,52,117.666666666667,330.333333333333,225.333333333333,1.44644819600878,0.0120336093274879,-0.666192783528481,0.806672367366921,0.398879439718855,0.0319160418765153,0.25360010004436,0.39094747912706,0.398420657672239,0.507305950440854,0.477325299517484,3.98374144130203e-16,3.44539215686275,2.79228758169935,0.499816727822962,0.0711675422865843,19.3933194113202,2.02981877290575,17.183412643231,26.8235294117647,0
"153",155,155,450356,2018,"Broadleaf Forest",80440,"宮崎県",131.42,32.28,78,5,118.542549228053,0.342700402407651,0.333064516129032,862,11.2,3280,48,91.6666666666667,341.666666666667,359,2.64909365732414,-0.163735758927302,0.00768968980426062,0.808724554766928,0.790457035410133,0.599153722379647,0.865454206422256,0.393170013628472,1.35829356621005,0.396821071988054,0.706522260267805,6.88338275267597e-16,3.11089013900574,2.41778810360061,0.544279898392283,0.0981120303048383,15.0368731251488,1.76739494552889,13.2872278559964,18.32,0
"154",156,156,450365,2018,"Broadleaf Forest",80441,"宮崎県",131.42,32.61,40,3,15.6110242875412,0.322674221280701,0.50260752688172,285,14.6,2568,51.3333333333333,103.666666666667,363.666666666667,273.333333333333,0,0.213312980773584,-0.354569809336532,0,0,0,0,0,0,0,0,0,3,2.5,0.498555273311897,0.0759374979839664,19.3901334643567,1.71943475080779,18.0196073617377,15,0
"155",157,157,450366,2018,"Broadleaf Forest",80441,"宮崎県",131.42,32.64,60,4,27.2744869053885,0.137639479836194,0.484516129032258,331,14.9,2475,53,100.333333333333,292,313,0.965421077354497,0.301345012315951,-0.504564776534924,0.604896228539084,0.232122258797375,1.15648231731787e-17,0.230515518556875,0.237944953938866,0.133484317355045,0.347104344631416,0.380144983356903,2.96059473233375e-16,3.23623456790123,2.80450617283951,0.498555273311897,0.0648077644540695,20.3485399352227,1.93740992681699,13.4337423222912,24.5,0
"156",158,158,450367,2018,"Broadleaf Forest",80441,"宮崎県",131.42,32.68,55,4,42.8035761114036,0.200718960066673,0.373548387096774,529,13.6,2611,51,101,314.666666666667,278.333333333333,1.40931453094056,0.385106290074715,0.47319185470153,0.266049007621274,0.369366428388605,0.576151002745283,0.413796877472073,0.194181953670839,0.975347997408594,0.185800245684387,0.104539870423148,2.42861286636753e-16,2.56149860019964,3.66593941705103,0.532847045819936,0.06082860164634,15.9845268685195,2.62251708460603,7.99083966409234,29.375,0
"157",159,159,450370,2018,"Broadleaf Forest",80441,"宮崎県",131.42,32.79,80,5,16.9879784528502,0.234674837284326,0.319086021505376,914,11.6,2836,50.3333333333333,96.3333333333333,304.333333333333,519.333333333333,2.39126846450774,-0.385343125035219,-0.60819673156199,0.913382706236086,0.819572421560946,0.124271636330483,0.635508903444306,0.31832093079449,0.362951774998457,1.13026407228413,0.923611515118993,0.609833576936062,3.46327160493827,2.75308641975309,0.499197374062165,0.0760017914475101,16.5853541571763,2.07041684502285,19.4159215230932,23.8888888888889,0.111111111111111
"158",160,160,440191,2018,"Broadleaf Forest",80440,"大分県",131.43,33.36,63,4,27.2094877710269,0.099479495973326,0.486774193548387,479,13.3,2044,50.3333333333333,104,315.333333333333,286,1.5608127994505,0.874601583562672,0.336009036768051,0.768796230531135,0.690098169628661,0.108090657448979,0.149597797485178,0.72429124511938,0.465727095283598,0.16116973871419,0.536004426533233,5.41233724504764e-16,2.43483796296296,3.26293981481481,0.503916454983923,0.0565464335600746,23.2471918239077,1.747669386809,9.77815007080132,19.125,0
"159",161,161,440192,2018,"Broadleaf Forest",80440,"大分県",131.43,33.4,15,2,11.8848159227622,0.456392794197492,0.527795698924731,283,14.4,1877,53,113,324.333333333333,260,2.29466126073215,0.699404929251442,0.05173968241081,1.00602568134315,0.810569233740842,0.128107445865457,0.219900230201815,0.666391364364947,1.31806672879934,0.83630515020449,0.466311179584467,5.73615229389664e-16,2.55666666666667,3.40666666666667,0.512851757770632,0.0587658513247336,24.3968508159335,2.21491289418157,18.9336202488048,23.6666666666667,0
"160",162,162,450377,2018,"Broadleaf Forest",80440,"宮崎県",131.46,31.96,55,4,84.4722800496689,0.407454137569843,0.647715053763441,6,17.5,2567,56,123,325.666666666667,209,2.00019912134216,0.0102619511546522,-0.444607003231895,0.477976760999135,0.719737517992226,0.0996391245620221,0.420825057936739,1.32740751408705,0.737976365051549,0.277502853754676,0.204996702136167,1.17190208154878e-16,3.1632368624535,3.0587343765201,0.503320768131475,0.0861114530891678,13.8117158916007,3.10120219375808,17.5378851292843,18.5555555555556,0
"161",163,163,450387,2018,"Broadleaf Forest",80440,"宮崎県",131.46,32.32,75,5,74.5306938266051,0.260311135715415,0.380564516129032,540,14,2993,50,93.3333333333333,325.666666666667,345.333333333333,2.62799699844398,-0.0788705816710616,-0.461334529369577,1.2705784346593,0.458279894094153,0.32281029300237,0.437189074057116,0.740024129602448,0.726080072813579,0.969609028739149,0.588879137854693,0.727169841093435,3.09774594769254,2.7203430004193,0.501939239988307,0.0736710944540283,18.8941669803076,2.08800638594438,15.4953269238918,24.2727272727273,0.136363636363636
"162",164,164,450388,2018,"Broadleaf Forest",80440,"宮崎県",131.47,32.35,65,4,90.3692711676207,0.172934841959594,0.501344086021505,266,14.4,2948,53.6666666666667,111,329.333333333333,227.666666666667,0.772894877722421,-0.501589012898728,-1.08254340675697,0.198667975992084,0.0309260779259419,0,0.0929954553006164,0.419084583728238,0.540398916704721,0.0231711171238564,0.247808409250312,4.41727033201924e-16,3.96274748429961,2.51550232741874,0.498555273311897,0.0837474843447135,17.2199988275376,2.00845912290957,21.8682155440801,28.4042553191489,0
"163",165,165,440218,2018,"Broadleaf Forest",80440,"大分県",131.47,33.58,55,4,42.9161307090796,0.336257622805125,0.576720430107527,26,15.5,1709,54.3333333333333,119.333333333333,292,252,2.00473596282631,0.3800802861711,0.0851557890799886,0.602099921401305,0.52854045402709,1.01583661190087,0.78281251486248,1.02191538843856,0.391809690885062,0.131752279198671,0.350341616661722,6.99440505513849e-16,2.75449382716049,2.56802469135802,0.553983830653805,0.0798038452506191,17.2080674596916,2.10294663653577,8.05058754622573,21.8,0
"164",166,166,450417,2018,"Broadleaf Forest",80440,"宮崎県",131.51,32.61,55,4,35.9124902086506,0.149382430635733,0.531505376344086,437,14.7,2558,54.3333333333333,103.666666666667,341.666666666667,279,1.67429878664043,-0.103922782513212,-0.663314669133093,0.643022383293895,0.264768654239893,1.5419764230905e-17,0.19939332313863,0.71551028109509,0.654196549094327,0.353395432854177,0.679192370264333,6.69217767621275e-16,3.47912197281502,2.70402515791603,0.498555273311897,0.0790572398253243,17.55200821377,2.11124273404758,18.4436240789143,22.5555555555556,0
"165",167,167,440231,2018,"Broadleaf Forest",80440,"大分県",131.51,33.18,63,4,18.629152578468,0.196542377745869,0.573440860215054,115,15.4,1826,53.6666666666667,118,290.666666666667,207.666666666667,0,-0.317700050835504,0.258466292715986,0,0,0,0,0,0,0,0,0,3.33,3.5,0.498555273311897,0.0625796484425221,14.0516750182626,1.53850013106823,24.6330712052653,14,0
"166",168,168,440238,2018,"Broadleaf Forest",80440,"大分県",131.51,33.54,35,3,49.6228002036317,0.222254527729832,0.558172043010753,160,15,1782,55.3333333333333,116.333333333333,299.333333333333,242.333333333333,2.09163833328009,0.175563878681617,-0.70540937948026,0.917856532160754,0.448076851282075,1.05180518186955,0.102286000426508,0.399761649490908,0.469203944481237,0.475755447779019,0.930444117941986,5.87913556221958e-16,3.74873737373737,2.39186868686869,0.541747372113417,0.0649475652184532,19.4888421034983,1.66626104407882,11.2177649060683,27.7727272727273,0
"167",169,169,450428,2018,"Broadleaf Forest",80440,"宮崎県",131.55,32.39,60,4,95.2739884959248,0.174539561931361,0.564811827956989,52,16.8,2533,53,118,312,215.666666666667,0.359861454452474,-0.511791603494858,-1.06127025245661,0.143468557708615,0.151826679570311,0.131441966573142,0.0036961270066732,0.112174379251504,0.18058047180782,0.0520556860726726,0.0337406789961748,4.91060183968819e-17,4.01384615384615,2.57192307692308,0.497127944595597,0.0813833124075335,18.1443951914144,1.83478355464994,21.6558242367276,30.1923076923077,0
"168",170,170,450430,2018,"Broadleaf Forest",80440,"宮崎県",131.55,32.46,45,3,53.5364838078142,0.179107628932182,0.550645161290323,178,16.1,2576,50.6666666666667,103.333333333333,336.666666666667,244,0,-0.506414643287055,-1.13321413213159,0,0,0,0,0,0,0,0,0,4.07,2.5,0.498555273311897,0.0812859559702976,18.4650396365978,1.80374993364855,22.0946630802507,30,0
"169",171,171,450431,2018,"Broadleaf Forest",80440,"宮崎県",131.55,32.5,25,2,41.5710212926714,0.0970878123496305,0.550645161290323,438,15.3,2659,50.6666666666667,100.333333333333,312.666666666667,282.333333333333,0.617327198213262,-0.32140800626463,-1.09182736217852,0.19445588267401,0.0599016847869064,0.0382361509343328,0.116151273373605,0.381388236264323,0.24797081761591,0.114076473834385,0.267653100526799,3.86595517503403e-16,3.96993530810763,2.52933696064691,0.500087039503904,0.0790205197220871,19.167728155514,1.89644754252296,21.0319968691921,28.3571428571429,0
"170",172,172,450432,2018,"Broadleaf Forest",80440,"宮崎県",131.55,32.53,32,3,56.5643988812961,0.175508937244994,0.544784946236559,228,15.6,2580,53,105,335.333333333333,249.333333333333,0.852942333496702,-0.420419907322226,-0.822449485757258,0.544303264507753,0.280257309590055,7.70988211545248e-18,0.166104350082313,0.0985436141514665,0.176794864270386,0.272735703049641,0.385463884358605,2.89891567541013e-16,3.74846580824441,2.65756489925804,0.498555273311897,0.0808591916386266,18.6341828439416,1.76662393069624,19.1781144377698,31.4814814814815,0
"171",173,173,450434,2018,"Broadleaf Forest",80440,"宮崎県",131.55,32.61,70,4,43.6069737203507,0.203447579067798,0.537876344086022,110,16.1,2382,53.6666666666667,115.333333333333,312.333333333333,236.666666666667,1.28147169092498,-0.858064296629645,-1.0892390381919,0.36569698557839,0.161430961226012,0.445833135659377,0.193838915729046,0.382469273058142,0.586621089695804,0.0499311705928061,0.190072491678451,0.675343043208484,3.9075,2.58916666666667,0.477606258038585,0.0859412638296465,17.1902981194264,1.90512622507203,21.9431389901402,31.25,0.125
"172",174,174,440245,2018,"Broadleaf Forest",80440,"大分県",131.55,32.89,14,2,31.8961958878114,0.108448007646381,0.507177419354839,273,14,2220,53.3333333333333,111.666666666667,363.333333333333,230.333333333333,1.8077346983534,0.961062521547503,-0.0194504127790777,0.529551736308056,0.41856606042644,0.032083133553212,0.566031060722694,0.786758503593899,0.447333145861628,0.115224433371557,0.81594112346102,3.25136742925939e-16,2.55434594514904,2.84070798532865,0.498354268871536,0.0714884238492395,22.5362484222446,2.07983509223726,7.04453264371459,14.1904761904762,0
"173",175,175,440246,2018,"Broadleaf Forest",80440,"大分県",131.55,32.93,58,4,22.8926287927868,0.253921372348642,0.536290322580645,196,14.5,2081,51.6666666666667,109,331,232.666666666667,1.50447459612123,0.659416679428057,-0.00428932523252684,0.477036080867262,0.458590242849331,0.019007057511146,0.207077558448412,0.530202544533368,0.682920748468135,0.158768926806666,0.643921618089511,3.43159843975048e-16,2.79726467249123,3.11351034364908,0.497777521192634,0.0582521980778092,19.8316058248991,2.02833091309996,9.74468027614101,18.2727272727273,0
"174",176,176,350191,2018,"Broadleaf Forest",80440,"山口県",131.55,34.52,43,3,36.0009498184623,0.232903615383028,0.529596774193548,323,12.7,1920,50,99,320,452.333333333333,2.66469036646029,-0.745478771814085,0.140903264936035,1.06697861406876,0.473014050822664,0.499839732404211,1.1434310426292,0.69452998990758,0.815119208618451,0.516373658535179,0.226201973567744,1.22470710078894,2.865,3.07772727272727,0.498176677871967,0.0971148284949823,18.0046662943282,1.75115615881079,15.6370742366092,27.7272727272727,0.272727272727273
"175",177,177,450439,2018,"Broadleaf Forest",80440,"宮崎県",131.59,32.32,45,3,123.01309287697,0.357014578873075,0.59991935483871,40,16.8,2586,51,114.666666666667,325,206.333333333333,0.750012122590062,-0.365502659197271,-0.912108755091065,0.421036356335285,0.388197894170811,0.13074790909459,0.0716549566982545,0.054303888762184,0.411962769019676,0.131037700224446,0.0827526494382373,2.00897499694076e-16,3.85619047619048,2.68761904761905,0.503930961567907,0.0795495075199152,18.485606149898,1.95572543943599,20.8900579265862,29.5238095238095,0
"176",178,178,450440,2018,"Broadleaf Forest",80440,"宮崎県",131.59,32.35,50,3,7.26390345993662,0.044997665295766,0.601424731182796,76,16.9,2539,53.3333333333333,113.333333333333,340,227.333333333333,2.18004063177492,-0.485043213129558,-0.455612042611985,0.79553563000348,0.298927802606668,0.993643916458179,0.487129093895445,0.979727786769729,0.88991887609243,0.34570171207881,0.456173980028283,9.71445146547012e-16,3.3620471567534,2.3661920578617,0.547838954983923,0.103802465707391,13.2948870490489,2.39780998632428,17.8960321072766,25,0
"177",179,179,450444,2018,"Broadleaf Forest",80440,"宮崎県",131.59,32.5,68,4,34.7856584572518,0.224230407724256,0.58744623655914,118,16.1,2549,54,105.666666666667,329.333333333333,254.666666666667,1.10397222918981,0.345675055346309,-0.375308152060294,0.54057907445452,0.340584007536062,0.0309574228536801,0.243675065623285,0.348496020689075,0.280340542604693,0.360909508216552,0.451105380250191,3.36150860233728e-16,3.18488683127572,2.93685185185185,0.49927135405502,0.0609969964445055,19.7064199978607,1.96350753534836,12.8331690161249,23.5,0
"178",180,180,450445,2018,"Broadleaf Forest",80440,"宮崎県",131.59,32.53,40,3,33.483424240053,0.247204107588954,0.570483870967742,314,14.8,2668,54,110.666666666667,354.333333333333,225.333333333333,0.887274129606001,-0.287838416155474,-0.843211040499309,0.476361440162743,0.262263593166068,1.15648231731787e-17,0.122668389679752,0.22758202768909,0.0995113593023524,0.204187436380132,0.536145220971513,3.57738530156995e-16,3.78860082304527,2.64744855967078,0.498555273311897,0.0774512434298251,18.5889204999095,1.80795957984209,20.5013881765487,26.2222222222222,0
"179",181,181,450449,2018,"Broadleaf Forest",80440,"宮崎県",131.59,32.68,81,5,50.664183030365,0.258199472289597,0.461801075268817,291,14.4,2482,50.6666666666667,100,316.333333333333,287,3.02508126372662,-0.97095211238297,0.804932060895635,0.592906737002533,0.597750640689487,0.933713655360758,0.962138115385092,0.436992435302937,1.50050957428964,0.660421909219587,0.513195727531819,1.32656669201666,2.31046296296296,3.41642939814815,0.533744443327974,0.114619332091616,14.8084177447961,2.29528130733094,19.1433303789278,26.25,0.3125
"180",182,182,450451,2018,"Broadleaf Forest",80440,"宮崎県",131.6,32.75,75,5,20.589229236463,0.215519286302538,0.451263440860215,502,14.4,2386,49,94.6666666666667,319,318.333333333333,1.86341538437048,-0.0853286420433024,0.421237132324884,0.659750916325552,0.543132205994059,0.50889776036734,0.262396661518924,0.288774125268135,0.864091579052179,0.808312041500286,0.367473483911672,0.471668157161485,2.70416666666667,3.67333333333333,0.564759212218649,0.0870261785631922,16.2949974543123,3.01732788389859,17.8724798993196,29.5833333333333,0.0833333333333333
"181",183,183,440270,2018,"Broadleaf Forest",80440,"大分県",131.6,32.97,31,3,42.3913814158129,0.339293600131801,0.56247311827957,148,15.3,1963,55.3333333333333,120,343.666666666667,201.666666666667,1.27815656717976,0.537713604198809,-0.284710648112143,0.31668273183088,0.254729725051919,1.64798730217797e-17,0.159188185704785,0.471085900072079,0.301771862353893,0.478850028473161,0.662877814728599,4.16333634234434e-16,2.86847475215131,2.87177949594691,0.498555273311897,0.0603293525615275,20.1974211907513,2.0880287650655,14.4774757487077,18.6875,0
"182",184,184,440273,2018,"Broadleaf Forest",80440,"大分県",131.6,33.07,48,3,59.5645299416581,0.240511422155792,0.573467741935484,81,15.4,1878,52.3333333333333,106,327,226.666666666667,1.39908388729825,0.13743275995146,-0.198971517987802,0.512571687325214,0.465899516720659,0.323370818074253,0.234569984876453,0.440527587594574,0.620428010509832,0.377073611417735,0.38599336771624,3.20256641718795e-16,3.22153846153846,3.12923076923077,0.513448489982686,0.0656728571254576,18.2165948445276,2.05584417157309,15.2096504360846,25,0
"183",185,185,440274,2018,"Broadleaf Forest",80440,"大分県",131.6,33.11,47,3,46.1367417707,0.25642103343181,0.559731182795699,284,15.3,1859,52.6666666666667,108.333333333333,313,263.333333333333,2.11571329489154,0.0484098459997144,-0.459518162676317,0.965267026325529,0.173893520203707,0.613466450592171,0.219628304792945,0.981999150162935,0.588544585112453,0.592481302027371,0.923144977335342,4.05658412843807e-16,3.19207977207977,2.80962962962963,0.468888671778382,0.0752038944991484,18.9438009199592,1.78242911829204,15.9576572982614,19.8461538461538,0
"184",186,186,440292,2018,"Broadleaf Forest",80440,"大分県",131.64,33,40,3,37.5157000322643,0.146374712414881,0.532715053763441,162,15.3,1951,57.6666666666667,119,320.666666666667,190,0.14336332669428,0.550634303300681,-0.26534192594967,0.0682379049293916,0.0171620432206713,0,0.0212027552515782,0.0592648943418318,0.0177912894020007,0.0270326552814574,0.102921897973323,8.07434927000114e-17,2.96715488215488,2.99213804713805,0.498555273311897,0.0541383463492648,20.5530968281159,1.97624538833679,10.1632367946006,24.4090909090909,0
"185",187,187,440305,2018,"Broadleaf Forest",80440,"大分県",131.64,33.61,61,4,120.740716794219,0.25246725180599,0.560403225806452,170,14.8,1797,52.6666666666667,109.333333333333,304,258.666666666667,1.68223548519574,-0.364415824802223,-0.702557709531507,0.375703615876625,0.15434972901775,0.277591043732846,0.326009528226236,0.856703025450673,1.02274609775076,0.296802764870154,0.297217059209786,4.85722573273506e-16,3.3138087129576,2.68403640228488,0.493913985351911,0.0923963499047448,11.6545845262143,2.92979356638595,17.974021648823,21.1944444444444,0
"186",188,188,450468,2018,"Broadleaf Forest",80440,"宮崎県",131.68,32.71,48,3,10.9733939233053,0.271766584161167,0.533440860215054,192,15.8,2277,52.3333333333333,107,339.333333333333,245,1.90306328450362,-0.123898739788843,0.00966646792059825,0.677132670134816,0.632701376807114,0.546276506306639,0.179458755051351,0.295236412712649,1.15231611574917,0.346401758524479,0.648780771595781,4.25585492772977e-16,3.23333333333333,3.33,0.529036848874598,0.0756697068838944,16.1280374757868,2.24804135935004,19.0421722008751,24.6666666666667,0
"187",189,189,450469,2018,"Broadleaf Forest",80440,"宮崎県",131.68,32.75,36,3,10.4906914936309,0.248477730444888,0.533440860215054,368,14,2447,52.3333333333333,99.3333333333333,326,307.666666666667,2.27327025551886,0.0167603389565135,0.0637693910253025,0.851317346428485,0.783278933071597,0.424890583046567,0.22434097434048,0.784533746383028,1.44695632899106,0.364769332570856,0.456173980028283,6.52256026967279e-16,2.95681250305214,3.245739418115,0.526777636655948,0.0813921925624316,16.3528056408205,2.445708805456,15.4795340930595,25,0
"188",190,190,440313,2018,"Broadleaf Forest",80440,"大分県",131.68,32.97,49,3,100.20949362239,0.290331277771578,0.53247311827957,270,14.5,2084,51,105,356,260.333333333333,1.73375200610303,-0.285741269384046,-0.535333293041016,0.893701988511845,0.306865673261404,0.102030350197576,0.434564398629232,0.547961990693196,0.539279033201347,0.402618645511571,0.312534422303114,0.34184442720983,3.19588711516064,2.63861107733797,0.494522610175903,0.0792375931115605,17.5372881037886,1.95635692521584,17.041718237235,26.9411764705882,0.0588235294117647
"189",191,191,440328,2018,"Broadleaf Forest",80440,"大分県",131.72,32.82,21,2,24.7739671333184,0.159516776231103,0.523225806451613,205,15,2215,51.3333333333333,101.666666666667,337.666666666667,248,0,-0.506414643287055,-1.13321413213159,0,0,0,0,0,0,0,0,0,4.07,2.5,0.498555273311897,0.0812859559702976,18.4650396365978,1.80374993364855,22.0946630802507,30,0
"190",192,192,440331,2018,"Broadleaf Forest",80440,"大分県",131.72,32.93,61,4,82.1517050371562,0.230178437514425,0.535806451612903,247,14.9,2092,55.3333333333333,115.666666666667,332.333333333333,257.666666666667,2.05389566490392,0.430279302686464,-0.185111891520735,0.553304136617496,0.541689732514978,0.439569454299361,0.159385609502187,0.725570815068852,0.796028871997346,0.695834931165096,0.687733574734682,3.70618568514574e-16,2.96631927334354,2.75906181072883,0.522006353319463,0.0662645506560637,19.0327657622635,2.01145049322175,15.0843932992841,17.4411764705882,0
"191",193,193,440336,2018,"Broadleaf Forest",80440,"大分県",131.73,33.11,75,5,47.2528644587985,0.263117642287345,0.564462365591398,51,15.9,1820,55,118,283.333333333333,218.333333333333,2.12535181635575,-0.370998118409678,-0.236941958500808,0.221774329352405,0.381450974678181,0.38002228231345,0.134640018994946,0.51588627291193,1.27515980958153,0.365115404840133,0.810475362047507,0.931690186985642,3.19805212620027,3.24914951989026,0.486337239490294,0.0640281806726031,15.3670820761123,2.19730425678589,19.1668724018099,21.3703703703704,0.185185185185185
"192",194,194,440348,2018,"Broadleaf Forest",80440,"大分県",131.77,33,57,4,79.7036387625795,0.322417404991756,0.527768817204301,270,14.5,2089,53.3333333333333,98.3333333333333,312.333333333333,270.333333333333,2.08823517342337,0.508922337500566,-0.210582220341768,0.648528086302327,0.613298055144878,0.25242978810719,0.343329066324442,0.629307912001285,0.726303628499015,0.303367358358499,0.856904546042723,0.693915729843473,2.16700250051298,2.49373804330832,0.487773947723265,0.06262763047725,20.3877779902095,2.16760978997969,8.62723594668842,21.8387096774194,0.129032258064516
"193",195,195,450484,2018,"Broadleaf Forest",80440,"宮崎県",131.81,32.71,55,4,16.3970236544743,0.210080220175357,0.55989247311828,68,16,2248,52.3333333333333,105.666666666667,342.666666666667,254,1.71219620792025,-0.129248970462149,-0.00672587143683726,0.186517905446623,0.831644763028335,0.561729414981155,0.181202689991754,0.261660075858054,0.878502052518674,0.467019246533963,0.165363067760252,3.60822483003176e-16,3.2085235783767,2.77267936226418,0.526416454983923,0.0662132996894012,14.0575992972447,1.64229579276859,21.0915805462674,13.75,0
"194",196,196,440363,2018,"Broadleaf Forest",80440,"大分県",131.81,33.14,48,3,79.6809406447744,0.197982061526914,0.580241935483871,18,16.2,1788,54,114,311,249,2.48884609138544,0.249920936036006,1.22950585464585,0.243490101026653,0.917384057878294,1.11359832620289,0.863627729707325,1.61208250631885,0.625136619270893,0.0203602938523012,0.243292789348418,8.32667268468867e-16,1.84123456790123,2.44506172839506,0.633552545551983,0.119681299161727,14.0718100676787,2.24940262399512,6.23283777649615,18,0
"195",197,197,320018,2018,"Broadleaf Forest",80440,"島根県",131.82,34.38,47,3,74.3345439497115,0.256405393411003,0.444301075268817,659,11.6,2019,49,95,311.666666666667,365.333333333333,2.30511592892841,-0.348311336141635,-0.291187558815573,0.924436829138545,0.59401135986982,0.247768172334706,0.612540923126119,0.505580560518771,0.491815937719759,0.871314497199913,0.579527148097155,1.03959512190694,3.20339947089947,3.040404856387,0.489785532843362,0.0747458190566413,18.5342089672472,1.92824922300214,16.547473354824,24.0714285714286,0.214285714285714
"196",198,198,440379,2018,"Broadleaf Forest",80440,"大分県",131.9,32.86,48,3,56.7466500933655,0.191478807498721,0.542822580645161,339,15.1,2170,53.6666666666667,108,345.666666666667,236,1.40685854887576,-0.0872456875231171,-0.110204925352869,0.510744123894672,0.579330797667462,1.57281595155231e-17,0.182688515875336,0.613010187998991,0.322059823478842,0.362456869413049,0.583902694436202,4.90348502542778e-16,3.1881865344807,3.05294906450502,0.498555273311897,0.0650765669755265,16.4422525363305,1.72322303476109,19.9911116610074,19,0
"197",199,199,440386,2018,"Broadleaf Forest",80440,"大分県",131.94,32.82,57,4,80.0110936843395,0.321571368019421,0.579435483870968,225,14.4,2302,51.3333333333333,108.666666666667,338.333333333333,239,2.32100692526934,-0.414228532161358,-0.300978544778006,0.507679590658344,0.508738335452639,0.254398476898524,0.52565460809726,0.843755393931387,1.34899665814218,0.398947014431296,0.492219485444507,0.256787200874303,3.15371778330907,2.84542663122788,0.506010443170698,0.0891038319859261,13.4705246487349,2.42243219480267,22.1520771981779,18.304347826087,0.0434782608695652
"198",200,200,440388,2018,"Broadleaf Forest",80440,"大分県",131.94,32.89,50,3,77.2375325301113,0.303739074129711,0.551209677419355,100,15,2150,52,107.333333333333,341.333333333333,246.333333333333,1.61838720746705,0.580325490440327,-0.0775680088295526,0.58033520609438,0.277973448260336,0.0569366426068698,0.171348946186395,0.942523419848931,0.637082256462972,0.560249010635421,0.380144983356903,2.59052039079203e-16,2.72961355114966,2.96867795164224,0.500938020721686,0.0675777933707063,19.6811929295648,2.18330187414191,13.7796552323469,15.5,0
"199",201,201,350305,2018,"Broadleaf Forest",80440,"山口県",131.99,33.95,51,4,14.7708619942328,0.26753154020256,0.60505376344086,163,14.8,1824,53.3333333333333,110,300,249,1.91033937014994,0.445104929689321,-0.0528420203524334,0.782991077565892,0.540718285078532,0.801790794866081,0.70910094702507,0.900401936739513,0.48077118096893,0.0863691997256052,0.182469592011313,7.21644966006352e-16,3.07062962962963,2.78185185185185,0.546560109324759,0.0649733561985705,18.1062342558375,1.98236219526063,6.80698633259936,25,0
"200",202,202,320076,2018,"Broadleaf Forest",80440,"島根県",131.99,34.81,59,4,62.0911377867207,0.240659198605681,0.598360215053763,81,14.4,1727,49.3333333333333,104,319,453,2.04256227173346,0.424450956438426,-0.223273195052459,0.514876090903544,0.519845675420099,0.149519454496048,0.351268980216094,1.02250585121295,0.974693407122355,0.607834581543663,0.431291762935832,4.46612443996938e-16,2.78289781706536,2.92011326647927,0.503817950891552,0.0701432927542805,17.3341119949402,2.54628086226995,15.3412112469358,16.3636363636364,0
"201",203,203,320080,2018,"Broadleaf Forest",80440,"島根県",132.03,34.6,71,5,58.9783904050228,0.254555547723429,0.452284946236559,430,11.8,1939,50.3333333333333,98,343.333333333333,526.333333333333,1.59162594737414,0.164077891913449,-0.00937743241029011,0.486672186504254,0.365471150858021,0.189273161230863,0.809380301584943,0.347973474568794,0.457711163471746,0.172610417872706,0.279336165548183,0.423495539538927,2.80348388326407,3.03767834484997,0.496020377515779,0.0787350279585706,19.7548562474964,1.97086269825328,10.2278255477468,24.2222222222222,0.0740740740740741
"202",204,204,320085,2018,"Broadleaf Forest",80440,"島根県",132.03,34.78,59,4,53.6669948640202,0.263126521056466,0.593360215053763,182,14.2,1741,49.3333333333333,106,293.333333333333,510.333333333333,1.6458485277177,-0.197174668357902,0.113532231092862,0.441062568714119,0.381098330015087,0.121373911224153,0.413036174127828,0.572428603855376,0.732352396738805,0.421859296267173,0.507721639771479,0.293291835907684,2.98431886270136,3.23064348981135,0.499699745980707,0.0710660896426975,15.5119053662346,1.90844011011443,18.4732493117883,20.15,0.05
"203",205,205,320087,2018,"Broadleaf Forest",80440,"島根県",132.03,34.85,49,3,84.7599542901875,0.251593805675269,0.596720430107527,27,14.4,1741,50,107.666666666667,283.666666666667,431.666666666667,2.1331833387778,0.113999802730633,-0.137734537039697,0.399920390080702,0.52413114828292,0.617052596218428,0.276284789221552,0.647543514596382,1.27683394637131,0.187164935144288,0.501603652113404,0.779231792751627,2.79159272006772,3.24798181378472,0.512530707395498,0.0688924965470057,17.3951441117733,2.78065504709882,11.9067405012297,27.1481481481481,0.148148148148148
"204",206,206,320094,2018,"Broadleaf Forest",80440,"島根県",132.08,34.78,54,4,119.145019422751,0.275704447894517,0.564112903225807,446,12.3,1885,54,106.666666666667,277.333333333333,525,2.10130258825137,0.1679886798169,-0.0884457337569236,0.483236061291631,0.631430611565562,0.638995751668138,0.33321410481571,0.586770336490896,1.24896729087844,0.171385382656943,0.417759329078533,0.581537974682098,2.72270193553483,3.20568816367125,0.51472791419868,0.0676370234667636,17.1532985078711,2.71349586900338,11.1502232806517,28,0.105263157894737
"205",207,207,320095,2018,"Broadleaf Forest",80440,"島根県",132.08,34.81,54,4,80.6688591880004,0.25046895314632,0.57494623655914,368,13.6,1790,50.3333333333333,101.333333333333,293,440,2.11366089103267,0.544437116463919,-0.311782468509483,0.973305878353098,0.80560475572068,0.0273829665537415,0.443597908620082,0.846473101602298,0.911886179764477,0.297845673015505,0.466209807588905,8.3544282603043e-16,2.06307088664463,2.19295597545776,0.499627509646302,0.0524219357950827,17.5364495822619,2.18760218502162,8.09382903553138,26.35,0
"206",208,208,320110,2018,"Broadleaf Forest",80440,"島根県",132.16,34.81,74,5,11.6506932243489,0.1910653538666,0.519596774193548,511,11.9,1902,52.6666666666667,104.666666666667,297.333333333333,455.666666666667,1.87141318839047,0.508329811294808,0.241983086867131,0.331690540089281,0.171498695840214,0.0705898171095376,1.46691372532393,0.60287644635687,0.501009270820853,0.307701527063028,0.201088938134916,5.39251183389362e-16,2.46661243862172,2.65205411471611,0.501618805695912,0.11083463870825,22.0562349137518,1.81171464774887,9.06223854286885,11.7142857142857,0
"207",209,209,320111,2018,"Broadleaf Forest",80440,"島根県",132.16,34.85,64,4,9.43043586743819,0.0879972985003145,0.58002688172043,276,13.1,1827,54.3333333333333,115.333333333333,294.666666666667,417.666666666667,0.677901639683425,0.736803041560861,-0.216451457449646,0.240041740206521,0.147947606321026,1.96601993944038e-17,0.0900665704883281,0.226620648664558,0.05627521607718,0.131997628022073,0.527134376921572,3.97829917157348e-16,2.83456790123457,2.90295855379189,0.498555273311897,0.0568830870708171,21.2862063657912,1.99819901987863,8.75198501505917,20.6666666666667,0
"208",210,210,380004,2018,"Broadleaf Forest",80440,"愛媛県",132.21,33.43,50,3,73.4301972236788,0.262287235047484,0.599381720430108,279,14.8,1777,52,108.333333333333,325.666666666667,251.333333333333,1.79836217777642,-0.572176448614544,-0.307045974638312,0.575278297093518,0.585208946648118,0.0816642744706667,0.482709526448826,0.891776476602947,0.764601006383814,0.749960509346507,0.248994964098771,5.9211894646675e-16,3.16670596396116,3.00793782599586,0.501772924705252,0.0935625840270139,12.5657602082604,2.60629596632389,28.9793034479125,16.9166666666667,0
"209",211,211,320118,2018,"Broadleaf Forest",80440,"島根県",132.21,34.89,52,4,6.50067308087839,0.147265264904621,0.577204301075269,250,13.2,1823,51.6666666666667,109.333333333333,297.333333333333,431.333333333333,0,0.516280850674731,-0.28203122088591,0,0,0,0,0,0,0,0,0,3,3,0.498555273311897,0.0535982747166669,20.3892761044672,1.9700243805447,10.3987823171093,25,0
"210",212,212,320119,2018,"Broadleaf Forest",80440,"島根県",132.21,34.92,79,5,53.307057283477,0.143444769767829,0.589032258064516,252,13.2,1827,49.3333333333333,101.333333333333,305.333333333333,427,1.47111246007165,-0.194201403892177,-0.258441820779829,0.529062036172025,0.689924624415961,0.460920802196227,0.309032036729777,0.672206747330819,0.396872838410325,0.347190511574374,0.427663106276515,4.71844785465692e-16,3.01926141040201,3.10413755206167,0.521416454983923,0.0894372702642392,11.3958965038438,3.264402359375,16.3796955792773,23.75,0
"211",213,213,320120,2018,"Broadleaf Forest",80427,"島根県",132.21,34.96,52,4,23.1093311979413,0.231131528511783,0.591424731182796,132,13.9,1785,49.3333333333333,106.666666666667,308,435,2.31280066897741,-0.0937654562071292,-0.560158094408065,0.298348478193259,0.394575088426047,0.380891061647466,0.367325804267464,0.861588466009107,1.2792368419523,0.342424792822861,0.700683233323443,0.987930394636411,2.96426735503235,2.94161502195074,0.480844218649518,0.0671980035028884,15.9438254876714,2.77059457900005,11.8596812963731,25.4,0.2
"212",214,214,320124,2018,"Broadleaf Forest",80440,"島根県",132.25,34.89,54,4,90.518125981654,0.280750887658115,0.573951612903226,250,13.1,1825,50,108,293,465,2.58341944599354,-0.437073039283142,0.212346863479967,0.778271872441763,0.617886718288992,0.480895658259651,0.657006392075929,0.960259629243735,1.41847628058385,0.396412244496832,0.392868203208031,0.756069179568681,2.62935308107628,3.23622674932624,0.509888727606798,0.0973944051474435,14.7099870105203,2.58551788874619,16.4504123454505,24.3571428571429,0.142857142857143
"213",215,215,320127,2018,"Broadleaf Forest",80427,"島根県",132.25,34.99,54,4,23.811266312753,0.234045083149011,0.588010752688172,311,13.4,1815,49.3333333333333,102.666666666667,320.333333333333,439,1.96665548744503,0.351321487669074,0.103215031734714,0.744394515368207,0.272620605291709,0.506955782386269,0.784434391095012,0.776018689916146,0.483719180446475,0.270382309185139,0.569305127075298,0.555710846982981,2.62996296296296,2.78514814814815,0.515702163987138,0.0797523076767567,20.2605489740884,1.90220827968038,8.82168583532838,19.8,0.1
"214",216,216,320131,2018,"Broadleaf Forest",80440,"島根県",132.3,34.89,69,4,62.3192733089045,0.224121945689263,0.572204301075269,134,13.7,1778,53.3333333333333,109,271.666666666667,432.666666666667,1.26155108924474,0.441992903288429,-0.0878292860042411,0.329231577543407,0.429728742351884,0.572684121619334,0.196006355438405,0.314402827311924,0.721289785232423,0.0576313951753805,0.288301955377875,2.1094237467878e-16,3.013,3.11466666666667,0.528988691318328,0.0607468104535691,19.1633198114343,2.19814224822261,10.3933803816702,26.7333333333333,0
"215",217,217,320133,2018,"Broadleaf Forest",80427,"島根県",132.3,34.96,58,4,50.3146228988729,0.196416732425429,0.583279569892473,216,13.1,1831,49.3333333333333,101,327,445,0.126880640219486,0.546511888985566,-0.267344641342019,0.0603924955169381,0.0151888985943862,0,0.0187650441906539,0.0524511247752166,0.015745799443325,0.0239246722856692,0.0910888203320476,2.66453525910038e-17,2.9710962962963,2.99308148148148,0.498555273311897,0.0540735377533531,20.5334383412781,1.97549886740174,10.1915022573016,24.48,0
"216",218,218,320135,2018,"Broadleaf Forest",80427,"島根県",132.3,35.03,69,4,142.214197538681,0.296367431419566,0.591424731182796,57,14.7,1735,51.6666666666667,110.333333333333,280.333333333333,410,1.58566692717706,0.37335455867362,-0.136322455313043,0.463402828842375,0.394740276149925,0.0630528835119047,0.376418492449,0.950681663350922,0.893014545804783,0.253255978769797,0.270853300641793,5.82867087928207e-16,2.8732971567534,3.08910872452837,0.50123586414791,0.0648504427212076,18.5917823972087,2.22910468284044,12.5743685435231,22.625,0
"217",219,219,380009,2018,"Broadleaf Forest",80440,"愛媛県",132.38,33.5,48,3,40.8266685806521,0.189109788623762,0.601021505376344,235,15,1689,50.3333333333333,103.666666666667,356.666666666667,293,0.87035219522194,0.384624109574806,-0.147630657861113,0.335418866120786,0.0785921242521231,0.07358894723994,0.32334269823973,0.289104444917168,0.130791714721463,0.225217483276519,0.381095345815295,0.246553809425319,2.8316512345679,2.97658950617284,0.495698803590568,0.0640805961970117,20.2123905052054,1.96509395527797,11.5000944894922,22.625,0.0416666666666667
"218",220,220,340092,2018,"Broadleaf Forest",80440,"広島県",132.38,34.67,85,5,87.4365395666037,0.262912641768314,0.422311827956989,741,10.4,1982,48,94.6666666666667,272,494.666666666667,2.46546559921801,0.102113257943366,-0.774438798927194,1.5556430241195,0.99357852872722,2.30245115902376e-17,0.26997145656085,0.335026522869088,0.464232523963081,0.544858050698945,0.286522499852476,0.510294625328725,3.27755892255892,2.41602693602694,0.498555273311897,0.0473023301168245,18.9788970197282,1.71901982815087,10.1507282380659,30.6818181818182,0.0909090909090909
"219",221,221,320146,2018,"Broadleaf Forest",80440,"島根県",132.38,34.89,60,4,55.3237081924512,0.224602523734746,0.528897849462366,442,12.4,1848,52.6666666666667,100.333333333333,310,491.666666666667,2.29113024275308,-0.464289567957785,0.420408050370434,0.631453085244769,0.386792006347946,0.515890280235717,0.9739799572168,0.587545698884453,0.897206600662482,0.369007922520935,0.225271101248535,1.0672087596381,2.47777777777778,3.30444444444444,0.503641818506609,0.0924871692632802,17.5987756605983,2.05429292113363,14.3448353767531,27.2222222222222,0.222222222222222
"220",222,222,380010,2018,"Broadleaf Forest",80440,"愛媛県",132.42,33.32,44,3,30.472230615394,0.132015286099573,0.587231182795699,217,15.2,1757,52,107.666666666667,343,262,2.61009963459268,-0.0407228207410315,-0.656846491208808,0.77709035001186,0.342266693928642,0.645204011408606,0.370162778713778,0.971729638419619,1.34616642444652,0.796733046291766,0.647158819666791,4.95899617665903e-16,3.10049382716049,2.73291358024691,0.519136387995713,0.0836776932809096,19.6790951821758,2.57190138423909,25.6010264223662,25.2,0
"221",223,223,380012,2018,"Broadleaf Forest",80440,"愛媛県",132.42,33.4,67,4,46.5680861119422,0.305555322416122,0.58260752688172,269,15,1731,53,111,325.333333333333,243,2.19829248621096,0.775871561916766,0.550077425974333,0.912580885236378,1.08653099762301,0.253613579977694,0.225673622261156,0.670723237084002,0.951145302890854,0.298620124815692,0.381151038133272,4.77878606251698e-16,2.33510466988728,3.52247987117552,0.516637533901859,0.0563874874900679,20.944924570059,2.06306329060219,11.2383143539991,19.7826086956522,0
"222",224,224,320159,2018,"Broadleaf Forest",80427,"島根県",132.43,35.03,75,5,101.9573775744,0.249364445456556,0.541532258064516,241,13,1831,49.3333333333333,103.666666666667,280,436.333333333333,1.68722609233367,0.540710176025671,-0.318735690865956,1.07395059627232,0.766357436652652,0.555433244346573,0.219340516085787,0.170950785042389,0.270235826077177,0.152245491104613,0.350107062176716,5.28562700854151e-16,2.69650691126552,2.3613512553121,0.524956300852789,0.050381428410819,19.9526917416636,1.73952052926976,7.30870813456861,28.9130434782609,0
"223",225,225,320160,2018,"Broadleaf Forest",80427,"島根県",132.43,35.07,60,4,50.7857268635996,0.210662997768161,0.519327956989247,425,11.5,1920,48.3333333333333,95.3333333333333,319,412,1.76876145715342,0.844260046786779,0.00989511583897128,0.704879194765403,0.519660355835574,0.122053218745161,0.589130423334935,0.540853153438613,0.651674228092359,0.0286479200551635,0.599838602093901,8.30253740154465e-16,2.6569192636797,3.04094181776182,0.50508192926045,0.0636050547086571,22.4572816677078,2.03514054010158,6.18674345269622,21.8260869565217,0
"224",226,226,320162,2018,"Broadleaf Forest",80427,"島根県",132.43,35.14,60,4,40.6582631118613,0.232770287109197,0.577069892473118,162,13.8,1817,50,105.333333333333,289.333333333333,421,3.35473121882523,-0.504080064361769,-0.586268363935969,0.696978858501881,0.552160159226259,0.930225354878663,0.305748557080645,0.9014698497766,1.8971618899136,0.435790683372907,0.895300627930941,1.28191660203687,3.08567958958465,2.73458019889419,0.500248299602799,0.0741799432937169,15.3095709445323,2.59416882814046,14.1512898900038,28.1764705882353,0.294117647058824
"225",227,227,320167,2018,"Broadleaf Forest",80440,"島根県",132.47,34.92,78,5,53.7109671107394,0.270599936024367,0.545456989247312,292,13.2,1784,50.3333333333333,103.333333333333,306.333333333333,481.666666666667,1.38244536915204,-0.0796271447662491,0.0412130170156368,0.457334366126326,0.181154317336339,0.232275527397585,0.712644792892914,0.403506190868345,0.398005722063899,0.25143293658193,0.135721184140646,0.727169841093432,2.74318181818182,3.09681818181818,0.493363405437007,0.0747759835046163,19.0880034077265,1.8915664729253,12.8202239673453,25.9090909090909,0.136363636363636
"226",228,228,380031,2018,"Broadleaf Forest",80440,"愛媛県",132.51,33.14,50,3,26.9345832726483,0.128126396675267,0.59505376344086,17,16.1,1828,54,109,332.333333333333,274.666666666667,0,-0.506414643287055,-1.13321413213159,0,0,0,0,0,0,0,0,0,4.07,2.5,0.498555273311897,0.0812859559702976,18.4650396365978,1.80374993364855,22.0946630802507,30,0
"227",229,229,380034,2018,"Broadleaf Forest",80440,"愛媛県",132.51,33.32,57,4,10.0128151744783,0.131716835220299,0.594381720430108,53,16.5,1645,53,109,332.333333333333,263,0,0.165410636350363,0.129105907865913,0,0,0,0,0,0,0,0,0,3.105,2.65833333333333,0.498555273311897,0.0643589299934439,14.9083738243333,1.17234152725,5.9,15,0
"228",230,230,380042,2018,"Broadleaf Forest",80440,"愛媛県",132.51,33.61,54,4,36.1775860280138,0.21534644683779,0.573655913978495,386,14,1774,53.3333333333333,112.333333333333,339,254,2.12734990252857,0.585558315055102,0.447313074131902,0.562530652748904,0.905079178357612,0.152788928639337,0.556839777234825,0.668405513613131,0.777066383117042,0.653982858375839,0.420693781581639,0.471668157161481,2.12537037037037,3.37018518518519,0.498203515541265,0.0743891035431039,20.8089048148253,2.3596593910718,13.5616345068394,15.5833333333333,0.0833333333333333
"229",231,231,340136,2018,"Broadleaf Forest",80440,"広島県",132.51,34.63,69,4,7.69340509247499,0.145256934725115,0.529274193548387,338,12.5,1762,53,109.333333333333,287,480.666666666667,0.500044952623606,0.503421333255929,-0.321618915846222,0.130589872097429,0.0461004445522132,1.61907524424502e-17,0.132634600334282,0.233853323807977,0.188269086017715,0.329155860669314,0.121646394674209,7.7715611723761e-16,2.91,2.5302380952381,0.498555273311897,0.0711001896307824,20.3156895602845,1.81369318224594,13.9130715744918,14,0
"230",232,232,320179,2018,"Broadleaf Forest",80440,"島根県",132.51,34.92,64,4,114.899086855278,0.298366938407669,0.485376344086022,521,11.7,1868,48,96,281,488,1.51374417994654,0.415856357960331,-0.512452733211895,0.779731069810465,0.432424034506179,0.0472302869822727,0.318473585060175,0.362055998913955,0.284323968710815,0.454423321648778,0.570217475035354,0.186925306602348,3.08399884259259,2.47189732142857,0.49811086414791,0.0642184540624647,21.1687827805867,1.68672616024847,11.4390973516923,21,0.03125
"231",233,233,320187,2018,"Broadleaf Forest",80427,"島根県",132.52,35.21,28,2,13.9783364683875,0.137903051583099,0.585456989247312,141,13.9,1821,50.6666666666667,109.666666666667,287,448,2.59811079832442,-1.05604835492299,0.311475277650427,0.830953724912267,0.2251777510435,0.409538488987492,1.25650673922334,0.840742901889344,0.861885757556254,0.474044476486285,0.236534656310962,1.37212554810612,2.4953542918904,3.08460387756816,0.475703515541265,0.107401098605219,16.3962361667121,1.7804032471047,17.4957749824518,26.1111111111111,0.333333333333333
"232",234,234,380061,2018,"Broadleaf Forest",80440,"愛媛県",132.55,33.58,44,3,46.7018354859714,0.260463558740222,0.598225806451613,175,15.2,1621,52.3333333333333,105.666666666667,311,307.333333333333,1.05776911538123,-0.330593234452859,-0.623757194088694,0.439818254353509,0.474783206842375,1.79594901042305e-17,0.211914805516336,0.372494793949481,0.182227986405133,0.156533764441817,0.574558230900675,3.9510878229307e-16,3.72647058823529,2.85294117647059,0.498555273311897,0.0725267265499365,17.3933719803662,1.74529698546565,21.4652677331207,24.7058823529412,0
"233",235,235,320193,2018,"Broadleaf Forest",80427,"島根県",132.56,34.99,55,4,12.4740321847284,0.236743636780855,0.506639784946237,568,11.8,1872,49.3333333333333,99.6666666666667,311.333333333333,451,1.9034875138054,0.801902217056444,0.327571075362089,1.15626449252932,0.773248745902069,0.5400732830743,0.119601287053637,0.659926921537608,0.424945428158275,0.128473118914688,0.570217475035354,9.57567358739198e-16,2.6475,3.1175,0.539638818327974,0.0524828546767588,22.7067607428188,1.61934239719585,8.23761926497339,24.25,0
"234",236,236,320194,2018,"Broadleaf Forest",80427,"島根県",132.56,35.03,49,3,56.6887439358922,0.279754349692179,0.541317204301075,254,13,1809,51,101.666666666667,287.333333333333,441.333333333333,2.45901351231869,0.193575042729091,0.0980826879979579,0.963013229534012,0.945946339766797,0.712531797288581,0.42240927214008,0.640013800215901,1.31462102071567,0.24837071391226,0.51257053634936,0.256787200874303,2.96399883862818,3.16962355353815,0.556951604921012,0.0772014114824519,17.0854842577614,2.5649490655555,10.9107954917997,27.9565217391304,0.0434782608695652
"235",237,237,320196,2018,"Broadleaf Forest",80427,"島根県",132.56,35.1,45,3,19.167605819377,0.139622486449615,0.526370967741935,297,13.5,1800,50.3333333333333,100.333333333333,308,446.333333333333,2.69383001534655,0.643263863101598,0.707808947875123,0.747844667544609,1.17179344147939,0.491976430724096,0.276718829615455,0.856658371077003,1.59100877254741,0.132205271537698,0.707982017003895,6.10622663543836e-16,2.496,3.296,0.57385552733119,0.0663231905394294,19.1038477394608,2.07428845944391,8.19959851108232,23.7,0
"236",238,238,320199,2018,"Broadleaf Forest",80427,"島根県",132.56,35.21,75,5,64.9186750689519,0.260850935309108,0.570215053763441,269,13.1,1852,49.6666666666667,105.666666666667,315.333333333333,443.333333333333,2.46495406724456,0.140349157040232,-0.515586682042741,1.00380911321325,0.42092980281819,0.462808353702643,0.418723569386399,1.10138497282766,1.18181472396918,0.453942605653156,0.665685464484486,8.82335140623151e-16,2.97787066375354,2.4395344946266,0.510964689456761,0.0748424127562723,15.9809560750362,2.35068960814535,12.2055886192575,23.2105263157895,0
"237",239,239,380076,2018,"Broadleaf Forest",80440,"愛媛県",132.59,33.36,49,3,54.9774712962983,0.272334292426383,0.564543010752688,380,13.6,1995,52,96,325.666666666667,290.333333333333,2.77494935576309,-1.05466016832424,0.625764233974646,0.744329356053744,0.373508089526508,0.603932996575502,1.24795193133279,0.604605190192572,1.04582714539725,0.489232652764917,0.217307831695893,1.40065745931438,2.3204347826087,3.32565217391304,0.494589249266042,0.111817933862976,16.5276840413695,1.90793064645511,17.0837297479927,28.0434782608696,0.347826086956522
"238",240,240,380064,2018,"Broadleaf Forest",80440,"愛媛県",132.6,32.93,14,2,47.0617589245849,0.167419560396462,0.59247311827957,256,15.4,2152,52,114.666666666667,329.333333333333,243.333333333333,1.2208372746813,0.25752855014004,-0.372150970336435,0.466866853851523,0.089315073874578,0.440622278137827,0.235920151787081,0.564249107706987,0.386766058500847,0.339196862499118,0.492667898430546,2.22044604925031e-16,3.08748148148148,2.93490740740741,0.479271982315112,0.0631585295491821,19.429279541844,1.87311127314984,12.6297877247512,23.4,0
"239",241,241,320205,2018,"Broadleaf Forest",80427,"島根県",132.6,34.99,69,4,66.8411621267772,0.274594464859506,0.519811827956989,203,13.7,1743,50.3333333333333,104,307.333333333333,436.333333333333,2.23213127700776,1.12216188831969e-06,0.488010412242674,0.895961004361726,0.690350353585365,0.552953136784687,0.519161247697784,0.209687602854338,1.0746858773577,0.487198053729334,0.709903886079518,6.21297884934463e-16,2.64900249415884,3.19320260353468,0.530649398961167,0.0771327802745338,15.4901888506235,1.92845789880235,14.0974134745593,22.3461538461538,0
"240",242,242,320211,2018,"Broadleaf Forest",80427,"島根県",132.6,35.21,44,3,57.6130884864946,0.148541330617783,0.550134408602151,204,12.9,1859,49,106.666666666667,311.333333333333,457.666666666667,1.88035167480905,-0.22489793623971,0.1615681374992,0.638296140219911,0.339729281723237,0.278918191027946,0.856480294797979,0.460828346285122,0.530809714015516,0.376457206669775,0.454288963581885,0.918530325591703,2.57988215488216,3.04035233285233,0.487065438468284,0.0845187113744572,19.041495128161,1.80562490833822,14.4772607143425,22.6818181818182,0.181818181818182
"241",243,243,320212,2018,"Broadleaf Forest",80427,"島根県",132.6,35.25,62,4,110.44903086936,0.255461146413754,0.550134408602151,94,13.6,1837,49,105,307.333333333333,417.666666666667,1.66636349701023,0.420394891558966,0.0212066259727681,0.383176205661604,0.525853929612026,0.563501140077333,0.29827829651249,0.545926551792684,1.0933366253451,0.0712920098775171,0.32816597542851,0.212644456753692,2.79068557265789,3.2746168548268,0.524785532843362,0.0658434763832905,18.5145827212588,2.55227432570757,10.6784060749838,25.9642857142857,0.0357142857142857
"242",244,244,320213,2018,"Broadleaf Forest",80440,"島根県",132.65,34.85,59,4,43.9935100097564,0.241293022471484,0.498333333333333,311,12.6,1760,49.6666666666667,104,283.333333333333,517.333333333333,1.59197534740021,0.225673640757355,-0.0199979965085022,0.628003810467357,0.435318183578132,0.180800518619348,0.551091038830362,0.454168519273699,0.517449714957901,0.257057714685606,0.399695296786686,0.532048681918702,2.55915343915344,2.74957671957672,0.498761662838769,0.0719445627669348,19.8711397982757,1.82366876744766,9.61677298767598,24,0.0952380952380952
"243",245,245,320217,2018,"Broadleaf Forest",80427,"島根県",132.65,34.99,69,4,30.9586032826346,0.235751186316532,0.517150537634409,244,13.4,1751,50.3333333333333,101.333333333333,305.666666666667,467.333333333333,2.21069972187869,0.419536808267084,-0.0814966201160875,1.04861332757188,0.82382602506684,0.645193918307591,0.381691404926841,0.432364753163958,0.874368437892915,0.195540129120622,0.701806123120435,3.97118235731306e-16,2.7138199199313,2.53931375939833,0.545598182043037,0.0632109797475437,17.7120719346667,2.05046433733508,8.71780428660358,26,0
"244",246,246,320218,2018,"Broadleaf Forest",80427,"島根県",132.65,35.03,67,4,46.460012733817,0.178306770541276,0.514569892473118,376,13.3,1769,50.3333333333333,100.666666666667,296.333333333333,460.666666666667,2.18296417955745,-0.676139321033752,0.304563179201983,0.785832649759837,0.186540752437107,0.365538486038423,1.18770399631531,0.616665737484179,0.644928149278833,0.431781230436502,0.180961578854195,1.22470710078894,2.47045454545455,3.08090909090909,0.479858380590471,0.0931678422978023,18.0028434636888,1.6543112171034,14.9880776978539,26.4545454545455,0.272727272727273
"245",247,247,320223,2018,"Broadleaf Forest",80427,"島根県",132.65,35.21,60,4,63.3647753414539,0.399078502211811,0.520645161290323,350,12.9,1859,52.3333333333333,104.333333333333,318.333333333333,478,1.43636700164748,0.547816182487164,0.186699829200336,0.383116605211693,0.50178822666898,0.568849915658153,0.28608025874268,0.442841097659543,0.941138229049651,0.0429214272528192,0.199057736739614,2.92695161037541e-16,2.67728870626472,3.40227214408857,0.53180790119848,0.064015221108355,19.0806776315094,2.53802857607106,10.0060925351026,27,0
"246",248,248,320224,2018,"Broadleaf Forest",80427,"島根県",132.65,35.24,55,4,73.3148920886975,0.326996094005712,0.520645161290323,320,12.5,1883,49.3333333333333,101.666666666667,315,447.666666666667,0.921232764177703,0.63303507028544,0.436760253766506,0.324382017848727,0.432784681531967,0.0619805881755125,0.0693774169605374,0.415292861279985,0.314454106616113,0.0292770087025098,0.385375778327893,3.21964677141295e-16,2.33519259259259,3.51223703703704,0.500786429581993,0.0437717475450594,18.0375842359164,2.11696357701582,5.52226167717336,27.36,0
"247",249,249,320225,2018,"Broadleaf Forest",80427,"島根県",132.65,35.28,37,3,11.4028094123284,0.23172485000047,0.549435483870968,129,13.6,1843,49,106.666666666667,280.333333333333,440.333333333333,2.30685221617827,-0.183644785014939,0.790599775098872,0.670716690024209,0.6505918755366,0.576903860911963,0.703354271650086,0.23162674455708,1.24008033778757,0.302492501898905,0.156402507438268,0.756069179568681,1.81428571428571,3.12285714285714,0.514888727606798,0.0818769342110608,16.1111391554988,1.95881450637395,10.544558898022,28,0.142857142857143
"248",250,250,380105,2018,"Broadleaf Forest",80440,"愛媛県",132.68,32.96,54,4,16.546076281443,0.0536101026532302,0.577795698924731,79,16.3,2043,53,113.666666666667,354.666666666667,256,0.950628458323097,-0.144143250519627,-0.84421492045735,0.599149557624289,0.151306256964958,1.11022302462516e-17,0.140617047159897,0.22225467097777,0.117562844714092,0.274778502329197,0.536460600513261,2.16493489801906e-16,3.67674074074074,2.5827037037037,0.498555273311897,0.0764017315126537,19.3028019049747,1.84225952188631,18.829781206252,25.8,0
"249",251,251,380116,2018,"Broadleaf Forest",80440,"愛媛県",132.68,33.47,69,4,160.291719904529,0.322260888743738,0.606290322580645,160,15.9,1663,53.3333333333333,109,330.666666666667,273.333333333333,1.09466204608189,-0.563306795668641,-1.14420365742766,0.332318980075092,0.0803814490126336,0.2142512221767,0.0405410088708846,0.232262874727819,0.662769608012015,0.138721370703401,0.1806448960912,0.555710846982981,3.89037037037037,2.54135185185185,0.489699745980707,0.0801262942905391,18.0912326663451,2.0640016452998,20.7372650757846,30.1,0.1
"250",252,252,320234,2018,"Broadleaf Forest",80427,"島根県",132.69,35.21,67,4,52.4034074213405,0.198089192050314,0.521720430107527,301,12.5,1870,49.3333333333333,99.3333333333333,314.333333333333,449.666666666667,2.45121394270104,0.162489012553861,0.129268226210782,0.959367882688205,0.912670003565137,0.765616290751801,0.567723060962953,0.493089781008954,1.0302400860164,0.228949977127118,0.36192315770839,0.510294625328724,2.55363636363636,2.84,0.539343306050862,0.074161014955638,18.5669110647238,2.14103450344378,9.90809272689278,28.7727272727273,0.0909090909090909
"251",253,253,320236,2018,"Broadleaf Forest",80427,"島根県",132.69,35.28,54,4,58.1679193398232,0.253477970088703,0.541505376344086,185,13.5,1847,50,105,289.666666666667,424.666666666667,1.87750500517896,0.0819722934229627,-0.813072286453552,0.746828834559852,0.480968199445804,0.917921236627427,0.0786948314025789,0.280548767257607,0.774522893114965,0.182240623375137,0.501412286080949,0.581537974682098,3.87670565302144,2.33300194931774,0.565935598239973,0.062686843514448,18.9951645433844,1.9406591607902,7.78585044315094,32.8421052631579,0.105263157894737
"252",254,254,340228,2018,"Broadleaf Forest",80440,"広島県",132.73,34.85,45,3,43.1160419884088,0.242418197166192,0.513548387096774,396,12.8,1713,51.3333333333333,106.666666666667,271.666666666667,494.666666666667,2.09736050462922,0.550540997907892,0.297753098481226,0.481957984648887,0.599652531450894,0.311276274149292,0.175218279767538,0.945712027193714,1.16498222813709,0.172463036163944,0.488207530625825,0.713505285015186,2.13968786121426,3.245566071846,0.494562812433012,0.0474719234895817,19.065331081,2.20989562783314,7.41186148959266,23.7333333333333,0.133333333333333
"253",255,255,320245,2018,"Broadleaf Forest",80427,"島根県",132.73,35.14,36,3,21.1633263481281,0.34136656983145,0.443010752688172,430,12.1,1865,50,100.666666666667,307,462.333333333333,1.47249978379312,0.861563826510736,-0.474120359847619,0.555442255987731,0.411637040332339,0.669787964940985,0.257771515127921,0.449918017311693,0.592347026869679,0.381978725100775,0.291951347218102,6.32827124036339e-16,2.978,2.4,0.515422109324759,0.0658445162366463,20.6661426916094,2.14882998143746,10.0770210268869,12,0
"254",256,256,320247,2018,"Broadleaf Forest",80427,"島根県",132.74,35.21,54,4,33.404609565944,0.253905098707246,0.530295698924731,333,13.1,1838,50,106,284.333333333333,440.333333333333,1.94770092064621,0.64847830465739,-0.0892751646349225,0.954394315245376,1.01720086411014,0.572684121619334,0.312649529122544,0.276761511112019,0.794733446177466,0.15723094664211,0.167872024650408,6.21724893790088e-16,2.127,2.383,0.528988691318328,0.0520930922727072,19.4411112780711,2.07557505063353,7.12943696839696,29.6,0
"255",257,257,320248,2018,"Broadleaf Forest",80427,"島根県",132.74,35.24,55,4,9.18890536115811,0.0895514984130041,0.530295698924731,219,14.1,1793,51,102.333333333333,323.666666666667,455,1.55149476744425,-0.0666689032537753,0.129243694031362,0.459751586746298,0.316774183301018,0.265541696635589,0.612886476931029,0.530446772715296,0.490201427386491,0.33240323320497,0.220765679223564,0.609833576936056,2.77555555555556,3.20777777777778,0.501098545909253,0.0740406524039574,18.2898479840656,1.96421151200845,13.9533965011708,24.8888888888889,0.111111111111111
"256",258,258,320249,2018,"Broadleaf Forest",80427,"島根県",132.74,35.28,60,4,13.4463265124841,0.128021337322797,0.542849462365591,150,14.1,1813,50,104,311,425.666666666667,0.748911792324325,0.378174684850148,-0.355035756253871,0.0971711208732551,0.0946892297565751,3.46944695195361e-18,0.215300345955311,0.490433732435597,0.47559285426137,0.139409078863298,0.099788058131187,2.91433543964104e-16,3.0510235783767,2.95267936226419,0.498555273311897,0.0595809076147015,18.9103712990338,2.15144105547661,11.7239345274706,24.375,0
"257",259,259,380160,2018,"Broadleaf Forest",80440,"愛媛県",132.76,33.72,61,4,13.0063095966375,0.172691772511132,0.598709677419355,466,14.3,1698,52.6666666666667,109.666666666667,305.333333333333,245,1.25803353009017,-0.0513568250559449,0.329915653392574,0.493608220253038,0.366181921338165,0.331955269251568,0.0598695648667065,0.683036582447492,0.11765427353103,0.38511949440837,0.391971716172451,5.18104078158406e-16,3.21111111111111,3.44111111111111,0.514431879242587,0.0609944876979374,16.368836888294,1.49342734730181,20.5147261332773,16.6666666666667,0
"258",260,260,380151,2018,"Broadleaf Forest",80441,"愛媛県",132.77,33.4,69,4,45.8568699780962,0.22766750421253,0.558413978494624,295,13.6,2032,50.3333333333333,95.3333333333333,349.333333333333,316.666666666667,0.741938722200891,-0.285624353099254,0.135823951883417,0.0890385491573378,0.129463440141255,0.105591077029912,0.0365268086360879,0.263226117690955,0.473788069315412,0.131193710638257,0.205466792657367,0.267904678297581,3.285,3.43772727272727,0.496413884828997,0.0623641386418535,14.6798186653902,1.7124510552893,23.4327749213665,15.2272727272727,0.0454545454545455
"259",261,261,320254,2018,"Broadleaf Forest",80427,"島根県",132.78,35.03,52,4,93.7228343528631,0.307521634400876,0.400295698924731,616,10.9,1889,48,89.6666666666667,324.666666666667,542.666666666667,1.34371298777113,0.101279647337331,-0.0661454325739863,0.425358476128188,0.254585538126122,0.276547803071602,0.531946706718034,0.418584269541718,0.398920061243483,0.21258361629602,0.223825156982735,0.496742683289285,2.83941176470588,3.05415966386555,0.495954032532627,0.0712253191788621,19.2773628797788,1.96658113680329,11.6831511003869,25.4117647058824,0.0882352941176471
"260",262,262,320266,2018,"Broadleaf Forest",80427,"島根県",132.78,35.46,49,3,18.5336151703661,0.131659172266865,0.544731182795699,195,13.2,1906,48.3333333333333,106.333333333333,288,470,1.99837430579468,0.347508948337766,-0.473132689514619,0.54637082245294,0.388208366021308,0.0933606999887727,0.466902343890239,1.09739240663444,1.10239335406934,0.442116115746033,0.298586605109422,8.32667268468867e-16,3.13523357480629,2.86968003029042,0.500898810289389,0.0713800321282427,16.5207785545277,2.63107178019768,12.3140469166232,19,0
"261",263,263,380185,2018,"Broadleaf Forest",80440,"愛媛県",132.8,33.98,104,5,69.0398532166833,0.356033995753876,0.626666666666667,25,15.6,1396,59.3333333333333,124.333333333333,351.333333333333,207.333333333333,2.22822808668803,-0.0852525308502875,-0.26981255696147,0.382056320020577,0.603388729984726,0.406617215750201,0.321753894122999,0.593807767033936,1.33299688624835,0.684341301888668,0.642413604932392,4.2894980496881e-16,3.50727272727273,3.01753246753247,0.52180790119848,0.0739144400400175,17.8617815570879,1.85907161024885,19.2539533855295,22.4545454545455,0
"262",264,264,390043,2018,"Broadleaf Forest",80440,"高知県",132.81,33.11,58,4,25.1776155113734,0.124272788379611,0.577177419354839,311,16.6,1976,53,108,350.333333333333,277.666666666667,0.423594646078772,-0.386743499079299,-1.00275139688621,0.344158725423432,0.0873458226013837,0.0440369345162509,0.112618858301454,0.087284695003227,0.00738092632856924,0.10786080656371,0.139386493897531,3.23815048849004e-16,3.8975,2.54166666666667,0.500342333869239,0.078298817456655,18.7162830002147,1.80643743917784,21.1159959885753,29.1666666666667,0
"263",265,265,340265,2018,"Broadleaf Forest",80440,"広島県",132.82,34.74,75,5,22.2610802760488,0.137883899452815,0.551827956989247,321,13.1,1610,51,108.333333333333,274.666666666667,312.666666666667,0,0.516280850674731,-0.28203122088591,0,0,0,0,0,0,0,0,0,3,3,0.498555273311897,0.0535982747166669,20.3892761044672,1.9700243805447,10.3987823171093,25,0
"264",266,266,320268,2018,"Broadleaf Forest",80427,"島根県",132.82,35.1,45,3,94.1104615813632,0.344130861880851,0.37510752688172,675,11.2,1883,48.6666666666667,98.3333333333333,276,503,1.80882019355802,0.881477277237571,-0.439830468350687,0.975284664229356,0.702684044427278,0.157409011621354,0.163685543401414,0.543977051409423,0.45770123130549,0.130171435530314,0.586509402893507,6.46308403621073e-16,2.50333915343915,2.31696001511716,0.506007714745062,0.0446619338877777,21.9943605711877,1.86705186962088,6.63046379537638,25,0
"265",267,267,380189,2018,"Broadleaf Forest",80440,"愛媛県",132.85,33.51,88,5,68.4337545918134,0.349968577090078,0.251021505376344,1259,10,2403,49,88,330,446.666666666667,1.98672383725194,0.465871951363125,-0.395105390048495,1.03994809345214,0.707378434249925,0.035870084842328,0.372637722432705,0.397631626862205,0.529753368332841,0.409448507202166,0.469555083442446,0.384195153469715,2.43834666666667,2.27654,0.499984921757771,0.051749538285552,20.1040205388714,1.831575281955,8.91736260016531,26.2666666666667,0.0666666666666667
"266",268,268,380202,2018,"Broadleaf Forest",80440,"愛媛県",132.85,33.98,33,3,73.204475768201,0.332628854519015,0.595215053763441,193,14.7,1491,54,113.666666666667,296.333333333333,234,1.91102424923058,0.156026193442899,-0.369918813396385,0.524499189445487,0.414874272851373,0.618581907933031,0.224877275043849,0.632355579137196,0.924043265312109,0.346939992812958,0.544994244570652,0.256787200874304,3.11456480798812,2.86082902865428,0.501792111002377,0.0645705292170749,18.6001461865257,2.02913584826345,12.5922537728526,25.4782608695652,0.0434782608695652
"267",269,269,390050,2018,"Broadleaf Forest",80440,"高知県",132.86,32.89,52,4,150.526792025017,0.160672105936053,0.55252688172043,177,16,2266,53.3333333333333,114.333333333333,369.666666666667,246.333333333333,0.168135653810335,-0.492659785957885,-1.09129045021553,0.0865770882369174,0.0725676152420588,0.0474426340396559,0.0188152298774631,0.0585904568421724,0.0588634978743398,0.0255197606828842,0.0351634109605135,1.61907524424502e-17,4.03402777777778,2.53263888888889,0.497067626831011,0.0808315287968769,18.5409792197376,1.78354160215831,21.883447031833,29.875,0
"268",270,270,340280,2018,"Broadleaf Forest",80440,"広島県",132.86,34.49,73,5,13.6562730902733,0.114313416053335,0.605672043010753,350,12.6,1602,52.3333333333333,107,298.666666666667,265.666666666667,2.12875432594059,0.0846907005631008,-0.093483534857069,0.352270210534422,0.693684642041535,0.634445733539849,0.104457414170896,0.439698990905523,1.36526063121735,0.219943814285424,0.720867523995311,0.609833576936056,2.78555555555556,3.08,0.519197374062165,0.0760412452455638,17.5016474465993,2.58978712941954,14.5147980977938,23.8888888888889,0.111111111111111
"269",271,271,320280,2018,"Broadleaf Forest",80427,"島根県",132.87,35.1,57,4,46.7277202108581,0.223553532840915,0.344677419354839,923,10,1958,48.3333333333333,94,308.333333333333,528.666666666667,1.79953092520765,0.461461053523751,-0.437562760034607,0.992390422879293,0.947726364989791,2.24493626302881e-17,0.170240801249374,0.434512835112468,0.564699791771083,0.0202627811033864,0.479850830202761,7.02052794983555e-16,3.28564618736384,2.86528278867103,0.498555273311897,0.046318277310912,18.9567657104611,1.80415983685345,5.30850402980861,28.2352941176471,0
"270",272,272,320287,2018,"Broadleaf Forest",80427,"島根県",132.87,35.35,60,4,60.6081758368335,0.205076837058513,0.570430107526882,108,14.2,1836,48.6666666666667,109.666666666667,311.333333333333,461.333333333333,0.938665942860673,0.53971396313444,-0.260068233236556,0.381159189184371,0.305640502446762,0.330697850435035,0.152247088765683,0.235167158161334,0.542427892416179,0.0910384449470191,0.136852194008485,3.3584246494911e-16,3.0825,3.099,0.507988691318328,0.0584653197374964,20.0040913442357,2.19489230223457,9.5079649695429,25,0
"271",273,273,380216,2018,"Broadleaf Forest",80440,"愛媛県",132.89,33.9,52,4,34.5177558987481,0.268093269293279,0.416021505376344,645,12.5,1828,51.3333333333333,99.6666666666667,306.666666666667,302.666666666667,1.04535096544913,0.242956536963505,-0.0893178978315881,0.243105021413207,0.329024762341766,8.57157482247364e-18,0.0986265766557185,0.549580464185587,0.296811605420841,0.404765948478884,0.477325299517484,2.54698223296359e-16,3.01352941176471,3.09235294117647,0.498555273311897,0.0557853079073609,18.160303732524,1.80160978199556,15.0944763815171,21.4117647058824,0
"272",274,274,380219,2018,"Broadleaf Forest",80440,"愛媛県",132.89,34.01,61,4,43.7338723722936,0.291037188535537,0.616236559139785,311,13.7,1595,53,111.666666666667,304,235.666666666667,1.71087210880945,0.739822891745605,0.367369592674652,0.266971796135164,0.617612410460531,0.606973895896266,0.227642396397567,0.625509259244444,0.998487637963634,0.138452964616141,0.662297037670693,2.03540887847945e-16,2.44802469135803,3.38234567901235,0.539197374062165,0.0706900184766945,19.5809043747945,2.65202271892611,8.6714484853788,22.8888888888889,0
"273",275,275,340302,2018,"Broadleaf Forest",80440,"広島県",132.9,34.49,96,5,39.3506975044577,0.309080829170731,0.596505376344086,271,13.5,1482,53.3333333333333,108.666666666667,264.333333333333,270,2.21001419973301,-0.443791908195448,0.689499226534322,0.564112712801819,0.476042835758487,0.595709199692001,0.427427023338822,0.0922332957957267,1.27860436991958,0.799472083411296,0.0363077249410264,1.03959512190694,2.43571428571429,3.69857142857143,0.558976129995406,0.0934844930909958,15.7609931998376,2.8044066937539,18.3545494528361,29.7857142857143,0.214285714285714
"274",276,276,340309,2018,"Broadleaf Forest",80440,"広島県",132.91,34.74,50,3,19.6385025473519,0.122005524694347,0.549086021505376,296,13.2,1570,54.6666666666667,120,264.333333333333,223.666666666667,1.9423332884613,-0.510571564224039,0.168203869984867,0.63749493775372,0.174560086136988,0.327146130256281,1.04564713546884,0.533873894015245,0.546513888982558,0.389885553809428,0.194346311017967,1.09607662126821,2.61923076923077,3.04923076923077,0.482734825624536,0.0888831651074353,18.4581019785873,1.70783105514837,15.0828239594031,25.3846153846154,0.230769230769231
"275",277,277,320293,2018,"Broadleaf Forest",80427,"島根県",132.91,35.14,55,4,75.314187161186,0.313238156518101,0.451774193548387,477,11.4,1872,51,104.666666666667,280,553.666666666667,1.76144466604302,0.608977670515978,-0.214947719741538,1.06180403720644,0.823261009834513,0.453432386202681,0.253733451869281,0.255847468951189,0.286503294079991,0.0820261485945919,0.177400992233221,5.52027559466397e-16,2.22569958847737,2.20076131687243,0.518796061093247,0.0469777611854369,19.4960204936548,1.77436141606122,5.73934667276089,30.1666666666667,0
"276",278,278,320299,2018,"Broadleaf Forest",80427,"島根県",132.91,35.35,48,3,75.1670764312606,0.269593456421266,0.571559139784946,36,14.6,1821,50.3333333333333,108,289.333333333333,417.666666666667,1.9912671067617,-0.439321205318872,-0.020821228518306,0.526011661683444,0.417756109463007,6.93889390390723e-18,0.5931384733377,0.377100769032247,0.205360156148493,1.34621935257374,0.484102999213688,0.756069179568689,2.93608465608466,3.42624338624339,0.498555273311897,0.0626341869405382,16.9067578474192,2.08473086638707,20.0226678871903,31.4285714285714,0.142857142857143
"277",279,279,390083,2018,"Broadleaf Forest",80440,"高知県",132.94,32.79,71,5,108.617255650611,0.278631041641998,0.602338709677419,7,17.5,2285,54,119.666666666667,392,239.333333333333,0.958501315108671,-0.562243016672936,-0.186117537824692,0.123060794219032,0.32381728277336,0.204743744458723,0.108197318083428,0.324986485135909,0.586428176654947,0.17232715018835,0.210980465763081,9.54097911787244e-17,3.49829987607566,3.31120224797345,0.49186086414791,0.0741340104856545,15.5506169108301,1.73821867253105,24.5125306564762,24.75,0
"278",280,280,390091,2018,"Broadleaf Forest",80440,"高知県",132.94,33.07,25,2,35.3908551164469,0.151954563440114,0.586881720430108,213,16,2166,53.3333333333333,113.333333333333,387.333333333333,250.333333333333,1.38392978656916,0.507485285618281,0.114064387442543,0.540686839585512,0.628672925344489,0.269811006666058,0.246950369955119,0.456329351325027,0.295841952915874,0.24166517583151,0.642413604932392,2.90171926890666e-16,2.79579124579125,3.26178451178451,0.509595703010815,0.0529223989465918,18.4794417072086,2.04446041820135,7.73151123872883,25.6363636363636,0
"279",281,281,380224,2018,"Broadleaf Forest",80440,"愛媛県",132.94,33.58,53,4,31.9323040560694,0.207799227842116,0.24991935483871,1331,8.8,2488,48.3333333333333,90.6666666666667,303.333333333333,366,2.11787668352969,1.32576833962328,0.144647752377935,0.24591340798106,1.06621375850955,0.189726256562719,0.306659325743631,0.143827368473236,1.51310641720301,0.0815302188164271,0.630759083495898,9.99200722162641e-16,1.69526748971193,3.26078189300412,0.507296202215077,0.0421874650781164,22.2300932298214,3.03209408776587,6.54406623753662,25.5555555555556,0
"280",282,282,380231,2018,"Broadleaf Forest",80440,"愛媛県",132.94,33.83,55,4,90.829710645709,0.237628462170859,0.581370967741936,535,12.2,1931,50,92.6666666666667,315,374.666666666667,0.799837377974137,0.493570210853122,-0.307666571215329,0.295440549358683,0.350066043952135,0.422174695824994,0.0534740653718128,0.145444602404293,0.289905983804767,0.0876934813751287,0.208753300555879,1.54846895539824e-16,3.13045808966862,2.81281676413255,0.517204440683703,0.0551920268737321,20.0461817209769,1.85939584563509,9.504711385587,25.1315789473684,0
"281",283,283,380232,2018,"Broadleaf Forest",80440,"愛媛県",132.94,33.87,65,4,19.4586007366802,0.169475214547504,0.463225806451613,366,13.8,1691,50,93.3333333333333,325,371.666666666667,1.26790161943825,0.473363649321123,-0.409084670607228,0.638832703238926,0.438557875972808,0.613258339750424,0.145175006790203,0.215785493221116,0.402354071934862,0.136932999534387,0.3709712366511,5.09693297668822e-16,3.36123636363636,2.84007272727273,0.526353355743934,0.0567715536780037,19.7737008661039,1.98096418361522,8.60906052018308,26.5454545454545,0
"282",284,284,320305,2018,"Broadleaf Forest",80427,"島根県",132.95,35.14,70,4,74.2581040020061,0.275719688060358,0.464704301075269,337,12.6,1802,55.6666666666667,114.333333333333,263.666666666667,551,1.90151559941184,0.0237229080439302,-0.760712075328486,0.797255703525362,0.319447494841243,0.627221923647557,0.260104790238359,0.681877445328757,0.778166893634045,0.332332029192803,0.522699352115741,0.24655380942532,3.62375,2.9575,0.469995288049303,0.0660978500912847,18.486103544059,2.05669815085768,11.5063309141432,26.25,0.0416666666666667
"283",285,285,320310,2018,"Broadleaf Forest",80427,"島根県",132.96,35.32,63,4,60.6510308048074,0.309538830385817,0.55494623655914,70,14.5,1809,54,117.333333333333,276.666666666667,422,2.55976120634902,-0.435111496203567,-0.908982133507438,0.186702707764293,0.200994648599775,0.634462606256858,0.2222296794474,0.738693639958084,1.63510436362748,0.198401797555847,0.64790960600892,1.44716366401818,3.1525,2.84375,0.472937341237942,0.0631836363309406,17.160401932105,2.79935981744631,12.5591741151576,31.3125,0.375
"284",286,286,390105,2018,"Broadleaf Forest",80440,"高知県",132.98,32.89,54,4,14.9996078478127,0.140152702200726,0.599650537634409,157,17,2275,55,120,398.333333333333,263.333333333333,0,-0.506414643287055,-1.13321413213159,0,0,0,0,0,0,0,0,0,4.07,2.5,0.498555273311897,0.0812859559702976,18.4650396365978,1.80374993364855,22.0946630802507,30,0
"285",287,287,390111,2018,"Broadleaf Forest",80440,"高知県",132.98,33.11,30,2,54.1906926179401,0.107074440512672,0.557741935483871,273,15.5,2212,50,107,361,264,0.689853835385314,-0.295010037130461,-0.969514398472176,0.495424874860766,0.0741513637195632,8.12841857314847e-18,0.111379769236669,0.151523662539652,0.0624899257078989,0.201735278014049,0.317273657946202,1.01506105108586e-16,3.79528042328042,2.50640211640212,0.498555273311897,0.0780175797626916,18.9475631097901,1.81792962182794,20.0696181741371,27.9714285714286,0
"286",288,288,390113,2018,"Broadleaf Forest",80440,"高知県",132.98,33.18,56,4,75.5230147891859,0.289172055602785,0.560268817204301,241,15.7,2152,53,112.333333333333,366,289,2.39615094923724,0.0784886897777831,-0.517153351166829,0.401023762784128,0.23294477999822,0.461444890531172,0.166276979656734,0.838190731425524,1.34709297169913,0.29861186498026,0.866122330080367,1.20747048233339,2.80513580246914,2.96256790123457,0.474370182207931,0.0641251161694262,18.705493641655,2.66973596707339,11.0433734161545,23.6,0.266666666666667
"287",289,289,340345,2018,"Broadleaf Forest",80440,"広島県",132.99,34.52,102,5,8.99162160046835,0.166158062649969,0.545403225806452,414,12.5,1573,54,115.666666666667,278,239.666666666667,1.06438800681335,0.893142610055961,-0.239974290868396,0.294885232016299,0.0741645439179011,5.20417042793042e-18,0.0449104644847834,0.73336106716088,0.136999379296958,0.116819688894869,0.684260970042425,2.63677968348475e-16,2.81935185185185,2.95675925925926,0.498555273311897,0.0550542096399664,22.9693047411226,2.03099312774786,9.10328194331143,20,0
"288",290,290,320326,2018,"Broadleaf Forest",80427,"島根県",133,35.42,71,5,76.1154841046807,0.350557666784512,0.557177419354839,50,14.6,1867,51.6666666666667,113.333333333333,277.333333333333,440.333333333333,1.19173392770195,-0.847362174189952,-1.18193764897167,0.159729760912557,0.196557631747306,0.809232026056701,0.0757610295234794,0.531134323709523,0.537859588162561,0.0845251151275575,0.226201973567744,1.56440517106272e-16,4.17818181818182,2.64545454545455,0.452782661502485,0.0796128390341424,16.5798663885984,1.50618683237017,21.4671438580106,31.5909090909091,0
"289",291,291,390122,2018,"Broadleaf Forest",80440,"高知県",133.03,33.04,54,4,34.7875163404655,0.11788190796813,0.651962365591398,8,17.3,2178,56,122,368.333333333333,234.333333333333,1.45079951359633,0.516715356136775,1.0154634216043,0.102406380036547,0.0508016817862293,0.352830144747247,0.180942016366654,0.472795881219423,1.26172601142773,0.0445026379601614,0.342130485021212,3.05311331771918e-16,2.23726534629874,3.96038069358663,0.5725,0.077277627214053,17.530735202671,2.84036888371052,9.90525948155146,27.5,0
"290",292,292,340368,2018,"Broadleaf Forest",80440,"広島県",133.04,34.59,67,4,57.8660837645092,0.229003013118619,0.528360215053763,348,13,1504,52.3333333333333,108.666666666667,258.333333333333,289.666666666667,1.52641461439809,0.521290312422528,0.234397669925392,0.425672825062052,0.576485454132686,0.546276506306639,0.275568421279946,0.433920442402829,0.977479925907841,0.0989839482021988,0.28140865967967,3.21964677141295e-16,2.59954320987654,3.31910934744268,0.529036848874598,0.0630430383428756,18.4647274351107,2.42310764730679,9.36968239256121,26.2666666666667,0
"291",293,293,320336,2018,"Broadleaf Forest",80427,"島根県",133.04,35.28,68,4,36.2648195556701,0.188868822856655,0.47994623655914,462,12,1881,50.3333333333333,104.333333333333,284.333333333333,474.666666666667,1.16754602424034,0.455798441220656,-0.0215419301739049,0.673230120921981,0.368490080988591,0.152486068862251,0.145191808786724,0.354906333131396,0.390230326214837,0.185328874932044,0.324582015279103,4.46502738164465e-16,2.62723027375201,2.82967678858983,0.504767858241297,0.0562002504627166,18.8651268966639,1.83335348382414,9.03692190873699,24.4782608695652,0
"292",294,294,320337,2018,"Broadleaf Forest",80427,"島根県",133.04,35.31,68,4,36.5961976213129,0.291030202342482,0.509354838709677,312,13.5,1846,51,104,278.666666666667,445,0.519175733028425,0.555988859115906,-0.278348841962344,0.376184816741564,0.322985441797117,3.08395284618099e-18,0.0678721146637626,0.00498123924171918,0.0810496814513109,0.0662481033685467,0.0901084404994138,2.52884133386841e-16,2.80555555555556,2.84111111111111,0.498555273311897,0.0517417549262965,20.4040623482664,1.93959074960286,9.77890073555343,25.5555555555556,0
"293",295,295,320338,2018,"Broadleaf Forest",80427,"島根県",133.04,35.35,55,4,95.1291890556787,0.243803843339934,0.526532258064516,227,13.4,1870,52.3333333333333,108.333333333333,269,456.333333333333,1.22855187536116,0.194538954537222,-0.477992159494943,0.0801904796094193,0.0957392926661436,0.2142512221767,0.19159601748408,0.515240270143,0.811988849119264,0.136545793437158,0.252416268948983,0.555710846982981,3.04421257513424,2.9497623265409,0.489699745980707,0.0591884239747137,18.757881638456,2.29524737655392,11.7616143474001,26.1666666666667,0.1
"294",296,296,390136,2018,"Broadleaf Forest",80440,"高知県",133.07,33.07,41,3,26.4695196115133,0.213617875667347,0.599112903225806,159,15.8,2295,54,112,379,246.666666666667,3.24593761877875,-1.11791826913319,0.635443957369403,0.394640248601942,0.577630360850329,0.601699657785677,2.51191089046998,0.463298393018876,1.06894305899647,0.906489540976705,0.121646394674209,2.96059473233375e-16,2.97802161604327,2.28775589730056,0.542851757770632,0.177276504738579,13.4305016799579,1.28653681681766,17.1823847591733,13,0
"295",297,297,390138,2018,"Broadleaf Forest",80440,"高知県",133.07,33.15,45,3,42.6728428753354,0.165838941505758,0.550806451612903,427,15.3,2272,51,106.666666666667,361.666666666667,263.666666666667,0.67786104983241,0.498384837411454,-0.196481690261304,0.335662664324245,0.244275959920402,0.096760099235581,0.0979117815444862,0.221337080352425,0.136689330540198,0.117401771792404,0.311903039631795,2.87351841667688e-16,3.06941176470588,3.07705882352941,0.498810225080386,0.0566832108696051,19.9879259686855,1.92728754178983,10.2298077428313,22.7647058823529,0
"296",298,298,340388,2018,"Broadleaf Forest",80440,"広島県",133.08,34.52,35,3,36.9921588099894,0.204549496742122,0.560618279569893,279,13.2,1453,54.3333333333333,105.666666666667,251,281,1.88088335482828,0.256060809622711,0.582511740802555,0.306841415522203,0.607599019256453,0.663695554828919,0.315943191047197,0.48424585746352,1.16549980586983,0.186853415201505,0.494695338341782,0.384195153469715,2.40382716049383,3.54718342151676,0.548851757770632,0.0838256117186359,17.4326201227796,2.75352196062643,11.4319343171576,25.9333333333333,0.0666666666666667
"297",299,299,340400,2018,"Broadleaf Forest",80440,"広島県",133.08,34.95,25,2,20.6190532356617,0.215782776868357,0.413870967741936,407,12.1,1719,51.6666666666667,105.333333333333,283.333333333333,428.333333333333,1.69577404132138,0.739575352435849,-0.317887088223195,0.855283051206,0.890939154281267,0.0909334905561149,0.204996395414513,0.252751180710918,0.659323301753589,0.11495271516973,0.360433761997655,6.66133814775094e-16,2.42888888888889,2.55407407407407,0.493481293319042,0.049959520960214,20.1567229733187,2.08392759473491,6.09634543150423,25.5555555555556,0
"298",300,300,320350,2018,"Broadleaf Forest",80427,"島根県",133.09,35.31,59,4,48.9582569220042,0.231610889149343,0.494489247311828,277,12.8,1864,53.6666666666667,109,269.333333333333,448,1.42501568025246,0.468492794817345,0.548516074107915,0.331954295765606,0.516604146821168,0.566379481738723,0.294588148359811,0.341218647080335,1.01870396671973,0.0475091207990396,0.188600570302893,2.59792187762287e-16,2.46252592592593,3.64343703703704,0.557079898392283,0.0719519472338488,17.1738194108808,2.87060075244585,9.96927365506481,28.48,0
"299",301,301,320353,2018,"Broadleaf Forest",80427,"島根県",133.09,35.42,69,4,26.6347565596451,0.228507669995096,0.54744623655914,66,14.3,1889,50.3333333333333,113.333333333333,265.666666666667,469,1.71518418649275,0.456527556717562,-0.583726845135215,0.516627148325082,0.184559748527738,0.185852388851791,0.229742809643998,0.679917565148199,0.591052943308995,0.36500039364714,0.843921863052324,0.471668157161481,3.1079012345679,2.68712522045855,0.492962727759914,0.0650015625358098,21.4256870686072,2.10505807288948,12.1516637387857,19.9166666666667,0.0833333333333333
"300",302,302,320356,2018,"Broadleaf Forest",80427,"島根県",133.09,35.53,54,4,82.0191762992065,0.414635619360266,0.529677419354839,414,12.4,1954,49.6666666666667,103.666666666667,358,450.666666666667,2.90584068845102,0.0892215098533425,0.370503189295541,0.60779251336497,0.943504299356833,0.587234515534781,1.35808934431295,0.425750327559682,1.31606429286525,0.229609838334417,0.738042980382908,7.27017012899699e-16,2.35793489466159,2.73864748402991,0.537734639560212,0.104590902996153,17.5828740868406,2.16571537296431,9.19096318155528,25.0322580645161,0
"301",303,303,320357,2018,"Broadleaf Forest",80427,"島根県",133.09,35.57,74,5,51.115391621332,0.217686733107818,0.500349462365591,177,14,1946,49.6666666666667,108,327.666666666667,398.666666666667,2.41544278359736,0.313094732678323,-0.110727481686094,0.719416489157734,0.916004474502018,0.711118737316319,0.311198976764072,0.675722120372377,1.3660949269749,0.21948003592983,0.592756248604798,5.42301246643827e-16,3.1558751733867,2.787143830479,0.559444335889191,0.0677103697865616,16.7631760046789,2.2232079062184,10.0375190155373,25.1538461538462,0
"302",304,304,390151,2018,"Broadleaf Forest",80440,"高知県",133.11,33.11,66,4,30.9448596954509,0.329807252487179,0.593629032258065,24,16.8,2241,54,118,374.333333333333,250.666666666667,1.70702612314241,0.143798063609149,-0.586446947031743,0.787536881730412,0.627723151073693,0.117649695182563,0.298268951256609,0.267827425864319,0.975646488956244,0.493412940863647,0.297909537977654,3.48927236310763e-16,3.29428571428571,3.02857142857143,0.504682338079926,0.0669747403515749,20.113960344104,2.32616061993358,19.3394901654394,27.1428571428571,0
"303",305,305,390152,2018,"Broadleaf Forest",80440,"高知県",133.11,33.15,63,4,42.9971208309853,0.19526535953519,0.564354838709677,159,16.3,2246,55,111.333333333333,362.333333333333,257.333333333333,1.22255223479357,0.546422542936357,-0.368644561064914,0.634028159883178,0.376336976066872,0.545114425028338,0.101405371794321,0.243650672760768,0.26494752281058,0.177756986586955,0.492287753447189,4.00142881791983e-16,3.24123456790123,2.76992283950617,0.522666454983923,0.0580322254704664,20.5774527573981,1.88626598137143,8.88101519230656,24.4583333333333,0
"304",306,306,390154,2018,"Broadleaf Forest",80440,"高知県",133.11,33.22,63,4,31.4513216309059,0.233356148532717,0.55497311827957,362,14.9,2277,54,108.333333333333,352.666666666667,262.333333333333,1.5793575357155,0.110973337476753,0.105044098226202,0.549931751634271,0.122554237673481,0.225664065360455,0.71258767782267,0.428652414881568,0.402912890823469,0.286855574179021,0.521341691460895,0.756069179568681,2.55783068783069,3.00486772486773,0.488761662838769,0.0777722655412199,20.2710958437672,1.85875054378951,11.4549588568256,22,0.142857142857143
"305",307,307,390162,2018,"Broadleaf Forest",80440,"高知県",133.11,33.51,59,4,47.1948490905083,0.233829652121258,0.461693548387097,657,12.1,2234,49.6666666666667,93.3333333333333,354.666666666667,341.666666666667,1.27070071350724,0.253644418002479,-0.654179891870808,0.687548025379722,0.210306250610968,0.174636127742853,0.216746963584008,0.316710393511865,0.123108814552551,0.58072916771686,0.350341616661721,0.293291835907687,3.49150878844559,2.93274967924871,0.488560927652733,0.0603825556585104,20.4714717268485,1.99124075134009,13.2160599833753,24.05,0.05
"306",308,308,380288,2018,"Broadleaf Forest",80440,"愛媛県",133.11,33.69,69,4,69.936149654117,0.191477641701022,0.294301075268817,1221,8.8,2427,49.6666666666667,91.6666666666667,267.333333333333,347.333333333333,1.03752725393908,1.12362761060386,-0.460382442494584,0.626518893918301,0.117210959125048,0.0569366426068698,0.16449187855999,0.287062091460854,0.338345889241942,0.0238052477623291,0.542903354008969,1.04237606200917e-15,3.01162304526749,2.56564221046443,0.500938020721686,0.0561578906729162,23.7633231168556,1.87691571627587,5.93974818485002,14.1111111111111,0
"307",309,309,340419,2018,"Broadleaf Forest",80440,"広島県",133.13,34.88,65,4,37.9527057785705,0.203165348358073,0.405967741935484,582,11.2,1751,49.3333333333333,102.666666666667,275.666666666667,376,0.333283107380379,0.570926575103538,-0.257175576571935,0.203139801040445,0.142294285546982,9.25185853854297e-19,0.0688446142501611,0.162967543800605,0.0516659444514158,0.0520216170987,0.113536635029262,1.85037170770859e-16,2.9,2.93333333333333,0.498555273311897,0.0553917230688891,20.8499910308361,1.95154797308765,9.93519682930201,24.3333333333333,0
"308",310,310,320364,2018,"Broadleaf Forest",80427,"島根県",133.13,35.24,68,4,10.4829033601753,0.23435119982429,0.429569892473118,299,12.9,1813,52.3333333333333,98.3333333333333,293.333333333333,562.666666666667,0.497059559092968,0.440538883199444,-0.300165867998565,1.04083408558608e-16,0.21439429183976,1.04083408558608e-17,0.172271589393927,0.0710004050330263,0.140771400541566,0.171798949047355,0.342130485021212,2.22044604925031e-16,3,2.875,0.498555273311897,0.0591830805334918,20.1394904444396,1.90737697311047,12.3039885782664,22.5,0
"309",311,311,320367,2018,"Broadleaf Forest",80427,"島根県",133.13,35.35,64,4,33.487391808992,0.199115330958084,0.532768817204301,114,14,1849,49.3333333333333,109,244,439.666666666667,1.41625211027806,0.265299371348326,-0.17245054279692,0.449540331194762,0.46352839948689,0.153336848871073,0.270321823801098,0.446979197885335,0.665852260438255,0.209027977589883,0.27370438801697,0.361790916004545,2.77059027777778,2.99861111111111,0.49873586414791,0.0597720728335904,18.7417100776714,2.14294657410783,9.44277461656175,28.25,0.0625
"310",312,312,320371,2018,"Broadleaf Forest",80427,"島根県",133.13,35.49,69,4,28.6841952621639,0.403842976262911,0.540188172043011,32,14.9,1909,51,106,322.333333333333,429,1.60227370306818,0.673277329825444,-0.0181634120018817,0.90585481526536,0.712521415083987,0.46660250600239,0.109040703244471,0.305817904053793,0.484750778909808,0.124479200162835,0.389067394536519,5.19786234256323e-16,2.78272727272727,2.99909090909091,0.524535173925753,0.052303130102742,21.1451270550678,1.91964271611943,8.50067403316718,26.1818181818182,0
"311",313,313,390178,2018,"Broadleaf Forest",80440,"高知県",133.15,33.54,72,5,50.9018137982613,0.184884917725039,0.4975,568,12.7,2180,51,98.3333333333333,347.333333333333,298.666666666667,2.44043324626371,0.404657428615266,0.327301217762347,0.66385314191322,0.438585378079185,0.687155923419934,1.07754990865864,0.518948879387999,0.642390865553947,0.108771037732136,0.788632749146402,6.55560262159616e-16,2.48235109024401,2.75488864986626,0.537200883478793,0.0854052047736374,20.5161065617091,1.75215726837351,6.73709213033968,25.4761904761905,0
"312",314,314,340429,2018,"Broadleaf Forest",80440,"広島県",133.17,34.48,91,5,16.6236801349197,0.109122361553175,0.646397849462366,206,13.9,1340,56.6666666666667,119,271,216,1.34620999453103,0.917773906549322,-0.250134843679432,0.349493608315614,0.210147579117997,1.15648231731787e-17,0.177560126994412,0.911242986284318,0.248024995780795,0.27284005154938,0.608231973371045,4.44089209850063e-16,2.75913580246914,2.77567901234568,0.498555273311897,0.0629859290368327,23.496266739971,1.96778616690327,11.2117235002549,15,0
"313",315,315,340433,2018,"Broadleaf Forest",80440,"広島県",133.17,34.63,34,3,13.1716016372067,0.156355438532471,0.512231182795699,417,12.4,1555,53,99.3333333333333,264,344.333333333333,0,0.516280850674731,-0.28203122088591,0,0,0,0,0,0,0,0,0,3,3,0.498555273311897,0.0535982747166669,20.3892761044672,1.9700243805447,10.3987823171093,25,0
"314",316,316,340434,2018,"Broadleaf Forest",80440,"広島県",133.17,34.66,95,5,12.3570804767464,0.189624821179964,0.512231182795699,396,12.4,1551,53.6666666666667,101.666666666667,252,297,1.85046013257492,0.87646330921051,0.174941341569879,0.612972869028747,0.837275340539929,0.501682505791811,0.187469437042943,0.511005940425098,0.833694079952084,0.152580818148401,0.782012537191343,2.22044604925031e-16,2.15714285714286,2.85428571428571,0.524682338079926,0.0671900815131261,20.4879018918478,2.42795084558766,8.1779245334558,20,0
"315",317,317,340439,2018,"Broadleaf Forest",80440,"広島県",133.17,34.85,56,4,51.037465702317,0.305346154163336,0.408951612903226,576,11.2,1741,51.6666666666667,109.666666666667,294,303.333333333333,1.18776033475125,0.299067857744092,-0.157337250060772,0.350733562733893,0.359045213054979,0.2194552597801,0.370766658090051,0.355591041962433,0.402786219128679,0.160643021734163,0.301898474282607,0.246553809425319,2.83416666666667,2.91717261904762,0.497962727759914,0.0677063466253501,19.8331582857958,1.95600994479005,10.269469669627,25.0416666666667,0.0416666666666667
"316",318,318,320376,2018,"Broadleaf Forest",80427,"島根県",133.18,35.28,74,5,49.7616591232118,0.206435174151288,0.444677419354839,504,12.3,1852,50.3333333333333,100,273,505.666666666667,2.05587767765083,0.449950677597957,-0.398802762530019,1.16140344582945,0.639336130200674,0.723602061613884,0.176763771904933,0.417325304344362,0.823221141266747,0.0883350197358554,0.503480911290475,8.23415409930324e-16,3.27833333333333,2.35944444444444,0.567771495176849,0.0712587076054752,20.1555224565674,1.94678642174301,5.99052515802683,29.8888888888889,0
"317",319,319,320379,2018,"Broadleaf Forest",80427,"島根県",133.18,35.39,59,4,95.462306787142,0.263367411941451,0.551021505376344,143,13.7,1879,48.3333333333333,109,264,464.333333333333,1.74181583288335,0.297926413823041,-0.449670162775482,0.549572195855394,0.549133484120258,0.597732490975772,0.245360498777597,0.614519313740622,0.633050845703171,0.281239067545229,0.417073353168716,4.9960036108132e-16,3.18474123243051,2.54234784258764,0.528202169269637,0.0615327730601669,18.0304569648265,1.99563392610112,11.300821719815,25.1428571428571,0
"318",320,320,320386,2018,"Broadleaf Forest",80427,"島根県",133.19,36.25,71,5,3.2987718431728,0.0993551291560909,0.407983870967742,38,14.1,1819,49.3333333333333,103,262,450.333333333333,0,0.00338079828451786,0.935548431678628,0,0,0,0,0,0,0,0,0,2.5,3.75,0.498555273311897,0.0880221836142275,19.1606030105829,1.449676190436,10.3987823171093,25,0
"319",321,321,390200,2018,"Broadleaf Forest",80441,"高知県",133.2,33.76,61,4,57.052376968102,0.239630785677721,0.195967741935484,1028,10.6,2201,51,89,290,379.333333333333,1.95276825485945,0.423488031594436,0.277571316754714,0.780917317635528,0.765015443316478,0.270041151430959,0.400748588459631,0.552673742121177,0.835705661161117,0.244167735257315,0.451519143497382,0.212644456753692,2.35802248677249,3.14589947089947,0.498253766651355,0.0558949772632572,18.5360963513232,1.92698949057437,7.14830019559203,26.4285714285714,0.0357142857142857
"320",322,322,390201,2018,"Broadleaf Forest",80440,"高知県",133.24,33.22,69,4,74.2305899711799,0.308176013681081,0.586129032258064,225,16.1,2329,51.3333333333333,116,380.666666666667,259.333333333333,2.67417503723888,-0.0106186554977315,0.060242506736568,0.777682337279277,0.52936862182657,1.21676789782859,0.809250255703314,1.48319269927441,0.74674225831636,0.947999946801092,0.496089203280758,7.14706072102445e-16,2.54717592592593,2.30629629629629,0.605164409163987,0.111826457900652,15.5184345128423,2.87006983124634,18.7748893620423,22.75,0
"321",323,323,390202,2018,"Broadleaf Forest",80440,"高知県",133.24,33.26,44,3,43.5251070764152,0.293148137202616,0.597123655913979,240,16.3,2307,52,117.333333333333,382.333333333333,238,1.7255014330148,0.176961148288556,-0.0376096137098055,0.665568194725443,0.406625439815669,0.305352278694696,0.224289616098385,0.876222599892593,0.501234541688735,0.686491591798058,0.267074869968116,2.67759670644891e-16,2.96614379084967,2.9962091503268,0.502589358804615,0.0702155055108288,18.0038643742631,1.86965256449012,19.251633726088,15.0588235294118,0
"322",324,324,340470,2018,"Broadleaf Forest",80440,"広島県",133.25,34.59,60,4,90.8426425537833,0.238026368311394,0.62002688172043,208,14,1336,56.3333333333333,120.333333333333,239,269,0.893917717955876,0.463822470455798,0.692001088880379,0.223479691833398,0.332092382666077,0.360584301037864,0.178243475640622,0.251381151355398,0.62925873820955,8.02929151737836e-17,0.133826550263399,1.1498738469332e-16,2.425,3.81321428571429,0.573670584519982,0.077867580252757,16.6748760460656,3.14618657890679,10.3987823171093,29.1071428571429,0
"323",325,325,340476,2018,"Broadleaf Forest",80440,"広島県",133.26,34.81,31,3,57.8539845030034,0.229390277767184,0.447284946236559,290,12.5,1572,52.3333333333333,107.666666666667,296.333333333333,284.666666666667,1.42030800616863,0.441458149810026,0.0777043099975805,0.414197608789989,0.394962868452415,0.395458972236842,0.346871349131407,0.39407765670602,0.688632479313134,0.146048639535885,0.502061303463081,0.228349296097543,2.69075498575499,3.13992877492878,0.513504056393767,0.0684208032455808,19.6882442996821,2.20667347246913,10.8707393508358,22.9230769230769,0.0384615384615385
"324",326,326,340478,2018,"Broadleaf Forest",80440,"広島県",133.26,34.88,55,4,87.2017496864,0.196723519690725,0.462150537634409,517,12.2,1631,52,104.333333333333,281.333333333333,301,0.981876449911193,0.461040756751858,-0.0901966424044605,0.215707641199997,0.349111961431968,0.34804410366116,0.233507332653911,0.237664511168192,0.626133087230412,0.114464499067839,0.250746435185088,1.57055940068925e-16,2.88048780487805,3.09585365853659,0.5141677876245,0.0619117388693297,19.4710321004566,2.1778148598398,11.5140250065671,24.390243902439,0
"325",327,327,320401,2018,"Broadleaf Forest",80427,"島根県",133.26,35.35,56,4,104.994163753305,0.213733240872104,0.554596774193548,126,14.2,1827,53,115.333333333333,274.333333333333,455.333333333333,2.54712903260361,-0.40152663057372,-0.747823258086968,0.346500482622913,0.397035327819142,0.557030049529821,0.370656318008995,0.782621535146419,1.46793566377361,0.317053776040431,0.585763466550365,1.27217883804637,3.1438655491599,2.93524935632655,0.481372586868582,0.0661608869926594,15.3193253167152,2.87217470627573,12.5634693405911,30.2258064516129,0.290322580645161
"326",328,328,390221,2018,"Broadleaf Forest",80440,"高知県",133.28,33.58,70,4,17.4854964139064,0.145040495515268,0.594408602150538,188,15.2,2126,54,103.666666666667,342.333333333333,292.333333333333,0.668111556363162,-0.371813522574462,-0.884007094787895,0.340447259151116,0.296446428222878,1.15648231731787e-17,0.164899391909232,0.174202158702704,0.0846394547961378,0.142652785439625,0.331148518835346,2.52884133386841e-16,3.86888888888889,2.66666666666667,0.498555273311897,0.0761310683279191,18.1884698421016,1.79275267190586,21.0771661204588,27.6666666666667,0
"327",329,329,340485,2018,"Broadleaf Forest",80440,"広島県",133.3,34.45,73,5,11.6499446099948,0.224003301864291,0.57241935483871,158,14.5,1261,57,124.666666666667,245.666666666667,204.666666666667,1.22344312618711,0.742137855351912,0.142910942712904,0.509103451990249,0.341995657194265,6.93889390390723e-18,0.0265069697474993,0.837294661862302,0.378426242036567,0.518765378187718,0.0810975964494726,1.11022302462516e-16,2.62827160493827,3.05135802469136,0.498555273311897,0.0645131165700546,20.6794463559133,1.91742441166991,11.688877616367,12.6666666666667,0
"328",330,330,340489,2018,"Broadleaf Forest",80440,"広島県",133.3,34.59,60,4,74.3528396857691,0.191974328979814,0.605618279569892,227,14,1327,56,118.333333333333,231.333333333333,264.666666666667,1.61302224434552,0.544979020884084,0.439702493384498,0.349602933735047,0.565378143843052,0.606055034029641,0.26138558124219,0.517959404880427,1.05192332284766,0.0705970798763016,0.413871341049882,2.02452433902234e-16,2.53351851851852,3.54759259259259,0.549656738225837,0.071770841373026,18.099950642335,2.77358518816857,10.2077906379149,25.9411764705882,0
"329",331,331,340492,2018,"Broadleaf Forest",80440,"広島県",133.3,34.7,74,5,33.9035445378438,0.166212324706607,0.45,504,11.8,1616,53,112.666666666667,266.666666666667,297.333333333333,0.489550284350033,0.467642551393624,-0.233623085950338,0.0723685541206585,0.162768146364746,0.116766603223044,0.158860038047678,0.113990806234226,0.209401250899259,0.116823285352201,0.239491339514849,1.4432899320127e-16,2.965,2.9745,0.503127509646302,0.0584264202828717,20.0133107918523,2.0040284177236,11.5419060738036,23.75,0
"330",332,332,320411,2018,"Broadleaf Forest",80427,"島根県",133.31,35.38,55,4,38.1826347545577,0.20775342424997,0.54241935483871,66,14.1,1845,49,112,258,477.666666666667,1.46301294724771,-0.0943685502581329,-0.467440812681593,0.656223155466658,0.220079062631703,0.705277756122972,0.257668018817823,0.590109939183153,0.614164707545309,0.319317131371683,0.372386922472068,8.72318090776909e-17,3.32473544973545,3.07227513227513,0.461825195222783,0.060032409305409,17.6644492072101,1.72996849578745,13.0852281560029,28.5714285714286,0
"331",333,333,320413,2018,"Broadleaf Forest",80427,"島根県",133.31,35.56,69,4,15.5746537663372,0.129589306865994,0.506720430107527,0,14.7,1910,49.6666666666667,105.666666666667,285,473.333333333333,1.85848971559697,0.3915304919012,-0.208441997527953,0.692925851945541,0.786404096326523,0.73368739915906,0.148377535247044,0.377196881072913,0.793468502364398,0.141297167270223,0.54740877603394,3.6478756523398e-16,3.30571428571429,2.64571428571429,0.562237974276527,0.061296238223504,18.5546047361215,1.86452100680086,8.34216132406246,27,0
"332",334,334,340503,2018,"Broadleaf Forest",80440,"広島県",133.34,34.52,47,3,18.3141015030136,0.256520704044199,0.556397849462366,180,14,1314,55.3333333333333,119,202.666666666667,252,1.66355838091634,0.267871640347984,0.594204697554132,0.469307352850135,0.351963962436939,0.576151002745283,0.227084628031115,0.208947514344079,1.20745715683489,0.320888598951018,0.527451164407702,9.71445146547012e-17,2.645,3.74375,0.555708227491961,0.0743093940995036,15.9787018754366,2.75704933866848,13.9573545391483,25.375,0
"333",335,335,390249,2018,"Broadleaf Forest",80440,"高知県",133.37,33.72,78,5,5.02541486000614,0.203332449305016,0.303978494623656,1151,9.1,2391,49.3333333333333,90,291.666666666667,408,1.09032605474325,0.987531079851255,0.103909354800569,0.114337868278435,0.622771144172681,0.307322757483107,0.174924281189068,0.626471568102984,0.293765771407955,0.0173559733702461,0.182469592011313,4.81096644004234e-16,2.40777463902002,3.19697317030007,0.515703515541265,0.0395794268306816,21.6011476630558,2.2006007791743,5.67306490501172,27,0
"334",336,336,330010,2018,"Broadleaf Forest",80440,"岡山県",133.37,34.85,60,4,30.331451801458,0.232289417271458,0.460134408602151,291,13.4,1480,52.3333333333333,111,275,288.333333333333,1.25336066803752,0.61448621141374,0.183852199872031,0.38378483121335,0.704254473269298,0.231813953656282,0.179894112117418,0.448035302472785,0.240726495674217,0.0441170149540903,0.46211233953161,3.07446376050043e-16,2.56384615384616,3.24549857549858,0.507897175364828,0.0476740347260552,18.5632154947753,2.08067076780459,5.62863015723472,27.3076923076923,0
"335",337,337,320418,2018,"Broadleaf Forest",80427,"島根県",133.37,36.21,46,3,52.6921057088266,0.288413063727976,0.454731182795699,0,14.1,1837,49.3333333333333,102.666666666667,297,450.333333333333,2.38899991205086,-2.38285548794368,1.03476761684092,0.798049218373176,0.193113673242332,0.409538488987492,1.32941267647805,0.676745885697073,0.700838441827536,0.474438757526916,0.202743991123681,1.37212554810612,1.9,3.25333333333333,0.452851757770632,0.150568130675042,15.0323603275053,1.26826358045241,22.2369414960408,28.3333333333333,0.666666666666667
"336",338,338,390257,2018,"Broadleaf Forest",80440,"高知県",133.41,33.65,59,4,48.6926343879825,0.226912790613241,0.511801075268817,650,12.3,2195,52,102.333333333333,322,287.666666666667,1.54594277310809,0.913895407957422,-0.0528609895573172,0.558903156301753,0.972344284571042,0.0569366426068698,0.176175675864192,0.159349715908005,0.521895779124162,0.151503235342269,0.479827445659379,5.98286852159112e-16,1.59444444444444,2.20777777777778,0.500938020721686,0.0432646159018364,20.9336732154008,1.93910699881747,6.62461223478393,26.0555555555556,0
"337",339,339,330022,2018,"Broadleaf Forest",80440,"岡山県",133.41,34.74,52,4,39.4833276204877,0.283001012626962,0.483440860215054,560,11.7,1620,53.3333333333333,106.666666666667,252.666666666667,293.333333333333,0.483766454286387,1.73027856959749,1.32493457821394,0.159609843674635,0.0535721045288491,0.349096492421881,0.00407912945113932,0.253405738721415,0.0093979389618891,0.00826589609591283,0.139386493897531,4.62592926927149e-18,1.8,4.08444444444444,0.645833333333333,0.0459450172641784,25.1792028869167,3.03657289945833,4.675,29.1666666666667,0
"338",340,340,330023,2018,"Broadleaf Forest",80440,"岡山県",133.41,34.77,50,3,99.5229258548341,0.23339359578208,0.48008064516129,392,13.5,1430,54,106.333333333333,235,283.666666666667,2.38347512383728,-0.10562849867779,-0.0687541282861103,0.579114457121894,0.67461138220482,0.793197093515898,0.305542451871143,0.520139508907381,1.2870943978491,0.3462720405234,0.495033244993655,0.85757846756633,2.87848704763823,3.32626573164464,0.529280777956413,0.0771521591366528,16.8252039343589,2.86847705428889,13.2528988928422,30.4166666666667,0.166666666666667
"339",341,341,330025,2018,"Broadleaf Forest",80440,"岡山県",133.41,34.85,47,3,23.9254176604151,0.263756964931954,0.466908602150538,510,11.7,1650,51.6666666666667,104.666666666667,277.666666666667,278,1.66853746827431,-0.187215591259364,-0.265001163875864,0.299853053424812,0.260249864342347,0.314144058030276,0.482258569273303,0.445275630272209,0.6103823178515,0.281284739829673,0.452403947135487,0.918530325591704,2.86545454545455,2.87545454545455,0.484272496346098,0.0750952357042801,18.6202530180816,2.01368476882708,14.6879237489211,24.0909090909091,0.181818181818182
"340",342,342,330029,2018,"Broadleaf Forest",80428,"岡山県",133.41,34.99,71,5,57.4383581574601,0.305421919859465,0.470456989247312,257,12.9,1602,50.3333333333333,103.333333333333,277.666666666667,322.333333333333,1.49420759613114,0.644965552451995,-0.210370035049154,0.885477550712709,0.663924672483778,0.233331001980636,0.176283859287164,0.406063342346022,0.345289764002335,0.20451494938122,0.37064135877298,6.34908792207511e-16,2.8015625,2.78686011904762,0.507041454983923,0.0559734362728799,21.7308205524684,1.80951152766728,8.60199882336825,24.875,0
"341",343,343,310044,2018,"Broadleaf Forest",80427,"鳥取県",133.41,35.35,69,4,106.263320622609,0.579026099393639,0.545752688172043,193,13.4,1816,49,108.666666666667,285.666666666667,467.333333333333,1.94673702176373,0.463250052071087,-0.340400764637853,0.693541278958584,0.661008791815653,0.528487052795752,0.251878710310319,0.621811602761319,0.795512953346522,0.382158800919468,0.569305127075297,6.99440505513849e-16,3.05932512933327,2.86836330391787,0.521703515541265,0.0609449804224473,18.5359933484278,2.33161471082553,10.7741251168263,24.4666666666667,0
"342",344,344,390263,2018,"Broadleaf Forest",80440,"高知県",133.45,33.47,66,4,166.576175007158,0.271692239764845,0.651693548387097,171,16.4,2402,54,118.333333333333,390,231,2.37981704061902,-0.0941526929296515,0.669401087043778,0.670680430168011,0.740869386732235,1.20046708225663,0.824731840303866,1.15418018266037,0.449196799147051,0.478516003853878,0.256111005863443,6.48007724577132e-16,2.30755102040816,2.37247813411079,0.622751183804712,0.118426202598209,12.4841538238212,2.56479612172815,11.9412882675717,21.6326530612245,0
"343",345,345,310050,2018,"Broadleaf Forest",80427,"鳥取県",133.45,35.31,80,5,72.9852031951986,0.282915341400664,0.506962365591398,227,13.1,1796,51,104,299.666666666667,465.666666666667,0.270900407911627,0.472634059257042,-0.281043591039027,0.0459505462893478,0.0200343722092168,3.46944695195361e-19,0.0493288090199381,0.00485301945593445,0.0211791104800746,0.0189419182467672,0.260019168616122,1.80411241501588e-16,2.97777668574882,2.99077831696035,0.498555273311897,0.0548607785486477,20.4027550639111,1.96258333358057,10.232944675392,26.5,0
"344",346,346,310051,2018,"Broadleaf Forest",80427,"鳥取県",133.45,35.35,74,5,158.869623815654,0.310502692023117,0.533978494623656,195,13.2,1814,54.6666666666667,118.666666666667,275.333333333333,487.333333333333,1.42983400944912,0.431692218850359,-0.340997362802635,0.693955893987002,0.585013550886869,0.689161773153666,0.103027291923323,0.24500198449992,0.417652278627946,0.149244227761437,0.440179731839637,3.58972111295467e-16,3.25851440329218,2.69368724279835,0.53125907109682,0.0551924156428802,19.7378846158249,1.75436825346826,8.83174643116876,26.8888888888889,0
"345",347,347,330042,2018,"Broadleaf Forest",80440,"岡山県",133.46,34.77,56,4,58.1731450213103,0.197398001931332,0.534435483870968,268,13.8,1393,56,113,257,266.333333333333,0.302962523479485,0.516977781287893,-0.301912669398501,0.130486352579318,0.178408681570913,0.108694374623615,0.0233393558180693,0.0139811781622597,0.0685413399057819,0.040057774018928,0.0937299212234093,1.1293648009118e-16,2.98862068965517,2.91620689655172,0.502743022508038,0.053346288681127,20.3558210569914,1.94545259258668,10.0409300222434,25.551724137931,0
"346",348,348,310059,2018,"Broadleaf Forest",80427,"鳥取県",133.49,35.32,69,4,60.5350680310781,0.282876306329837,0.486532258064516,401,12.4,1820,52,104.666666666667,274.333333333333,486.666666666667,2.07833904237052,0.604604743705969,0.0546892497395126,0.601361089214515,0.871894141917751,0.570152116705209,0.238111840681522,0.583885602551425,0.986622119172616,0.228128039410937,0.76586718031046,4.44089209850063e-16,2.34470588235294,2.79357142857143,0.517888706260639,0.0707993595755094,19.6633712539986,2.28223067671538,8.99286993318072,23.0588235294118,0
"347",349,349,310060,2018,"Broadleaf Forest",80427,"鳥取県",133.49,35.35,74,5,79.634794600923,0.375926871102729,0.462069892473118,414,12.1,1843,55,100.666666666667,273,515.333333333333,1.28403274068171,0.767148383153274,-0.221726496295136,0.696812455281773,0.290292788080177,0.198707003938912,0.368803808561019,0.278216096936304,0.275672645267684,0.105528899641986,0.679606133511524,9.71445146547012e-16,1.80357142857143,1.78714285714286,0.506515610932476,0.0548237579693922,20.8443200555595,1.6472027309938,5.73157897052276,24.7857142857143,0
"348",350,350,330062,2018,"Broadleaf Forest",80440,"岡山県",133.5,34.74,65,4,76.4490337035891,0.161473021849067,0.529704301075269,401,12.9,1463,56,105.333333333333,252,285,0.788758307226212,0.437936367590666,0.736354140137029,0.248947826175065,0.292253151146176,0.261526121162386,0.133300743873677,0.175265850134375,0.561347806260926,0.0337743402502211,0.134297619720326,1.11022302462516e-16,2.433,3.8414,0.579626632797428,0.0793748315619267,16.3516432658315,3.18401099630727,10.5874924485302,29.3,0
"349",351,351,330065,2018,"Broadleaf Forest",80440,"岡山県",133.5,34.85,76,5,13.835442203704,0.0945510935793561,0.505510752688172,605,11.8,1624,53.3333333333333,103.666666666667,255.333333333333,292.666666666667,0.495242437819593,0.286689966880025,-0.200239706949189,0.144831154445502,0.27976879583238,8.48087032699772e-18,0.0650848427598001,0.105008768728421,0.0936530754007933,0.207188111631909,0.186975014036284,4.44089209850063e-16,2.91444444444444,2.64896825396825,0.498555273311897,0.0756678047140452,19.6731487792466,1.7208810545792,15.8040037610304,15.7777777777778,0
"350",352,352,330083,2018,"Broadleaf Forest",80440,"岡山県",133.54,34.77,57,4,106.997201913835,0.226270503630741,0.543978494623656,315,13,1459,56,111,240.666666666667,257.333333333333,1.66793660541653,0.468137705556747,0.44539719119338,0.383404647271578,0.519586291448184,0.612160440416864,0.270612538718431,0.475462639715538,1.10579003837225,0.152525489164514,0.455461208184489,1.99493199737333e-16,2.59024884259259,3.57252232142857,0.547135284364952,0.0707582697951595,17.5565828126685,2.70713183630081,11.1013229121051,25.5625,0
"351",353,353,330086,2018,"Broadleaf Forest",80440,"岡山県",133.54,34.88,51,4,9.30393941135021,0.108016517509149,0.510806451612903,162,13.6,1463,54.6666666666667,104,273.666666666667,325.666666666667,1.96632014716755,-0.540240390269166,-0.364944262255451,0.406427663160365,0.140012598752496,3.96508223080413e-18,0.546372097029814,0.60820289118119,0.173407227327784,1.26066032106136,0.599542945180029,0.756069179568689,3.26142857142857,3.07142857142857,0.498555273311897,0.0705937172357749,18.1425793629427,1.88899450629693,25.0040133381322,27,0.142857142857143
"352",354,354,330088,2018,"Broadleaf Forest",80440,"岡山県",133.54,34.95,55,4,67.5757508744543,0.209162247374106,0.509435483870968,460,12.4,1603,54,114.333333333333,261.333333333333,273.666666666667,1.16838219441831,0.26352232311135,0.623069038010776,0.43844529323336,0.320184475219442,0.597448944322745,0.0709152242657329,0.111195925830607,0.792489761414362,0.122395118195847,0.0828597268410748,1.61329283265843e-16,2.53875,3.8240625,0.563659704581994,0.0811859524091327,15.8555021826316,3.08837959753404,11.5220902791108,30.15625,0
"353",355,355,310071,2018,"Broadleaf Forest",80427,"鳥取県",133.54,35.46,64,4,78.0872958121634,0.345635312176362,0.536182795698925,302,12.9,1870,51,110.666666666667,295.333333333333,484.333333333333,1.28909035640317,0.632997000633057,-0.259287155735899,0.382591566614801,0.323635139435809,0.194180700620657,0.120421542760027,0.393909690560151,0.560103797410365,0.141835283511083,0.563831039314958,0.293291835907685,2.92447111111111,2.92663555555556,0.501844218649518,0.0549220132469029,20.869768780467,2.04670605733096,8.97937301391446,21.4,0.05
"354",356,356,330075,2018,"Broadleaf Forest",80440,"岡山県",133.55,34.49,38,3,18.4501176812262,0.453047484685283,0.561102150537634,54,14.8,1214,56,119.666666666667,288.666666666667,207.333333333333,0.975069900351175,0.46519094993977,0.666591550364737,0.243767761248534,0.362240595492458,0.39331908454078,0.194424883342258,0.274202188052358,0.686384488008747,8.32667268468867e-17,0.14597567360905,1.22124532708767e-16,2.44,3.792,0.571711054662379,0.0772344679344243,16.7717734388934,3.1155040867756,10.3987823171093,29,0
"355",357,357,330079,2018,"Broadleaf Forest",80440,"岡山県",133.55,34.63,54,4,11.2664604882262,0.13123382156904,0.605349462365591,139,14.4,1271,56,122.666666666667,291.333333333333,193.666666666667,1.49245392910894,0.488911260995288,0.226159549426937,0.373113920278368,0.554449891059885,0.602019006950174,0.297589107156517,0.419697226610752,1.0505885020542,1.18952466924124e-16,0.22343215348324,2.14114440463423e-16,2.7,3.42428571428571,0.537745870463941,0.0662605210833226,18.4513282479098,2.5836742231684,10.3987823171093,27.1428571428571,0
"356",358,358,310076,2018,"Broadleaf Forest",80427,"鳥取県",133.58,35.46,66,4,22.341766000207,0.175335853773631,0.533306451612903,250,13.1,1856,51.6666666666667,106.666666666667,288.333333333333,467.666666666667,1.13145575408473,0.88892434267463,-0.0689390914757546,0.47333090225387,0.629574517429293,2.56739074444567e-17,0.0951689076810657,0.344855864495383,0.472035282877136,0.118148113260259,0.109481755206788,8.04911692853238e-16,2.27508788445595,2.94649679248714,0.498555273311897,0.0484592612038916,22.2623564059724,2.17556765466709,7.12320166927166,27,0
"357",359,359,330103,2018,"Broadleaf Forest",80440,"岡山県",133.59,34.74,70,4,45.0179900401856,0.211959136474546,0.555349462365591,317,13.3,1416,56.6666666666667,112,243.333333333333,243.666666666667,1.29085461610273,0.534023788877525,0.0742466492558579,0.340127374102866,0.467423130090432,0.501682505791811,0.24697162384549,0.368331562416279,0.86991154952812,0.0282557070645186,0.218466994516946,2.08827664155684e-16,2.76559082892416,3.27462081128748,0.524682338079926,0.0626055616238257,19.2689325772514,2.38564152188555,10.1520203411478,25.8095238095238,0
"358",360,360,330106,2018,"Broadleaf Forest",80440,"岡山県",133.59,34.85,30,2,20.8798468852852,0.123680457205442,0.544354838709677,101,14,1404,56,111.666666666667,314,285.666666666667,0.588918394594887,1.11597323623342,0.0199461817019354,0.271828362023255,0.129265282034965,1.31067995962692e-17,0.0743397898794734,0.30153295658556,0.200636880092377,0.266051748555795,0.220765679223565,3.45402718772271e-16,2.43798353909465,2.7543621399177,0.498555273311897,0.0678037722671866,22.9703990113205,2.02078615171231,8.06185338632223,9.55555555555556,0
"359",361,361,330110,2018,"Broadleaf Forest",80440,"岡山県",133.59,34.99,53,4,26.2498573512695,0.149979365063644,0.502876344086022,420,12.3,1619,51.3333333333333,106.666666666667,253.333333333333,294,1.61263708691301,0.164666855311774,-0.178434302164717,0.583666865380969,0.467387790833684,0.631768510336491,0.412405782687268,0.283236744774552,0.469262315570505,0.24298553024006,0.482530698874362,0.384195153469715,3.07916049382716,2.81313580246914,0.524370182207931,0.0709158278606364,19.4385228331114,1.88328130239033,11.2934850111849,25.6666666666667,0.0666666666666667
"360",362,362,330126,2018,"Broadleaf Forest",80440,"岡山県",133.63,34.74,52,4,99.4655371546293,0.219455643705804,0.589838709677419,289,13.9,1351,55,108,278.333333333333,287.666666666667,1.81739771046202,0.518835856141131,0.282269230916429,0.302981500716642,0.755441377148132,0.607984316174809,0.241039958654167,0.572173510311338,1.1612649738101,0.156752705649595,0.410068405352416,3.0626842058625e-16,2.53662835249042,3.27072796934866,0.539547736999667,0.0731059598091683,18.8649752385021,2.53723284938919,9.27617448321396,26.3793103448276,0
"361",363,363,330128,2018,"Broadleaf Forest",80440,"岡山県",133.63,34.81,55,4,64.6032370542716,0.188200869010873,0.530967741935484,318,12.6,1509,55,105,233.333333333333,275,2.59371933529606,-0.144660998399839,-0.202152082778991,0.676937104908867,0.402475517580159,0.568744917189977,0.458942641940902,0.713790072145989,0.778559008485859,1.10627573286586,0.885895267723565,0.803789522263358,2.95881766381766,2.9560113960114,0.522845958446698,0.0763493656897311,19.075038877928,2.22116062682351,18.6570695367939,25.5769230769231,0.153846153846154
"362",364,364,330137,2018,"Broadleaf Forest",80440,"岡山県",133.63,35.14,80,5,73.2986008319566,0.305961252974198,0.379086021505376,445,11.3,1769,49.6666666666667,96.6666666666667,267.333333333333,408,1.2138622942913,0.389713009252059,-0.236222723046204,0.504490709594491,0.371828519970981,0.252266488367615,0.16769003650139,0.230942677524047,0.533223988823758,0.310162038350356,0.435899580915915,3.48486671618452e-16,2.88055555555556,2.68444444444444,0.505542990353698,0.0714007503215499,19.4353355735281,1.95479323038481,13.7982587130815,18.1666666666667,0
"363",365,365,370008,2018,"Broadleaf Forest",80440,"香川県",133.67,34.16,35,3,19.4128962601867,0.211980703579417,0.565456989247312,369,14.5,1445,55,107.666666666667,327.333333333333,303.666666666667,1.00307684365887,0.0628873718461281,0.975512678861665,0.170882064039335,0.115288610928708,0.355468386679636,0.393983596963811,0.110048992587569,0.615179837874263,0.176444166022407,1.4130111222502e-16,0.510294625328724,2.21363636363636,3.93454545454545,0.575454545454545,0.0936807473675333,15.5479891058204,3.17601121033996,12.0130767506,30,0.0909090909090909
"364",366,366,370009,2018,"Broadleaf Forest",80440,"香川県",133.67,34.19,39,3,75.6522534033017,0.350600608846546,0.560833333333333,105,15.1,1341,57,115,267,247.666666666667,2.84269775069082,0.845876614288647,-0.638804215745839,0.420688824079294,0.485772174882363,0.543084848507257,0.297014659967207,1.60141751152524,1.19562198342432,0.329172559280765,0.869546450819345,1.0672087596381,2.81638888888889,3.03824074074074,0.488728363701322,0.0519330195511788,24.8052887307135,2.77164080359553,11.311585357277,19.8888888888889,0.222222222222222
"365",367,367,330156,2018,"Broadleaf Forest",80440,"岡山県",133.67,34.99,53,4,40.8778624268087,0.283189118211305,0.549327956989247,341,13.1,1550,56,114,259.666666666667,293.666666666667,2.11595375445469,-0.0168103627274243,-0.191439160019407,0.811240114544633,0.577151796104169,0.958877101766169,0.27707532948358,0.527161881052569,1.17613232339674,0.264919475503325,0.322714815623314,2.69986053715663e-16,3.22,3.19681818181818,0.50947464484069,0.0702994473796996,17.108528633628,2.16811379791674,12.6857001961635,29.8636363636364,0
"366",368,368,310086,2018,"Broadleaf Forest",80427,"鳥取県",133.67,35.46,46,3,113.146280314717,0.235540869755063,0.534569892473118,158,13.7,1822,53,117.333333333333,316.666666666667,450,2.54267677877178,-0.083048392542903,-0.711202920848504,0.91130920165939,0.438716634244663,0.787668312090668,0.300991974022828,0.921137528436048,1.02821529468295,0.441891498690908,0.809010589070567,0.212644456753692,3.42635643471803,2.50115570270545,0.502797467845659,0.0721426926815525,16.9487398858306,2.02605584909136,12.4144309284098,26.8571428571429,0.0357142857142857
"367",369,369,330148,2018,"Broadleaf Forest",80440,"岡山県",133.68,34.7,52,4,23.3333126795393,0.167756720113015,0.579758064516129,296,13.3,1397,56,119.666666666667,287,210,0.897302183109622,0.43745873644521,0.690800075655696,0.375779019708928,0.417237544282439,0.167161451638866,0.125121875875013,0.184248607939914,0.605762074596287,0.038267982802352,0.0772702864129542,1.98254111540207e-16,2.50142857142857,3.77714285714286,0.58561109095085,0.0795942733844553,16.4345752077101,3.16598983919881,10.0560121516015,30.0714285714286,0
"368",370,370,390325,2018,"Broadleaf Forest",80440,"高知県",133.71,33.62,69,4,99.1019557169605,0.403019519553396,0.645725806451613,103,16.2,2295,54,117.333333333333,341.666666666667,233.333333333333,2.22507347808968,0.349787878795189,-0.0226735717092451,0.638620338240121,0.463444171228767,0.314139668179979,0.405787067689492,0.670360618025046,1.1445284552994,0.319880155649877,0.582164888798,0.532048681918702,2.71402116402116,3.04808767951625,0.502572338079926,0.0726120125024432,19.6343141955378,2.22974563707696,10.620496724761,21,0.0952380952380952
"369",371,371,330175,2018,"Broadleaf Forest",80440,"岡山県",133.72,34.81,55,4,53.1611471398353,0.403227574758845,0.53497311827957,443,12.4,1537,56,115,254.333333333333,287.666666666667,1.70670440146951,0.0535230347570973,0.120103609440091,0.537203366027496,0.258263512535544,0.239907162187939,0.719206672704981,0.52367103798604,0.456581033798373,0.422694227175043,0.599234458972064,0.803789522263351,2.50304843304843,2.85837403337403,0.48800830818699,0.085389108528466,20.1681664181243,1.79483846214425,12.9334103457866,18.4615384615385,0.153846153846154
"370",372,372,360007,2018,"Broadleaf Forest",80440,"徳島県",133.76,33.87,60,4,75.3809863532343,0.276285558740282,0.406236559139785,439,13.7,1929,55,105.666666666667,322.666666666667,266,1.50921986320933,0.765439861374861,-0.402427202951394,0.852122567973142,0.472680814796555,0.20757103909276,0.154574251175952,0.570877057868287,0.265728296602108,0.0838553644274401,0.538648233207608,7.21644966006352e-16,3.16785514403292,2.89389465020576,0.493164431344528,0.0527037210343036,20.7645757838291,1.97663547066185,5.87672252862721,20.4814814814815,0
"371",373,373,370021,2018,"Broadleaf Forest",80440,"香川県",133.76,34.19,46,3,62.9982888834705,0.223609376272185,0.563655913978495,77,15.4,1295,57,110.333333333333,277.666666666667,244,1.41686193051161,0.451026609273522,-0.0878714159699701,0.455678541015177,0.530886355026269,0.361908870107848,0.224457654551094,0.390321227945852,0.892351135610841,0.2043204791325,0.257323348543897,2.52671446983656e-16,2.86611749680715,3.2758748403576,0.504225868721588,0.0598141070582346,19.4205532593793,2.29665423576237,11.7600059490155,25.5862068965517,0
"372",374,374,330208,2018,"Broadleaf Forest",80440,"岡山県",133.76,35.14,72,5,15.7552189341048,0.12584859664066,0.418252688172043,629,11.4,1753,48,102,284.666666666667,396,0.888471041671808,0.120944077226765,-0.10246774301407,0.296795163857793,0.0718191346769003,0.152307702516009,0.49440967307035,0.251682354184862,0.260642395720985,0.176444166022407,0.0754006578559145,0.510294625328724,2.85,3.03454545454545,0.492322975738088,0.066821436892809,19.6587875894269,1.87432972598666,12.0130767506,25.4545454545455,0.0909090909090909
"373",375,375,330211,2018,"Broadleaf Forest",80440,"岡山県",133.76,35.24,62,4,84.0694131671206,0.260357595341871,0.354274193548387,825,10.2,1882,48.3333333333333,104.333333333333,284,522.666666666667,1.22659187597842,0.264024218630795,-0.0549097195118951,0.538965361014449,0.420370983989063,9.94574792893369e-18,0.17792362152543,0.357544496796361,0.258820335882228,0.38931371968891,0.244509253295159,0.384195153469715,2.71117283950617,3.05660405643739,0.498555273311897,0.0534729716013386,18.9304725998723,1.94160090428591,11.4293709029688,26.7,0.0666666666666667
"374",376,376,390341,2018,"Broadleaf Forest",80440,"高知県",133.8,33.54,60,4,99.5432224609191,0.338381395552627,0.588172043010753,194,16.3,2286,55.6666666666667,120,402.666666666667,245.333333333333,1.18188417501508,-0.259660498518114,-0.720908437220502,0.691637172179735,0.188306381957319,0.456640590481158,0.266138586680863,0.371258439636793,0.236344532468542,0.340921935861519,0.328941781516993,4.65236315081018e-16,3.62511463844797,2.52446208112875,0.517330009186954,0.0832343447768732,17.9771246386242,1.91418920449205,18.1248894530579,27.4761904761905,0
"375",377,377,360017,2018,"Broadleaf Forest",80440,"徳島県",133.8,34.01,80,5,79.660262347373,0.235634975678645,0.552258064516129,491,12.9,1817,53.3333333333333,109,315.666666666667,281.333333333333,2.42713869055833,0.22386776739455,0.305231293784171,1.17145499665141,0.894634664866492,0.582488779064002,0.490476058599332,0.720528088626672,0.977286612150329,0.333178255973273,0.451105380250191,0.384195153469715,2.62057333333333,3.53638666666667,0.478755442658092,0.0643059984535376,20.2396714568636,1.8085854643816,12.1544758600315,24.1666666666667,0.0666666666666667
"376",378,378,330215,2018,"Broadleaf Forest",80440,"岡山県",133.81,34.52,69,4,6.01046748116803,0.099659283506935,0.545241935483871,155,14.6,1211,57,122.666666666667,246.333333333333,190.333333333333,0,0.516280850674731,-0.28203122088591,0,0,0,0,0,0,0,0,0,3,3,0.498555273311897,0.0535982747166669,20.3892761044672,1.9700243805447,10.3987823171093,25,0
"377",379,379,330221,2018,"Broadleaf Forest",80440,"岡山県",133.81,34.74,66,4,31.9337821957588,0.246927285460275,0.576908602150538,82,14.7,1287,57.6666666666667,123.666666666667,292.333333333333,158.333333333333,1.73887745692907,0.784045937370978,0.478512456995089,0.67356275299635,0.667341530868843,0.305170671854545,0.191392283899807,0.758776506537849,0.658224933358227,0.163776141413946,0.532513299135057,5.23390854466145e-16,2.42820105820106,3.46743386243386,0.516214104271934,0.0589354648315148,21.7945858028245,1.98544053892461,9.86142869099217,21.1428571428571,0
"378",380,380,330223,2018,"Broadleaf Forest",80440,"岡山県",133.81,34.81,68,4,38.6863432825448,0.165168441135953,0.556478494623656,333,13,1470,55.3333333333333,109.666666666667,266.333333333333,238.666666666667,1.19985053612121,0.412251047276385,-0.0812258753801297,0.365917658278925,0.297560219803201,0.313426145493434,0.246122337215981,0.301602336304081,0.548462397425376,0.28794448647773,0.329813787560449,0.293291835907684,2.84911111111111,3.12255555555556,0.512271982315112,0.0628047492056064,20.070289553332,2.18146464247838,12.1015429769751,24.05,0.05
"379",381,381,330226,2018,"Broadleaf Forest",80440,"岡山県",133.81,34.92,51,4,24.4280881006434,0.288259003610444,0.531344086021505,258,13.1,1510,57.6666666666667,116,296,272,2.19848018756681,0.188059097348125,-0.111650311860763,0.554482984705039,0.524557719791408,0.691324202668751,0.241071555182236,0.698552760956914,1.2648315737242,0.203275341831368,0.602149653637334,0.555710846982981,2.80048148148148,3.22540740740741,0.504277636655948,0.0700737129045048,18.1445435346305,2.55966670265756,11.216661362304,26.4,0.1
"380",382,382,360020,2018,"Broadleaf Forest",80440,"徳島県",133.84,33.9,45,3,12.2992300886392,0.326755835714634,0.351962365591398,875,11.8,2034,51,97,321,333,0.282217248891425,1.44562087954309,0.103108069484355,0.0966042609392346,0.119662718226653,1.80411241501588e-17,0.0101872176658746,0.205367079564181,0.00485479197958685,0.00737198524040966,0.11678053888724,7.7715611723761e-17,2.22192592592593,2.76162962962963,0.498555273311897,0.065789465124727,24.670675231791,2.1048610597766,5.29342465753425,7.2,0
"381",383,383,360025,2018,"Broadleaf Forest",80440,"徳島県",133.84,34.08,53,4,64.4234487559361,0.196766492471891,0.535564516129032,536,12.6,1771,51.6666666666667,98.3333333333333,313.333333333333,336.333333333333,0.495084212164548,0.3665754944182,-0.184432773169764,0.197233923337136,0.0353868219007121,0.07358894723994,0.247157398505016,0.12397415603704,0.126643794426481,0.0863323780291814,0.0963033957837487,0.246553809425319,2.90114197530864,3.00862654320988,0.495698803590568,0.0601539563772801,20.2046378650851,1.93186692101502,10.9227505368262,24.6666666666667,0.0416666666666667
"382",384,384,330237,2018,"Broadleaf Forest",80440,"岡山県",133.85,34.49,59,4,33.4939931243477,0.13428749424015,0.559704301075269,207,14.4,1237,57,116.333333333333,273,227.333333333333,1.14266003947403,0.468384068735705,0.607302627161572,0.285665345213126,0.424500697842725,0.460920802196227,0.227841660166708,0.321330689123857,0.804356821885251,9.0205620750794e-17,0.171065242510606,1.66533453693773e-16,2.475,3.7425,0.567138818327974,0.0757572058583144,16.9978673554918,3.04391160513617,10.3987823171093,28.75,0
"383",385,385,330238,2018,"Broadleaf Forest",80440,"岡山県",133.85,34.52,62,4,161.907591202556,0.394773817057045,0.558951612903226,191,14.4,1246,56,119.333333333333,275.333333333333,232.666666666667,1.72696302516341,0.268978284568874,-0.982471549797348,0.385298341766196,0.15806064766705,0.194457756651621,0.179262571409783,0.296852592840196,1.15243982875613,0.896010959397675,0.478032316571305,2.63677968348475e-16,3.24395061728395,2.77725308641975,0.514337833601286,0.0660886212475522,21.9101412384182,2.76540994879583,26.7682607067399,25.625,0
"384",386,386,330243,2018,"Broadleaf Forest",80440,"岡山県",133.85,34.7,73,5,13.6389697210819,0.155159435501494,0.559086021505376,56,15,1261,55,122.333333333333,299.666666666667,199.333333333333,1.00431353584091,0.608965966011326,-0.121969137522311,0.475957763003244,0.287208945772005,5.20417042793042e-18,0.153476249076705,0.448656847272311,0.211865536061441,0.20998345424452,0.484684853780051,3.33066907387547e-16,2.76342592592593,2.91587962962963,0.498555273311897,0.0595688590824597,20.9114234456672,1.89854835680643,10.6610954515912,20.75,0
"385",387,387,330255,2018,"Broadleaf Forest",80440,"岡山県",133.85,35.14,52,4,84.9753699066622,0.143736951849144,0.448494623655914,663,11.7,1725,49,99,266,404,1.31040516560469,0.486602589611224,0.545953186707867,0.312983362712687,0.487539103626142,0.523649668767311,0.252343694934686,0.383247339669103,0.908366298022697,0.0117510929657561,0.225927586558386,1.79343719362525e-16,2.5014886039886,3.6820584045584,0.561863161019045,0.074281164538133,17.3280537192644,2.96393686038733,10.2991284422018,28.2115384615385,0
"386",388,388,330271,2018,"Broadleaf Forest",80440,"岡山県",133.89,34.92,59,4,70.1950831128186,0.215677842438802,0.530403225806452,135,13.9,1449,56.6666666666667,114,297.666666666667,308.333333333333,1.41549178565731,0.193984115216256,0.766406269154454,0.201061742565766,0.379455456614201,0.546561521629042,0.319385364344172,0.299345448426724,0.939821700664923,0.138566818978105,0.197874278138309,0.396464337918892,2.33025542784163,3.77127713920817,0.563199185053775,0.0864529801401361,16.5289997350226,2.98837857683777,11.4447297668197,28.6896551724138,0.0689655172413793
"387",389,389,330272,2018,"Broadleaf Forest",80440,"岡山県",133.89,34.96,72,5,65.6548931756009,0.308171963337358,0.520456989247312,383,12.3,1596,54.3333333333333,104.333333333333,243.666666666667,308.333333333333,1.29316792682431,0.500499067554723,-0.438590506482737,0.607038858577892,0.389438298031431,0.612133721373619,0.118944133690993,0.142284350472267,0.270795581920882,0.19082705804464,0.619398732257153,4.96130914129367e-16,3.304375,2.61075892857143,0.528916454983923,0.0602085668097012,20.3218511906439,1.83506569585937,9.27066818395253,24.0625,0
"388",390,390,310114,2018,"Broadleaf Forest",80427,"鳥取県",133.89,35.39,74,5,56.5306400254439,0.1883687162371,0.520456989247312,133,14.1,1748,52.3333333333333,108,300.666666666667,554,0.80246686917136,-0.118495662818791,-0.810351648555642,0.5482911276766,0.269203771917701,1.38777878078145e-17,0.268102029121924,0.171695809665846,0.117285620889933,0.331069647084835,0.21479773613698,2.29701315439688e-16,3.66413793103448,2.68965517241379,0.498555273311897,0.0707837320465066,19.1949224347552,1.86681955143674,17.6582945149212,28.1034482758621,0
"389",391,391,310115,2018,"Broadleaf Forest",80427,"鳥取県",133.89,35.43,64,4,41.9741380093996,0.184894922281254,0.543494623655914,193,13.4,1805,52.3333333333333,114.666666666667,314.666666666667,519,0.852114440622619,0.00493310369383798,-0.70762267650875,0.582213179767703,0.285859055786347,1.38777878078145e-17,0.284689149610527,0.182318403950728,0.124541928242972,0.351552491412053,0.228086990014141,2.4980018054066e-16,3.535,2.75,0.498555273311897,0.0674421153434823,19.4271578705325,1.88688715709663,16.24672269868,27.5,0
"390",392,392,390376,2018,"Broadleaf Forest",80441,"高知県",133.93,33.76,82,5,170.849041700744,0.536004360472316,0.271102150537634,415,13.7,2062,54,96,310,378,1.41001166569038,-0.277306171119349,0.491638471801543,0.368795472126998,0.361634392796379,0.341422816441649,0.161613548122604,0.123254539954546,1.22222784689807,0.0734542981449799,0.253429988904602,2.59052039079203e-16,3.31666666666667,3.04119047619048,0.513796061093247,0.106720307343171,17.8186891024342,0.954201224444444,6.73313038618488,21.6666666666667,0
"391",393,393,360035,2018,"Broadleaf Forest",80440,"徳島県",133.93,33.87,50,3,42.5808114532548,0.40004086998161,0.23991935483871,842,11.2,2123,51,97.3333333333333,279.333333333333,314.666666666667,2.08030139051405,0.535793985543653,-0.363748866060125,0.685790294988682,0.391014532805567,0.293435810543921,0.188457289628201,0.72165740583845,0.789215333562302,0.311976974860341,0.894101000855435,0.555710846982981,2.80382222222222,2.49491111111111,0.500844218649518,0.0638733478075044,20.0796595429358,2.00758749575815,9.01691813539852,17,0.1
"392",394,394,370049,2018,"Broadleaf Forest",80440,"香川県",133.93,34.3,39,3,55.3377703562007,0.252550533256364,0.556666666666667,138,15.4,1179,58.6666666666667,119.333333333333,278.333333333333,206.333333333333,2.19754152125191,0.0232154842395686,0.0906713026192072,0.623457814371808,0.542617659693643,0.644556264988856,0.51427489063885,0.61611615295679,1.24617216270885,0.654815843374936,0.207559160912869,0.555710846982981,2.661,3.3405,0.531494345659164,0.0808607553192203,19.053181562116,2.66040946410627,17.765018948005,28.25,0.1
"393",395,395,330289,2018,"Broadleaf Forest",80440,"岡山県",133.94,34.74,76,5,43.3268498895535,0.228580906296237,0.554677419354839,361,13.2,1425,55,108.666666666667,299.666666666667,282.333333333333,2.17635849218589,-0.222255122736956,0.393353404420837,0.567256954336792,0.424212245961035,0.543194159358893,0.817033018607513,0.597387759530749,0.937827993493403,0.321112806668247,0.296047603365294,0.905707871358316,2.47874338624339,3.30300264550265,0.509174441892513,0.0878073376515776,18.0813509326657,2.14979101524757,13.1995748475237,26.2142857142857,0.178571428571429
"394",396,396,330292,2018,"Broadleaf Forest",80440,"岡山県",133.94,34.85,65,4,50.8496536051778,0.193437604446296,0.579865591397849,203,14.3,1382,56.3333333333333,109.333333333333,286.333333333333,238.333333333333,1.03522222837546,0.448689156952989,-0.133968829762304,0.294752943826711,0.464075155216096,0.278817876564825,0.25756434135143,0.299886509008142,0.530328906123352,0.143996052849545,0.237313949534563,4.63397436365283e-16,2.81434782608696,2.93347826086957,0.510482846358171,0.0637993931822804,19.9632713412441,2.04480536986321,9.65923350417928,26.2608695652174,0
"395",397,397,330294,2018,"Broadleaf Forest",80440,"岡山県",133.94,34.92,77,5,44.0778731297452,0.332768255786613,0.554543010752688,302,13.1,1509,55.6666666666667,109.666666666667,270,285,1.09192344738449,0.362641032871109,-0.320494006169787,0.382902402754807,0.550543366699631,0.322440807966351,0.185804730610955,0.281532552683101,0.319547631705135,0.217426944875843,0.358181050985171,5.36607795235492e-16,3.08333333333333,2.72222222222222,0.512049131832797,0.0617300422028,20.0116290993553,1.77804347169937,10.0585536434235,26.1111111111111,0
"396",398,398,390378,2018,"Broadleaf Forest",80440,"高知県",133.97,33.47,64,4,31.5540418341127,0.192296122315553,0.510618279569892,474,14.5,2303,56,113.333333333333,402,254,2.03740888165973,0.284558286685526,0.599032940311655,0.508655612922701,0.737539891423078,0.747279572080483,0.420999551601813,0.414060241136124,1.13132068658761,0.183252004012551,0.378455450097539,4.44089209850063e-16,2.40888888888889,3.31148148148148,0.561101232583065,0.0783254370772893,15.7879166199108,2.55428991435085,10.915601717737,25.6666666666667,0
"397",400,400,370057,2018,"Broadleaf Forest",80440,"香川県",133.98,34.26,34,3,9.96746891560457,0.253340798526498,0.580268817204301,57,15.4,1218,58.3333333333333,123,189.333333333333,193,1.61242336624174,0.842155201968261,0.302991656212877,0.798049218373176,0.990978060059338,0.128107445865457,0.0972033890293449,0.0930894729837839,0.950140936768501,0.0508964573608029,0.202743991123681,3.88578058618805e-16,2.45,3.65,0.505703515541265,0.0500531758923452,20.7577101629781,2.44572007886313,9.76380008355232,23.3333333333333,0
"398",401,401,370059,2018,"Broadleaf Forest",80440,"香川県",133.98,34.34,64,4,14.6159413211339,0.242139740911337,0.579354838709677,343,14.3,1309,58.6666666666667,123,276,206.666666666667,1.32119537891168,0.502237820407261,-0.507026779337354,0.490608612457738,0.275548251446118,0.391958845617741,0.142658190691715,0.262416898661987,0.592482890794697,0.457355472077007,0.394730137820392,2.14114440463423e-16,3.1710582010582,2.79671957671958,0.518968052365641,0.0596682991675611,21.1379875694403,2.15043479776975,13.1732788224317,25.4285714285714,0
"399",402,402,330306,2018,"Broadleaf Forest",80440,"岡山県",133.98,34.56,52,4,78.7364927021481,0.433025818909115,0.565806451612903,172,14.2,1284,56,122,260.666666666667,210.666666666667,1.93960962755792,0.364411210710815,-0.243371809643725,0.510103625907777,0.307089071598408,0.191155302319307,0.244497915679138,0.598772309011128,1.09192227568824,0.744536981133622,0.62738001697717,3.57738530156995e-16,2.98427983539095,3.01822457378013,0.508401030725259,0.0711761676392214,20.4495943356236,2.19611504718662,17.3768007589161,20.3888888888889,0
"400",403,403,330320,2018,"Broadleaf Forest",80440,"岡山県",133.98,35.1,51,4,23.5932175096826,0.31370652717115,0.592338709677419,243,13.4,1585,56.3333333333333,120.333333333333,292.333333333333,237.333333333333,1.20650163062068,0.726355152062164,-0.220110176711415,0.750241940933628,0.651248724765317,1.09039761347114e-17,0.160191789006174,0.165196288805771,0.184211713631668,0.16037244359067,0.32770049177542,5.07530525542929e-16,2.39677248677249,2.56671957671958,0.498555273311897,0.0505217346724508,20.942163005704,1.91131821118368,8.06451517950971,24.5714285714286,0
"401",404,404,310127,2018,"Broadleaf Forest",80427,"鳥取県",133.98,35.5,46,3,50.1540196847779,0.138375459059849,0.531451612903226,54,14.4,1820,50.6666666666667,109,279,466.333333333333,0.131937876385642,0.547771515581851,-0.26673270052769,0.0627996327442119,0.015794301019553,5.78241158658936e-19,0.0195129854051396,0.0545417331194834,0.0163733989437064,0.0248782670794629,0.094719458353095,7.40148683083438e-17,2.96989197530864,2.99279320987654,0.498555273311897,0.0540933403798817,20.5394451011452,1.97572697102079,10.182865588143,24.4583333333333,0
"402",405,405,390390,2018,"Broadleaf Forest",80440,"高知県",134.01,33.47,57,4,28.776547926695,0.42598258859149,0.511451612903226,294,15.1,2272,55.3333333333333,112.666666666667,386.666666666667,248,0.602163413670217,-0.118980443425363,0.236799664590408,0.250574355276451,0.168325987525302,6.93889390390723e-18,0.0130463991725973,0.412105966385352,0.186256666002373,0.255329834576768,0.0399152232524748,2.77555756156289e-17,3.19842592592593,3.41587962962963,0.498555273311897,0.0629421737164345,15.2943821440721,1.60954843368105,22.2060349073469,13.75,0
"403",406,406,330331,2018,"Broadleaf Forest",80440,"岡山県",134.02,34.7,58,4,6.97267070224963,0.180368020172217,0.572069892473118,9,15.3,1263,56.3333333333333,121,306,193.333333333333,0,0.45241847475603,0.903747243177399,0,0,0,0,0,0,0,0,0,2.3,3.99,0.59,0.0831435162388636,15.8673977725,3.40187401333333,10.3987823171093,30,0
"404",407,407,330330,2018,"Broadleaf Forest",80440,"岡山県",134.03,34.67,83,5,25.5313111802717,0.176334759027836,0.572069892473118,3,15.4,1244,57,119,292.333333333333,217,0,0.45241847475603,0.903747243177399,0,0,0,0,0,0,0,0,0,2.3,3.99,0.59,0.0831435162388636,15.8673977725,3.40187401333333,10.3987823171093,30,0
"405",408,408,390401,2018,"Broadleaf Forest",80440,"高知県",134.06,33.44,56,4,56.6105709413131,0.287909022984917,0.497822580645161,182,15.6,2267,55,115.666666666667,351,235,1.70559903955615,0.00856816819513953,-0.855326937470729,0.497129928631601,0.221298078257209,0.103727136098675,0.203894637767716,0.541317864989092,1.01905693778331,0.511734599213384,0.486164656915956,3.72251249433141e-16,3.45370608481344,2.75150052777574,0.503601091356156,0.0731019055926634,19.7101373471605,2.35559182156089,22.2961838205059,25.4705882352941,0
"406",409,409,360057,2018,"Broadleaf Forest",80441,"徳島県",134.06,33.8,70,4,29.1427817296091,0.173166313300499,0.214247311827957,841,12,2142,52,97.3333333333333,298.666666666667,345.666666666667,2.47254021255681,0.249669772277917,-0.706502842464882,1.07654106415262,0.658819735489122,0.119124290446972,0.471083187501061,0.670780745257512,0.678372266919676,0.848866245852903,0.629466107352637,0.803789522263352,3.19010427350427,2.48002792022792,0.501196364086075,0.0588713036068136,21.2383941014533,1.9143392675461,14.108169372819,21.6923076923077,0.153846153846154
"407",410,410,330352,2018,"Broadleaf Forest",80440,"岡山県",134.07,34.74,55,4,16.4910899692302,0.280620154828467,0.577688172043011,155,14.4,1340,57,123.333333333333,270,187,1.28656977369576,0.161873315868448,-0.50635291576132,0.0453066903195162,0.0700062993762483,0.291498261464897,0.120838204802964,0.391049739500173,0.8381650415895,0.0965899583187275,0.335148230224861,0.756069179568682,3.02428571428571,2.96428571428571,0.485904519981626,0.0570260057344217,19.1854971952576,2.29640643203831,11.3360454382017,27.1428571428571,0.142857142857143
"408",411,411,330353,2018,"Broadleaf Forest",80440,"岡山県",134.07,34.78,54,4,20.6876529525195,0.180223526188601,0.578844086021505,208,13.7,1410,56.6666666666667,116.666666666667,296,206,1.58047672965339,0.446065797481176,0.0280309496298251,0.388531850868383,0.542801459979099,0.549792609661639,0.28427395824357,0.430904570515786,1.08334771839498,0.292154495288989,0.226201973567743,1.96812263456278e-16,2.79090909090909,3.33727272727273,0.533757421806489,0.066269954557141,18.9940655206185,2.63294151260014,13.0717149852509,27.2727272727273,0
"409",412,412,330355,2018,"Broadleaf Forest",80440,"岡山県",134.07,34.85,32,3,25.8137592770166,0.164272869850695,0.586532258064516,105,14.7,1370,56.3333333333333,117.666666666667,285,231,0.997839198750377,0.271538617748326,-0.0653629043934645,0.368865335021535,0.123306656544363,0.114670776916498,0.366258942947422,0.33901395405792,0.264206943384537,0.2333115416549,0.372237967703079,0.384195153469715,2.81565432098765,3.03560493827161,0.49398492175777,0.065478228683182,19.9116185770602,1.88932830676051,11.840617294854,22.8666666666667,0.0666666666666667
"410",413,413,330356,2018,"Broadleaf Forest",80440,"岡山県",134.07,34.89,33,3,23.3599506851269,0.217507211265028,0.574032258064516,199,13.4,1478,57,114.666666666667,279.333333333333,275.666666666667,1.14094673773415,0.226393049860283,-0.184987502819511,0.447441610377031,0.23292219360369,0.181288509109829,0.485260365052118,0.252578737733724,0.316724828319273,0.17759085106723,0.253429988904602,0.47166815716148,2.86478395061728,2.90641975308642,0.490462727759914,0.0692349255851155,20.3512500620378,1.86358091700459,10.4310883703582,24.3333333333333,0.0833333333333333
"411",414,414,330357,2018,"Broadleaf Forest",80440,"岡山県",134.07,34.92,33,3,18.9307187040027,0.106925455464939,0.583870967741935,146,14,1447,56,109,260.666666666667,281.666666666667,1.94691648799492,0.613889349576732,0.426586896235797,0.803114834713576,0.710689591001133,0.323225444532188,0.180158820571231,0.784281336546694,0.702788011450942,0.342130480898698,0.600314160699942,4.73979829743817e-16,2.45615384615385,3.34,0.515922881523621,0.0611874913252348,20.1583468213069,1.98055784843245,12.3021186682742,19.5384615384615,0
"412",415,415,330361,2018,"Broadleaf Forest",80440,"岡山県",134.07,35.07,48,3,43.4983194164832,0.350190337039793,0.601129032258064,109,14.1,1537,57.6666666666667,124.666666666667,282.333333333333,193.333333333333,0.844498978095047,0.425953389906219,-0.0585728805933717,0.215437096252441,0.371249455519352,0.163046814382339,0.1552033677954,0.347165984922753,0.350953741218449,0.173535662014952,0.262532780342808,1.42742960308949e-16,2.90402116402116,3.17727513227513,0.505087039503904,0.0562767153841634,19.006933396916,2.05709944405559,11.2228929812926,24.5714285714286,0
"413",416,416,310136,2018,"Broadleaf Forest",80427,"鳥取県",134.07,35.39,44,3,88.8290419609963,0.217607058016473,0.374220430107527,761,9.7,1953,51,95.6666666666667,263,523.666666666667,1.97647712120651,1.12911592794432,-0.413012309404806,0.917140161197357,0.588052485735183,0.0958144331957712,0.183189289638419,0.47612451745144,1.1630835506658,0.0351519690510335,0.742009310450437,1.23293188524162e-15,3.03444288499025,2.87857231968811,0.503069952614655,0.0441100483854996,22.8236088786793,2.10041563743137,6.37591141214721,17.5263157894737,0
"414",417,417,310137,2018,"Broadleaf Forest",80427,"鳥取県",134.07,35.43,75,5,44.9125039757276,0.164900556412493,0.496021505376344,293,12.9,1842,50.6666666666667,100.333333333333,290,471,2.77358372995117,0.0615106864327347,0.0284496635968033,1.00674719984087,0.877101502076154,0.661631281523169,0.368408278174014,0.502987067163849,1.46248755253627,0.474864139507478,0.428015092372216,0.779231792751627,2.56678326474623,2.94170096021948,0.525547178754317,0.0683476563311009,17.3754440944247,2.35877753599933,11.8200722086642,27.1111111111111,0.148148148148148
"415",418,418,390419,2018,"Broadleaf Forest",80441,"高知県",134.1,33.69,55,4,25.9055763194134,0.155293950457746,0.356290322580645,1031,10.3,2358,51,91.6666666666667,299,356.666666666667,2.62233805456679,0.194075117541317,-0.855501690185226,0.825043651819044,0.319239614795132,0.441813944468973,0.278149403921955,0.814769543147827,1.30571358415414,0.257097741713324,0.722275468378115,1.15773093121454,3.07479596148532,2.70096559749571,0.473444303322615,0.0552750233588967,19.694226502169,2.51145606704316,8.40618021254872,26.0833333333333,0.25
"416",419,419,360076,2018,"Broadleaf Forest",80440,"徳島県",134.1,34.08,44,3,20.3509012706496,0.20401114487895,0.600134408602151,390,13.9,1658,53.3333333333333,101.333333333333,295.666666666667,269.666666666667,1.05387418363617,0.262674633909649,-0.22410000310491,0.289038916908975,0.214318062758217,0.335609933234029,0.197693430314686,0.468674734412598,0.506494128157872,0.135063355543635,0.255457428815838,1.38777878078145e-16,3.0785,3.05283333333333,0.494844218649518,0.060465003231884,18.622663025403,1.93768862043962,11.1470992448666,25.5,0
"417",420,420,370077,2018,"Broadleaf Forest",80440,"香川県",134.1,34.16,59,4,46.9087048792579,0.341450586326044,0.490833333333333,267,14,1530,57,111.333333333333,309.333333333333,248,1.60728463469418,0.52214241403364,-0.0441400051998437,0.668265456597336,0.512099441007871,0.325700202409207,0.126162003098686,0.600366038477227,0.591155767422949,0.139312550108588,0.452372530194714,0.471668157161481,2.76728395061728,3.12641975308642,0.504870182207931,0.056420542338305,21.4425582246792,1.9969250970852,9.48082956097634,24.5833333333333,0.0833333333333333
"418",421,421,330375,2018,"Broadleaf Forest",80440,"岡山県",134.11,34.85,60,4,44.4589359154065,0.207863014331999,0.587123655913979,145,14.9,1358,56,112,280.666666666667,239.333333333333,1.7421828034595,0.359964956228266,0.459526762337959,0.452293695335678,0.460499324624002,0.613167507078881,0.254055489543995,0.433657582048832,1.1888098732462,0.26954138756461,0.491136974415938,1.74463618155382e-16,2.66178130511464,3.60557319223986,0.546454892053284,0.0713508807911783,16.985132767506,2.64436300598256,12.8633134627013,24.9047619047619,0
"419",422,422,330376,2018,"Broadleaf Forest",80440,"岡山県",134.11,34.89,65,4,60.6899516053644,0.149876564507728,0.575,404,12.9,1527,56.3333333333333,114,295.666666666667,267.333333333333,0.311609263260511,0.45587049507596,0.839651109984788,0.0779024072653276,0.115763521203762,0.125695470771798,0.06213359127994,0.0876285297829851,0.219352237767587,1.35027124616573e-17,0.0466503704923006,7.35147678468009e-17,2.33783783783784,3.93648648648649,0.585057041800643,0.0815464761565827,16.111823628282,3.3244767358853,10.3987823171093,29.7297297297297,0
"420",423,423,330377,2018,"Broadleaf Forest",80440,"岡山県",134.11,34.92,50,3,42.5853226796593,0.169397891370413,0.591021505376344,143,14.2,1440,59,121.333333333333,282.333333333333,216.666666666667,0.44853215416154,0.511171860601235,-0.187168943760845,0.112133170174326,0.166630673926531,0.180926778888759,0.0894354463374386,0.126133006504085,0.315736864484024,1.99840144432528e-17,0.0671488098601632,3.5527136788005e-17,2.944,3.0792,0.505870851446945,0.0559618940384426,20.0275258379098,2.08457235116779,10.3987823171093,25.4,0
"421",424,424,330384,2018,"Broadleaf Forest",80440,"岡山県",134.11,35.17,52,4,72.6800632884334,0.214069349045298,0.418252688172043,372,12.1,1724,49.3333333333333,101,299.666666666667,431.333333333333,2.85708402261003,-0.31390051016397,-0.269173795984989,1.05554717705841,0.675317063345929,0.683408588761907,0.473817399077876,0.720851779042388,1.02530225810808,1.33439683265567,0.759073502767063,0.756069179568689,3.26349206349206,3.25174603174603,0.526444363803399,0.0830905806229065,18.0902152739976,2.54633098319964,20.7109886263519,27.6,0.142857142857143
"422",425,425,310145,2018,"Broadleaf Forest",80427,"鳥取県",134.11,35.5,84,5,49.5849776052903,0.25441067678838,0.552123655913978,156,14.3,1860,51.3333333333333,109,295.333333333333,464.666666666667,1.30478449168593,0.716649788684615,-0.293325341780065,0.889558862079967,0.341506285312756,0.361723751647101,0.176604925002588,0.178414651522135,0.225890623325853,0.267582418931647,0.433061165040183,5.36607795235492e-16,1.80733333333333,1.75333333333333,0.514081236870311,0.0427450032946586,19.9228141044741,1.66964712488314,7.50783138535723,27.5333333333333,0
"423",426,426,370089,2018,"Broadleaf Forest",80440,"香川県",134.15,34.37,33,3,26.604048339773,0.223493525334894,0.590994623655914,134,14.8,1264,56,116.666666666667,292,236.666666666667,2.74847957375376,-0.612788869005659,-0.0214646745656879,0.985324768284747,0.575178669877664,1.56163660524701,0.7232201742867,0.732865466607467,0.992408020534034,0.431822903413631,0.527134376921572,7.73455373822192e-16,3.16133333333333,2.59787301587301,0.521415091103966,0.100593924240503,13.109249298147,1.71917676195793,13.6716018568875,26.3333333333333,0
"424",427,427,310152,2018,"Broadleaf Forest",80427,"鳥取県",134.15,35.46,64,4,27.1970542915779,0.1962743246306,0.558924731182796,101,14.4,1854,52,106,295,471,1.14322225298589,0.458101955870435,-0.318176519943646,0.243111885101578,0.140141592762261,4.62592926927149e-18,0.273014814630601,0.660715068782566,0.592537243413158,0.19433402230819,0.364939184022627,4.44089209850063e-16,2.94759933907017,2.90807865585842,0.498555273311897,0.0635553812335721,19.0180790172679,2.23472364235826,11.3019850150592,22,0
"425",428,428,330398,2018,"Broadleaf Forest",80440,"岡山県",134.16,34.99,64,4,16.5578707284077,0.235053693245894,0.593521505376344,225,13.5,1529,57.3333333333333,119.333333333333,308.333333333333,245,1.90234341050842,0.0118040022654284,0.332694740089664,0.503818950993167,0.472902635498401,0.614532921137888,0.594310099186331,0.505348611828305,1.07011819587229,0.210861670011963,0.225271101248535,0.609833576936056,2.58333333333333,3.37222222222222,0.521419596284387,0.0796083312171284,17.9891640309845,2.33034745812553,12.3718088469312,27.2222222222222,0.111111111111111
"426",429,429,390431,2018,"Broadleaf Forest",80440,"高知県",134.18,33.33,58,4,144.814957815503,0.436725889381673,0.565645161290323,218,16.4,2268,55,114.666666666667,395.666666666667,264,2.3885990660782,0.00230354337319517,-0.399043122731922,0.617876954216902,0.456698077388394,0.534156258069731,0.489743764754024,1.07355608836511,1.20439864322048,0.621612387689614,0.413239958378562,6.54705048345129e-16,3.11033394071482,2.76866124719276,0.526793412142992,0.0836406737303578,16.9533258319622,2.51388732769965,19.3790268834331,22.5294117647059,0
"427",430,430,360102,2018,"Broadleaf Forest",80440,"徳島県",134.19,33.98,53,4,42.0467591440479,0.242165344518777,0.455510752688172,752,12.1,1978,50.6666666666667,91.3333333333333,324,339,1.0292595232588,1.75064370442212,-0.161514174575259,0.233127105003558,0.12438045138437,0.247584320277224,0.133639342722263,0.630615844023121,0.425310975676587,0.0160308287920744,0.329458985575982,5.55111512312578e-16,2.33933333333333,2.82633333333333,0.526185091103966,0.0475321140842107,27.4638043747222,2.43628649488889,5.7,14.8333333333333,0
"428",431,431,370092,2018,"Broadleaf Forest",80440,"香川県",134.19,34.23,44,3,34.7757391822872,0.162543468408813,0.56760752688172,304,14.3,1447,57,113,294.666666666667,232.333333333333,1.70229458565709,0.268297952485243,-0.436222229643509,0.796675491907983,0.668876361065995,0.782716805763397,0.114285002568427,0.233712933141421,0.496844485840746,0.236677311969178,0.618669090073861,4.44089209850063e-16,3.62692307692308,2.61461538461539,0.561640895374722,0.0626192237175447,18.9678716826027,1.82522905129387,9.86512231942688,28.8461538461538,0
"429",432,432,330405,2018,"Broadleaf Forest",80440,"岡山県",134.2,34.67,44,3,40.1005729721585,0.25863919658564,0.582849462365591,69,14.8,1298,57,118.333333333333,323.666666666667,207,2.20220891427056,-0.313387035604067,0.819375638912997,0.680155583840775,0.692272362182591,1.26002250462623,0.587278690428411,0.685428270932138,0.701748895424715,0.44172437814691,0.0997880581311868,6.03683769639929e-16,2.4,2.32767857142857,0.620695068327974,0.128332100980278,10.4481181862452,2.33845987178052,10.4093816262116,19.375,0
"430",433,433,330411,2018,"Broadleaf Forest",80440,"岡山県",134.2,34.89,54,4,41.5043287829394,0.167278173775992,0.534623655913979,380,12.7,1555,55,107.666666666667,283.666666666667,269.666666666667,0.570725816754377,0.398066159325321,-0.169134252811544,0.24560754011791,0.0360735306406926,0.07358894723994,0.253739175365805,0.126345535737887,0.127355681337077,0.087414041815245,0.184370316928098,0.246553809425319,2.87103395061728,3.00141975308642,0.495698803590568,0.0606490220404949,20.354806861763,1.9375695114911,10.7068338078599,24.125,0.0416666666666667
"431",434,434,330414,2018,"Broadleaf Forest",80440,"岡山県",134.2,34.99,64,4,24.7451683702878,0.272175297398114,0.566236559139785,200,13.7,1520,53.3333333333333,113.333333333333,288.333333333333,280.666666666667,1.59924787500925,-0.2743926962212,0.07709573485777,0.534231294944027,0.129274442418421,0.274153864528817,0.889937411526629,0.453028237532751,0.469156312297772,0.317599498840333,0.135721184140646,0.918530325591703,2.7,3.06909090909091,0.486090678164279,0.0800445990689511,18.9282990743867,1.77863507142862,13.6273711840906,25.9090909090909,0.181818181818182
"432",435,435,330422,2018,"Broadleaf Forest",80440,"岡山県",134.24,34.81,33,3,22.3297598007039,0.0863960681433989,0.590161290322581,59,14.9,1364,55.6666666666667,107.666666666667,265.666666666667,252,0.559450319253023,0.519216319521521,-0.276457372238827,0.153744943246007,0.242943023977395,8.32667268468867e-18,0.168824688514621,0.129906641181503,0.154070380314762,0.118095385222428,0.333311121407332,2.51650552248369e-16,2.91849382716049,2.85513580246914,0.498555273311897,0.0591957245656726,20.6310625008436,1.91714908274733,10.6528400689064,23.1333333333333,0
"433",436,436,310170,2018,"Broadleaf Forest",80427,"鳥取県",134.24,35.43,69,4,60.0464802195187,0.352031275209312,0.569838709677419,278,12.8,1867,53,113.666666666667,314.333333333333,437.666666666667,1.51444259284261,0.827680450248339,-0.197179333856834,0.740647445890022,0.67935303694015,1.7925475918427e-17,0.219557697152256,0.361934488301823,0.252541007807484,0.191353776221702,0.694398169598609,7.07767178198537e-16,2.27087962962963,2.46119929453263,0.498555273311897,0.0507065257447884,21.1943794423765,1.90308300905412,7.52934395561744,22.4166666666667,0
"434",437,437,370107,2018,"Broadleaf Forest",80440,"香川県",134.28,34.26,49,3,36.6421164355342,0.293771275057559,0.580537634408602,179,14.5,1429,57,112.333333333333,309.333333333333,267,1.60169333770626,0.50446477043023,-0.476353126758804,0.688965573497401,0.620592559738964,0.765317442728211,0.160821227725565,0.313738865457841,0.435202494669572,0.23858470101842,0.477574734646894,4.07081775695891e-16,3.42526748971193,2.64744855967078,0.54125907109682,0.0568184382977493,19.6200100996641,1.96950543774391,9.54713765083092,24.7777777777778,0
"435",438,438,370108,2018,"Broadleaf Forest",80440,"香川県",134.28,34.48,48,3,26.0831850922893,0.400794359526718,0.552822580645161,148,15.1,1268,55.6666666666667,106.333333333333,295.333333333333,255.333333333333,2.41949861469674,-0.0127229848646392,-0.556167123775391,0.328893011208339,0.691143672656768,0.631568876388619,0.118651277225774,0.731666389833504,1.47364427898716,0.711155791123224,0.851524762719462,3.33066907387547e-16,3.51333333333333,2.67166666666667,0.544518424437299,0.0661511400012593,17.9872165983333,2.05913059175606,23.344704290644,22.6666666666667,0
"436",439,439,280002,2018,"Broadleaf Forest",80440,"兵庫県",134.29,34.89,39,3,61.9412635068114,0.221394112971173,0.543198924731183,339,13.4,1507,55,109.666666666667,283.333333333333,252.333333333333,2.0582981324247,0.491631242660282,0.217248710577083,0.716410234332179,0.728380054408904,0.674023220831479,0.218077225828315,0.574650304653764,1.11291452394187,0.20763034279471,0.623024174963428,4.48530101948563e-16,2.87008888888889,3.28697777777778,0.547764320257235,0.0665737639601752,18.6796828561429,2.33363476081847,10.3693905186643,24.92,0
"437",440,440,310177,2018,"Broadleaf Forest",80427,"鳥取県",134.29,35.32,56,4,48.9408702643522,0.160849694478953,0.453629032258065,304,12.8,1800,51,102.333333333333,267.666666666667,512.333333333333,1.80135176305509,0.416427657426546,-0.306273737143195,0.730795634105064,0.543354453316281,0.39518785700083,0.219508551353025,0.425305141172512,0.681271516554846,0.454674644876814,0.554194835240972,0.26790467829758,3.00885521885522,2.798367003367,0.509146297866121,0.071680598399643,20.0365152766536,2.15123245410791,12.8675670867105,18.8181818181818,0.0454545454545455
"438",441,441,310183,2018,"Broadleaf Forest",80427,"鳥取県",134.29,35.53,59,4,41.9026181762358,0.372935401445556,0.551881720430108,61,14.5,1939,54.3333333333333,116,281.333333333333,439.333333333333,2.22743980401197,0.0829802126999233,-0.563002225587055,0.994486117094432,0.582428893938257,9.25185853854297e-18,0.606649269964382,1.12939722964462,1.22384071861793,0.430442997550532,0.380144983356902,1.03620815631681e-15,2.62076098017346,2.33405078239007,0.498555273311897,0.0719592469376943,14.5180156141313,2.60439018744682,13.839746413887,24.1666666666667,0
"439",442,442,370111,2018,"Broadleaf Forest",80440,"香川県",134.32,34.23,34,3,44.1123994577009,0.39025645596538,0.588306451612903,58,15.6,1374,58.6666666666667,127.333333333333,284.333333333333,174.333333333333,2.05045132012658,0.44269014734595,-0.163478536835138,0.583235745638607,0.620691151143663,0.136625423490822,0.301172340105835,0.472939626384928,1.31321106694247,0.723445155343908,0.464058468571982,4.44089209850063e-16,2.90637860082305,3.2701998824221,0.50475292961772,0.0651557156403221,20.215744558373,2.39898403547723,16.6937039567971,21.7777777777778,0
"440",443,443,280009,2018,"Broadleaf Forest",80440,"兵庫県",134.33,34.81,54,4,19.3900145046886,0.120353360604463,0.578924731182796,127,13.8,1441,56,114.333333333333,287.666666666667,250.666666666667,0,0.516280850674731,-0.28203122088591,0,0,0,0,0,0,0,0,0,3,3,0.498555273311897,0.0535982747166669,20.3892761044672,1.9700243805447,10.3987823171093,25,0
"441",444,444,280010,2018,"Broadleaf Forest",80440,"兵庫県",134.33,34.85,34,3,10.9471953650426,0.138470718891758,0.579596774193548,134,14.5,1409,54.6666666666667,123.333333333333,299.333333333333,210.333333333333,0.793004001371787,0.818591233783087,-0.135165425447001,0.377453096980863,0.0949306162149134,0,0.117281526191587,0.327819529845104,0.0984112465207811,0.149529201785433,0.569305127075298,3.10862446895044e-16,2.71096296296296,2.93081481481482,0.498555273311897,0.0583509050835285,21.8308984725758,2.02476924911512,8.3259817190327,19.8,0
"442",445,445,280011,2018,"Broadleaf Forest",80440,"兵庫県",134.33,34.89,67,4,14.5921664476595,0.212810808065623,0.556155913978495,96,14.3,1441,55.6666666666667,116.666666666667,282,238.333333333333,1.10239127089123,0.184797486159309,-0.385006655938507,0.0870599147316192,0.108626441198812,0.2142512221767,0.108498960092699,0.447638731462174,0.628980017854895,0.20001790832067,0.266405604336517,0.555710846982981,3.05,3.025,0.489699745980707,0.0568958238016808,18.9128707594,2.15533939164258,12.4782953906896,25.4,0.1
"443",446,446,310193,2018,"Broadleaf Forest",80427,"鳥取県",134.33,35.53,59,4,69.1683899297919,0.257183958787749,0.547688172043011,197,13.6,1940,50.6666666666667,103,312.333333333333,450.666666666667,1.70574153502546,0.493827986358263,0.319717340627598,0.309194356903648,0.74179151232452,0.613399328442616,0.262521612918949,0.495038325213629,1.15569169897333,0.101243651411579,0.274221787616246,3.25826322444339e-16,2.55782608695652,3.36829192546584,0.546265565496994,0.0729276387307585,18.3709309558086,2.66254369016656,9.37942887065551,27.695652173913,0
"444",447,447,280023,2018,"Broadleaf Forest",80440,"兵庫県",134.37,34.96,67,4,36.8033129825753,0.214324914353763,0.590456989247312,186,13.9,1509,55.3333333333333,118.666666666667,295.666666666667,258.666666666667,1.75777760147993,-0.0141025051755784,0.139953799042275,0.517522826460181,0.418896952860246,0.526911744444082,0.566191474601521,0.517756490454366,0.882253881595427,0.233083813359664,0.242051499606844,0.532048681918702,2.74190476190476,3.26619047619048,0.507677073954984,0.0758362348994911,18.1824432868833,2.1650930178362,12.6605170376558,27.1428571428571,0.0952380952380952
"445",448,448,280025,2018,"Broadleaf Forest",80440,"兵庫県",134.37,35.03,44,3,20.2148589404013,0.204034516810771,0.579516129032258,135,14.3,1529,54.6666666666667,117.333333333333,296.333333333333,260.666666666667,1.26372150605506,0.0750241622900988,0.0340664511794449,0.40918159923861,0.250641220113469,0.239671217058626,0.575801005203227,0.380729612877125,0.417629004387159,0.192147696798401,0.145975673609051,0.555710846982981,2.765,3.137,0.500844218649518,0.0710982772626429,19.1335509047262,2.00794522380972,12.174506193949,26,0.1
"446",449,449,310198,2018,"Broadleaf Forest",80427,"鳥取県",134.37,35.35,64,4,65.5476428833348,0.278771258579536,0.47991935483871,259,12.4,1835,53.3333333333333,111.666666666667,326.333333333333,497,2.70995042493671,0.234125701629901,-0.719353937093749,0.86939595095522,0.489121199140932,0.488944517380809,0.317937651284616,0.752881266684251,1.43323796805308,0.331339138062575,0.941391562937259,1.11099438843195,2.72423616557734,2.36919931528167,0.487300470966522,0.0577553949936682,19.0841200433233,2.404759738767,9.5047116063523,23.4117647058824,0.235294117647059
"447",450,450,310202,2018,"Broadleaf Forest",80427,"鳥取県",134.37,35.5,79,5,72.1545338346107,0.231131100394012,0.515241935483871,293,11.2,1950,52,95.3333333333333,313.333333333333,428.666666666667,0.586630979371217,0.533393144284673,-0.292134809252754,0.185586433900998,0.327222419230362,0.0174521374006165,0.18220134258118,0.155707071698703,0.178346157220564,0.121656015923093,0.199397923301425,4.40619762898109e-16,2.89085648148148,2.80992972883598,0.4992254210209,0.0595049893494196,20.723521882272,1.92218453438477,9.1494281158213,24.65625,0
"448",451,451,310203,2018,"Broadleaf Forest",80427,"鳥取県",134.37,35.53,69,4,82.8994313071189,0.266132325729568,0.545591397849462,203,13.5,1943,52.3333333333333,104,291,439.666666666667,1.41131420630122,0.431214957022896,0.45350554479686,0.373769171117709,0.543789148085308,0.566379481738723,0.274060142593317,0.408373559794339,0.934230096967041,0.0489445360306344,0.233561077774481,2.37587727269784e-16,2.56832754508054,3.61845739592454,0.557079898392283,0.0744216718182439,17.0220244342695,2.94446148150764,10.8228310244249,28,0
"449",452,452,280032,2018,"Broadleaf Forest",80440,"兵庫県",134.42,34.85,54,4,39.0482261921715,0.213690360922659,0.596048387096774,330,13.7,1472,55.3333333333333,108.666666666667,252.666666666667,267,1.846333089828,0.338650997006945,0.167000763295442,0.49552497146215,0.510241710057675,1.03633380323934,0.776144651724908,0.965375260451953,0.339770164956797,0.113273417782494,0.26762206828326,6.06921920128419e-16,2.65849382716049,2.68002469135802,0.551124533762058,0.0804118033168396,17.2434545411607,2.13711063662785,8.98558753782877,22.8,0
"450",453,453,280033,2018,"Broadleaf Forest",80440,"兵庫県",134.42,34.89,52,4,41.0280758025395,0.187945272671606,0.559516129032258,314,12.8,1570,55,111,271.333333333333,273.666666666667,1.01251242809912,0.0585224814191919,-0.0741156149290426,0.338231386180321,0.0818459612356697,0.173571714169214,0.563435289476847,0.286820278425629,0.297031250968457,0.201077922165147,0.0859275087033885,0.581537974682097,2.82631578947368,3.04,0.49133892875275,0.0689093046048314,19.5434472975785,1.85922004368802,12.2679653453616,25.5263157894737,0.105263157894737
"451",454,454,280034,2018,"Broadleaf Forest",80440,"兵庫県",134.42,34.92,59,4,92.0685475550882,0.216873607231535,0.57252688172043,191,14.5,1455,55.3333333333333,112.666666666667,264,275,1.68135367187189,0.387784176961602,0.353450612869319,0.430210920508509,0.493315440750648,0.611569696081527,0.273050881374193,0.466840660693226,1.14672742739559,0.207501531207486,0.382899955112977,2.13007905887385e-16,2.70366063738157,3.52621016365202,0.541087704329619,0.0688697781751836,17.485575703623,2.57897110915725,12.2644504992894,25.4883720930233,0
"452",455,455,310212,2018,"Broadleaf Forest",80427,"鳥取県",134.42,35.46,108,5,118.337249312476,0.302987845609476,0.395806451612903,933,8.7,2052,48,94,281.666666666667,566.666666666667,1.40239567351378,0.0213116388317099,-1.63106747454411,0.858704914712355,0.688229628998366,0.096990141320371,0.0637226005899142,0.199842760418709,0.627727956743761,0.0570864875211305,0.135468597056838,0.251566703025342,4.49883372734437,2.13228526398739,0.494786963809263,0.0417680915900773,18.1846172355076,1.62995055664584,5.80168613467049,34.3617021276596,0.0425531914893617
"453",456,456,360191,2018,"Broadleaf Forest",80440,"徳島県",134.45,33.76,56,4,42.1751124024592,0.100780574805952,0.513897849462366,273,15.1,2139,53,109,386.333333333333,283.666666666667,0.716643368594197,-0.261108236151514,-0.965166214911872,0.463920803387762,0.0889288928557172,3.82835525732813e-18,0.0772988790301821,0.249130597323525,0.107992220389434,0.241289929419839,0.390541338430873,2.81384111413617e-16,3.82274584929757,2.54510855683269,0.498555273311897,0.0791058035100939,19.2275627246172,1.84556188100334,19.7666793204806,27.5172413793103,0
"454",457,457,280061,2018,"Broadleaf Forest",80427,"兵庫県",134.46,35.61,72,5,38.2355006729608,0.138123658213272,0.534596774193548,70,14.6,1978,55,115.333333333333,295,485.333333333333,0.87660454067572,0.343574436429755,-0.154685263897068,0.466480368736228,0.209178540446374,0.07358894723994,0.272393534075548,0.24666908250415,0.316759454645433,0.125339797496151,0.165996642732514,0.246553809425319,2.81780864197531,2.90445987654321,0.495698803590568,0.0605064139867581,19.8911247000262,1.84367972224508,10.577938496361,24.4166666666667,0.0416666666666667
"455",458,458,280081,2018,"Broadleaf Forest",80427,"兵庫県",134.51,35.53,62,4,55.2232616595332,0.250647113400086,0.490564516129032,257,13,1956,49.6666666666667,99,300,505.666666666667,1.74407892836919,-0.45278010965207,-0.562287087406401,0.754399343769444,0.0778670618075869,0.792081706871972,0.411328570087477,0.705874529862931,0.7011446221155,0.366895757666433,0.416588634653928,0.26790467829758,3.42681818181818,2.97363636363636,0.448691752411575,0.0705230879331735,17.2373590547502,1.57398636943124,15.5630028410119,28.8636363636364,0.0454545454545455
"456",459,459,280084,2018,"Broadleaf Forest",80427,"兵庫県",134.51,35.64,79,5,31.977049738252,0.198993111338103,0.505779569892473,97,13.5,2016,50,106.333333333333,288.666666666667,455.666666666667,2.00883847836415,0.0426053625547111,-0.50240024095561,0.493985809657061,0.469406137785911,0.357078004134611,0.445391437198208,1.00066534614086,1.1080028568961,0.390070090417257,0.427663106276515,7.56339435525888e-16,3.20721425364861,2.7012788275333,0.51373586414791,0.074686045133372,15.5988947895277,2.43517015741167,12.3484455792773,25.75,0
"457",460,460,280106,2018,"Broadleaf Forest",80427,"兵庫県",134.55,35.53,68,4,65.9239538656246,0.337009815940309,0.48505376344086,302,12.7,1960,51.3333333333333,96.6666666666667,282.333333333333,482.333333333333,1.966920961868,0.939248083651129,0.226710249026597,0.829164069148612,0.797804038794116,0.648116440001954,0.10915107606312,1.0329120904832,0.486132245640352,0.0194922409269298,0.239491339514849,9.43689570931383e-16,2.78385,2.4603,0.545708227491961,0.0520595588063528,21.5427508854167,1.10969572837412,6.03232790030319,12.75,0
"458",461,461,280107,2018,"Broadleaf Forest",80427,"兵庫県",134.55,35.57,62,4,132.327470709015,0.424095342270053,0.502956989247312,309,12.5,1984,50.6666666666667,99.3333333333333,294.666666666667,468,0.242918380489001,0.516537419011598,-0.321919636351986,0.0819434459135993,0.146788231401033,0.0225566598563913,0.0653811362178177,0.0626021533164769,0.0735145636314894,0.0610640333735553,0.0536182455864282,1.71579921987524e-16,3.00757575757576,2.92939393939394,0.497689961999415,0.0553469164090911,20.5709739996676,1.94607423167556,9.84010513676603,25.1515151515152,0
"459",462,462,360234,2018,"Broadleaf Forest",80440,"徳島県",134.58,33.83,58,4,141.734258330129,0.320459069207901,0.555672043010753,122,15.9,2081,55,116.333333333333,357.333333333333,225.666666666667,2.09399705765752,-0.386942225878629,-0.578112950627153,0.755128701608421,0.344701336225056,0.608836660129863,0.540464535426448,0.669853285882835,0.70432343731941,0.773321673467296,0.378534434851811,0.315719172865912,3.32864864864865,2.62072072072072,0.528093037281655,0.0852646082142761,17.7441101022949,2.1787394953963,22.5464463363015,28.1621621621622,0.0540540540540541
"460",463,463,360238,2018,"Broadleaf Forest",80440,"徳島県",134.58,33.97,65,4,4.99277209341474,0.0765371857991,0.616209677419355,53,15.7,1823,56,115.666666666667,340.666666666667,248,0,-3.83242365725289,1.69316703570433,0,0,0,0,0,0,0,0,0,1.35,3.38,0.43,0.19905305865423,12.3539024390244,0.917383180406259,28.1560210855065,30,1
"461",464,464,280118,2018,"Broadleaf Forest",80440,"兵庫県",134.59,35.07,46,3,18.7757421390451,0.218997955307888,0.501989247311828,350,13.8,1598,51,102.666666666667,274,385.333333333333,0.528669334247858,0.667436042228909,-0.208598323166455,0.251635397987242,0.0632870774766089,0,0.0781876841277245,0.218546353230069,0.0656074976805208,0.0996861345236218,0.379536751383532,2.33146835171283e-16,2.85548148148148,2.96540740740741,0.498555273311897,0.0559745899000977,21.1100872885215,1.99739681482991,9.362382018071,22.4,0
"462",465,465,280133,2018,"Broadleaf Forest",80427,"兵庫県",134.6,35.61,68,4,63.5047093482524,0.240759679729708,0.529354838709677,162,13.6,2012,49.6666666666667,104,303.333333333333,445,1.50594429493237,0.645267285991942,-0.0859605202009334,1.00672685422643,0.812516307914378,0.174549889589104,0.18968810350509,0.237603557031832,0.263838480763396,0.162215163669804,0.341995522305227,5.72191866537581e-16,2.11615384615385,2.35269230769231,0.505589483057136,0.0488809754125217,19.6764434111828,1.76187806131969,7.2097797225356,26.1153846153846,0
"463",466,466,360246,2018,"Broadleaf Forest",80440,"徳島県",134.62,33.79,55,4,75.7301998361084,0.317871944638919,0.571370967741936,29,16.6,2120,53.6666666666667,117.333333333333,349,243,1.65697043014735,-0.396140230301666,-0.598022112610364,0.39334800727121,0.155667120376904,0.390038358673717,0.395414851812505,0.859013288211638,0.834572380992424,0.52578957632321,0.36435528132819,2.30926389122033e-16,3.1372819274239,2.5485516910917,0.514326051446945,0.0948234027456784,11.7436562031705,2.92393471833784,24.7844250394771,16.88,0
"464",467,467,280152,2018,"Broadleaf Forest",80427,"兵庫県",134.64,35.39,71,5,56.7161527653846,0.190456100013698,0.465403225806452,675,11.6,1902,51,96.3333333333333,268.666666666667,514.333333333333,0.313428953304996,0.534524506699854,-0.356162806644231,0.134906892662633,0.134660877519188,1.89242561015652e-18,0.101947252912002,0.114659113227429,0.0731738360908337,0.0594228309347356,0.143261249926238,6.05576195250085e-17,3.06818181818182,2.93181818181818,0.498555273311897,0.0564683962545744,20.6721081567833,1.98436061654034,10.2361618129751,24.0909090909091,0
"465",468,468,280155,2018,"Broadleaf Forest",80427,"兵庫県",134.64,35.5,95,5,96.0136488364921,0.254097757782388,0.417768817204301,742,9.9,2012,47.6666666666667,92.6666666666667,281,560.333333333333,1.56394559004477,0.651691350157976,-0.506989786602845,0.67509295911172,0.534583432120183,0.188992398711078,0.290792089993296,0.530719484721376,0.2713331761828,0.160480072850536,0.82111316405091,9.26342336171615e-16,3.25986851851852,2.65791574074074,0.49248586414791,0.054391338829616,21.552403921976,1.63437084724363,7.16123111499713,21,0
"466",469,469,280156,2018,"Broadleaf Forest",80427,"兵庫県",134.64,35.53,93,5,83.948031262067,0.325402888822211,0.447204301075269,740,10.3,2009,48.3333333333333,93,299.666666666667,565.666666666667,1.6911937732002,0.439704159346845,-0.0387109005292434,1.24957176225325,0.585467579243604,1.38777878078145e-17,0.101838913132912,0.220319892384696,0.387908102869699,0.0146231465207666,0.470366059406941,1.10652228120974e-15,2.25731481481481,2.28092592592593,0.498555273311897,0.0480811824049007,16.6824432081941,1.54377774420071,4.92794598510453,24.8333333333333,0
"467",470,470,280158,2018,"Broadleaf Forest",80427,"兵庫県",134.64,35.61,73,5,68.8111229317816,0.234762355145281,0.532096774193548,214,14.4,2006,49.6666666666667,101.666666666667,305.666666666667,484,1.48919159815142,0.766396324780282,0.0863388792481185,0.690503865151651,0.650130928709433,0.177075676723642,0.210087636897653,0.334369340026175,0.360123232542714,0.159129212984312,0.577613493078897,5.76258617543534e-16,2.21604938271605,2.70834215167549,0.505835723472669,0.0563615469159858,20.3920781403861,1.94088010979608,7.31055357336125,21.8095238095238,0
"468",471,471,280165,2018,"Broadleaf Forest",80440,"兵庫県",134.68,34.88,44,3,31.6267370780916,0.218573657933643,0.606908602150538,143,14.3,1457,54,119.666666666667,282.333333333333,202.666666666667,1.62050018037802,-0.0448431348314093,-0.324982312663036,0.361276751781806,0.0683656701136208,1.5419764230905e-18,0.434709709920955,0.385180813807923,0.0809098178437968,1.0603838535677,0.522628954896601,0.609833576936062,3.00609053497942,2.96156378600823,0.498555273311897,0.0684593720213568,20.1469245195867,1.98536209972183,19.0252629025116,24.8888888888889,0.111111111111111
"469",472,472,280167,2018,"Broadleaf Forest",80440,"兵庫県",134.68,34.96,61,4,32.4888568657255,0.470651768944526,0.593978494623656,84,14.6,1479,53.3333333333333,115,259.666666666667,261.666666666667,0.620206342425571,0.563652012621953,-0.162008848173409,0.37994666490898,0.179703001489391,1.38777878078145e-17,0.0329113398986241,0.168870891221911,0.187565180040573,0.10678909266948,0.238787367323447,2.46716227694479e-16,2.77555555555556,2.89896825396825,0.498555273311897,0.0542237282019278,20.1101927203789,1.90361807717798,9.25681381143018,23.7777777777778,0
"470",473,473,280178,2018,"Broadleaf Forest",80427,"兵庫県",134.68,35.35,60,4,30.6202722378814,0.128030448590242,0.530403225806452,245,14,1813,52.6666666666667,109.333333333333,300.666666666667,494.333333333333,1.3849987371578,0.115802437970497,-0.0646203176008621,0.447339869652578,0.390581953297341,0.173571714169214,0.576955620581932,0.318929161201671,0.425832321716961,0.22463067266975,0.275978939717942,0.581537974682097,2.64499025341131,2.81126705653021,0.49133892875275,0.0759287810768125,20.3483006166797,1.78335029775124,10.4069583843711,25.2105263157895,0.105263157894737
"471",474,474,280211,2018,"Broadleaf Forest",80427,"兵庫県",134.73,35.53,48,3,23.6998041633451,0.16843123895996,0.527177419354839,131,13.6,1974,50.3333333333333,93,299.333333333333,477.666666666667,0.895712530884738,0.652911273041905,-0.317369220690005,0.43153858534169,0.227564716954012,0.0690868197664036,0.0426854335400576,0.276673947716698,0.266343335519653,0.14692561189378,0.432452933066812,5.93969318174459e-16,2.98136,2.83415142857143,0.495699745980707,0.0537735270557325,20.8194115663834,1.87133387584164,8.36207314880111,21.9,0
"472",475,475,280224,2018,"Broadleaf Forest",80440,"兵庫県",134.77,34.88,39,3,22.2065040374826,0.158529349713498,0.632069892473118,64,14.7,1416,55.3333333333333,118,289,245,0.840364006804647,0.561141651098551,-0.0864082625484892,0.259275514200491,0.281261111185339,0.301009503475087,0.163820534404804,0.223786518485865,0.521110099389314,0.0413239715818585,0.16664314780625,1.74463618155382e-16,2.84838624338624,3.12907407407407,0.511618805695912,0.0586677074996346,20.0007260513484,2.18435019747351,10.028639353167,24.7857142857143,0
"473",476,476,280247,2018,"Broadleaf Forest",80440,"兵庫県",134.81,34.27,34,3,45.9558660859693,0.194957853998138,0.581559139784946,262,14.5,1607,55,122,326,208.666666666667,2.75032740182921,-0.64265207210634,0.491317746878706,0.877143081446098,0.741494431077832,1.29570112040874,0.896701247321582,0.892564310620025,0.901427785749627,0.671396703941784,0.36949057974173,0.532048681918702,2.6036860670194,2.69446208112875,0.569167498086051,0.114968551646309,13.2235737111578,2.14609770268166,18.4042451647086,22.9523809523809,0.0952380952380952
"474",477,477,280251,2018,"Broadleaf Forest",80440,"兵庫県",134.81,34.42,54,4,20.3700635337193,0.0985960284366591,0.589086021505376,117,14.8,1458,58,118.333333333333,303,226,2.50349836247029,0.0589568432909898,-0.19548160823571,0.652949360487144,0.524286683057035,1.11359832620289,0.794939621744825,1.1848139416606,0.84456246481923,0.839060241758546,0.304115986685522,6.8463753185218e-16,2.8,2.53111111111111,0.571415091103966,0.0931942248592629,17.0700601254891,2.68904032684823,18.8648754174604,25,0
"475",478,478,280269,2018,"Broadleaf Forest",80427,"兵庫県",134.81,35.32,54,4,59.1354990893956,0.32122572098253,0.546290322580645,396,12.5,1832,49.3333333333333,99.6666666666667,287,491,1.10282258364528,0.456569773178818,0.0362296269289353,0.510410088328512,0.22779922418665,0.104025102814858,0.338295533814947,0.384727883418696,0.301276403985776,0.1341670978603,0.406610440329709,0.34184442720983,2.66777777777778,3.07830065359477,0.495784064686968,0.0639156117376549,21.0986479470694,1.88343149428558,10.3054581246594,22.4705882352941,0.0588235294117647
"476",479,479,280273,2018,"Broadleaf Forest",80427,"兵庫県",134.82,35.46,56,4,51.189217405644,0.277428480053905,0.599112903225806,164,13.7,1921,49.6666666666667,101.333333333333,261.333333333333,459.333333333333,0.853925100289165,0.487940347966083,-0.195078791207503,0.214022290381897,0.225828654071212,0.07358894723994,0.255760571654851,0.180790002937908,0.151476049623523,0.15379608568211,0.524600077032526,0.246553809425319,2.8525,2.875625,0.495698803590568,0.0628726536607958,20.5312829056404,1.92511058146834,10.0857234668285,21,0.0416666666666667
"477",480,480,280280,2018,"Broadleaf Forest",80440,"兵庫県",134.85,34.27,61,4,48.7918270566701,0.155353147662895,0.566236559139785,278,14.4,1630,53.3333333333333,105.333333333333,312.666666666667,308,1.13328331051417,-1.05368540388322,-0.412643734700596,0.188207047715857,0.224237243094672,0.424065027683019,0.318168765053166,0.424492000882067,0.388232790405913,0.546922208801849,0.386964649863742,1.96975052756076e-16,3.52645161290323,2.72075268817204,0.516667173529717,0.104159762587273,11.0691642163442,2.2044257690897,33.9253530541657,17.4516129032258,0
"478",481,481,280283,2018,"Broadleaf Forest",80440,"兵庫県",134.85,34.38,29,2,54.2255764299904,0.308728294907685,0.599112903225806,188,14.9,1509,55.6666666666667,119.666666666667,308.333333333333,202,1.47482749309109,-0.314976603636805,-0.701782104858152,0.461950567963694,0.163348031877913,0.399760797631751,0.435366240467502,0.727890336740371,0.266689330445388,0.485840901102461,0.543684906809219,7.61295788314393e-16,3.31142857142857,2.5,0.515904519981626,0.075143733405395,16.4852247888834,2.15443927537246,33.8862173613778,15.1428571428571,0
"479",482,482,280303,2018,"Broadleaf Forest",80427,"兵庫県",134.86,35.35,26,2,25.8334875126763,0.408608398508253,0.592634408602151,227,13.9,1809,50.3333333333333,103.333333333333,255.333333333333,482,2.07482201946382,0.353961567770396,0.477019577204065,0.734754630159516,0.676399776226635,0.196251266868381,0.577698393726077,0.795310333989701,0.631111556728897,0.551811301448383,0.533892509959028,0.609833576936056,2.24275720164609,3.21934156378601,0.495703515541265,0.0742876705331414,22.1109906080407,1.69773654242204,14.289909755517,17.8888888888889,0.111111111111111
"480",483,483,280304,2018,"Broadleaf Forest",80427,"兵庫県",134.86,35.39,59,4,62.5703905188894,0.256764258060469,0.559112903225807,387,12.6,1871,49.3333333333333,102,258.333333333333,482.666666666667,2.3800965964741,-0.023371679271362,-0.238679358873571,0.578443270497072,0.676417343422381,0.87999955522126,0.246895439136197,0.55658756684414,1.16705251411186,0.160130083462929,0.473069312621923,1.0672087596381,2.89797777777778,3.32448888888889,0.516345616291533,0.0722886330602486,16.7687625259546,3.10185469925551,10.9662939805265,29.4444444444444,0.222222222222222
"481",484,484,280309,2018,"Broadleaf Forest",80427,"兵庫県",134.86,35.57,54,4,47.1325476237878,0.23335508659274,0.564166666666667,149,13.6,1999,49.6666666666667,101.333333333333,281,454.333333333333,1.00150263181263,0.400084569454178,-0.30751013826383,0.221876869465811,0.383744126404096,0.118032188389236,0.225112901568103,0.259743139810024,0.598835705401068,0.134390852748399,0.252592203817314,0.267904678297581,2.87045454545455,2.88833333333333,0.498297736042093,0.0607202365240506,20.0211926738526,2.11118184536507,9.33818823811387,26.5909090909091,0.0454545454545455
"482",485,485,280310,2018,"Broadleaf Forest",80427,"兵庫県",134.86,35.61,58,4,86.1298009082448,0.250543457221142,0.544301075268817,192,13.2,2020,49.6666666666667,106,246,545,1.95563202006545,0.278328545122133,-0.329427251176502,0.812415955067387,0.658528342770084,0.366298784672696,0.310980853452401,0.485445921044472,0.673671104788213,0.444577602705387,0.49155073766313,0.409537472266369,3.01467883597884,2.74492275132275,0.507694273082223,0.0734713608290968,20.7651336444892,1.97720807535087,9.91735488729919,25.2857142857143,0.0714285714285714
"483",486,486,280312,2018,"Broadleaf Forest",80440,"兵庫県",134.9,34.27,54,4,16.0799615745562,0.093917909048401,0.569811827956989,306,13.9,1690,56,104.333333333333,322,273.333333333333,0,-0.59830540303861,0.0628420178770396,0,0,0,0,0,0,0,0,0,3.5,3.5,0.498555273311897,0.0709869936040637,15.1751778507531,1.53850013106823,24,25,0
"484",487,487,280313,2018,"Broadleaf Forest",80440,"兵庫県",134.9,34.31,70,4,48.9020677808611,0.410355678757856,0.602177419354839,262,15.3,1552,57.6666666666667,123.333333333333,300.333333333333,268.333333333333,2.41796178310287,-0.0682131258293309,0.584432330925679,0.725633915187307,0.819316185561577,1.20200062458158,0.793498206809966,0.962988422833569,0.646824328306477,0.549240006939867,0.323976622550699,7.09749719313939e-16,2.54541122885014,2.78873947271669,0.57049229903537,0.0971579809447014,14.8059747246403,2.01504299932441,14.0091173527893,20.8571428571429,0
"485",488,488,260004,2018,"Broadleaf Forest",80427,"京都府",134.94,35.35,61,4,47.0456673674271,0.234418655578184,0.553602150537634,308,14.1,1801,52.6666666666667,104.333333333333,274.333333333333,489.666666666667,2.15073036324503,-0.0799636991172682,0.52750030195155,0.467857103754012,0.526797402806267,0.723712829377885,0.627218817281316,0.506655125176562,1.25710176613918,0.254934632727133,0.284260480116798,0.727169841093432,2.44454545454545,3.48321428571429,0.530772611809412,0.0872184595004125,17.3189407104523,2.47878612563781,12.6066429529312,27.3636363636364,0.136363636363636
"486",489,489,280359,2018,"Broadleaf Forest",80440,"兵庫県",134.95,35.17,64,4,49.0171168506106,0.230653547122332,0.490241935483871,735,11,1850,47,97,258,549.333333333333,1.63745823393112,0.577918954787268,-0.225393679769606,0.885132663760016,0.641774787548857,0.0230193066789493,0.560177496838601,0.211429657110965,0.270803251079213,0.191812804350317,0.520798627198956,5.20417042793042e-16,2.46603603533874,2.4119028204959,0.499448803590568,0.0618306037637998,20.7854326435834,1.75309666105558,8.47818765320916,23.4166666666667,0
"487",490,490,280364,2018,"Broadleaf Forest",80427,"兵庫県",134.95,35.46,48,3,72.3778783851269,0.227050469366603,0.555967741935484,175,14.3,1896,53.6666666666667,110.666666666667,300,472.333333333333,1.87518213688,0.493624869507899,0.354898699571531,0.234878299675714,0.923329353395307,0.622969685234358,0.165999852590833,0.580571288653237,1.2113559680003,0.171099166172734,0.227655823681412,4.29608039963648e-16,2.47567632850242,3.30925925925926,0.548999889556829,0.0775807946342253,18.4393926890313,2.68654440389836,8.06085796788904,28.5652173913043,0
"488",491,491,280367,2018,"Broadleaf Forest",80440,"兵庫県",134.98,34.56,44,3,31.4247604483943,0.220972747497952,0.585672043010753,209,14.3,1446,56,117,294,212.333333333333,2.02521174838268,0.903380841207608,0.0502157353912549,0.576850638175712,0.781415744764132,0.380489508599366,0.108264481134189,0.678950957972855,0.678329261027761,0.815529057874147,0.328229325274788,4.14198589956308e-16,2.38575498575499,2.7780056980057,0.518999804600544,0.059604893918073,21.4038608742389,2.11448066326749,15.9555900825403,10.7692307692308,0
"489",492,492,260012,2018,"Broadleaf Forest",80427,"京都府",134.98,35.39,62,4,101.08362924564,0.253583865735608,0.503736559139785,333,12.7,1866,48,95.6666666666667,298,488,1.25164735370393,0.379894762544322,0.582862280011072,0.416561416418166,0.411587769457842,0.568115808194916,0.147693235294086,0.284443596640231,0.819499205222034,0.0736825918344423,0.201676917486188,2.00132308386377e-16,2.53387914230019,3.76202729044834,0.563230957014723,0.0788052042843717,16.5623020395882,3.05540786052205,10.7367591428215,29,0
"490",493,493,260014,2018,"Broadleaf Forest",80427,"京都府",134.98,35.57,60,4,26.6117659776698,0.148570037069771,0.555833333333333,81,14.2,1976,51,108,246.333333333333,543.666666666667,1.45535464886217,1.09212423839974,-0.572408162996208,0.779329545349607,0.127801349056085,0.170584740163959,0.0399667719934267,0.786885760797531,0.139975825014711,0.148562817773883,0.709603968932885,7.21644966006352e-16,3.1758024691358,2.83234567901235,0.489036848874598,0.0565067630421772,24.480640930149,2.07373932519685,6.6918543796757,16.6666666666667,0
"491",494,494,260016,2018,"Broadleaf Forest",80427,"京都府",134.98,35.64,75,5,19.2100364249167,0.229793129687398,0.543145161290323,165,13.6,2023,49.3333333333333,104.666666666667,244,551.333333333333,1.61088907293003,0.498013018162572,-0.126326927895209,0.165277806873308,0.713218344186935,0.386433015675557,0.163712491788929,0.286857409742524,0.840811419237385,0.150509511113419,0.421960931526162,0.675343043208484,2.78125,3.3875,0.495,0.0524425064517129,16.14648054625,2.92212412389515,6.94495302059455,21.5,0.125
"492",495,495,260017,2018,"Broadleaf Forest",80427,"京都府",134.98,35.67,50,3,16.182079579094,0.126259633408343,0.512956989247312,173,13.8,2039,49,104.666666666667,235,533.666666666667,0.25240289395514,0.579262180488972,-0.251434180169471,0.120138427858492,0.0302151845591449,0,0.0373291894707018,0.104340706837273,0.0313230240662209,0.0475932065867986,0.18120244206679,1.01770443923973e-16,2.93978395061728,2.98558641975309,0.498555273311897,0.0545884060430964,20.6896140978232,1.98142956149687,9.96694885917668,23.9166666666667,0
"493",496,496,280374,2018,"Broadleaf Forest",80440,"兵庫県",134.99,34.85,4,1,31.8252856914167,0.322218256776805,0.654435483870968,135,14.6,1423,53,119.666666666667,295.666666666667,209,1.65726374982739,0.222981269798143,0.142051927195137,0.590892189862333,0.442632666877108,0.164934545393008,0.501225403309629,0.758323443562758,0.497237292010124,0.273634669040363,0.324222828780433,0.510294625328724,2.66818181818182,3.12545454545455,0.49748976907337,0.0722911805395616,21.5868851968143,1.71149303143952,13.0534317083078,23.1818181818182,0.0909090909090909
"494",497,497,280377,2018,"Broadleaf Forest",80440,"兵庫県",134.99,34.96,66,4,3.93447088300836,0.108286972719914,0.634811827956989,177,14.4,1495,54.3333333333333,118,281,357.666666666667,0,0.516280850674731,-0.28203122088591,0,0,0,0,0,0,0,0,0,3,3,0.498555273311897,0.0535982747166669,20.3892761044672,1.9700243805447,10.3987823171093,25,0
"495",498,498,280402,2018,"Broadleaf Forest",80440,"兵庫県",135.03,35.03,68,4,9.3749443035812,0.0734041985436004,0.611478494623656,272,13.7,1597,51.3333333333333,104.666666666667,272,414.333333333333,0.666551689693186,0.508298053684893,-0.133808912877996,0.16663811804099,0.247625407074923,0.268870467947799,0.132907635097247,0.187442901988917,0.46920814609973,5.20417042793042e-17,0.0997880581311868,9.71445146547012e-17,2.9125,3.12375,0.50998586414791,0.0572914299069415,19.8240413129713,2.14900558464328,10.3987823171093,25.625,0
"496",499,499,260020,2018,"Broadleaf Forest",80427,"京都府",135.03,35.35,77,5,65.4169572450734,0.302753184072452,0.544220430107527,495,13.6,1803,48,95.3333333333333,298.666666666667,505.666666666667,1.74037122327474,0.539537305447039,-0.0312606699593998,0.606665192855905,0.616185075806125,0.576145724909581,0.267140946539087,0.386786841303675,0.937910578712957,0.104633464863936,0.557545975590124,2.77555756156289e-16,2.82388888888889,3.02,0.530703515541265,0.0631097756925144,19.1757585527923,2.27490008236634,10.4313381745572,24,0
"497",500,500,260023,2018,"Broadleaf Forest",80427,"京都府",135.03,35.6,100,5,43.227597916091,0.281374623663707,0.542983870967742,86,13.9,1984,48.6666666666667,98,302.333333333333,452,1.67395685009948,0.769735845353382,-0.147463581368549,0.877817826585653,0.908827292338545,0.0545063666796083,0.266607874514009,0.37790840588123,0.343653265028294,0.0490820041487854,0.422163375600139,8.88178419700125e-16,2.05896791355131,2.32329218331373,0.496358713826366,0.0462107804556417,20.7063390967329,1.74717472304194,5.2206755673286,26.6923076923077,0
"498",501,501,260024,2018,"Broadleaf Forest",80427,"京都府",135.03,35.64,64,4,40.9640962460866,0.25009584511507,0.543279569892473,94,13.9,2011,51,110.666666666667,248,531.333333333333,1.19487875501711,0.503865970985161,-0.391393795957882,0.594511420013024,0.598768102220648,0.0382752464079798,0.27806525299732,0.234534779049167,0.340884167460596,0.202890209747194,0.247673407439179,6.57368896159632e-16,2.70569413826387,2.52639131042703,0.497052364190218,0.0594005723619796,20.3159114356207,1.91642678546672,8.44775618002171,26.3157894736842,0
"499",502,502,280413,2018,"Broadleaf Forest",80440,"兵庫県",135.07,34.7,65,4,61.2820842488227,0.299636580161926,0.679865591397849,162,14.7,1406,55.6666666666667,125.333333333333,270.333333333333,189,2.55224013013138,-0.480260993543382,-0.51871261597524,0.485618229478876,0.410902128582114,0.681724612345399,0.504689688928736,0.783272488214037,1.25410780589149,0.316449243177161,0.554997303489986,1.05049309448579,3.16652173913043,2.70782608695652,0.505949731581155,0.0824262668110529,15.7866581873804,2.41664502782992,14.6036947747566,27.7826086956522,0.217391304347826
"500",503,503,280417,2018,"Broadleaf Forest",80440,"兵庫県",135.07,34.85,47,3,39.8061847282923,0.165068679812291,0.621639784946237,141,14.6,1451,59.3333333333333,120.666666666667,311,213,0.693259135068832,0.46070541597149,-0.185712316855479,0.24560754011791,0.0360735306406926,0.07358894723994,0.238047165036413,0.30935088552956,0.128468933058422,0.087414041815245,0.28194086265637,0.246553809425319,2.87103395061728,3.00141975308642,0.495698803590568,0.0601442023551652,20.9144784139589,1.94648724627332,10.7068338078599,23.5416666666667,0.0416666666666667
"501",504,504,260028,2018,"Broadleaf Forest",80427,"京都府",135.07,35.31,81,5,43.9459579360125,0.193277855931258,0.595779569892473,142,13.6,1781,52,106.333333333333,265,479.666666666667,1.09336971987422,0.66189315403602,-0.76724213562611,0.888673870097843,0.304652557723858,0.19124379174091,0.0779434565194954,0.181703687977845,0.0963444613796939,0.170851839886715,0.277808375380546,6.0409193986957e-16,3.38235294117647,2.67647058823529,0.48511749763571,0.0529980656601962,21.3244520945716,1.96945693373278,6.94771602270459,23.2352941176471,0
"502",505,505,260032,2018,"Broadleaf Forest",80427,"京都府",135.07,35.46,77,5,12.8638357907385,0.286380838155207,0.543172043010753,331,12.9,1907,49,98.6666666666667,285,450,2.5680489600024,-0.494423075997693,-0.690876320611565,0.860855267081141,0.386417840588688,0.861892053758461,0.177825324182703,0.785136726829257,1.2921271128326,0.439050896420291,0.836318963385186,8.32667268468867e-16,3.54562039033165,2.97616687288674,0.466185091103966,0.08064508860597,15.4798997689314,2.11778824338065,14.6170466039093,32.5,0
"503",506,506,260033,2018,"Broadleaf Forest",80427,"京都府",135.07,35.49,66,4,45.4540321424767,0.162183784598001,0.543172043010753,296,13.2,1918,48.6666666666667,93.3333333333333,309.333333333333,469.333333333333,1.32935684577288,0.544052123436582,-0.170805806935003,0.628621006767767,0.614451530949046,0.138120516257324,0.222761418157701,0.442164693113576,0.212079232670119,0.240479794243235,0.560036429460328,5.48580788638313e-16,3.02250544662309,3.17496732026144,0.491836385473804,0.0534238906090658,19.1213845945788,2.06010868672703,7.61378736613178,23.6470588235294,0
"504",507,507,260034,2018,"Broadleaf Forest",80427,"京都府",135.07,35.53,74,5,89.5240713598872,0.239541951820858,0.559112903225807,85,14.5,1918,48.6666666666667,102.333333333333,291.666666666667,447.333333333333,0.682311871647515,0.623944693683358,-0.208670553240599,0.325491225651232,0.221022928084802,0.0477637272459086,0.0998041859489714,0.241233009384079,0.122174198295712,0.15099706981359,0.33209465746059,2.57201667371495e-16,2.90540740740741,3.02106172839506,0.496651588424437,0.054731479422594,20.5678380095558,2.00975125615249,8.4157995770916,23.7666666666667,0
"505",508,508,280431,2018,"Broadleaf Forest",80440,"兵庫県",135.12,34.74,54,4,102.651372510253,0.22511142617367,0.619112903225806,301,14,1511,54.6666666666667,114.333333333333,291.666666666667,259,1.01638472238483,0.535051451606027,0.0577261657973858,0.334529861620553,0.454193416474654,0.319034005742825,0.166120960905199,0.343108928252035,0.555245291922171,0.0755304306415829,0.194533697268259,1.46347580518771e-16,2.77947250280584,3.28496071829405,0.513060375133976,0.0564857318966049,19.5312392521691,2.19026238219782,9.65839217096057,26.0909090909091,0
"506",509,509,260057,2018,"Broadleaf Forest",80427,"京都府",135.16,35.42,85,5,29.6689485242915,0.201792866254832,0.541317204301075,66,14.4,1827,54.3333333333333,109.333333333333,276.666666666667,481,0.332507451507461,0.404631925548007,-0.335589295359864,0.149762346394281,0.0136832257174185,0.172314399141402,0.0581617023830894,0.144815829067942,0.14304253858475,0.0718307007541584,0.0909820680388819,8.76491861546176e-18,3.07263157894737,2.99368421052632,0.491789206295481,0.0550909793668352,19.985941884544,1.91962836051603,11.0294113484084,25.5263157894737,0
"507",510,510,260058,2018,"Broadleaf Forest",80427,"京都府",135.16,35.46,16,2,5.46704955518678,0.208741131832401,0.515645161290323,356,12.6,1917,51.3333333333333,96.6666666666667,287,454,2.61021404525088,-0.356568342867026,-0.605828473778301,0.320876691899203,0.696696161312373,0.529015363399258,0.341657927430199,0.682845308892921,1.58574754274871,0.3276868169739,0.405487982247362,1.37212554810613,2.72771604938272,2.83197530864198,0.469036848874598,0.0668356106574723,17.0051044436041,2.66686423032176,8.7832080549188,33.3333333333333,0.333333333333333
"508",511,511,260063,2018,"Broadleaf Forest",80427,"京都府",135.16,35.68,81,5,197.700031644705,0.338314692147728,0.504516129032258,147,13.4,2034,49,98.3333333333333,220.333333333333,592.333333333333,2.88758751284513,0.0625101522064051,-0.656435068229284,1.03190745253921,0.593787357499593,0.530353982645137,0.380186582831531,0.823872321220671,1.35243440395672,0.354868134389526,0.963737355357711,1.0887396185789,2.54772739883163,2.37981368206224,0.471050608176389,0.059666623207548,18.5709942217924,2.27980286710604,10.6223502135251,25.2571428571429,0.228571428571429
"509",512,512,300013,2018,"Broadleaf Forest",80440,"和歌山県",135.17,33.98,48,3,27.2020219410303,0.166959041894632,0.564408602150538,249,15,1864,56.3333333333333,105,323.333333333333,245.666666666667,1.33571787272068,-0.151308043990903,-0.628309554629754,0.473235800678791,0.348620099338996,1.57281595155231e-17,0.308782021448426,0.595496548254645,0.552020947163857,0.320205913354719,0.38278065524151,4.36687723019228e-16,3.52642515026848,2.81619131974846,0.498555273311897,0.0722523388061368,17.1970695800299,2.03948915511675,18.3885354985054,24.8666666666667,0
"510",513,513,300022,2018,"Broadleaf Forest",80440,"和歌山県",135.22,33.87,72,5,20.7076899018737,0.329864151534269,0.584596774193548,87,16,1876,54,115.333333333333,337.666666666667,239,2.37669132848609,-0.459051197784617,-0.565365700324304,0.846793701881765,0.323973596557861,0.993643916458179,0.534876642170954,1.11114123465872,0.991473158001811,0.342002575226154,0.570217475035353,7.42461647718073e-16,3.45625,2.27333333333333,0.547838954983923,0.102093905972891,13.7741287063736,2.33323154128034,17.7729646717952,25,0
"511",514,514,280482,2018,"Broadleaf Forest",80440,"兵庫県",135.25,34.88,98,5,25.4253979113752,0.274491586070448,0.586505376344086,189,14.6,1526,57.6666666666667,119.666666666667,289.666666666667,341.666666666667,2.13233050001234,-0.669729469669166,0.25665921272961,0.712308393258702,0.172365923224561,0.365538486038423,1.18658321536884,0.604037650043668,0.625541749730363,0.423465998453777,0.180961578854195,1.22470710078894,2.55,3.10363636363636,0.479858380590471,0.0932677612450932,18.1978105593464,1.68294041687058,15.2416656175813,26.3636363636364,0.272727272727273
"512",515,515,280484,2018,"Broadleaf Forest",80440,"兵庫県",135.25,34.95,70,4,19.1137975989993,0.404586927069155,0.574811827956989,375,13.2,1652,51,98.6666666666667,273.666666666667,377.666666666667,0.845877416469848,0.717711524948169,-0.171732822761923,0.349493608315614,0.161210390966917,4.62592926927149e-18,0.158010655141458,0.324573758755252,0.132831569161187,0.189356356926469,0.54740877603394,3.51570624464633e-16,2.75913580246914,2.85901234567901,0.498555273311897,0.0612820039002682,21.4241043045393,1.9738801660639,9.94158599281687,19,0
"513",516,516,300034,2018,"Broadleaf Forest",80440,"和歌山県",135.26,33.8,64,4,32.7279493042493,0.195844737923403,0.576263440860215,174,16,1995,54.6666666666667,117.666666666667,353,241.666666666667,1.8826742809865,1.02279375825835,0.409514008461865,0.619673126411946,1.07292432271809,0.28352044394499,0.154118029579709,0.353214430091556,0.977197356695826,0.119280620345446,0.45982337186851,3.5527136788005e-16,2.28822222222222,3.38611111111111,0.516133163987138,0.0545259922359545,21.1906559227618,2.30990767002076,7.79281962663964,18.3,0
"514",517,517,280498,2018,"Broadleaf Forest",80440,"兵庫県",135.29,34.99,58,4,26.8975402078886,0.186413020823786,0.557150537634409,341,13.9,1615,50,97,273.666666666667,404.666666666667,2.19146948175203,-0.109430099120889,0.437333479829527,0.681609300218676,0.500099505548865,0.470386003681552,0.592334863535723,0.486509266137076,0.923532289468819,0.232346871486788,0.497849133759262,0.609833576936056,2.22283707944181,3.13061848213411,0.51125907109682,0.0786425980434195,17.568375732308,2.01475241792249,10.7635175911143,30.4444444444444,0.111111111111111
"515",518,518,280510,2018,"Broadleaf Forest",80440,"兵庫県",135.34,34.99,61,4,33.5860025284689,0.180166335183459,0.541344086021505,440,13.8,1641,53.3333333333333,107.333333333333,286,402.666666666667,0.671564037319119,0.30547563869059,-0.144752160943557,0.225740136677921,0.088497949592833,0.0835792834668351,0.279200887015675,0.240884165046784,0.193438398734298,0.168542634490854,0.192813673191093,0.280025622062474,2.90273368606702,3.0336684303351,0.495290736487521,0.0615181667919322,19.8764704458303,1.90586708158333,11.6754264200313,24.0952380952381,0.0476190476190476
"516",519,519,260108,2018,"Broadleaf Forest",80440,"京都府",135.34,35.17,60,4,46.0158684196196,0.177083849845266,0.563817204301075,255,13.9,1714,52,113,275,555.666666666667,0.521571517724062,0.522286035944685,-0.304014730716694,0.162972835172515,0.332614594008068,3.75856753128308e-18,0.159319901237467,0.123285427194206,0.179106640862339,0.117764872957064,0.1431879437311,4.41776245215427e-16,2.90541666666667,2.81627976190476,0.498555273311897,0.0584913663558786,20.8001772240527,1.89989672008331,9.16153600104486,25.2916666666667,0
"517",520,520,260114,2018,"Broadleaf Forest",80427,"京都府",135.34,35.39,59,4,60.8632905085921,0.193597988627999,0.543763440860215,209,13.9,1835,48.3333333333333,103.333333333333,289,463.333333333333,1.46789097282661,0.564640398064665,0.0405217321525991,0.374486610997417,0.558928565669364,0.547593977992863,0.278230971716018,0.426791671469813,0.881376685781438,0.0993876885610492,0.303305010721027,2.97909844941084e-16,2.78045679012346,3.20796296296296,0.527655357984995,0.0619138734670282,19.2081423758383,2.39188888439485,9.71164975204673,25.4666666666667,0
"518",521,521,260116,2018,"Broadleaf Forest",80427,"京都府",135.34,35.46,61,4,86.0260299678265,0.268241696518048,0.563198924731183,181,13.9,1882,49.3333333333333,101.666666666667,279.666666666667,433.333333333333,0.961259928608074,0.622017198379217,-1.04648065092853,0.606042195490208,0.125905506761296,0.160054817931616,0.136551025354087,0.392948350277509,0.286793579953546,0.206187590722308,0.15018073416569,7.05197217493386e-16,3.85431026866767,2.70269888134174,0.478460821722044,0.059630581936253,21.0080855186517,2.12908817757746,6.81298860768386,20.5555555555556,0
"519",522,522,300075,2018,"Broadleaf Forest",80440,"和歌山県",135.35,34.16,64,4,97.2503632586165,0.188877992650066,0.569596774193548,155,15.1,1818,56.3333333333333,111.333333333333,292.333333333333,246.666666666667,0.595448352012471,-0.322534628108332,-1.02165401635961,0.355910296753458,0.0873588111841379,0.0120046361675643,0.0743458886089922,0.201897030471536,0.172929310757914,0.185884486723708,0.267137465171837,2.01966103415853e-16,3.88254531126872,2.54379038613081,0.499011544092495,0.07921377997675,19.0757170705092,1.86991557808549,20.7861305013133,28.3617021276596,0
"520",523,523,260117,2018,"Broadleaf Forest",80440,"京都府",135.38,35.03,76,5,42.2032506265611,0.119740265973439,0.498736559139785,657,11.4,1843,52,105.333333333333,282.333333333333,404.333333333333,0.673389741818707,0.350487174387138,-0.121040288118619,0.218545464964147,0.1776796369793,0.173659890699426,0.276960266203439,0.213099056338808,0.302884360053747,0.0761444919487644,0.0901084404994139,0.220217680560242,2.88703703703704,3.08740740740741,0.502789872573538,0.0611740253456282,19.7567157218977,2.03710060519058,11.0564578270499,25.5555555555556,0.037037037037037
"521",524,524,300109,2018,"Broadleaf Forest",80440,"和歌山県",135.43,33.91,58,4,46.5986815647718,0.207898418699529,0.515645161290323,511,13.5,2282,50.6666666666667,100.666666666667,352.666666666667,280,1.11326813870937,0.0592954828156391,-0.215753392901622,0.426154745596599,0.248591504809756,0.209205516334344,0.282104037695075,0.522424296126237,0.374615986114614,0.389458815453791,0.203881840053457,0.212644456753692,3.17276455026455,3.10453703703704,0.489475948553054,0.0644845206389818,18.7532440090617,1.80004461392667,14.2745401463654,24.3214285714286,0.0357142857142857
"522",525,525,260146,2018,"Broadleaf Forest",80440,"京都府",135.47,35.06,90,5,13.4258029931117,0.175793417718378,0.58497311827957,240,14.1,1686,52.6666666666667,108.333333333333,288,357.333333333333,0,0.45241847475603,0.903747243177399,0,0,0,0,0,0,0,0,0,2.3,3.99,0.59,0.0831435162388636,15.8673977725,3.40187401333333,10.3987823171093,30,0
"523",526,526,260148,2018,"Broadleaf Forest",80440,"京都府",135.47,35.14,61,4,11.6973958737,0.17270495704981,0.580806451612903,287,14.1,1724,49.3333333333333,98.6666666666667,271.333333333333,476.666666666667,0.666551689693186,0.508298053684893,-0.133808912877996,0.16663811804099,0.247625407074923,0.268870467947799,0.132907635097247,0.187442901988917,0.46920814609973,5.20417042793042e-17,0.0997880581311868,9.71445146547012e-17,2.9125,3.12375,0.50998586414791,0.0572914299069415,19.8240413129713,2.14900558464328,10.3987823171093,25.625,0
"524",527,527,260150,2018,"Broadleaf Forest",80440,"京都府",135.47,35.21,94,5,12.6491658890522,0.177523627858299,0.525430107526882,329,13,1805,50,103,287.333333333333,511.666666666667,2.62804882274233,-0.303444886122766,0.645899642501455,0.430689630256509,0.465791450345196,0.576103502223959,0.999931629554198,0.850999027811996,0.963025740477065,0.45871754611077,0.727027280670076,1.15773093121454,2.14152777777778,3.27763888888889,0.504277636655948,0.10180387205054,18.6014840752165,2.11614980299202,12.8948414485118,22.625,0.25
"525",528,528,300123,2018,"Broadleaf Forest",80440,"和歌山県",135.48,33.59,43,3,37.8873900438994,0.222516815064485,0.552231182795699,169,16.5,2379,51,109,377.666666666667,245,1.77185914737861,0.684090851023851,0.345204648815435,0.705248905572938,0.65878807633862,0.0837796099258525,0.141515691531696,0.736661149953806,0.667844963713052,0.496997175499951,0.462172115405818,2.71025032482024e-16,2.52525054466231,3.43919389978214,0.502339636845092,0.0624608830060571,20.3079089692616,2.13396633109855,12.4989350491287,16.7058823529412,0
"526",529,529,300143,2018,"Broadleaf Forest",80440,"和歌山県",135.48,34.31,54,4,30.4929155193157,0.324253790905613,0.577956989247312,233,14.4,1849,54.6666666666667,109.333333333333,272,278.666666666667,0.975069900351175,0.46519094993977,0.666591550364737,0.243767761248534,0.362240595492458,0.39331908454078,0.194424883342258,0.274202188052358,0.686384488008747,8.32667268468867e-17,0.14597567360905,1.22124532708767e-16,2.44,3.792,0.571711054662379,0.0772344679344243,16.7717734388934,3.1155040867756,10.3987823171093,29,0
"527",531,531,300157,2018,"Broadleaf Forest",80440,"和歌山県",135.52,33.98,57,4,99.2914070101436,0.355252827896775,0.414865591397849,561,12.6,2360,49.3333333333333,89.3333333333333,300.666666666667,370,2.12460982262263,0.58129851781736,-0.000361302469690527,0.708161547936209,0.727646151928996,0.513098119233379,0.39698200881182,0.684593062188966,1.20203897049693,0.169744617614582,0.684260970042425,7.81782046506881e-16,3.02628921343266,3.17735847401017,0.539101757770632,0.0640583253888087,19.1565827173907,2.34692956916043,8.95223017149419,24,0
"528",532,532,300170,2018,"Broadleaf Forest",80440,"和歌山県",135.57,33.62,103,5,114.875414518942,0.263927733734793,0.505241935483871,336,14.6,2569,51,99.6666666666667,361.333333333333,249,2.05986793647703,0.371093686399882,0.502583348471439,0.532737320080375,1.03705088068754,0.601873309484111,0.229912300159511,0.504301902456651,1.20141475839462,0.191545406841681,0.455631561502684,3.94320591504797e-16,2.49241379310345,3.44942528735632,0.558023705510589,0.0782553620862712,16.5052229603067,2.78907148079264,10.5988109860399,26.551724137931,0
"529",533,533,300213,2018,"Broadleaf Forest",80440,"和歌山県",135.65,33.66,92,5,31.4598604101675,0.316862654846007,0.495537634408602,632,13.1,2682,50,96,343.666666666667,283.666666666667,1.70252526574194,0.132403667750995,0.416096408671764,0.617414701413014,0.606721261260818,0.795496536262016,0.0148538258054705,0.143707211632494,1.03244265259256,0.173590194222662,0.353767576348464,2.93416085079506e-16,2.69714285714286,3.61857142857143,0.548571428571429,0.0833675552410527,15.3801925266754,2.91943334695053,12.2741126815827,28.5714285714286,0
"530",534,534,260195,2018,"Broadleaf Forest",80440,"京都府",135.65,34.96,65,4,59.4836495011181,0.21378686443549,0.618306451612903,209,13.5,1708,54,110.333333333333,277,352,1.26582394583481,0.488170844454897,-0.0544149884683814,0.454041638635042,0.415488197056127,0.435438387970661,0.22863223488123,0.384156170315703,0.726512864607651,0.059687469968132,0.256597863765909,2.0122792321331e-16,2.78666666666667,3.11791666666667,0.512249788317256,0.0619367068965861,19.3983045605237,2.2379235934564,10.4661968422884,25.2083333333333,0
"531",535,535,260200,2018,"Broadleaf Forest",80440,"京都府",135.65,35.14,44,3,35.6139929024869,0.206421092833438,0.506801075268817,426,12.5,1818,51.6666666666667,101.666666666667,275.666666666667,531.666666666667,0,0.516280850674731,-0.28203122088591,0,0,0,0,0,0,0,0,0,3,3,0.498555273311897,0.0535982747166669,20.3892761044672,1.9700243805447,10.3987823171093,25,0
"532",536,536,300232,2018,"Broadleaf Forest",80440,"和歌山県",135.69,33.77,103,5,64.8337631807522,0.325809207751014,0.478736559139785,593,12.8,2663,52.6666666666667,99,345.666666666667,290.666666666667,2.63112521490489,-0.462216911956981,-0.126277642330782,0.872371062043398,0.966817969995348,0.663835475950919,0.239860789794702,0.358243541038676,1.26538553491122,0.831628354362962,0.405487982247363,0.857578467566329,2.93646540300151,3.03877054423483,0.534438161843515,0.0878280039860978,15.6106704505476,2.64554023785412,19.9793959488474,27.5,0.166666666666667
"533",537,537,300225,2018,"Broadleaf Forest",80440,"和歌山県",135.7,33.51,69,4,43.2503380051048,0.367851230810372,0.540456989247312,180,16.1,2666,55,107,367.666666666667,232,0.465952831695598,-0.562583335984286,-0.106118599444369,0.165877470672079,0.297699371706492,1.01414603210952e-17,0.059232991812291,0.167349213789389,0.103452528669627,0.0307219602580199,0.153317645358618,1.11022302462516e-16,3.57461538461538,3.34615384615385,0.498555273311897,0.0719247304941349,15.5948871383838,1.57930779300366,23.7555690281359,24.9230769230769,0
"534",538,538,180024,2018,"Broadleaf Forest",80427,"福井県",135.73,35.43,65,4,45.5706895924965,0.192729111380582,0.525430107526882,292,13.2,1967,50.6666666666667,95,319.333333333333,474,2.59641347331117,-0.596622195995771,-0.446060105554751,1.00052731434239,0.450329685249593,0.245861243281658,0.734217512077653,0.596925476322154,0.701494335995796,1.015523099925,0.314460067865302,1.26011529928114,3.38463844797178,2.90033509700176,0.49801567141326,0.0804119967731536,19.5712775717392,1.81776902076262,19.8228775527185,25.4761904761905,0.285714285714286
"535",539,539,180026,2018,"Broadleaf Forest",80427,"福井県",135.73,35.53,85,5,71.1691085274154,0.221769898027825,0.531344086021505,139,14.3,2036,51.6666666666667,110.333333333333,283,458.666666666667,3.1533020720212,-1.48731637221882,0.393779615318443,0.946110297848718,0.352831748856291,0.451328130720909,1.32816918560506,0.974797356968408,1.24052872164261,0.46011951400952,0.391006268595671,1.51213835913736,2.36428571428571,3.02,0.469174441892513,0.123702606009754,14.3877863677821,1.88350867840755,19.2264582348207,25,0.428571428571429
"536",540,540,300254,2018,"Broadleaf Forest",80440,"和歌山県",135.78,33.59,58,4,67.7983772507861,0.319257097095364,0.539784946236559,382,15.5,2804,50.3333333333333,104,354.333333333333,245,2.431935664574,-0.340375483958592,-0.0179518954523291,1.01756105342441,0.956711285427462,0.68706771412289,0.155550462231164,0.249486901117686,1.27112407979232,0.732174271344186,0.144392259794076,0.727169841093432,3.03306397306397,3.28202441077441,0.546747372113417,0.0861396892136402,16.6742325831448,2.68388597411758,19.5981971444151,29.4090909090909,0.136363636363636
"537",541,541,300258,2018,"Broadleaf Forest",80440,"和歌山県",135.78,33.73,54,4,69.1674077171177,0.26455684780335,0.499059139784946,388,14.9,2789,49.6666666666667,102.666666666667,331.666666666667,241.666666666667,2.02878967494827,-0.0907832214314364,-0.0584750423837504,0.657630549385812,0.745297921383493,0.539073650607612,0.331788915846822,0.781297374972372,0.9943986644237,0.333031725919055,0.536460600513261,5.49560397189453e-16,2.96642562289685,3.05884940785477,0.532705400321543,0.0971451507686824,13.0920396443104,2.99795556086374,14.8446060263728,21.6,0
"538",542,542,300272,2018,"Broadleaf Forest",80440,"和歌山県",135.82,33.84,55,4,53.2121660478677,0.288404692035735,0.545725806451613,199,15.3,2848,53.6666666666667,107.666666666667,359,276.666666666667,1.58815888347578,-0.181113220943312,-0.653908346478276,0.683566929391037,0.495569695724423,0.218784144901103,0.184566399209566,0.481891673963989,0.739669085576532,0.383720146223044,0.414177010438377,3.83291282311066e-16,3.59035273368607,2.79271604938272,0.504544745062012,0.076725603782327,17.5066941970645,2.0621187021438,17.7960135646618,26.3809523809524,0
"539",543,543,180041,2018,"Broadleaf Forest",80427,"福井県",135.86,35.5,63,4,72.4047768754261,0.23266652177221,0.548951612903226,245,13.9,2048,49.6666666666667,95.6666666666667,317.333333333333,438.666666666667,1.21298195603435,0.274273726948818,-0.459045403559825,0.252111003076981,0.492312818298709,0.181849031168495,0.267109685476216,0.265230038362027,0.558570450065652,0.188866876722424,0.310451736408137,0.471668157161481,2.8475,2.64583333333333,0.491175667202572,0.0647316929048016,20.3607468426266,2.01747645094506,8.86259169871012,27.9166666666667,0.0833333333333333
"540",545,545,180045,2018,"Broadleaf Forest",80427,"福井県",135.91,35.46,64,4,123.082774834201,0.368782110108003,0.534032258064516,219,13.1,2022,50.3333333333333,93.6666666666667,308.666666666667,465.666666666667,1.94808994161081,0.575080180294167,0.175570949876375,0.531781062583959,0.816623905136002,0.592631948241654,0.341290158587739,0.495170231467815,1.10179051597051,0.160514228342405,0.385635167993664,4.802921345661e-16,2.35935675759208,3.02375100020053,0.534772775059416,0.0633154942520353,18.5620845361328,2.46315893196809,9.69546927376474,26.2608695652174,0
"541",546,546,290156,2018,"Broadleaf Forest",80441,"奈良県",135.95,34.13,112,5,70.8535611498922,0.31131498441815,0.307043010752688,1231,8.9,2670,49,96,331.333333333333,331.666666666667,1.3891155559913,0.36348322477398,0.0895227042880498,0.374771895907912,0.77050251113333,0.0509143229571001,0.333815208598313,0.491952027611904,0.411520578735289,0.228050302662508,0.229017957320322,0.212644456753692,2.64289021164021,3.19099206349207,0.496515610932476,0.0550668822472293,18.5329237123034,1.99075772596596,6.89059388946515,28.5357142857143,0.0357142857142857
"542",547,547,180051,2018,"Broadleaf Forest",80427,"福井県",135.95,35.57,64,4,85.1215110031955,0.233820727184239,0.49997311827957,274,12.9,2121,50,98,306.333333333333,432.666666666667,2.22479992342262,0.0162900334972414,0.544878289528815,0.448473039729482,0.521098812612379,0.730137771988187,0.6243957602421,0.432052304728806,1.15853226675478,0.285127693372584,0.518897902282172,0.675343043208483,2.44804783950617,3.54405753968254,0.52481469721329,0.0818644267923951,17.0170327248211,2.47382842458905,11.2982867900317,26.2083333333333,0.125
"543",549,549,180054,2018,"Broadleaf Forest",80427,"福井県",136,35.53,64,4,96.793489873369,0.223029308725785,0.412177419354839,361,13,2092,50.3333333333333,88.3333333333333,305,476.333333333333,1.53818779040374,0.686181376454005,-0.268153922230452,0.988552727871487,0.47276846493141,0.123660534132508,0.48810659334177,0.216414027025,0.233144422325218,0.0236434095134622,0.469207522314805,2.35922392732846e-16,1.88587189272421,1.84038548635099,0.500598974506201,0.0515876215862889,19.9611328839974,1.65470108446242,5.03741581356175,26.5714285714286,0
"544",550,550,180058,2018,"Broadleaf Forest",80427,"福井県",136,35.68,72,5,12.5529125513098,0.113361486427939,0.496962365591398,95,13.7,2266,48.6666666666667,98.6666666666667,254.666666666667,537.333333333333,2.16180781252772,-0.0480714002998505,-0.254486817237821,0.427168518720084,0.567210165887321,0.605630392503281,0.303081077384439,0.498902123007827,1.30854570538982,0.212657087805307,0.331762894566024,0.918530325591705,2.89301346801347,3.24690235690236,0.507393785442853,0.0674735297606294,17.1083793666106,2.78214081146915,12.1859443299571,30,0.181818181818182
"545",551,551,290196,2018,"Broadleaf Forest",80441,"奈良県",136.04,34.13,76,5,82.497845357054,0.404511528460412,0.461774193548387,793,11.6,2660,49.6666666666667,95.3333333333333,296.666666666667,270,1.42369978250991,1.27014671675383,-0.134687334759626,0.577582158226329,0.398949478914522,0.0998781579106976,0.179252741574222,0.429542440386715,0.377499083345504,0.0313181470894834,0.791322210253144,5.4718134785097e-16,2.44948412698413,2.78529100529101,0.496007714745062,0.0617042204629299,24.2065952035392,2.19092691587324,5.35298506808767,13.8571428571429,0
"546",552,552,290197,2018,"Broadleaf Forest",80441,"奈良県",136.04,34.16,81,5,39.5082505488299,0.281176227249605,0.461774193548387,514,12,2629,53,92.6666666666667,313,329.333333333333,2.23409604368127,0.808911990250402,0.264515246106637,0.608290211064482,1.17917685388082,0.542346977216139,0.34908509889316,0.620942847521705,1.23292361439407,0.125524891254419,0.347908688768237,8.10462807976364e-16,1.90888826113734,2.80206130072668,0.534562812433012,0.0528792129530119,19.294679754479,2.35940163906768,6.7398720098445,27.4,0
"547",553,553,290198,2018,"Broadleaf Forest",80441,"奈良県",136.04,34.2,41,3,8.98746518455412,0.216438367353425,0.404650537634409,951,9.3,2634,48.3333333333333,93.6666666666667,319.333333333333,449,1.56801306089738,0.790177769851477,0.283522667805495,0.364587576248302,0.503823409611704,0.39331908454078,0.121008453769083,0.821700523367464,0.688893713894809,0.354897905114084,0.510914857631677,5.55111512312578e-17,2.49244444444445,3.19422222222222,0.516844218649518,0.0684325433165697,20.3798137729957,2.25220676006276,10.1364391976256,16,0
"548",554,554,180063,2018,"Broadleaf Forest",80427,"福井県",136.04,35.53,119,5,112.695881799041,0.400911649594584,0.412177419354839,546,11.4,2101,49.6666666666667,90.6666666666667,308.333333333333,543.333333333333,0.682414077115202,-0.0887105954376856,-2.05739847376983,0.220511617936143,0.126608855157967,0.131796215102929,0.0860539556902985,0.14460208905982,0.479517188246627,0.0774779884523021,0.0505106137055537,0.341844427209831,4.89235294117647,1.80882352941176,0.493346139587668,0.0420230818729971,18.4490400519328,1.53385854199683,6.00468377439744,35.2941176470588,0.0588235294117647
"549",555,555,180069,2018,"Broadleaf Forest",80427,"福井県",136.04,35.93,58,4,33.9454358195283,0.240564097857472,0.447634408602151,203,12.9,2376,48.6666666666667,93,241.333333333333,559.666666666667,1.31532242690065,0.0408308631391285,0.033936324065264,0.565164225397001,0.100859193088108,0.191306906620455,0.61824977369886,0.387980104060858,0.401226283305175,0.230577276958104,0.138904187690273,0.640958301018432,2.66043572984749,3.00511982570806,0.490489947039909,0.0712802115961893,19.4036309565212,1.8171854026783,11.854873011674,24.9411764705882,0.117647058823529
"550",556,556,290217,2018,"Broadleaf Forest",80441,"奈良県",136.08,34.2,40,3,19.0842144746503,0.133791281894541,0.294650537634409,1414,8.8,2671,48.3333333333333,91.3333333333333,308.333333333333,401,2.69045566879528,0.697496583317681,-0.906494059983037,1.54879588307551,0.821444582707647,0.940042833894534,0.220711398949634,0.49337075338119,1.09977197159125,0.209590311746947,0.591201478116655,7.54951656745106e-16,2.636,2.362,0.447422109324759,0.0487587339524303,21.812491105619,2.10578716197087,6.75907710038075,27.2,0
"551",557,557,240036,2018,"Broadleaf Forest",80440,"三重県",136.08,34.67,50,3,29.1942825799975,0.128882657950006,0.588037634408602,223,14.1,1731,55,117.333333333333,285,261.666666666667,0.54519400451274,0.608164525162912,-0.189575210595241,0.278058707255069,0.226820409979044,0.0538555653366642,0.0161710867700587,0.260728537199171,0.16596912457897,0.0716715052064801,0.156402507438268,3.44962154079959e-16,2.95857142857143,3.08142857142857,0.498047377124483,0.0533980563560315,21.1918837587022,1.91554191373035,9.70331604056785,24,0
"552",558,558,250091,2018,"Broadleaf Forest",80440,"滋賀県",136.08,34.85,72,5,30.8954479095321,0.157421317469171,0.541827956989247,350,12.6,1815,54.3333333333333,110.333333333333,284.333333333333,273.666666666667,1.78136802666564,0.0238569671468344,-0.611225608490708,0.0680080220341181,0.124986131205864,0.39566246016011,0.165568710573155,0.538252235114285,1.1366070638285,0.13736521003291,0.481194048738975,1.02624348473311,3.02157894736842,2.92582706766917,0.479912057877813,0.0590616308590291,18.7088401144569,2.45270243877621,11.5327078472924,27.4736842105263,0.210526315789474
"553",559,559,180078,2018,"Broadleaf Forest",80427,"福井県",136.09,35.82,66,4,77.1045767521258,0.347511653906592,0.429354838709677,192,13.6,2360,50.6666666666667,99.3333333333333,258,557.666666666667,1.68635587384775,0.615812827296449,-0.352460155476614,1.09614254314108,0.49134847179923,0.212725932300556,0.317829714850876,0.462534139217761,0.416236532192366,0.135005067621227,0.500981601735203,7.42995408787605e-16,2.18530681746258,1.91414114600873,0.507127944595597,0.0470452889740554,18.7751524030526,1.68601803194383,6.40257731449936,25.5384615384615,0
"554",560,560,290227,2018,"Broadleaf Forest",80440,"奈良県",136.13,34.45,60,4,45.2620582328762,0.279997143356026,0.455456989247312,716,12,2310,51,93,325,295.333333333333,1.59259847010092,0.286415096762015,-0.426753918128659,0.749531724516994,0.247985400679454,0.236106933330855,0.502028941697244,0.457328183583114,0.304432659864275,0.247595145257939,0.552309818794574,0.510294625328724,3.15910675135414,2.86452910969459,0.483691752411575,0.0694718747568701,21.1163907213839,1.89535353183488,9.5828929986797,22.9545454545455,0.0909090909090909
"555",561,561,250112,2018,"Broadleaf Forest",80440,"滋賀県",136.13,34.92,64,4,22.1863852294879,0.247694112041262,0.581881720430108,332,13.3,1688,52.6666666666667,107.333333333333,268.666666666667,277.666666666667,0,0.516280850674731,-0.28203122088591,0,0,0,0,0,0,0,0,0,3,3,0.498555273311897,0.0535982747166669,20.3892761044672,1.9700243805447,10.3987823171093,25,0
"556",562,562,250117,2018,"Broadleaf Forest",80440,"滋賀県",136.13,35.1,20,2,10.0079316152816,0.148449224677809,0.625376344086021,105,14.5,1678,50.6666666666667,108.666666666667,298,379,0,0.516280850674731,-0.28203122088591,0,0,0,0,0,0,0,0,0,3,3,0.498555273311897,0.0535982747166669,20.3892761044672,1.9700243805447,10.3987823171093,25,0
"557",563,563,180090,2018,"Broadleaf Forest",80427,"福井県",136.13,35.71,69,4,48.7688478102072,0.253565587755824,0.410322580645161,396,11.5,2222,49.3333333333333,91.3333333333333,317,459.333333333333,0.732983049333098,0.431125475058107,-0.146173768902399,0.204075633543051,0.260732450905812,6.30808536718839e-19,0.0937693620977364,0.21294669970358,0.111955420679521,0.108381525141493,0.482564210277853,2.16998136631281e-16,2.87107545557024,3.11885619918717,0.498555273311897,0.0537694026684137,19.732494590053,1.99916021657148,9.15929891087613,28.6363636363636,0
"558",564,564,180091,2018,"Broadleaf Forest",80427,"福井県",136.13,35.75,55,4,132.808674569625,0.25076497475029,0.410322580645161,488,11.2,2238,50.3333333333333,92.6666666666667,274,465,1.42371973233317,0.709675084001585,-0.129200676529764,0.350440122236759,0.317715523675727,0.0555849692067798,0.215877773210294,0.781213870269012,0.247887141985434,0.236370381501801,0.75933474484182,0.162369860331039,2.76462962962963,3.01158086658087,0.500873622143043,0.0587082911282095,21.3984711111684,2.09154335142268,9.47087984937687,20.4594594594595,0.027027027027027
"559",565,565,180100,2018,"Broadleaf Forest",80427,"福井県",136.13,36.08,33,3,60.0346613510725,0.306245252240769,0.521021505376344,216,13,2436,49.6666666666667,90,264.666666666667,536.666666666667,0.932590064916748,0.475630250802234,-0.0986858141149755,0.523578702338711,0.398939232104859,8.03450873083995e-18,0.156097222341935,0.287107245571216,0.354343752147911,0.162429769495177,0.157702251267396,4.23637733080652e-16,2.61911306042885,2.8024171539961,0.498555273311897,0.0569628373873827,19.8339160876075,1.81521876193503,8.25973326603321,26.3684210526316,0
"560",566,566,240069,2018,"Broadleaf Forest",80441,"三重県",136.17,34.13,60,4,73.0573944442049,0.466667731419007,0.530672043010753,287,15.7,3390,51.3333333333333,103.666666666667,299.666666666667,268,2.05134986119432,-0.0198939774975473,-0.323303136170756,0.742490744435831,0.51648315377276,0.211741257953693,0.343965339092374,0.85897220523675,1.15737482716316,0.399420915248566,0.454146540117046,7.66053886991358e-16,3.04285030053695,2.76704930616359,0.510370182207931,0.0764879276038891,16.028531361513,2.25856300360906,16.6353925272553,22.5333333333333,0
"561",567,567,240112,2018,"Broadleaf Forest",80440,"三重県",136.22,34.85,52,4,45.1831981047608,0.61220728687035,0.571478494623656,224,14,1651,55.3333333333333,117,297.666666666667,242.333333333333,0.695110535061778,0.731630427464005,-0.25799868944733,0.192578110704522,0.0484339878647517,5.9476233462062e-18,0.0293292829288382,0.478929676513228,0.0894689823980135,0.0762904090742004,0.446864306966482,1.42742960308949e-16,2.89677248677249,2.97529100529101,0.498555273311897,0.0544302375299809,21.863578182556,2.00486366466079,9.6584963892248,22.1428571428571,0
"562",568,568,250158,2018,"Broadleaf Forest",80440,"滋賀県",136.22,35.07,74,5,63.697287385647,0.262286173436722,0.584139784946237,209,13.9,1689,53,116.333333333333,296,348,0.85567355000903,0.420368008836248,-0.162382195843621,0.353995686346749,0.280094625239912,0.290372674020001,0.0983411773272942,0.31474843765023,0.39835025680871,0.122831848442496,0.164373434125894,2.06905200043779e-16,2.95909090909091,3.12272727272727,0.488817950891552,0.0556579661731186,20.5364740181331,1.80751994771839,11.1428010480376,25.0909090909091,0
"563",569,569,180127,2018,"Broadleaf Forest",80427,"福井県",136.22,36,63,4,50.5416946763332,0.228178203430465,0.565860215053763,105,13.6,2428,53.6666666666667,105.666666666667,279.666666666667,512.333333333333,1.34453928241653,0.218418106804693,-0.25475499707872,0.381750816581108,0.212456154477398,0.313442993499712,0.321733230886958,0.445679648715779,0.372686057532658,0.201917317496586,0.496515896629424,0.532048681918702,2.84761904761905,2.87921768707483,0.484952139029245,0.0647767777458755,19.4594273390122,1.96076698567717,10.7429340500225,23.4285714285714,0.0952380952380952
"564",570,570,240125,2018,"Broadleaf Forest",80441,"三重県",136.26,34.45,57,4,38.7990953563307,0.325222367261021,0.514731182795699,1025,11.6,2394,50.3333333333333,96,315.333333333333,323,1.51205507847234,1.11967869545698,-0.0653923037580685,0.414622843909337,0.61516868805222,4.62592926927149e-18,0.252668981933761,0.639848919201872,0.256968194268115,0.0196408094624283,1.00358275606222,8.51170985545953e-16,1.631,2.108,0.498555273311897,0.0485977732810123,22.3151975118301,1.86765929175627,5.10992404155324,20.5,0
"565",571,571,250179,2018,"Broadleaf Forest",80440,"滋賀県",136.26,34.99,25,2,9.07563040308097,0.149401096694757,0.550645161290323,205,13.9,1674,51,105.666666666667,277,324.333333333333,1.26149689696397,1.01876319651637,-0.225955314195891,0.349493608315614,0.0878987187175124,2.31296463463574e-18,0.0532272171671508,0.869168672190673,0.162369634722321,0.138452964616141,0.810975964494726,3.14563190310461e-16,2.75913580246914,2.94234567901235,0.498555273311897,0.0555395212810662,23.8293142866745,2.05131604348224,8.6714484853788,18.3333333333333,0
"566",572,572,170001,2018,"Broadleaf Forest",80427,"石川県",136.27,36.29,100,5,108.626949117503,0.274187010651666,0.52244623655914,10,14,2498,52.6666666666667,114.666666666667,281.333333333333,499.666666666667,1.19587139927464,0.555230464454907,-0.313490824338263,0.503301249031079,0.315279716862867,0.148124301751792,0.126521050246906,0.27662284255163,0.42029695252603,0.123725138628336,0.550855423883043,0.384195153469715,2.71316049382716,2.80513580246914,0.492651588424437,0.0579928856155861,20.6085684068319,2.15044825987698,9.62703809140776,22.3666666666667,0.0666666666666667
"567",573,573,250201,2018,"Broadleaf Forest",80440,"滋賀県",136.3,34.99,74,5,31.2171790860881,0.299027930573425,0.492822580645161,407,12.5,1841,53,109,303.333333333333,341.333333333333,2.58784038932139,-1.02001134507677,0.504563686410089,0.771649105341133,0.222215713227247,0.431935125103995,1.37920838413865,0.777782678244003,0.75838649070107,0.529589549302887,0.325023960770152,1.44716366401818,2.29092592592593,3.12087962962963,0.472847045819936,0.109629015682897,17.8265179699601,1.59239170192104,16.4099966683593,25.25,0.375
"568",574,574,250228,2018,"Broadleaf Forest",80441,"滋賀県",136.35,35.25,103,5,75.2909976194694,0.239481307954443,0.446989247311828,390,11.6,1985,50,100,316.666666666667,528,1.50013908375719,0.775348143926677,-0.179481116246618,0.831547491624555,0.879414465419866,0.2345659995656,0.15460295183817,0.194846466808776,0.224486475671534,0.0903338456289659,0.383624070244585,4.61852778244065e-16,1.8469649566824,2.19773278043601,0.489070851446945,0.0427346379609621,20.5753759435883,1.74626985233082,5.9424105513984,27.08,0
"569",575,575,210009,2018,"Broadleaf Forest",80441,"岐阜県",136.37,35.6,69,4,106.311096515895,0.297766222889388,0.387661290322581,499,12.2,2169,51.6666666666667,95.3333333333333,310.666666666667,559.333333333333,1.53408912461413,1.46293453689062,-0.299451005692561,0.632727579251131,0.237062914963617,0.261124087792385,0.238634940240732,0.835820901707985,0.595581745444345,0.0159250279675249,0.443502480583053,5.55111512312578e-16,2.58688333333333,2.60356666666667,0.514097045819936,0.0490918450512696,25.2577553654583,2.11911911830656,5.85365287422895,13.5416666666667,0
"570",576,576,240176,2018,"Broadleaf Forest",80440,"三重県",136.39,34.27,61,4,49.4168391214524,0.201549149813514,0.545913978494624,351,14,2752,50.3333333333333,101.333333333333,343.333333333333,291.666666666667,1.87567345236252,-0.208830904959043,-0.100134547684936,0.584778433900954,0.730366988819233,0.715541069987369,0.230429156409846,0.694446407235298,0.291332681327886,0.363855892396988,0.527337120912695,0.555710846982981,2.83237480790035,3.29875189358843,0.530849872990354,0.0887944208356747,13.024193449792,3.39616633753788,16.0194262782599,26.6,0.1
"571",577,577,250240,2018,"Broadleaf Forest",80441,"滋賀県",136.39,35.07,30,2,59.0959761019056,0.463903701464177,0.389543010752688,617,11.2,2011,48.6666666666667,92.6666666666667,284.666666666667,398.333333333333,3.00044988081236,-0.00407903546946355,0.19944820532616,0.533369359485196,0.785456811639349,0.69606454423711,1.17827874911393,0.668151544289362,1.52170842864358,0.392227838042755,0.9686657353687,0.609833576936056,2.76791831645887,3.21720752132241,0.531740646659521,0.102662409155546,17.9254008119156,2.65821228921584,12.7997338441802,22.4444444444444,0.111111111111111
"572",578,578,210016,2018,"Broadleaf Forest",80440,"岐阜県",136.42,35.28,69,4,123.042256157101,0.394420136609846,0.524381720430108,466,11.8,1998,48.3333333333333,96.6666666666667,272,469.333333333333,1.38893693084086,0.752469883334878,0.142511173119909,0.372608084462515,0.281624062810773,0.0287443299587314,0.670123042322406,0.412277468367612,0.348373525014336,0.339159921762957,0.381113773896206,0.307873045419934,2.25068177563256,2.68461642822874,0.499683943137587,0.0821868863714216,22.5435563968693,1.9559532954477,8.40086607051769,14.1052631578947,0.0526315789473684
"573",579,579,240196,2018,"Broadleaf Forest",80440,"三重県",136.43,34.27,54,4,34.0242314864606,0.194818463677086,0.556397849462366,484,13.8,2732,51.3333333333333,101.666666666667,347,267.666666666667,1.03133666015021,0.12468877162778,0.82577589425352,0.233803481945266,0.262633007503706,0.369655330472065,0.279626647544448,0.0818686805240945,0.668923653196375,0.193658520481526,4.85722573273506e-17,0.361790916004545,2.35125,3.85875,0.574284704581994,0.0902717651230386,15.8101569306639,3.14671058129509,12.2396022878305,30,0.0625
"574",580,580,240198,2018,"Broadleaf Forest",80440,"三重県",136.43,34.34,53,4,59.6155066761567,0.299638894616027,0.537634408602151,204,14.9,2638,54,105.666666666667,352,259,1.80329584189262,-0.0378678536554076,-0.37337949908962,0.327579349943527,0.398357076881086,0.384434489154893,0.352622948819309,0.681429495697809,0.785186812989856,0.326190020916918,0.524881665909086,0.609833576936056,3.10962962962963,2.84098765432099,0.502631138501846,0.0686769434997848,17.3359935748107,2.1625758392321,14.2170986059699,23.7407407407407,0.111111111111111
"575",581,581,240216,2018,"Broadleaf Forest",80441,"三重県",136.44,34.99,82,5,22.7935025739885,0.276330664760358,0.498790322580645,440,12.5,1882,52,99,288.333333333333,372.666666666667,2.09989552752704,0.586568520414749,-0.401553730507469,0.978567548514028,1.07080684823078,0.531672565342222,0.238716030773353,0.397769480305818,0.832771441107098,0.107862900741377,0.798304465049495,7.97972798949331e-16,3.30578703703704,2.93148148148148,0.510888818327974,0.0599269890925825,18.3538749212453,2.29005076862773,6.81026664262062,21.25,0
"576",582,582,250252,2018,"Broadleaf Forest",80440,"滋賀県",136.44,35.1,25,2,48.2810543994325,0.236304174819643,0.436075268817204,736,10.7,2074,51,97,317,475.666666666667,1.27842229319652,0.228123270911564,-0.401398255833437,0.450340818393039,0.246791739582485,0.0810618685259135,0.297184360514273,0.310169136284052,0.165327162391486,0.535261836001877,0.499236803742953,0.454447981532751,3.13216622222222,2.90175051851852,0.495128640514469,0.0628988013838061,20.5055035264715,1.93418738020122,14.5561880622063,22.6,0.08
"577",583,583,210038,2018,"Broadleaf Forest",80441,"岐阜県",136.46,35.64,79,5,80.420378463708,0.176664767018134,0.42491935483871,771,10.9,2217,49,89,294.333333333333,532,0,0.516280850674731,-0.28203122088591,0,0,0,0,0,0,0,0,0,3,3,0.498555273311897,0.0535982747166669,20.3892761044672,1.9700243805447,10.3987823171093,25,0
"578",584,584,240226,2018,"Broadleaf Forest",80440,"三重県",136.48,34.49,48,3,33.841430486988,0.257622337093154,0.570887096774194,79,15.3,2252,53,125,325.333333333333,218,1.53457022578755,0.525095657206399,-0.772383926264007,0.722718838594366,0.277574436854761,0.34958487455507,0.141100097840811,0.447709997069357,0.565715018900987,0.29265294999781,0.431226965495486,0.361790916004545,3.48530092592593,2.74525462962963,0.491152636655948,0.0584356015236408,20.3931504022486,2.18547774507047,8.89458265069722,20.4375,0.0625
"579",585,585,210050,2018,"Broadleaf Forest",80441,"岐阜県",136.5,35.53,61,4,50.52703066987,0.249576572109558,0.528198924731183,385,12.5,2147,47.3333333333333,94.6666666666667,331.333333333333,466.666666666667,1.29365592696717,0.833980221352512,-0.126544560901597,0.621358307798707,0.789325558502206,2.20411924006465e-17,0.127325723999885,0.314395785662354,0.441424136915101,0.134323304877246,0.151531841116661,7.70625393563344e-16,2.22065027138067,2.74352714763798,0.498555273311897,0.047415290878551,21.7318032646416,2.07322275262879,7.23335897696465,27.1764705882353,0
"580",586,586,240248,2018,"Broadleaf Forest",80440,"三重県",136.52,34.31,58,4,65.2281307408094,0.170928240127116,0.535483870967742,197,15.4,2669,54.3333333333333,108.666666666667,350.333333333333,256.333333333333,0.712972355296702,-0.373296480317321,-0.951192332001952,0.320313932145312,0.261053104664391,0.025012714120425,0.14340285350777,0.151566493702524,0.252549345098597,0.12753491955025,0.285014486695357,2.42230478100034e-16,3.87954545454545,2.64772727272727,0.499530033615902,0.0767737674857515,18.4507749580737,1.87343237260233,22.0670009579854,28.0909090909091,0
"581",587,587,210061,2018,"Broadleaf Forest",80440,"岐阜県",136.55,35.39,69,4,56.5209142679275,0.280934127952141,0.611639784946237,105,15,1926,49,107.666666666667,324.333333333333,453.666666666667,1.27469701103926,-0.216415011282597,-0.692826152975229,0.94090988092146,0.150485694788126,0.156728390249549,0.222387384371647,0.222918278659991,0.26793805911663,0.370420495592691,0.315701357606875,2.35261545694378e-16,3.4436860670194,2.58128747795414,0.492433593630378,0.073404341064936,18.3444504237965,1.72610310277615,17.5288024296307,27.7619047619048,0
"582",588,588,210082,2018,"Broadleaf Forest",80441,"岐阜県",136.59,35.57,79,5,72.1828198021354,0.388512726244693,0.53247311827957,346,12.1,2207,47.3333333333333,93,358.666666666667,502.333333333333,2.03776628260387,-0.26830812487027,0.0445878075007291,0.54643959360175,0.318128194668681,0.195296411855019,0.811316068284705,0.671947410563721,0.372797483397709,0.75022624968461,0.510157198426094,0.897341621425808,2.7231917211329,3.12657952069717,0.491751401550974,0.0780598906780962,18.7676314017745,1.92813506139836,16.2118303647986,25.4117647058824,0.176470588235294
"583",589,589,240297,2018,"Broadleaf Forest",80440,"三重県",136.61,34.34,66,4,24.3432962659299,0.209428534068829,0.544462365591398,107,15.5,2562,53,111.333333333333,339.666666666667,244,1.56351944564272,-0.607776563248011,-1.01591170006394,0.32222471399188,0.324762950952536,0.169034494813964,0.0990550856137644,0.609237218013373,1.0269190068493,0.0713458013143957,0.475068760266141,0.438430648507283,3.85615384615385,2.63461538461539,0.491743329210982,0.0808228368904463,16.1430770986458,2.16059895938257,21.797343117552,27.6153846153846,0.0769230769230769
"584",590,590,210120,2018,"Broadleaf Forest",80441,"岐阜県",136.68,35.71,89,5,98.0843576467752,0.278390291038406,0.381586021505376,492,11.2,2279,48.3333333333333,88.6666666666667,321,554.333333333333,1.17838963378924,0.629389722713949,-0.669620607286221,0.434689002233419,0.286814441061641,0.270043612816992,0.19368861366342,0.444915209668079,0.434701181324862,0.0282965336181664,0.448412986039144,6.85442041290314e-16,3.51088695652174,2.53092173913043,0.509738909548441,0.0469168588790384,20.3185299242497,1.6800039387649,6.16928452994937,23.0434782608696,0
"585",591,591,240337,2018,"Broadleaf Forest",80440,"三重県",136.74,34.31,56,4,48.4690593878659,0.174854557196392,0.564677419354839,82,16,2532,54,115.333333333333,343.333333333333,258.666666666667,2.12561260663126,-0.374575905842462,0.448312292408234,0.785351788337257,0.79021641979303,1.12887356189332,0.707930165662368,0.683282007138803,0.661460602901342,0.507697353918891,0.285041256159685,6.57593637662593e-16,2.91364672364672,2.93849002849003,0.559212112292852,0.0952377116475719,13.5508061445203,1.89726283019358,17.1381530689491,22.4615384615385,0
"586",592,592,170131,2018,"Broadleaf Forest",80427,"石川県",136.76,36.69,63,4,43.5505519488949,0.260291691757225,0.515752688172043,77,13.9,2492,49.6666666666667,104,343.666666666667,451.666666666667,1.46267632019119,-0.115035274030707,0.0754176202264246,0.61685947236498,0.118077291614605,0.225664065360455,0.733456063192142,0.433058879539273,0.459900440317254,0.268269948500612,0.122887684415782,0.756069179568681,2.63928571428571,3.01857142857143,0.488761662838769,0.0742205140762902,18.9349887162277,1.77465832374792,12.5370354101658,25.8571428571429,0.142857142857143
"587",593,593,170133,2018,"Broadleaf Forest",80427,"石川県",136.76,36.76,47,3,5.74303977093886,0.314272749552218,0.484086021505376,66,13.7,2473,53,111.666666666667,294.666666666667,483,0,0.516280850674731,-0.28203122088591,0,0,0,0,0,0,0,0,0,3,3,0.498555273311897,0.0535982747166669,20.3892761044672,1.9700243805447,10.3987823171093,25,0
"588",594,594,240346,2018,"Broadleaf Forest",80440,"三重県",136.78,34.31,57,4,3.66648085365919,0.0514896145500656,0.559811827956989,32,16.2,2497,55,121.333333333333,355.666666666667,266.666666666667,0,-0.59830540303861,0.0628420178770396,0,0,0,0,0,0,0,0,0,3.5,3.5,0.498555273311897,0.0709869936040637,15.1751778507531,1.53850013106823,24,25,0
"589",595,595,240350,2018,"Broadleaf Forest",80440,"三重県",136.78,34.45,108,5,80.4694023134998,0.367189351119079,0.532849462365591,364,13.8,2348,52.3333333333333,106.333333333333,349.666666666667,255.666666666667,2.58514754267562,-0.485424648477721,0.597325057029262,0.700481655599643,0.784600526628517,0.741996415783157,0.657157055630911,0.544495196015698,1.27054465533035,0.653945996732509,0.711631408844121,0.555710846982981,2.59387037037037,3.31651851851852,0.549423318327974,0.110588800659973,13.9939619098089,2.55451610492133,17.7891348881576,23.5,0.1
"590",596,596,210183,2018,"Broadleaf Forest",80441,"岐阜県",136.85,35.68,89,5,62.2067627660879,0.241253517101236,0.469193548387097,861,9.3,2200,48,96.3333333333333,344,438.666666666667,1.76300071423144,0.244830191109015,-1.02805191178773,0.868208755851257,0.506169241119196,3.18558311043014e-17,0.304462235347367,0.345694302841662,0.458908382186535,0.482435099137569,0.707258170688478,0.267904678297583,3.76868016937495,2.40072397215494,0.498555273311897,0.0559779711376997,21.1338210111763,1.66554661828642,10.1247665501637,27.8181818181818,0.0454545454545455
"591",597,597,210184,2018,"Broadleaf Forest",80441,"岐阜県",136.85,35.71,67,4,26.9325678000552,0.169139627406908,0.450779569892473,585,11.2,2275,47.6666666666667,94.3333333333333,336.666666666667,476.333333333333,2.67998065698895,-0.0885736595895925,-0.429886218887424,1.05747495231158,0.623775429276449,0.340570669038665,0.451734330157682,0.730413735178414,0.784925793697087,1.07644756774336,0.775495766048081,0.756069179568685,3.11299151295208,2.87247785594924,0.50131729903537,0.0753297393290484,19.6061175659921,2.15642340388748,16.5285369169774,25.0714285714286,0.142857142857143
"592",598,598,240358,2018,"Broadleaf Forest",80440,"三重県",136.87,34.31,74,5,122.576131113649,0.331920596103159,0.586989247311828,34,16.2,2435,55,123.333333333333,322,234.333333333333,2.11504622386903,-0.161963237320312,0.200855236576098,0.782391470036841,0.646584896052989,0.601222803848033,0.383973143317979,0.627815434794417,1.17202024162744,0.486595351944904,0.206703834700316,4.71844785465692e-16,2.978125,3.38010416666667,0.531415943528939,0.0778217871327491,16.2084939187038,2.22005415797207,20.9861338387831,24.53125,0
"593",599,599,240361,2018,"Broadleaf Forest",80440,"三重県",136.87,34.41,69,4,17.8664804746183,0.226190193835559,0.561747311827957,83,15.8,2292,53.3333333333333,117,364,252.333333333333,1.45020882023522,-0.755927487016473,-0.214783966628541,0.558634452861223,0.642959364323399,0.0597759684819916,0.477302184884708,0.626356600959401,0.455062790307684,0.681692787544679,0.157689770873974,1.66533453693773e-16,3.17,3.11148148148148,0.499987434798142,0.0972720523793702,11.8880500367536,2.55217026939361,32.5112363647895,16.1111111111111,0
"594",600,600,240362,2018,"Broadleaf Forest",80440,"三重県",136.87,34.45,65,4,113.119363667364,0.414832198153372,0.564516129032258,87,16.1,2214,51,114,328.666666666667,256.666666666667,1.70407772013474,0.207801488481104,-0.517938117946787,0.296454561218056,0.131484698341767,0.326141398255177,0.245553836060357,0.708515166714307,0.963655540895138,0.331803705273609,0.475778151070821,0.510294625328725,3.00663667652985,2.89459172474432,0.485636132709734,0.0645439822073653,18.9791710495676,2.36214391447361,12.8978879545888,24.2272727272727,0.0909090909090909
"595",601,601,210211,2018,"Broadleaf Forest",80440,"岐阜県",136.9,35.71,64,4,86.405259326775,0.343254108813138,0.505188172043011,301,12.6,2411,49.3333333333333,94.6666666666667,335.333333333333,433,2.52712583058666,-0.00354361485218514,-0.870475812104303,0.958188071946354,0.454317385467107,0.377532738863939,0.322266103861396,0.640577419246351,1.05973257570616,0.53137776489281,0.662085846013271,1.01837443023502,3.12416666666667,2.60958333333333,0.478087833601286,0.0620943127132296,19.213938301039,2.38633016866292,12.0336864288391,27.2916666666667,0.208333333333333
"596",602,602,240364,2018,"Broadleaf Forest",80440,"三重県",136.91,34.41,39,3,56.4897021606861,0.439931209615957,0.576209677419355,40,16,2256,53,115.333333333333,321,245.333333333333,1.21899294792035,-0.326349115409582,-0.26752554225258,0.0947966844978081,0.42878858367952,0.251637654952804,0.123616158889747,0.412688324225014,0.845846815056456,0.251193355090811,0.124735072663984,1.28369537222284e-16,3.513125,3.25,0.510076159565916,0.0680975661055079,16.6270516168857,1.91492680471022,23.8695746510979,24.9375,0
"597",603,603,210234,2018,"Broadleaf Forest",80440,"岐阜県",136.94,35.61,64,4,53.1480541481408,0.195221244327716,0.570994623655914,167,13.7,2387,49.6666666666667,94.6666666666667,339,398,1.35233500536922,0.486600101985566,0.0155740088413105,0.655476516345326,0.478136326606193,0.116766603223044,0.283709265169542,0.437376998462296,0.480262711772108,0.189998033452806,0.296056913038356,8.52096171399808e-16,2.25387037037037,2.51935185185185,0.503127509646302,0.0636221062212327,19.8340702271483,1.73613104295143,6.97240852924751,26.35,0
"598",604,604,160072,2018,"Broadleaf Forest",80427,"富山県",136.98,36.9,58,4,97.527762126235,0.302942990060113,0.488790322580645,45,13.5,2390,51.6666666666667,96.3333333333333,289,551.333333333333,0.946145800793883,0.104475576667521,-0.353277549791241,0.20496676074952,0.102088270495187,8.72957620168974e-18,0.274446874450673,0.214872569970731,0.0475990449988574,0.639976988719708,0.292407046511365,0.372658447508535,3.04032258064516,2.95387096774194,0.498555273311897,0.0601552027715852,19.7878091362497,1.95243494767398,15.8963862617546,26.7741935483871,0.0645161290322581
"599",605,605,170209,2018,"Broadleaf Forest",80427,"石川県",136.98,36.98,59,4,48.1525999628123,0.279703332058671,0.443360215053763,303,12.1,2307,50.3333333333333,102.333333333333,317.666666666667,487.333333333333,2.82374389255149,-0.576366765974335,-0.647414093851819,0.372960375455208,0.360252992773707,0.669364002596729,0.271419675117844,0.71305328298402,1.75367920632195,0.225817980363115,0.828997652594608,1.52458394234014,2.89222222222222,3.05222222222222,0.466024565916399,0.068446670139396,16.1560404888228,2.93770835189772,12.7336795808787,29.7777777777778,0.444444444444444
"600",606,606,170245,2018,"Broadleaf Forest",80427,"石川県",137.16,37.45,60,4,91.5717845586855,0.19249602990726,0.431397849462366,166,12.3,2229,52.6666666666667,95,302,600.666666666667,0.352091744088688,0.568015177441047,-0.290331245263486,0.194989203127626,0.084339440967059,0.0413580961866906,0.0310683221701975,0.111920826092543,0.0533736062586917,0.0819157412213001,0.167425160343442,1.87151881293955e-16,2.98013756613757,2.95697354497355,0.49692354340836,0.0543802285898262,20.5843274072364,1.96369357020932,9.60391083543489,24.0285714285714,0
"601",607,607,210402,2018,"Broadleaf Forest",80440,"岐阜県",137.21,35.43,78,5,33.4941503139173,0.275856517277321,0.582016129032258,360,13.2,2101,50,102.333333333333,287.333333333333,274.333333333333,1.60230249983006,0.197356935535103,0.216634055158558,0.472174124319216,0.529193623935055,0.533277952747505,0.298496537361393,0.454325957246116,0.939287732770488,0.176444166022407,0.211121841996561,0.510294625328725,2.65909090909091,3.36363636363636,0.517262446653025,0.0650031259030893,18.505496307464,2.25234479125572,12.0130767506,26.8181818181818,0.0909090909090909
"602",608,608,170248,2018,"Broadleaf Forest",80427,"石川県",137.21,37.37,67,4,20.4874804614613,0.133152332308743,0.46497311827957,147,12.6,2246,50.6666666666667,95,273.333333333333,542.333333333333,1.59860945034707,1.11872578567262,0.232251258752891,0.533678620822029,0.657228789618413,0.325948796424323,0.162777808909128,0.757639248311412,0.491300599540165,0.0865380715285557,0.527134376921572,3.51570624464633e-16,2.2154012345679,2.74645061728395,0.512249788317256,0.065240402846667,22.4388320051068,1.95938639471397,6.08019978336814,12.5833333333333,0
"603",609,609,170252,2018,"Broadleaf Forest",80427,"石川県",137.25,37.34,70,4,43.567916007238,0.188598587480513,0.471774193548387,0,13.3,2280,50.6666666666667,101.333333333333,259,541,0.447090720780785,0.3272067416344,-0.196153035816769,0.149351366009347,0.036140366069926,0.0766433089031412,0.24879367669438,0.126649986170152,0.131158801022545,0.088789105850973,0.0379426372802353,0.256787200874303,2.92826086956522,3.01652173913044,0.495574609254858,0.0599223957574305,20.0399120320566,1.92425737184303,11.1708361766048,25.2173913043478,0.0434782608695652
"604",610,610,230203,2018,"Broadleaf Forest",80441,"愛知県",137.3,35.21,68,4,18.6567139341077,0.268289471019151,0.582311827956989,307,14,1999,51,104,339.333333333333,248,0.841061746177956,0.799183725086707,-0.215107194802494,0.294885232016299,0.0741645439179011,8.67361737988404e-19,0.0682683284109803,0.494735037426184,0.106941582820659,0.116819688894869,0.564515300285001,2.56739074444567e-16,2.81935185185185,2.95675925925926,0.498555273311897,0.0558114391679609,22.1297974128289,2.01761652557453,9.10328194331143,20.875,0
"605",611,611,210463,2018,"Broadleaf Forest",80441,"岐阜県",137.3,35.32,69,4,38.9662264410189,0.296604179983716,0.561720430107527,394,13.3,2088,52,106.333333333333,334.333333333333,260,2.82043529381945,-0.365602737702512,-0.416876872667725,0.933309183685729,0.649649815458574,0.413888067278244,0.571949916526461,0.726318332483178,0.854835480178492,1.30701442126687,0.744773844944135,0.756069179568689,3.2993253968254,2.9673544973545,0.518150571887919,0.0763822820843744,18.845754018806,2.12594419497476,22.3052241850806,27.1428571428571,0.142857142857143
"606",612,612,210488,2018,"Broadleaf Forest",80440,"岐阜県",137.3,36.22,82,5,58.2383935806499,0.213194670693836,0.367930107526882,1008,8.9,1783,49.3333333333333,96.6666666666667,287.333333333333,541.333333333333,1.64507372975106,0.472094601320128,-0.380044034266354,0.926017566408247,0.861252123080814,0.391235700042496,0.247548203302042,0.442127756540325,0.358724409518449,0.0808598783333291,0.380773322172368,7.94818756265737e-16,3.13872895622896,3.0596127946128,0.475575603624671,0.0560782331756556,20.126822045397,1.92480239899868,5.56421124904904,27.2727272727273,0
"607",613,613,200003,2018,"Broadleaf Forest",80441,"長野県",137.39,35.85,40,3,8.62724851590428,0.0882976687720792,0.235,1498,5.6,2060,50,100.333333333333,274.333333333333,502.666666666667,2.08640740115215,0.372758410248536,-0.498491815192843,0.633480783290698,0.379099269847972,1.66533453693773e-17,0.475898708912691,1.18797391751994,1.09380803442704,0.449954763748151,0.496317290270772,7.54951656745106e-16,2.70527545080543,2.39885967353111,0.498555273311897,0.07253188365081,16.3944062249881,2.50865147046251,11.6439696166213,18.8,0
"608",614,614,220003,2018,"Broadleaf Forest",80440,"静岡県",137.49,34.77,70,4,58.2195127111712,0.193179937956332,0.575322580645161,141,15.1,1991,53,108.666666666667,369.333333333333,250.333333333333,1.92912009962329,0.249545174320352,0.469594800920304,0.450845987003028,0.686960580200211,0.787988264583391,0.417905135826484,0.566545687461979,1.05091308787186,0.0990074715580254,0.268946110674271,0.280025622062475,2.51666666666667,3.3631746031746,0.553256069514622,0.077307107513169,16.9012505119066,2.58342143528106,10.8630336824135,26.9047619047619,0.0476190476190476
"609",615,615,200019,2018,"Broadleaf Forest",80441,"長野県",137.52,35.82,97,5,137.699543333752,0.516646895775177,0.33247311827957,1171,7.9,1867,52.3333333333333,95.3333333333333,261,427.666666666667,1.45597725926668,0.480142754920146,-0.739242921875524,0.753887849907034,0.271734045192304,0.202491855761869,0.251830421344673,0.400388017655266,0.402040658424273,0.256208784396745,0.788325659236377,1.05818132034585e-15,3.060225,2.211925,0.490520568729903,0.0676083432970747,21.8159559788086,1.71786388232227,8.10815750961301,24.625,0
"610",616,616,200056,2018,"Broadleaf Forest",80441,"長野県",137.61,35.82,67,4,89.3731208038981,0.25390155890817,0.369354838709677,1090,8.5,1779,56.6666666666667,110,259,328,1.91196263013271,0.744482881738455,-0.318765889558851,0.818120082298571,0.731690510212371,0.109824741718037,0.298523933550402,0.54510432555948,0.790602254829824,0.109179180194334,0.587185884327063,9.01239867048656e-16,2.73869978213508,2.74333246187364,0.503516107433327,0.053080526255102,20.9408069309288,2.09194579638243,6.28888426433485,25.5294117647059,0
"611",617,617,200042,2018,"Broadleaf Forest",80441,"長野県",137.62,35.28,35,3,24.9358108342222,0.146063869877125,0.373521505376344,1160,8.7,2178,51.3333333333333,93.3333333333333,268.666666666667,346.666666666667,1.294147795052,0.923752332860663,0.351216379120422,0.869070056799928,0.0874379327415821,1.21430643318376e-17,0.202395268997255,0.394445647002141,0.467586891519238,0.18638378989042,0.387747883024041,4.64905891561784e-16,1.88887592592593,2.55097962962963,0.498555273311897,0.0511497214349831,21.9081500090536,1.3637627093895,5.93305322112635,18,0
"612",618,618,200113,2018,"Broadleaf Forest",80441,"長野県",137.7,35.68,66,4,39.3041653081235,0.209121259546136,0.454838709677419,701,11,1705,55.3333333333333,104.666666666667,283,344.666666666667,0.531158606479106,0.524037090220689,-0.325496569048695,0.24895394757532,0.268921906731006,0.044978398285419,0.124497252402307,0.127946116223748,0.141018109868988,0.134330933158334,0.106915776569129,4.40619762898109e-16,2.955375,2.8505,0.496770568729903,0.0567838312687108,20.5874502602264,1.91775520361388,8.90908673783197,25.3125,0
"613",619,619,200155,2018,"Broadleaf Forest",80441,"長野県",137.74,35.86,107,5,2.288825653211,0.47882149186327,0.400833333333333,891,10.3,1563,55.3333333333333,107.666666666667,235.333333333333,348.333333333333,0.656472668458277,0.539286956553065,-0.444331736007111,0.317551038983581,0.239664232371273,1.38777878078145e-17,0.168041991756459,0.189201651740794,0.375573190932058,0.124757705251201,0.228086990014142,6.66133814775094e-16,3.2918,2.7904,0.498555273311897,0.0454267425185778,19.3908340652336,1.71931273077235,8.32348590967904,22.5,0
"614",620,620,200286,2018,"Broadleaf Forest",80441,"長野県",137.88,36.04,72,5,107.412283383284,0.259907877882287,0.355940860215054,989,9.6,1430,55.3333333333333,102.333333333333,255,404.333333333333,1.22067205840617,0.451320460618211,-0.0152859713524921,0.446875206303751,0.451197178738267,1.51022984967393e-17,0.264787824190129,0.339567397730926,0.275149989812363,0.24881899326203,0.615282413200777,0.176263532780069,2.65095860566449,2.96101307189543,0.498555273311897,0.0593614299518022,19.4900904590801,1.93116627003974,10.309996632391,22.4705882352941,0.0294117647058824
"615",621,621,150039,2018,"Broadleaf Forest",80427,"新潟県",138,37.05,63,4,73.3867819188663,0.207223540827205,0.441263440860215,614,10.5,1680,51.6666666666667,87.6666666666667,231.333333333333,602,1.12937871997933,0.541930455671257,0.235863222765676,0.547233749741607,0.217797375837217,0.0261443767072361,0.249558501298647,0.571998694821684,0.343251708284188,0.0185062010426299,0.405487982247363,1.18159450477963e-15,1.62714285714286,2.1,0.499576450773235,0.0597628569033957,17.8638843452559,1.54035722670437,4.68872617974048,23.3333333333333,0
"616",622,622,200454,2018,"Broadleaf Forest",80441,"長野県",138.05,35.71,57,4,87.9487236665594,0.178120314997037,0.327123655913978,1469,7.4,1801,56.6666666666667,101,230.333333333333,335.666666666667,1.62946712121481,0.563657848896494,0.0206479121915807,0.885367018652349,0.379383760557678,2.03325728347049e-17,0.24453285105342,0.516330055865767,0.413966020226773,0.245737794672412,0.649054898138673,0.140255126334266,2.37198242894057,2.61710146425495,0.498555273311897,0.0573636603443891,19.7071569752949,1.70380047074425,7.95150025546833,21.4186046511628,0.0232558139534884
"617",623,623,200460,2018,"Broadleaf Forest",80441,"長野県",138.05,35.93,60,4,59.829658273294,0.224830501085661,0.36755376344086,1143,8.9,1508,58.3333333333333,115.666666666667,280.333333333333,312.333333333333,0.785350229319156,0.48468081744383,0.294528934101977,0.161871616023225,0.433958021394813,9.46212805078258e-18,0.198370310471481,0.257477045770365,0.188177802767243,0.194518645248592,0.435815802407186,1.51394048812521e-16,2.59095117845118,3.50035353535354,0.498555273311897,0.0481561864335144,17.5213730725012,2.12340037757297,7.21610841928365,26.9090909090909,0
"618",624,624,220151,2018,"Broadleaf Forest",80440,"静岡県",138.06,34.85,63,4,64.5256182603756,0.253222014793779,0.541801075268817,309,14.4,2206,52,107,339.333333333333,243.666666666667,1.6860338011608,0.663719586529743,-0.0703557040938607,0.578582945102244,0.497287584005582,0.130462148499533,0.270770375344666,0.644077318083641,0.306960889792062,0.653966180206769,0.624317447046973,0.267904678297583,2.40452776350378,2.68770985452628,0.503232066647179,0.0689594678349275,21.3928881192731,2.08446067958992,12.1861756524426,16.4545454545455,0.0454545454545455
"619",625,625,220153,2018,"Broadleaf Forest",80440,"静岡県",138.06,34.92,65,4,52.2194657022674,0.311887420673588,0.539677419354839,391,13.8,2193,50.3333333333333,97.6666666666667,357.666666666667,265.666666666667,2.16404981689908,0.501905143572009,0.662846672528648,0.41367811058159,1.07515045442685,0.379450405526053,0.268206216937118,0.23747784592477,1.48674330903075,0.113575812169086,0.702845835895429,2.71387850463927e-16,2.44220327550594,3.36450438178768,0.577061697034655,0.0733617837927602,16.0890143810661,2.65752402351497,8.98181487715706,24.2222222222222,0
"620",626,626,220154,2018,"Broadleaf Forest",80441,"静岡県",138.06,34.96,67,4,123.93736423685,0.222984016667407,0.531129032258065,556,12.8,2203,51.6666666666667,99.6666666666667,358,279,1.661054145652,0.550269520564682,0.163742531899612,0.389006076046283,0.551868748878722,0.591020399687068,0.253238072739323,0.520935069279507,1.03631069071935,0.0901850380375711,0.401545737975513,0.166751368693453,2.63151234567901,3.32172839506173,0.529117111468381,0.0669141556171048,19.122983461178,2.57335473096869,9.71736100812314,25.0555555555556,0.0277777777777778
"621",627,627,200452,2018,"Broadleaf Forest",80441,"長野県",138.06,35.64,49,3,50.3928580778474,0.33031266786392,0.27752688172043,1007,9.3,1696,57,101,258,374.333333333333,1.14933923484089,0.205987765915468,-0.0367218476981125,0.571028399055655,0.302692977960432,0.479980695139245,0.289766664437895,0.233000702749663,0.221345654246091,0.290237051688045,0.633574972261504,3.97829917157348e-16,2.35083333333333,2.77916666666667,0.477129394426581,0.0553164534603048,16.8262868144406,1.83541767735,7.89678898529862,29.1666666666667,0
"622",628,628,220219,2018,"Broadleaf Forest",80441,"静岡県",138.19,35.07,95,5,70.5391413629503,0.238715660145372,0.471666666666667,724,11.6,2110,51,92.3333333333333,329.333333333333,330.666666666667,2.93127443256448,-0.0854861071731185,-0.252961855650536,0.929218356309509,0.865531195586296,0.602834623188866,0.531168189931576,0.63463923281883,1.40968810944693,0.665132784755038,0.541706601283586,0.94065638161182,2.592325,2.815725,0.518742932073955,0.0681940200432991,17.4059630985893,2.57007660647477,14.6021786650299,29.375,0.1875
"623",629,629,200578,2018,"Broadleaf Forest",80441,"長野県",138.19,36.07,77,5,91.518196059491,0.217958411701748,0.336774193548387,1349,6.9,1599,52,97.3333333333333,298,470.666666666667,1.3618601141923,0.30392794450538,0.265691825540074,0.346068199247696,0.676649030422537,0.0449212530108155,0.37998501721233,0.277792159725814,0.452044273728188,0.359301603552446,0.591885739086697,0.150505021057891,2.49791666666667,3.21543518518519,0.4968413914791,0.0575875199873244,17.4889244003136,1.93803043870176,9.60418706451757,24.75,0.025
"624",630,630,220249,2018,"Broadleaf Forest",80441,"静岡県",138.23,35.28,100,5,93.8319915974141,0.236343624336939,0.352016129032258,1072,10.2,1942,54,99.6666666666667,291.666666666667,317.333333333333,2.24676218693321,0.16455645027996,-0.203795786458857,1.34714164733907,0.182254654051075,0.202003606956035,0.550919208033451,0.356118959748056,0.361743655052181,0.0388138289753999,0.756667532523368,1.19728406552196,2.71008499025341,2.54602495126706,0.509537818581824,0.0592211560768357,21.0543277624365,1.66562836950416,5.62945322922882,27.3157894736842,0.263157894736842
"625",631,631,220251,2018,"Broadleaf Forest",80441,"静岡県",138.23,35.35,48,3,99.0797223714542,0.37374239202179,0.179327956989247,1255,8.1,2012,54,96.3333333333333,298,516,2.57365168213179,-0.142113437028469,-1.10320267315398,1.43011159422107,0.561268427477205,9.559903373974e-16,0.407133392202128,0.439566278167423,0.369758460179408,1.13665043905526,0.377003289279573,0.727169841093413,3.53062323232323,2.10477626262626,0.498555273311897,0.0533953120802302,19.6797817924936,1.59467566717443,16.272351014768,28.1818181818182,0.136363636363636
"626",632,632,190008,2018,"Broadleaf Forest",80441,"山梨県",138.23,35.86,10,1,63.0624068056235,0.283206133301521,0.311075268817204,1025,10.1,1408,56.6666666666667,101.333333333333,261,395,1.94326485802377,0.55158851424841,-0.315407163071818,0.762029633410322,0.725985319345954,0.676193273484383,0.276198759589996,0.786713573680896,0.379260513561348,0.287448009504689,0.49281953521061,5.34660035543168e-16,2.58347132923175,2.65015424863317,0.467584631917414,0.0564109564696404,20.7435477945407,1.73917665445063,8.62731996737145,22.6315789473684,0
"627",633,633,200638,2018,"Broadleaf Forest",80441,"長野県",138.27,36.29,36,3,23.0255721962797,0.104083854809282,0.505349462365591,736,10.6,1125,59,118,287.333333333333,309.666666666667,0.709918118661722,0.372023983075327,-0.279496006375225,0.12293812177922,0.281428240421659,1.47451495458029e-17,0.238353378995734,0.112112122568007,0.183392870593093,0.249349707977236,0.456173980028283,3.60822483003176e-16,2.93975,2.746125,0.498555273311897,0.0643468694117356,19.7131270313203,1.84185757078803,13.8717709446042,20,0
"628",634,634,190024,2018,"Broadleaf Forest",80441,"山梨県",138.28,35.86,78,5,107.238911292194,0.211186987381039,0.419677419354839,703,11.2,1315,59,122,288,292.666666666667,1.04801784192522,0.705077629929118,-0.197266921689752,0.481652853347861,0.270246385134462,1.22028823827334e-17,0.187949022653427,0.422369335116312,0.240405573976103,0.181502218807841,0.574529702313861,4.05805657276781e-16,2.74998007662835,2.78078314176245,0.498555273311897,0.0590226866334355,21.3001586114018,1.89687255367826,9.69902530196372,19.4827586206897,0
"629",635,635,150113,2018,"Broadleaf Forest",80427,"新潟県",138.31,38.06,71,5,36.7675068783783,0.352192397492364,0.411236559139785,517,10.1,1881,48.6666666666667,87.6666666666667,252,628.666666666667,1.53344186286662,1.06326876328657,-0.394701938679766,0.669273094499323,0.283318086401579,0.0692789393487973,0.152469549853821,0.447270408727884,0.375767266485397,0.0405110420398839,0.932622359168935,7.21644966006352e-16,2.44833333333333,2.12833333333333,0.495462727759914,0.0698785848450517,23.8395907632192,1.84164920484162,5.1608283873611,14.6666666666667,0
"630",636,636,220299,2018,"Broadleaf Forest",80441,"静岡県",138.36,35.28,55,4,42.9132178026402,0.288414405393816,0.359569892473118,1485,6.8,2151,55,98.6666666666667,301.333333333333,375,1.700935176112,0.556692862514482,-0.739133863546867,1.07252148327686,0.461027299211252,2.50867702679723e-17,0.231684635276524,0.376830164780864,0.436032161992823,0.078297007848152,0.858362873662687,8.71098065475123e-16,3.20150769230769,2.24012747252747,0.498555273311897,0.052106581633414,19.1705732166429,1.78343337795583,6.12597381009937,22.6923076923077,0
"631",637,637,200691,2018,"Broadleaf Forest",80441,"長野県",138.36,36.29,45,3,68.917774986617,0.170804037714799,0.536693548387097,724,10.3,1140,60.6666666666667,127,292,296,0.200733092223571,0.512187882216602,-0.265402344104187,8.41078048958452e-18,0.0987828098012104,0.0880335048883842,0.00669338468817762,0.0680924884029439,0.113834969226701,0.0169539300795615,0.0697037192623566,5.88754634270916e-17,3,2.95545454545455,0.501932386241839,0.0537661031063732,20.2039950103924,1.9308421107149,10.2533646711363,24.6060606060606,0
"632",638,638,150125,2018,"Broadleaf Forest",80427,"新潟県",138.36,37.84,55,4,89.333633060336,0.30562972200305,0.483682795698925,197,12.5,1926,49,98.3333333333333,281,594,1.55716013502099,0.277188414480527,-0.36002214299887,0.503312333048001,0.441202277861354,0.202862566694748,0.0999926614575095,0.377850286415094,0.426308440916727,0.849211794224222,0.415625181803547,0.24655380942532,2.66947530864198,2.64779320987654,0.502962727759914,0.0614423427930914,19.6306792908257,2.12341119091643,26.6993104818325,12.8333333333333,0.0416666666666667
"633",639,639,150127,2018,"Broadleaf Forest",80427,"新潟県",138.36,37.91,64,4,60.3647561283598,0.281904294918365,0.468844086021505,338,11,1904,48,97.6666666666667,258.333333333333,616.333333333333,1.18295480103287,0.308715942440751,0.0944177506296951,0.428353141881335,0.35183451920489,0.114670776916498,0.390477393016227,0.445397557611094,0.266664032351463,0.205863532416454,0.312225746330469,0.384195153469715,2.63680864197531,3.15177689594356,0.493984921757771,0.061944825879918,19.2559445880377,1.94836605915207,9.51809165978739,24.8333333333333,0.0666666666666667
"634",640,640,150131,2018,"Broadleaf Forest",80427,"新潟県",138.36,38.06,89,5,16.0689398767317,0.132013961195069,0.463333333333333,166,11.9,1804,48.3333333333333,92.3333333333333,300.666666666667,611.666666666667,0.869982108410525,1.17951054181498,0.145922882727338,0.201635061773478,0.370755666230747,1.00228467500882e-17,0.239120855124311,0.637755500043967,0.119720908688623,0.0323139947040217,0.315379541747949,9.31353759546659e-16,1.61911111111111,2.20844444444444,0.498555273311897,0.0730248897109713,25.1364515677778,1.74425475616551,3.79055555555556,17.2222222222222,0
"635",641,641,150132,2018,"Broadleaf Forest",80427,"新潟県",138.36,38.09,56,4,59.6295153486675,0.218869102852564,0.357768817204301,510,10.3,1874,50.6666666666667,86,220.333333333333,617.666666666667,1.66926600177603,1.10430290568759,0.140612648945962,0.399374295824707,0.560574916747196,0.0542948454776037,0.231624668899072,0.67071278355723,0.642610999955485,0.0379612130621555,0.783456697001484,7.71312838160635e-16,1.81404288499025,2.51210916179337,0.500812612963276,0.0591741673557672,21.8587902257159,2.05997710743314,5.32172812257818,16.8421052631579,0
"636",642,642,220304,2018,"Broadleaf Forest",80441,"静岡県",138.41,35.1,61,4,83.1412712850667,0.207122689560104,0.487365591397849,622,12.3,2047,51,100,375,327,1.85549543632642,0.0213728500684115,-0.283502156283284,0.574083922063124,0.302958819060217,0.236841398395507,0.455429408798233,0.464059660173086,0.408261517253031,0.941761502984888,0.515699700210953,0.539712234322706,2.96514934289128,2.94832735961768,0.509480059122498,0.0661522488881921,19.7600341059099,2.05841625147524,17.4609366394589,26.5483870967742,0.0967741935483871
"637",643,643,150150,2018,"Broadleaf Forest",80427,"新潟県",138.41,38.09,63,4,44.6004070717655,0.220183479721857,0.452661290322581,51,12.9,1790,51,96.3333333333333,258.333333333333,547.333333333333,0.879609059339238,0.711936263504786,-0.0954733608380847,0.368410610428322,0.329467266477704,0.028157170937379,0.0590277050276811,0.285239061535338,0.373050997982461,0.120790969243267,0.350050172174481,1.57281595155231e-16,2.76103395061728,3.10558641975309,0.498379394426581,0.0540435437844547,20.8073816654203,2.08961595849947,8.98044494246875,22.2916666666667,0
"638",644,644,150162,2018,"Broadleaf Forest",80427,"新潟県",138.45,37.3,49,3,93.5923669386382,0.249085302192272,0.495510752688172,154,12.1,2279,50.6666666666667,99.6666666666667,335.333333333333,555.333333333333,1.06117929843114,0.767922563141516,-0.102387425519246,0.350535461122362,0.323731696272429,0.2345659995656,0.148795249959815,0.308121413152217,0.177677421154171,0.162657466747601,0.642292963879823,4.04121180963557e-16,2.59736296296296,2.90841481481482,0.489070851446945,0.0626427787366168,22.0645583394625,1.9643257751942,7.57227789402252,20.8,0
"639",645,645,150168,2018,"Broadleaf Forest",80427,"新潟県",138.45,38.17,63,4,74.2859068166702,0.224123466366023,0.393682795698925,281,11.1,1846,48.6666666666667,93.3333333333333,266,595.666666666667,1.45492157596959,0.0293171693833871,0.0998038004505869,0.69085744912003,0.231933523266009,0.183970808825974,0.58187542979517,0.446800546874142,0.466838543803001,0.222549997250725,0.173939238549864,0.595356154547143,2.57782282282282,3.00075075075075,0.490642398540019,0.0681868766916935,18.6218285932005,1.78256955751436,11.0341159424441,25.8108108108108,0.108108108108108
"640",646,646,190106,2018,"Broadleaf Forest",80441,"山梨県",138.5,35.43,77,5,72.060690059106,0.28321966135155,0.424569892473118,950,9.7,1779,55,112,274,273,2.44987166587787,0.572098567063704,-0.56650381901368,1.4328966012066,0.402970997377975,0.312859076785309,0.410170884125401,0.522124229846087,0.560841544815366,0.556408003195224,0.966431744946346,0.307873045419934,3.09516959064328,2.48311111111111,0.516982277881198,0.0538674442760026,21.739668922417,1.86493637416247,10.4725973525895,23.5789473684211,0.0526315789473684
"641",647,647,190115,2018,"Broadleaf Forest",80441,"山梨県",138.5,35.75,54,4,12.40388541052,0.370294434554471,0.577930107526882,758,10.9,1377,57,122,271.666666666667,274.666666666667,0,0.516280850674731,-0.28203122088591,0,0,0,0,0,0,0,0,0,3,3,0.498555273311897,0.0535982747166669,20.3892761044672,1.9700243805447,10.3987823171093,25,0
"642",648,648,200762,2018,"Broadleaf Forest",80441,"長野県",138.5,35.93,70,4,63.4283715967749,0.279899756903365,0.29494623655914,1455,5.5,1842,57,106,286.666666666667,473,1.34527097770695,1.44963179107472,0.0662890647407856,0.249127572325548,0.32087983669061,0.0496743157437486,0.191588412292994,0.42885104859434,0.502572610710185,0.0281259950335848,0.79525296110146,0.280025622062475,1.94874285714286,2.62670476190476,0.500597628234573,0.0644537587338407,25.889883400935,2.17983363334024,5.71631950884706,10.0952380952381,0.0476190476190476
"643",649,649,150181,2018,"Broadleaf Forest",80427,"新潟県",138.5,37.95,63,4,92.2274199293366,0.268462682326957,0.477096774193548,245,12.4,1889,49,93.6666666666667,250.666666666667,593.666666666667,0.942190803888014,0.660467504097395,-0.241486863468335,0.635606965661328,0.504075754157504,5.74253288599219e-18,0.106804570236952,0.12157420767239,0.123998234705653,0.130417872012321,0.247559815083125,3.25410196872891e-16,2.59671775223499,2.70703703703704,0.498555273311897,0.0519512798699283,20.7726624907905,1.93616712584505,8.90082798415797,24.448275862069,0
"644",650,650,150197,2018,"Broadleaf Forest",80427,"新潟県",138.54,38.02,55,4,80.5210609287231,0.358221142866778,0.452338709677419,138,11.8,1883,49.3333333333333,89.6666666666667,243.333333333333,612,2.5386144480354,0.12325791559981,-0.557135013443274,0.621854489561468,0.727915058013848,0.313997143180745,0.325826714732958,0.573651894587894,1.22989045569528,0.623571416648157,0.756870911242193,0.803789522263353,2.65595441595442,2.58849002849003,0.485922881523621,0.0691276452619041,19.4249186081909,2.41104592647062,13.5067653483752,25.1538461538462,0.153846153846154
"645",651,651,220338,2018,"Broadleaf Forest",80441,"静岡県",138.58,35.43,74,5,38.1353686286364,0.190433591480538,0.355322580645161,937,10.2,1744,53.6666666666667,97.6666666666667,281.666666666667,399.333333333333,0.880987430371832,0.595689000177047,0.354188540178684,0.179754233787148,0.469472668751029,3.67353206677442e-18,0.165045192366612,0.375959813151027,0.103613658095285,0.084926062802036,0.539200801306787,7.83686840911875e-17,2.45200435729848,3.4966448801743,0.498555273311897,0.0467872497533209,17.8467532088935,2.16268789189766,6.01155224609738,26.4117647058824,0
"646",652,652,100033,2018,"Broadleaf Forest",80441,"群馬県",138.63,36.25,51,4,42.2155964542163,0.260695366970406,0.481666666666667,986,8.6,1289,55.3333333333333,102,267.666666666667,432,2.79512754613426,0.74396667781733,-0.434593642014661,0.743878604762391,0.559267361587333,0.346648032857719,0.3135577364727,0.875705627158023,1.45396314128442,0.188452970530971,1.27982144396824,0.857578467566329,2.43466666666667,2.74066666666667,0.487370182207931,0.0599798049640044,22.0178479497076,2.64204907887703,7.65988197171877,20.8333333333333,0.166666666666667
"647",653,653,150241,2018,"Broadleaf Forest",80427,"新潟県",138.68,37.3,59,4,67.1260651593805,0.286505497328321,0.492069892473118,167,12.1,2240,50.6666666666667,98.3333333333333,263.666666666667,588,0.969011985150901,0.174947888506542,0.333358832950507,0.116079886308826,0.327753551014541,0.174524476683487,0.372583590976821,0.163060752790502,0.295106346758695,0.188634859387832,0.0810557071951081,0.510294625328724,2.51166666666667,3.57075757575758,0.491413884828997,0.0529865294353747,16.6670768612297,2.19852697152649,6.99929216215328,30.2272727272727,0.0909090909090909
"648",654,654,150242,2018,"Broadleaf Forest",80427,"新潟県",138.68,37.34,90,5,47.0295593089822,0.267360752797581,0.495806451612903,242,11.6,2170,48.6666666666667,95.6666666666667,251.666666666667,568.666666666667,1.15188600486588,0.877204844752309,-0.153339234254282,0.531046372062661,0.257295781416518,2.69845874040837e-17,0.10974457859604,0.398560912669885,0.308881362819118,0.103289140007651,0.653286193620751,7.09309154621628e-16,2.56953580246914,2.69370440917108,0.498555273311897,0.0576888377214051,21.9477383924993,1.90493767140216,6.53288836936576,19.5555555555556,0
"649",655,655,100069,2018,"Broadleaf Forest",80441,"群馬県",138.72,36.18,57,4,100.832485512002,0.339929535827393,0.548817204301075,611,11.5,1109,55.6666666666667,114.333333333333,296.666666666667,355.333333333333,1.53103324075833,0.556922407589144,-0.662393182982135,1.0312148463908,0.509493005941764,0.161050019185114,0.315054171755775,0.340902755816137,0.400221595758901,0.200807153685523,0.346521337586521,0.192754369400964,3.25479540023895,2.51780764635603,0.490816985789856,0.0614380383654301,22.0461804729266,1.75822527949899,7.30622034022154,22.8064516129032,0.032258064516129
"650",656,656,100070,2018,"Broadleaf Forest",80441,"群馬県",138.72,36.21,64,4,43.1259907904094,0.23936487966026,0.558763440860215,836,9.7,1214,53.6666666666667,108.666666666667,270,364.333333333333,1.2559049591013,0.471689226572698,-0.539346920470445,0.695273501859441,0.402594075188074,0.127584154693266,0.235640486828275,0.387064747586009,0.171501797772403,0.312214288203637,0.320964517803833,0.307873045419934,3.11210526315789,2.69592105263158,0.492543636825182,0.0616292487659647,21.6954861957147,1.91545583605486,10.661137130958,22.6315789473684,0.0526315789473684
"651",657,657,100072,2018,"Broadleaf Forest",80441,"群馬県",138.72,36.29,114,5,14.3569148440633,0.21096454135518,0.543629032258064,884,9.7,1223,55,105.666666666667,253.666666666667,410.666666666667,1.62070996821556,0.850469388721308,-0.567809914278998,0.806244673309331,0.456621609440447,0.458742047989993,0.0773994726403001,0.462091916732548,0.580145335863226,0.0396378202801813,0.577820374702492,8.51170985545953e-16,3.25913580246914,2.44901234567901,0.507610969989282,0.0598341878189696,21.5905597439692,1.83882718126185,5.33291032373821,17,0
"652",658,658,150267,2018,"Broadleaf Forest",80427,"新潟県",138.72,37.44,57,4,109.664268112882,0.277894466923542,0.514327956989247,128,12.5,2321,52.3333333333333,98.6666666666667,257,513.666666666667,1.42664592893067,0.649185374895835,-0.222721361659632,0.735053806396102,0.678464492090353,0.0699524447470094,0.182292312580588,0.221599662739491,0.308519827927308,0.176997587685502,0.387056710327028,0.181438089005769,2.33546015712682,2.53821548821549,0.495871780181233,0.05201849874697,20.5188571427108,1.96118157506371,7.77253922730346,25,0.0303030303030303
"653",659,659,220361,2018,"Broadleaf Forest",80440,"静岡県",138.76,34.7,62,4,107.324902681568,0.399702116672322,0.441559139784946,213,15.1,2166,52.6666666666667,108.333333333333,334.666666666667,287.333333333333,1.91438428205213,-0.0210912555093966,-0.388881093020677,0.836205106928392,0.568330152393003,0.424881727127386,0.184248238398487,0.542291619698485,0.781137098454599,0.487956224536529,0.624000950458441,3.63906435849357e-16,3.26444444444444,2.91444444444444,0.518876323687031,0.080472217422522,18.1252722180443,2.27137976904256,18.3306712154442,24.8888888888889,0
"654",660,660,110005,2018,"Broadleaf Forest",80441,"埼玉県",138.76,36.03,98,5,112.701380444874,0.31865759458892,0.359569892473118,1409,7.1,1631,53.6666666666667,98.6666666666667,269,455.333333333333,2.05296650270004,0.375741173586268,-0.558062251319456,1.46968077963538,0.451924177149242,3.10598108079657e-17,0.226707877092373,0.479592197960238,0.25482164663941,0.507190543805769,0.440657858258613,0.280025622062475,2.79434038800705,2.14285361552028,0.498555273311897,0.0474081925818459,19.409026369295,1.53336155511557,9.81345605894174,24.5238095238095,0.0476190476190476
"655",661,661,100087,2018,"Broadleaf Forest",80441,"群馬県",138.76,36.14,50,3,66.7824468273253,0.197652949406395,0.439408602150538,899,8.6,1383,54.3333333333333,101.666666666667,295.666666666667,385.666666666667,1.49963698044182,0.579431336429774,-0.175467891507648,0.647766023193622,0.629003183695883,0.0534669601650124,0.248696784137909,0.44283198636911,0.431363680501765,0.25048359509044,0.707313757380358,6.10622663543836e-16,2.97623090676884,2.95298390804598,0.500773693314115,0.0531853587949102,19.6864632916694,1.86800280711698,8.29990038450653,22.1724137931034,0
"656",662,662,100092,2018,"Broadleaf Forest",80441,"群馬県",138.76,36.32,55,4,16.4952960448347,0.645755969617382,0.597311827956989,360,12.9,1164,58.6666666666667,118.666666666667,270,367.333333333333,1.22732077856991,0.619500665721305,-0.500786261186781,0.454646221376233,3.70074341541719e-17,0,0.0673840661376838,0.693473638652349,0.0747216568178777,0.865674361221494,0.243292789348418,4.9960036108132e-16,2.62666666666667,2.5,0.498555273311897,0.0621128028229334,21.8907204492714,2.17157908736892,27.2002396993852,8,0
"657",663,663,100117,2018,"Broadleaf Forest",80441,"群馬県",138.8,36.5,59,4,92.8149390476612,0.259993417409509,0.45994623655914,716,9.8,1336,52.3333333333333,100,292.333333333333,417.333333333333,0.646223323363711,0.388715431768985,-0.312573784444067,1.22708860616465e-16,0.278732375725191,1.38777878078145e-17,0.223968973099399,0.0923070824436759,0.183015818986635,0.223354497007087,0.444801221523423,2.77555756156289e-16,3,2.78947368421053,0.498555273311897,0.063004263460793,19.9685844665259,1.86451295749758,13.6075507569528,20.7894736842105,0
"658",664,664,100109,2018,"Broadleaf Forest",80441,"群馬県",138.81,36.22,47,3,34.3336955016914,0.243823302544271,0.60760752688172,303,13,1149,57.6666666666667,117,291,388.666666666667,1.62540070555219,0.851944891074135,0.0739097903592574,0.552854066062342,0.607810420995065,0.543955742111123,0.118936040422949,0.549724656065658,0.692519201127472,0.125383083471877,0.528789429910336,3.52892318541568e-16,2.76892116402116,3.26626084656085,0.518356961414791,0.0517096926812269,20.4853311977566,2.24468017019324,6.74880848362043,22.4285714285714,0
"659",665,665,150322,2018,"Broadleaf Forest",80427,"新潟県",138.81,37.73,68,4,37.3356874363319,0.288566147489205,0.468145161290323,210,11.7,2046,48.6666666666667,92.6666666666667,266.666666666667,531.666666666667,2.38062185249486,-0.109586399328342,0.119719075036366,0.716823808728019,0.721330224605886,0.212032435774245,0.665030464613222,0.594520373534604,0.604922788989093,0.9324075148628,0.841793051145525,0.713505285015186,2.59553219174446,3.14813322553857,0.500844218649518,0.0735948135027871,18.2693856771208,2.0705648884472,18.3981335402443,22.5333333333333,0.133333333333333
"660",666,666,220390,2018,"Broadleaf Forest",80440,"静岡県",138.85,34.67,69,4,36.79760865144,0.368462680851513,0.501505376344086,55,16.2,2036,53,112.333333333333,349.333333333333,266.333333333333,1.97005996597163,-0.103932335236264,-0.674594186917878,0.0693758695517591,0.10719714591988,0.446356712868124,0.185033501104539,0.59879491360964,1.28344021993392,0.147903373675551,0.513195727531818,1.15773093121454,3.0425,2.9375,0.476416454983923,0.0595968039977378,18.2826630133504,2.54119297065852,12.0389927790211,28.75,0.25
"661",667,667,110011,2018,"Broadleaf Forest",80441,"埼玉県",138.85,35.93,86,5,121.775559608864,0.409744108640723,0.355430107526882,1057,8.8,1494,56,105.666666666667,267.666666666667,376.333333333333,0.460762804647575,0.620627587854388,0.221501188589241,0.255285062468237,0.270930860650838,4.04768811061255e-18,0.0425815349144527,0.150825528912449,0.130136151154745,0.0190224190369696,0.0760289966713805,6.93889390390723e-16,2.0925,2.79583333333333,0.498555273311897,0.048104394532616,17.819625241213,1.88973518157705,5.14531658505538,25,0
"662",668,668,100125,2018,"Broadleaf Forest",80441,"群馬県",138.85,36.07,48,3,32.7121473718349,0.199218993405838,0.480645161290323,995,9.5,1331,56,112.333333333333,275.333333333333,391,1.43714781079131,0.579047909121747,-0.137733948872778,0.655731448734528,0.410214097476871,1.47451495458029e-17,0.296027162792492,0.613234097451052,0.236476659886618,0.373740323593777,0.541706601283586,6.31439345255558e-16,2.54334351851852,2.47834074074074,0.498555273311897,0.0663463511085617,20.6714114042353,1.68488602365605,9.73023878869161,18.75,0
"663",669,669,100136,2018,"Broadleaf Forest",80441,"群馬県",138.85,36.47,67,4,73.4702546531002,0.196500553568075,0.400322580645161,1114,7.5,1584,54,94.3333333333333,266.666666666667,513.666666666667,0.611231394204599,0.611561910415976,-0.134889234490262,0.344610484081869,0.16172315318066,0.0182660637891212,0.0679167063451762,0.193140069203687,0.131511324934328,0.113596135129718,0.264857706429271,9.74829972841601e-17,2.79713640469738,3.02106594399277,0.497858803231119,0.0533570386439145,20.5533253499744,1.95736647025731,9.18823938949794,23.9024390243902,0
"664",670,670,220408,2018,"Broadleaf Forest",80440,"静岡県",138.89,34.67,71,5,95.6398907693628,0.224909897158499,0.528951612903226,66,15.8,2098,52.6666666666667,113.333333333333,360.333333333333,244.666666666667,2.78700461315128,-0.541385964889085,-0.796950361063846,0.994058973619164,0.0723562207057431,0.793316673769393,0.238220487697025,0.956775884736411,1.35914461027044,0.445050657734572,0.941492408780595,0.857578467566329,3.33381851851852,2.82015925925926,0.432018424437299,0.0707825858515586,16.8356387674871,1.87726474678411,14.4862056491262,27.5833333333333,0.166666666666667
"665",671,671,220427,2018,"Broadleaf Forest",80441,"静岡県",138.89,35.39,89,5,34.1160957216013,0.21959375074626,0.393897849462366,1340,8,2010,52.6666666666667,97.3333333333333,307.333333333333,414.666666666667,0.752857593664904,0.369418947828244,-0.923250764893318,0.296826698343953,0.17188705024433,0.0337783304528061,0.0929344427336563,0.0610889468283284,0.156663786428893,0.165953766626092,0.521748989657349,2.4980018054066e-16,3.908975,2.3513,0.499895568729903,0.0510029593387092,18.1774282541974,1.57752353138158,12.6292372579518,14.8125,0
"666",672,672,190239,2018,"Broadleaf Forest",80441,"山梨県",138.89,35.68,101,5,90.3407073106715,0.330252158799322,0.300134408602151,1571,6.8,1907,51,95,293,463,1.44498578833978,0.537745271303216,0.170291058959012,0.484666127031023,0.771108894225931,0.129324221379127,0.198971280687761,0.369386396014203,0.533778852335636,0.141368753537903,0.493830447077709,5.25895116927706e-16,2.53816218323587,3.10526627680312,0.504648899983076,0.0480808384166419,17.578459353029,1.98089914297276,6.68180307423341,25.0526315789474,0
"667",673,673,100156,2018,"Broadleaf Forest",80441,"群馬県",138.89,36.47,73,5,27.9901230265307,0.255590248349342,0.420403225806452,1070,7.7,1577,55.3333333333333,104.333333333333,290,439.666666666667,1.31609152565332,0.616049094022735,-0.0736604529390831,0.494951928251029,0.644709787625023,0.15005440363687,0.205600861784045,0.51810697138051,0.371473322888733,0.21215570710243,0.479387567177651,5.12410626750072e-16,2.92788376068376,3.13510427350428,0.505811748701459,0.046828882885451,19.5506459752514,1.94089711763582,7.83288720154737,24.5384615384615,0
"668",674,674,100159,2018,"Broadleaf Forest",80441,"群馬県",138.89,36.58,44,3,51.1508468895905,0.221028302099223,0.521397849462366,598,10.7,1417,50,104,273,458.666666666667,1.65513089578096,1.13004856470972,-0.335636186263308,1.16247825959157,0.384956861792281,0.162896463055342,0.203847281711286,0.492683159404074,0.295733139736547,0.0814900485508414,0.577820374702492,8.23415409930324e-16,2.51944444444444,2.43333333333333,0.491814626652376,0.062945926124956,24.4150758565768,1.90173126759106,5.30151174846021,15.8888888888889,0
"669",675,675,110019,2018,"Broadleaf Forest",80441,"埼玉県",138.9,36,54,4,75.4351725185602,0.21048143882953,0.445940860215054,968,9.8,1355,54.3333333333333,101,268.666666666667,392,1.36900173198166,0.554647044224344,-0.012287832518006,0.353098406633699,0.640467754661376,1.56125112837913e-17,0.324944590883114,0.429088851314514,0.385996609198646,0.334988296394081,0.706604185390748,5.11495607773733e-16,2.69315396825397,2.96175026455027,0.498555273311897,0.0595728439083919,19.4961373577782,1.93091656088394,9.351427448136,20.9642857142857,0
"670",676,676,220428,2018,"Broadleaf Forest",80440,"静岡県",138.93,34.67,71,5,129.525581817021,0.296977656969099,0.556263440860215,64,16.1,2104,50.3333333333333,116.333333333333,367.333333333333,234,1.60866118926372,0.421410414939477,-0.240250953799098,0.479336600429642,0.220039771577393,0.17074006731809,0.333878963205665,0.555934751477324,0.706850387625425,0.348595951842255,0.573321617503002,0.438430648507283,2.75727240144552,2.94984683546571,0.492568126391293,0.0689665143078852,20.1594347824501,2.29844192519823,11.7408279737119,20.6923076923077,0.0769230769230769
"671",677,677,220429,2018,"Broadleaf Forest",80440,"静岡県",138.93,34.7,63,4,226.223486514171,0.341209564634272,0.556263440860215,68,15.5,2159,53,113,390.666666666667,277.333333333333,1.35108236612749,0.200042006619591,-0.632522453156641,0.866270036329879,0.209080999376243,1.92747052886312e-17,0.190679463973679,0.438587271301561,0.198938977370204,0.462589807710541,0.696087702857973,4.50257115542425e-16,3.35358024691358,2.66456790123457,0.498555273311897,0.0729408451632908,20.5216078179636,1.9232704116333,15.1691600204574,23.4444444444444,0
"672",678,678,220435,2018,"Broadleaf Forest",80440,"静岡県",138.93,34.92,75,5,142.427628970779,0.303259791628429,0.529274193548387,120,15.5,2098,54,113,367.333333333333,252.666666666667,1.33179927878561,-0.0685010666313408,-0.697991889968826,0.7836772082938,0.33621176825031,0.13313990457784,0.15777918798165,0.402732132009101,0.405343918750265,0.366660135647874,0.502423197948048,4.29481012157626e-16,3.54375350188048,2.71141202948252,0.503932488576747,0.0770829045059765,19.3366897749538,1.9695782145906,17.7620550276079,26.2631578947368,0
"673",679,679,110023,2018,"Broadleaf Forest",80441,"埼玉県",138.94,35.93,80,5,31.8628064972364,0.508171480136119,0.439462365591398,654,10.9,1312,55.3333333333333,104.666666666667,280,363,2.01178353231483,0.753295976649689,-1.04972679154305,1.25759659050467,0.424545164806959,2.63677968348475e-17,0.227084656253987,0.527719302526652,0.522469096252576,0.0323124777226653,1.19700052359421,7.105427357601e-16,3.55548148148148,2.19940740740741,0.498555273311897,0.0536033175582743,22.3354839144304,1.79976995163607,5.70013622410229,22.4,0
"674",680,680,100172,2018,"Broadleaf Forest",80441,"群馬県",138.94,36.32,40,3,40.6077702847035,0.147569946422195,0.600134408602151,218,13.6,1222,56.6666666666667,114.333333333333,231,433.666666666667,0.564041711486305,0.662239116464514,-0.247258992962621,0.229838174891475,0.120746865164153,9.43689570931383e-18,0.0583274351837754,0.279782865644205,0.0400967857626164,0.06092733852692,0.404644567244288,2.66453525910038e-17,2.88,2.94,0.498555273311897,0.055209832521269,21.2281687391311,1.98523254579934,9.82292843905618,22.48,0
"675",681,681,100179,2018,"Broadleaf Forest",80441,"群馬県",138.94,36.58,77,5,68.3117294325297,0.244686957257714,0.519516129032258,1030,7.9,1632,50,100,265,441.333333333333,0.874269702562734,0.550102729712995,0.287987156964335,0.218071153803895,0.506884090762335,4.48987252605762e-18,0.128711793452657,0.362870551695669,0.252468125944583,0.0998847519515715,0.397771082931236,3.42862992898945e-16,2.55212352941177,3.46681176470589,0.498555273311897,0.0455350804044356,17.8478758444733,2.09856820280173,6.13762423906438,27.3529411764706,0
"676",682,682,150398,2018,"Broadleaf Forest",80427,"新潟県",138.95,37.52,56,4,114.060526017344,0.280803851746096,0.521155913978495,36,12.7,2164,53.6666666666667,101,280.333333333333,572,0.861548320414898,0.559588235718458,-0.226549707369173,0.347443500584166,0.380373108378313,0.020560454274703,0.204795737685178,0.211769476462564,0.248230100134588,0.173484898832459,0.415750332415352,5.50999575184337e-16,2.76054869684499,2.73128845776994,0.499349522448493,0.0609754098529271,20.7734879037757,1.86274098576613,9.54906204399649,22.8148148148148,0
"677",683,683,220464,2018,"Broadleaf Forest",80441,"静岡県",138.98,35.21,64,4,6.6846713643057,0.0867768595041323,0.428951612903226,856,10,2084,52,97.3333333333333,363.333333333333,390,2.21220002238886,0.973878112050868,0.355240950676866,1.48481270562683,0.287126280401934,0.780914969403327,0.0700717486696999,0.664620942963915,0.824351260420683,0.0132549925721968,0.54740877603394,5.18104078158406e-16,2.82339192297063,3.08833119499142,0.552851757770632,0.0478028615139182,21.4606339164096,1.66523582895441,5.93073754935865,19,0
"678",684,684,110029,2018,"Broadleaf Forest",80440,"埼玉県",138.99,35.93,72,5,54.0566205414387,0.291803105888302,0.443333333333333,1048,8,1652,53.6666666666667,100.333333333333,261,425.666666666667,1.26539277418528,0.629712413886106,-0.238792426201366,0.780443768949671,0.636665289047353,0.215031351422382,0.163062676172073,0.318896162725242,0.161412486067974,0.188446488054171,0.319524530010922,8.25265781638033e-16,1.78786666666667,1.9876,0.48998492175777,0.0428366454393967,19.2602095051686,1.6865622938454,6.66992244591954,28.0666666666667,0
"679",685,685,100188,2018,"Broadleaf Forest",80441,"群馬県",138.99,36.14,32,3,47.6895745662304,0.147010640414433,0.529543010752688,634,11,1196,55,107.333333333333,293.333333333333,401,0.708931025068335,0.474617171527402,-0.30839192852877,0.171883523409798,0.269069532270867,0.0463294663712731,0.186220537486336,0.157889279615513,0.162224256211872,0.202835297707805,0.412028110993288,3.29485542791982e-16,3.02592592592593,2.89222222222222,0.496712997614355,0.0591799245054351,20.132008324235,1.9292501856865,11.4823135943157,22,0
"680",686,686,150421,2018,"Broadleaf Forest",80427,"新潟県",138.99,37.44,60,4,71.0951621326294,0.339828761871815,0.482903225806452,258,11.9,2092,50.3333333333333,95.6666666666667,278,627.333333333333,1.27410900213039,0.560578408383089,-0.0906314081183763,0.70601273826778,0.453594534801476,1.13545536609391e-17,0.252503186320075,0.466472622653404,0.368359638249593,0.140920270356534,0.437323815564305,9.1845722946263e-16,2.20454545454545,2.27272727272727,0.498555273311897,0.0644165579117331,20.1130020409077,1.66039915367707,6.10116581267806,24.0909090909091,0
"681",687,687,220472,2018,"Broadleaf Forest",80440,"静岡県",139.02,34.88,95,5,86.7071950101964,0.40808541625837,0.406586021505376,935,10.7,2347,49.3333333333333,90.6666666666667,358,357.666666666667,1.97493623200249,0.265668801733794,-0.402848533282161,1.09263473823548,0.627396922300084,0.568310654304265,0.432285444916906,0.805912717913435,0.365118998248272,0.33282956006925,0.496317290270772,9.58492544593052e-16,2.85556231520125,2.52645816381017,0.475703515541265,0.0636911589336895,20.2757233102972,1.50841229783861,8.56020605149312,26.8,0
"682",688,688,220478,2018,"Broadleaf Forest",80440,"静岡県",139.02,35.1,44,3,21.311023529438,0.190634737946484,0.505806451612903,255,14.4,2032,54,113.666666666667,328.666666666667,278.666666666667,1.21299092427894,1.30588251451616,-0.129608433019516,0.452961998666111,0.0274277651865525,1.5419764230905e-18,0.154048035863044,0.878158839916973,0.405914445998464,0.289055512847326,0.425762381359731,2.52884133386841e-16,2.26757651411262,2.51349276645705,0.498555273311897,0.0718435886114856,24.4009452828174,2.20201179642309,8.69106748463752,7,0
"683",689,689,100221,2018,"Broadleaf Forest",80441,"群馬県",139.03,36.51,47,3,14.0486099830125,0.364568296969841,0.582983870967742,281,13.1,1346,51,113.333333333333,249,506,0.873146361006113,0.712493594410735,0.142930675735418,0.380161627661404,0.695209223672397,4.62592926927149e-18,0.0911447808699264,0.249152203348237,0.151767435681479,0.00481330756047229,0.202743991123681,1.09171930754807e-15,1.774,2.482,0.498555273311897,0.0435378680006916,18.5501388028868,1.84808887557825,4.93994936103549,26.6666666666667,0
"684",690,690,140014,2018,"Broadleaf Forest",80441,"神奈川県",139.04,35.42,76,5,83.4776268286374,0.300899842948742,0.436881720430108,497,12.4,1773,54,106.333333333333,306.333333333333,377.666666666667,1.77604479146098,0.875109406780138,-0.104410286781457,0.782574928124294,0.635466778660129,0.306556646920051,0.229268623316817,0.526633055746584,0.568081894221206,0.148969094154251,0.76215706798482,7.10900872219657e-16,2.67341122090309,2.70506849408461,0.509297290737475,0.057888103009679,20.5959912348846,1.97402369827192,7.15479998166894,16.1935483870968,0
"685",691,691,130013,2018,"Broadleaf Forest",80441,"東京都",139.08,35.86,66,4,109.75017709718,0.21851457330967,0.401747311827957,1000,9.1,1609,54,102,268,425.666666666667,1.83925929155453,0.793418235911953,-0.451368963924291,1.20231074412405,0.721440717160442,0.0730714890252885,0.20959238810412,0.338040624195256,0.304783071717166,0.0260910844943208,0.48238838007036,9.07133446949823e-16,2.5474766034327,2.25226204671571,0.497861561446161,0.046059211780093,21.339915152098,1.71892307724467,5.27815396741293,25.0731707317073,0
"686",692,692,150507,2018,"Broadleaf Forest",80427,"新潟県",139.13,37.77,69,4,95.6904863026839,0.250131638864836,0.530537634408602,48,13,1903,51,99.6666666666667,378,464,2.19416185370122,0.0700920874614106,-0.521420959750321,0.481104627510043,0.221907826311868,0.418075158058298,0.181738091561235,0.679583766962294,1.21501525777481,0.287970461038622,0.633365525989682,1.08437607882354,2.74543771043771,2.79809764309764,0.47842907483192,0.0614075962842682,18.6375574767061,2.47033108194924,11.6842374670803,24.9090909090909,0.227272727272727
"687",693,693,100285,2018,"Broadleaf Forest",80440,"群馬県",139.16,36.51,71,5,59.8783931682199,0.257618458432676,0.424596774193548,1124,7.1,1865,51.6666666666667,91.6666666666667,267.666666666667,510,1.32096958433938,0.976837293591758,-0.448022477854934,0.63256195958705,0.137342984981828,0.11282565382154,0.217793120436865,0.275133975664304,0.599749340804408,0.155393009180268,0.466535826666045,7.33331524160301e-16,3.01553918128655,2.7023485380117,0.500064134371298,0.0567965750905302,22.6512153151344,2.04065578497891,7.2938065072579,16.6315789473684,0
"688",694,694,100286,2018,"Broadleaf Forest",80440,"群馬県",139.16,36.54,95,5,72.2885697272513,0.179809494253713,0.424596774193548,1347,6.5,1926,51,89.3333333333333,256.333333333333,508.333333333333,1.25653340191469,1.0519036071389,0.267185300121851,0.977630606487245,0.197336764359816,0.0666158718500377,0.175603779817694,0.193681032796924,0.435102719429986,0.0644528452714268,0.252416268948983,1.92438657601694e-16,1.87936,2.43174666666667,0.501414570203644,0.0471321195155917,23.0902369798978,1.29956490237616,4.07796305221118,19.5,0
"689",695,695,100287,2018,"Broadleaf Forest",80440,"群馬県",139.16,36.58,106,5,65.0149721566376,0.21279988780373,0.37002688172043,1263,6.8,1904,52.3333333333333,97,287,445.333333333333,1.54530126303666,0.938611607125655,-0.0458323017996974,0.947326726345671,0.289410602995024,0.034497399693985,0.190919462520163,0.639105654986407,0.469556080567093,0.115818395041319,0.468615088574509,8.09958161146989e-16,2.30235488215488,2.39773804713805,0.498232066647179,0.0611675926213352,21.0275899895804,1.77831493495628,6.43028283811553,13.4090909090909,0
"690",696,696,140041,2018,"Broadleaf Forest",80440,"神奈川県",139.17,35.42,62,4,32.4829483977257,0.258921170173609,0.456827956989247,437,12.7,1759,53,98.3333333333333,324.333333333333,417.666666666667,1.03378317220111,0.712075611441814,-0.657381817127754,0.698539907550744,0.288227118970376,0.173914430331527,0.182389153237548,0.297362112037102,0.271130887304661,0.138848206359151,0.323910518363278,5.25220892418824e-16,3.44538461538462,2.67230769230769,0.503179356913183,0.0506176928057744,21.9948602330777,1.78516155928184,7.39618990623085,22.6923076923077,0
"691",697,697,140043,2018,"Broadleaf Forest",80440,"神奈川県",139.17,35.5,98,5,75.1057397571063,0.258778988561145,0.410295698924731,1014,9.3,1899,53.3333333333333,102.666666666667,328.333333333333,434.666666666667,1.9602507122267,0.646217527890626,-0.648467822478498,1.57920591129126,0.441412119583046,0.121061536342857,0.124952029885415,0.550729553684906,0.250644212031618,0.0386461771880475,0.562006343394845,8.79851747015437e-16,3.15768,2.21804,0.504988691318328,0.0439969795348466,20.6257219164191,1.4619326144905,5.23258368527431,24.45,0
"692",698,698,140047,2018,"Broadleaf Forest",80441,"神奈川県",139.17,35.64,70,4,105.522154181568,0.225296898328364,0.543037634408602,441,12.5,1559,54.6666666666667,101.666666666667,284,388.666666666667,1.43591546803777,-0.0482014848355822,-0.461555652512557,0.425573348809173,0.167656336218692,0.508863752857339,0.191315959145118,0.6343346471178,0.555918093859327,0.34577920566709,0.408731886105342,0.293291835907685,3.28375,3.01125,0.47413033681672,0.0611569811489057,17.9671859274324,1.86686224072007,14.3545713660619,25.6,0.05
"693",699,699,130020,2018,"Broadleaf Forest",80441,"東京都",139.17,35.71,69,4,46.2427021621201,0.189034863345973,0.566155913978495,690,11.7,1535,53.6666666666667,104,278.666666666667,383,3.05706567259995,0.354956974906372,-0.141961361992033,0.739647530420709,0.87496626670826,1.12597940983108,0.308793851290205,0.956624890167487,1.40760206489657,0.286590927027168,0.518092331888078,1.19728406552197,2.33631578947368,2.89842105263158,0.527362469114909,0.0636855695632146,20.562059418258,2.77689580475327,7.90169761728051,29.7368421052632,0.263157894736842
"694",700,700,100310,2018,"Broadleaf Forest",80441,"群馬県",139.2,36.69,48,3,81.5924844412,0.209146889715141,0.395349462365591,780,9.2,1770,50.3333333333333,94.3333333333333,280.666666666667,503,1.01120569587774,0.340179997759403,-0.370898713060404,0.16586576549649,0.0758149772841776,0.200848450571271,0.108266940250896,0.318765572708351,0.574199933754814,0.0733420564200664,0.262997005251568,0.520947612098702,2.93165977605512,2.98058225667528,0.49031757346893,0.0562308582200646,19.7040209028337,2.19648925509532,10.4020334396859,25.6046511627907,0.0930232558139535
"695",701,701,110083,2018,"Broadleaf Forest",80440,"埼玉県",139.21,36.18,74,5,32.6562364907447,0.239562464263461,0.677123655913979,87,14.3,1273,59.6666666666667,122.333333333333,259.333333333333,386,0.346803417492851,0.553701730109049,-0.247680716730507,0.0575602742027234,0.151828170676605,0.019007057511146,0.0219684707515767,0.101282355287624,0.273406229330649,0.0486765747614986,0.0754006578559146,2.01858731750028e-17,2.97090909090909,3.0730303030303,0.497777521192634,0.0530107201696332,20.0953119226975,2.07040526676791,9.95343847009936,24.5454545454545,0
"696",702,702,100329,2018,"Broadleaf Forest",80441,"群馬県",139.25,36.65,91,5,28.1612456873071,0.134635718622951,0.281935483870968,1340,6.7,2002,50,92.3333333333333,284,513.333333333333,0.851114078212018,1.08565017183528,0.607260274478065,0.203139801040445,0.0711471427734911,9.25185853854297e-18,0.192674860810666,0.352247166330001,0.436644702984778,0.044809724157389,0.394134318744437,3.36767650802964e-16,1.36666666666667,2.46666666666667,0.498555273311897,0.0494171263834771,22.7062286302222,1.27613272280149,3.81231307774753,18.4666666666667,0
"697",703,703,140067,2018,"Broadleaf Forest",80440,"神奈川県",139.3,35.32,53,4,108.996133167597,0.278831278549427,0.617903225806452,53,14.9,1677,53.3333333333333,116.333333333333,362.666666666667,243.333333333333,0.885260456733093,0.590055876456679,-0.291632990335611,0.622121444680678,0.526483774585063,1.11022302462516e-17,0.128287072909058,0.0364526643039748,0.179430182343987,0.11932796277866,0.155099153209616,4.27435864480685e-16,2.67918,2.69304,0.498555273311897,0.0494393858741913,20.3160471393825,1.89017267987214,9.07546582956571,25.75,0
"698",704,704,150587,2018,"Broadleaf Forest",80427,"新潟県",139.31,37.8,78,5,103.8828727842,0.272250996159256,0.449220430107527,392,11.1,1867,48.6666666666667,89.6666666666667,295.666666666667,592,2.76472860101995,-0.499307420024058,-0.344048420908012,1.44748932563636,0.868380608620808,0.32537509314456,0.905228078127618,0.532768952844719,0.66830724337796,0.430865660449486,0.33049339369396,1.03959512190694,2.95484788359788,2.52248677248677,0.483150571887919,0.0781104776141528,17.4002974327969,1.58804545306109,9.5662912836234,30.4285714285714,0.214285714285714
"699",705,705,100366,2018,"Broadleaf Forest",80441,"群馬県",139.34,36.62,87,5,41.4754377871711,0.186231060284662,0.310537634408602,1488,5,2147,51.6666666666667,88.3333333333333,290,536.333333333333,1.44228616300678,0.782821081770594,0.00942496143207374,0.551919844171422,0.587762149565751,2.55643459617635e-17,0.172742845446042,0.52346222939617,0.379223957875216,0.0196661637758026,0.726845632443957,7.9760759400702e-16,2.4545126705653,2.76926622110833,0.498555273311897,0.0525752852852133,19.6566928401984,1.90274196580144,5.38525156530058,20.3684210526316,0
"700",706,706,150605,2018,"Broadleaf Forest",80427,"新潟県",139.36,37.87,60,4,60.3974968574612,0.294105955168902,0.448817204301075,278,11.6,1882,50.6666666666667,92.6666666666667,323.333333333333,570.333333333333,1.49528191201066,1.17929282549184,0.091051272074122,0.529130815091063,0.786142048055275,0.0449749218619296,0.165578988883599,0.674284833504883,0.655721604557087,0.0108634406999585,0.467122155548962,5.58812255727995e-16,1.81466666666667,2.51422222222222,0.496273867095391,0.059062779446091,21.0849757633779,2.25348339708579,5.24893626796563,13.6,0
"701",707,707,100380,2018,"Broadleaf Forest",80441,"群馬県",139.38,36.54,35,3,128.008074074053,0.401548622753962,0.462177419354839,567,11.3,1644,52,100.666666666667,274,443.666666666667,2.00850938852183,-0.234474283263788,-0.454258085477155,0.601871421202189,0.204991321378467,0.107590411574148,0.595688903738278,0.495535073592714,0.225733131697401,1.13342572760136,0.66768717492029,0.774491280397279,3.20987102396514,2.87874083411142,0.494019358804615,0.0732610227399184,19.9413192809991,1.8897234844065,20.2481502251434,24.1176470588235,0.147058823529412
"702",708,708,150645,2018,"Broadleaf Forest",80427,"新潟県",139.45,38.05,60,4,45.6400127734107,0.200106977158564,0.491586021505376,340,11.6,1972,50.6666666666667,92.3333333333333,245,610.666666666667,1.45775007432111,0.642576494496481,0.123746874224323,0.348331054654548,0.942993495351075,5.28677630773884e-18,0.315005983512705,0.572446793629028,0.34228840472159,0.0307921580952616,0.562718016180014,4.70523091388757e-16,2.34022045855379,2.96215167548501,0.498555273311897,0.0562914175112965,19.5257527203982,2.01254276169117,5.22170979070384,25.952380952381,0
"703",709,709,150670,2018,"Broadleaf Forest",80427,"新潟県",139.5,38.09,61,4,10.5883264615261,0.482568513387814,0.46741935483871,350,11.4,1975,48,91,247.666666666667,602.333333333333,1.55094741148087,0.609428472690594,-0.392430484580913,0.823889532570782,0.819697901530563,0.140715521561018,0.23557601081861,0.349160199071297,0.34332277132384,0.0259858637928375,0.689329569820517,7.40148683083438e-16,3.05438271604938,2.84530864197531,0.482851757770632,0.0583488982708968,19.4060347273242,2.03377461097291,5.59979223895355,21.3333333333333,0
"704",710,710,150671,2018,"Broadleaf Forest",80427,"新潟県",139.5,38.13,61,4,48.9394006811491,0.295160248139294,0.461344086021505,144,11.3,1999,48.3333333333333,90,265.333333333333,609.666666666667,1.57661688088898,0.0364175164654002,-1.48003854057919,0.744592110022814,0.650921915059825,0.216234873340695,0.378212259994095,0.331643775953552,0.507671203926713,0.153827868662604,0.53667527062151,0.34184442720983,4.41842047930283,2.2338779956427,0.486124000378286,0.0542039705168057,19.3680386181479,1.58509391486903,6.40564829914744,30,0.0588235294117647
"705",711,711,150678,2018,"Broadleaf Forest",80427,"新潟県",139.5,38.38,75,5,49.0070757858768,0.329043222017102,0.394516129032258,460,10.2,2029,48.6666666666667,90.6666666666667,209.666666666667,612.666666666667,1.93058174849654,0.407498811975167,-0.404767754885468,1.13002037183761,0.958667849353526,2.58631500054724e-17,0.141718536177842,0.354425625192026,0.56147928883911,0.126280520787128,0.610745328632908,6.25762068425088e-16,3.21812188552189,2.82367542087542,0.498555273311897,0.0458594157660388,18.1829783029448,1.79238857266569,6.46615414418704,27.2727272727273,0
"706",712,712,90044,2018,"Broadleaf Forest",80440,"栃木県",139.52,36.33,70,4,47.3847054213092,0.180033637215388,0.60255376344086,114,13.9,1317,54.6666666666667,114.333333333333,249.666666666667,389.333333333333,0.729399534885142,0.723565100588295,-0.276853310936671,0.351564864003031,0.107850033886799,0.058638504431361,0.0891398588671039,0.268793906977893,0.0795380482710141,0.143507891195012,0.446036780472099,3.00685402502647e-16,2.92351851851852,2.92925925925926,0.496175667202572,0.0568104791362332,21.4531217454037,2.00984574382986,8.60838341688565,21.3333333333333,0
"707",713,713,150698,2018,"Broadleaf Forest",80427,"新潟県",139.55,38.13,44,3,43.4343626371482,0.239599257512255,0.451075268817204,100,11.9,2007,52.3333333333333,100,236.333333333333,574.666666666667,1.16889487783049,0.718401092337327,-0.192899517415554,0.374102365077459,0.537250332418209,0.0175683288523162,0.238774279389773,0.369763962428477,0.374929945209879,0.171007674581007,0.491654178474928,6.24500451351651e-16,2.6029012345679,2.70478395061728,0.497842333869239,0.0641321874625227,21.8016349089167,1.95455195077082,6.98520610244851,22.8333333333333,0
"708",714,714,150707,2018,"Broadleaf Forest",80427,"新潟県",139.55,38.45,59,4,81.2335396073083,0.256390814332914,0.422204301075269,320,11.4,2062,50.6666666666667,86.6666666666667,288.333333333333,581.333333333333,1.33604529548906,0.549839244750769,-0.749177639541121,0.907758501417377,0.3047225785065,0.166531590346014,0.207119240235066,0.315603441296409,0.333129134076055,0.288926856215549,0.472762124756584,9.20980463609505e-16,3.39715488215488,2.48629389129389,0.489469504530839,0.0620472235983773,20.9358366939525,1.8221877408657,8.289649135768,20.5,0
"709",715,715,150724,2018,"Broadleaf Forest",80427,"新潟県",139.59,38.16,54,4,40.6190880986382,0.236503378809493,0.418091397849462,249,10.6,1950,52.6666666666667,95,284,529.666666666667,1.89481236826437,0.574056224741271,-0.0757923635621293,0.613795328218175,0.711299771136471,0.176612628922143,0.261948245694619,0.518946392056552,1.04851832198601,0.134651311812502,0.490640458519309,0.384195153469716,2.30801975308642,2.86425679012346,0.494273867095391,0.05347855763901,18.9553052310188,2.2958376620063,6.52217405728105,25.6666666666667,0.0666666666666667
"710",716,716,150728,2018,"Broadleaf Forest",80427,"新潟県",139.59,38.3,45,3,78.5078971567569,0.505843441287591,0.432876344086022,354,10.6,2001,50.3333333333333,85.6666666666667,250,613.333333333333,3.26843905868152,-0.984630776593121,0.189400795206903,1.07020012404486,0.407351271970031,0.506632492514549,1.51488424052207,1.02804135323643,0.701085636452533,0.834059332789871,0.787356289528817,1.40471352987365,2.46198148148148,2.88340740740741,0.469560927652733,0.109595093343663,18.9480940785181,1.55923305798543,17.8371762109568,25.7,0.35
"711",717,717,150731,2018,"Broadleaf Forest",80427,"新潟県",139.6,38.41,80,5,49.4509640179849,0.22216144641305,0.392096774193548,402,10.4,2013,50.6666666666667,83.6666666666667,281.333333333333,636.333333333333,1.92165835146744,0.906259050284374,0.384217860067225,0.291650714350924,0.828864213311168,0.128107445865457,0.17280713460723,0.479868994250836,1.52789835085879,0.0778755835281583,0.304115986685522,1.20274161001059e-15,1.652,3.01266666666667,0.505703515541265,0.0434905051334561,18.4812649483333,2.41124357327778,5.82152212920906,25,0
"712",718,718,140126,2018,"Broadleaf Forest",80440,"神奈川県",139.61,35.28,71,5,12.3265875614553,0.318587403838095,0.553521505376344,80,15.4,1675,51.6666666666667,111.333333333333,347,262,0,1.07929235316632,0.990567464710824,0,0,0,0,0,0,0,0,0,1.35,2.88,0.52,0.0507131689655277,24.1,1.16601874249706,6.11301793304081,20,0
"713",719,719,60011,2018,"Broadleaf Forest",80427,"山形県",139.63,38.66,78,5,62.8598677976868,0.368803003819709,0.39760752688172,63,12,2015,49.6666666666667,94.6666666666667,338.666666666667,567,1.68004305498042,0.568194675633541,-0.067728017650112,0.491735521784856,0.829445006313401,0.536593138979647,0.159364208713521,0.474368535464705,0.402640002846731,0.119775918531487,0.625610029753074,9.35759406469775e-16,2.29087301587302,2.67722222222222,0.473150571887919,0.064847225170795,20.859766031428,1.76843534615697,6.23855808354224,24,0
"714",720,720,60009,2018,"Broadleaf Forest",80427,"山形県",139.64,38.59,64,4,74.274411952247,0.285128354724671,0.404139784946237,438,10,2014,50,83.3333333333333,253,655.333333333333,1.66184794808125,0.845737837049353,-0.204019590589508,0.499275166516113,0.483792364730237,0.159369826450758,0.375422843037074,0.753059875026906,0.378967095285885,0.164106223483195,0.731141133387892,6.269494727295e-16,2.52507625272331,2.61363834422658,0.49015666351428,0.0682453391360757,23.4538684757362,1.84694771848466,6.41777094433967,20.2352941176471,0
"715",721,721,90116,2018,"Broadleaf Forest",80441,"栃木県",139.65,36.69,86,5,27.9431051118291,0.168284524006333,0.44491935483871,712,9.6,1986,53.6666666666667,99,267,451,1.32438404204377,0.582816836537847,-0.266693352273237,0.705193895116523,0.535382750547913,0.0999283389126153,0.213503241902256,0.392403149232296,0.39792771026213,0.149008344297936,0.393011428947444,7.55805674456357e-16,2.71465811965812,2.60868945868946,0.494162154340836,0.0602488581760712,20.4084646864097,1.81745395982737,6.37090057957669,24,0
"716",722,722,90209,2018,"Broadleaf Forest",80441,"栃木県",139.83,36.69,90,5,60.323618907883,0.305586015715528,0.500833333333333,468,11.5,1645,54.3333333333333,109.666666666667,198.666666666667,415.666666666667,2.04621326609623,0.028483108005727,-0.304020398086481,1.20109605158174,0.338053926908989,0.256972140040733,0.701924628058627,0.605699636263657,0.567292709072945,0.346765520985379,0.360415144551272,0.727169841093432,3.06093434343434,2.82922558922559,0.47752512423268,0.0738982366809584,19.5948314202976,1.75744616279353,8.94453883479611,23.5454545454545,0.136363636363636
"717",723,723,90215,2018,"Broadleaf Forest",80441,"栃木県",139.83,36.9,74,5,28.5267076020924,0.240488448246028,0.332177419354839,1018,7.8,1952,51,91.3333333333333,283.666666666667,481,1.63557637922748,0.780119580298803,-0.031271814927718,1.11317254919029,0.536680390872534,0.141179634219075,0.0308670272635831,0.475956442939549,0.507040466497588,0.0590458966887462,0.260670845730447,4.67879703234887e-16,2.77661375661376,2.92455026455027,0.507745870463941,0.0408388923946509,21.0376366608746,1.61235621497205,5.00886008798907,25,0
"718",724,724,120027,2018,"Broadleaf Forest",80440,"千葉県",139.92,34.92,61,4,98.522249848811,0.217116103516394,0.554381720430108,102,15.1,1995,52,112.333333333333,346.666666666667,281.666666666667,0.517564604387581,0.0457531302438748,0.276731979985646,0.186556960139184,0.350031496881241,2.47817639425258e-18,0.136853387910055,0.0724515791355761,0.145519469268761,0.181951749461501,0.125680586334323,1.90323947078598e-16,3.57,3.82142857142857,0.498555273311897,0.0799188923488781,18.4294885298984,1.74951443638539,16.8134783174972,15.3571428571429,0
"719",725,725,120053,2018,"Broadleaf Forest",80440,"千葉県",139.96,34.99,51,4,41.9744482946642,0.281816747538288,0.570134408602151,24,15.6,1881,53,121.666666666667,303,388,3.06309815972552,-0.456749538907791,-0.413611421059088,0.872412895539767,1.1296726389779,0.691222868223258,0.286264894866686,0.740753161093919,1.19780652900765,0.280451346941163,0.988376956727946,1.54364124161939,2.5525,3.46805555555556,0.461425878885316,0.0638436770006165,15.6310002673889,3.455110116875,12.2944239545243,29.1666666666667,0.5
"720",726,726,80035,2018,"Broadleaf Forest",80440,"茨城県",139.96,36,35,3,22.1119234582022,0.21663424211714,0.575752688172043,8,14.4,1313,60,112.666666666667,200.333333333333,368.333333333333,1.13880541174666,0.521732932119914,0.0294605510825798,0.315378324898431,0.442837378696324,9.91270557701033e-18,0.209864180794344,0.461870046372691,0.394606199741502,0.222006561182189,0.60326681440475,2.53765262771464e-16,2.77267195767196,3.0681746031746,0.498555273311897,0.0566859583296425,18.907823983409,1.90686792682637,8.63056468826773,21.7142857142857,0
"721",727,727,120078,2018,"Broadleaf Forest",80440,"千葉県",140.01,35.25,63,4,60.813426543318,0.228062160097158,0.502715053763441,93,15.2,1737,53,113.333333333333,315,340.333333333333,1.12784209477237,0.334205062605884,-0.374558514220632,0.168144376761935,0.113775121227697,0.205128406216039,0.122779083986983,0.386052488148459,0.592101567244889,0.14240988337048,0.372386922472068,0.532048681918702,2.94987654320988,2.96795414462081,0.490121437758383,0.057516409586346,19.7894819168798,2.17961587355972,11.2261722585926,24.2857142857143,0.0952380952380952
"722",728,728,120094,2018,"Broadleaf Forest",80440,"千葉県",140.05,35.14,72,5,207.199392419376,0.338547742638397,0.511129032258064,135,15.2,1834,50,110,323.333333333333,358.333333333333,3.28333281610741,-0.787399450485391,-0.606546462551185,0.666010223410654,0.486010158420033,1.32433796832706,0.661808231660862,0.857706007556279,1.52962081206111,0.301363581114188,0.904766121053326,1.53936522709967,2.69163196881092,2.47076335282651,0.508485598239973,0.0900321357703061,13.5086951448597,3.17688228383153,11.668053256175,29.5789473684211,0.473684210526316
"723",729,729,120095,2018,"Broadleaf Forest",80440,"千葉県",140.05,35.17,63,4,87.4930884960654,0.217378981505941,0.484623655913978,200,14.6,1851,51.3333333333333,111.333333333333,310.333333333333,343.666666666667,1.67697222320905,0.469484187587011,0.230595780161098,0.422660835652018,0.471810855485739,0.502193117697534,0.393616508747396,0.531749901496363,0.847121625851427,0.150381041269917,0.535783289562305,0.307873045419934,2.53879142300195,3.23500974658869,0.519011502792351,0.0721555837237362,19.7248294874187,2.32744110796233,9.96968922723771,23.1578947368421,0.0526315789473684
"724",730,730,90310,2018,"Broadleaf Forest",80440,"栃木県",140.05,36.4,55,4,88.2544344153889,0.305785837810549,0.490268817204301,114,13.5,1371,59,118,248.666666666667,408.666666666667,2.57698135702784,0.00339518871353419,-0.222863057439744,0.450658973215315,0.551967849536547,0.461089458140588,0.337977456712316,0.892147961273643,1.20901104993829,0.302682757931607,0.84750339430048,1.08437607882354,2.43936026936027,2.53363636363636,0.489469504530839,0.0740578259459585,18.7297617445388,2.09779555788197,8.12187896356438,25.4545454545455,0.227272727272727
"725",731,731,120113,2018,"Broadleaf Forest",80440,"千葉県",140.09,35.14,57,4,203.990662602274,0.509666741747088,0.50760752688172,135,15.1,1854,50,113.333333333333,328,353.666666666667,2.19246314612424,-0.260390503011057,0.243438990344141,0.770451230403191,0.842091602390598,0.637145343270758,0.689841811484799,0.674025970960598,1.02438271002148,0.45958231586829,0.223432153483241,3.01346249541114e-16,2.86395334137367,3.12413350836495,0.529780909508498,0.09517725793657,14.2005130966352,2.32915983504047,20.8230250710062,18.2857142857143,0
"726",732,732,80082,2018,"Broadleaf Forest",80440,"茨城県",140.1,36.26,40,3,26.7907607058962,0.226872704179026,0.486827956989247,124,13.7,1317,59,115.333333333333,212.333333333333,394.666666666667,0.950779190843406,0.500590303098684,-0.330304947609647,0.361860258533821,0.202931054956206,0.285608347520873,0.189479321487953,0.339066262538323,0.153254325028983,0.159295322373982,0.583601091804779,2.47276946393785e-16,2.8870202020202,2.86055555555556,0.486868430283543,0.0608378342893733,20.7129535833755,1.95481582474168,10.0747775088464,23.7272727272727,0
"727",733,733,90331,2018,"Broadleaf Forest",80440,"栃木県",140.1,36.4,80,5,76.7333150284042,0.272541161145799,0.483817204301075,270,12.8,1433,54,106.333333333333,220.666666666667,348.333333333333,0.931617753218306,0.21687013816167,-0.0868343254536172,0.358607133340247,0.0691296601369738,0.14077885558945,0.453592044860176,0.242116917011757,0.243760762020599,0.167414978044132,0.187538191789405,0.47166815716148,2.80228395061728,3.01725308641975,0.492842333869239,0.0667096380378933,20.0199996257029,1.89370946148533,11.4467187565431,24.3333333333333,0.0833333333333333
"728",734,734,90336,2018,"Broadleaf Forest",80440,"栃木県",140.1,36.58,45,3,90.1499404376017,0.291016369396098,0.488172043010753,132,13.3,1405,54.6666666666667,114,221.666666666667,394.666666666667,0.965575544944548,0.860687568341561,-0.0557235030048992,0.382785894622388,0.238361456192959,1.43114686768087e-17,0.153779459046227,0.430465454264349,0.219087274228212,0.271788510544071,0.478982679029697,4.33680868994202e-16,2.53100694444445,2.8006712962963,0.498555273311897,0.06354468115976,21.8553339954235,1.99402256689424,8.81613391166936,16.375,0
"729",735,735,90339,2018,"Broadleaf Forest",80440,"栃木県",140.1,36.69,56,4,117.888349523119,0.304977600039696,0.485510752688172,133,13.1,1407,53.6666666666667,111,226.333333333333,390,0.908890567796816,0.913914732221941,-0.15020288044922,0.470197710583087,0.151674950300481,0.0225566598563913,0.115492050408852,0.370286016623508,0.169216626656801,0.234023964154367,0.450728376960912,4.22221180577143e-16,2.6580583613917,2.79483726150393,0.497689961999415,0.0642169415611053,22.4749946870597,2.01701549363494,8.38888222931773,15.8484848484848,0
"730",736,736,120136,2018,"Broadleaf Forest",80440,"千葉県",140.14,35.21,84,5,14.3974412676468,0.118396758460735,0.468306451612903,220,14.6,1842,50.3333333333333,104.666666666667,302.666666666667,345.333333333333,1.41805482448018,1.04208946197353,0.147201779826548,0.337835091795709,0.507846969253898,2.37904933848248e-17,0.164178466266398,0.774915524099993,0.236727903546042,0.281796625602771,0.718706760371091,2.85485920617897e-16,2.37830553312498,3.05214194071061,0.498555273311897,0.0599304792792547,22.5032613711843,2.09159219507474,8.22654679487658,14.7142857142857,0
"731",737,737,120138,2018,"Broadleaf Forest",80440,"千葉県",140.14,35.28,57,4,116.234840878171,0.164237103730466,0.481021505376344,171,14.8,1777,50.3333333333333,112,323.333333333333,346.666666666667,1.43886386538462,0.475805829150332,0.213711972115563,0.434581787152606,0.471079254689888,0.342941763984213,0.209441974008813,0.583940711490743,0.637352337938719,0.265704491272656,0.532202976699664,2.4980018054066e-16,2.73959362139918,3.37354938271605,0.514391747945695,0.0595583313805196,18.7172326261987,2.16148728176624,11.3733953784469,23,0
"732",738,738,80099,2018,"Broadleaf Forest",80440,"茨城県",140.14,36.33,59,4,57.9714151023776,0.237004580668383,0.468521505376344,176,12.7,1435,54,106.333333333333,231.333333333333,361,1.50017880554124,0.510006106663083,-0.176178817445807,0.593632074263788,0.546892393472904,0.252143510167694,0.254040516045784,0.40744867301785,0.66063609849141,0.213309519371346,0.545949019297849,5.90638649100583e-16,3.00294874074074,3.10077214814815,0.487244218649518,0.0505060565288968,18.4664299682239,1.95371885455121,7.8449235849181,22.52,0
"733",739,739,80117,2018,"Broadleaf Forest",80440,"茨城県",140.19,36.4,47,3,46.3012419144625,0.243661719236816,0.475483870967742,300,11.8,1544,53,106.666666666667,241,373.333333333333,1.03961634711621,0.259493839385861,-0.156956254483255,0.396248580201787,0.109962464079327,0.2142512221767,0.395983771966449,0.322261662681842,0.347471293658362,0.182950652836353,0.32601233772688,0.384195153469715,2.87856098765432,2.97032493827161,0.489699745980707,0.064735312420153,19.945554704958,1.85275089073781,11.0143569011423,23.6,0.0666666666666667
"734",740,740,120181,2018,"Broadleaf Forest",80440,"千葉県",140.23,35.39,61,4,19.6317677243454,0.232127864078986,0.489005376344086,66,15.1,1684,51,109.666666666667,318,404.333333333333,1.24997426239274,0.842367593355584,0.0927561014709068,0.628519282373679,0.434972473457756,0.0705898171095376,0.0724222191911265,0.629334577552271,0.312255230955821,0.105466428455811,0.558580383708102,3.01346249541114e-16,2.59571428571429,3.13857142857143,0.501618805695912,0.0547018270080177,22.7140331308099,1.86955442767479,9.17070690688355,20.7142857142857,0
"735",741,741,120186,2018,"Broadleaf Forest",80440,"千葉県",140.23,35.57,47,3,93.0719678845343,0.309245400928743,0.53497311827957,55,15,1522,55,110.333333333333,268.666666666667,363.333333333333,0.528809751658044,0.55215083606084,-0.253177292666021,0.371172586987332,0.309387948870625,2.87126644299609e-18,0.0755694315457719,0.0474610553993043,0.0786184640188357,0.0782560288519108,0.108483705119687,2.06731183895719e-16,2.80217752234994,2.87779054916986,0.498555273311897,0.0514668999261427,20.2738326789107,1.94978126097087,9.64376214403627,25.6896551724138,0
"736",742,742,90390,2018,"Broadleaf Forest",80440,"栃木県",140.23,36.54,54,4,82.3286167498798,0.220567769978118,0.473575268817204,149,13,1420,54.6666666666667,109.333333333333,266.333333333333,377.333333333333,1.09891552577535,0.727021544855616,-0.20010631454416,0.422523696632881,0.245111051127261,0.0626007953766836,0.170257683978668,0.386537482370745,0.263589601225051,0.202436556654178,0.654438054620561,0.162369860331039,2.64935935935936,2.78571571571572,0.496161887546711,0.0616252124105642,21.648593548782,2.03238440686731,8.75505302950693,19.8648648648649,0.027027027027027
"737",743,743,90391,2018,"Broadleaf Forest",80440,"栃木県",140.23,36.58,57,4,56.3748369553892,0.443381144015531,0.478682795698925,157,13,1422,57.3333333333333,114.333333333333,246,391,1.08543652241946,0.744528108060947,-0.111410665501119,0.454718195512088,0.336315447855303,1.28865172501134e-17,0.206837888764459,0.377523641505079,0.212973629057236,0.255535128785217,0.60512874901711,4.36159045388454e-16,2.58215608465609,2.78222222222222,0.498555273311897,0.0606006344801765,21.2041932438602,1.96240272748981,9.41412168188184,18.9285714285714,0
"738",744,744,90392,2018,"Broadleaf Forest",80440,"栃木県",140.23,36.62,59,4,56.4885573064351,0.213690144988746,0.470779569892473,286,12.3,1477,54,113,218.333333333333,369.333333333333,1.31015220371204,0.505678634754855,-0.3101826702631,0.611234061933263,0.409736640970357,0.0912760203017619,0.168611206816209,0.504473108392252,0.355387814827152,0.348153690734013,0.435670559760662,7.21644966006352e-16,3.08358722860792,2.84314993614304,0.494616614924049,0.0550339146693922,19.648109837766,1.8060613334887,10.6371814907361,20.0689655172414,0
"739",745,745,90399,2018,"Broadleaf Forest",80441,"栃木県",140.23,36.9,68,4,61.9027765267807,0.221638307743352,0.413172043010753,392,10.9,1512,54.3333333333333,104.666666666667,274,354.666666666667,1.21297807263908,0.777298280699206,-0.863192799316146,0.964648568631211,0.287921370303336,0.187991346303139,0.104346250852391,0.157631900656983,0.194894253561304,0.0887650132601314,0.343837258415876,6.8463753185218e-16,3.48278165784832,2.59118447971781,0.482237974276527,0.0557787480990929,22.1893796209025,1.95325421801318,5.48513306017263,20.9047619047619,0
"740",746,746,70386,2018,"Broadleaf Forest",80441,"福島県",140.24,37.23,58,4,105.275381742428,0.243081122066143,0.432930107526882,322,11.1,1333,55.6666666666667,111.333333333333,265,447,1.45067444882198,0.760900131862976,-0.00982968610677911,0.728706963621827,0.543767448340252,0.0707682508970386,0.356043473327419,0.644891380077366,0.278292389195885,0.24081832318044,0.505951684728969,0.237103294712738,2.24728888888889,2.59444444444444,0.495813062379421,0.0716029452975611,23.2646374264952,1.833483748368,7.70571876157849,19.64,0.04
"741",747,747,120201,2018,"Broadleaf Forest",80440,"千葉県",140.27,35.39,61,4,30.8973653590466,0.278070566325891,0.488548387096774,53,15.1,1692,53.3333333333333,117,325,361,3.05905699590942,0.113261642336759,-0.526742341269699,0.849089530273574,0.588093307896256,0.482386932017784,0.137934839102191,0.787183262003673,1.68721710356821,0.667298495580055,1.23166974607636,1.15773093121454,2.55476534629874,2.84288069358663,0.481777636655948,0.0694916053098492,20.2709632740276,2.76841477924347,17.6005344070547,21.5,0.25
"742",748,748,70409,2018,"Broadleaf Forest",80441,"福島県",140.28,37.23,35,3,12.3936411547468,0.331405467567674,0.445887096774194,300,11.6,1298,56.6666666666667,114.333333333333,264,441,2.88678409437006,-0.678847169540045,1.13010289865073,0.841579175738985,0.777536631738864,0.47359221192022,1.25339580014519,1.162229458064,0.459890188905327,0.440494511350084,0.587957574258676,1.37212554810612,1.84,3.45,0.482851757770632,0.107628016340878,20.4719464122381,1.25893931040468,17.5922217366275,20.3333333333333,0.333333333333333
"743",749,749,120221,2018,"Broadleaf Forest",80440,"千葉県",140.31,35.35,71,5,84.3139409324181,0.334724557543775,0.489408602150538,35,15.2,1748,55.3333333333333,111.666666666667,318.333333333333,379.333333333333,2.323467458985,-0.294134338907037,-0.117579808683611,0.492106168020477,0.498995567780647,0.498936793267937,0.440479128472391,0.607009844518462,1.12143218936713,1.1078971530374,0.510914857631677,0.555710846982986,3.023,3.322,0.528133163987138,0.0764794081523444,17.7340445763631,2.49932735055338,23.5626699667811,28.4,0.1
"744",750,750,80180,2018,"Broadleaf Forest",80440,"茨城県",140.32,36.43,51,4,44.9242070569032,0.292472550793555,0.468010752688172,97,13.2,1406,53.3333333333333,106.666666666667,258.666666666667,354.666666666667,1.80995865296654,0.116455347717939,-0.124031926366229,0.497846406337756,0.392474771211675,0.262823591877867,0.345775141397673,0.672920596116649,0.66221077006174,0.349229255592475,0.590010147722532,0.727169841093433,2.73555555555556,2.96959595959596,0.488363405437007,0.0687133774727091,19.5827619796252,1.99349073369642,12.0120410505996,23.5909090909091,0.136363636363636
"745",752,752,70469,2018,"Broadleaf Forest",80441,"福島県",140.37,37.26,56,4,79.0912855890519,0.29990023302277,0.463010752688172,266,11.7,1282,60,119.333333333333,288.666666666667,377.333333333333,1.42144916213449,0.166793343521621,-0.502837705497758,0.0774792935595329,0.12203005470346,0.303522564750324,0.163799657008944,0.414584885360893,0.875294854122955,0.137538985023515,0.380449099343588,0.78725703322589,2.98937037037037,2.92885185185185,0.485271982315112,0.0589084322445321,19.2555539138052,2.30703916169745,11.5048497717282,26.1,0.15
"746",753,753,80263,2018,"Broadleaf Forest",80441,"茨城県",140.46,36.54,46,3,19.9025038759953,0.167007472401562,0.442204301075269,20,13.8,1406,53.6666666666667,116,233.666666666667,347.666666666667,1.46014147506231,0.898188812332526,0.179470950230993,0.414504446455854,0.655146606372563,6.93889390390723e-18,0.289489327209908,0.764402545530383,0.267049429098234,0.0746709390713316,0.695665319543131,5.96744875736022e-16,2.26178240740741,2.98648148148148,0.498555273311897,0.0589126620473385,21.6128130870243,2.02294998335802,5.43029299511811,21.125,0
"747",754,754,70530,2018,"Broadleaf Forest",80441,"福島県",140.46,37.19,30,2,13.0223613940938,0.133025655091145,0.406854838709677,341,11.3,1357,55.6666666666667,113.333333333333,225.666666666667,386,0.331969685857837,1.4548345424905,-0.00394451291914552,0.15114568529795,0.158810586547971,5.78241158658936e-18,0.00806726906187591,0.197185167022019,0.00532883983542695,0.0063992927434111,0.152057993342761,1.48029736616688e-16,1.58333333333333,2.08333333333333,0.498555273311897,0.0658510395927313,24.2583317569446,2.08608738498821,5.28065068493151,9,0
"748",755,755,70572,2018,"Broadleaf Forest",80441,"福島県",140.51,37.55,52,4,84.7432236095254,0.205307289715643,0.438763440860215,278,11.5,1256,57.3333333333333,112.333333333333,249,438.333333333333,0.502871166104496,0.519770202674841,-0.267894950727875,0.104313143298283,0.166724467386923,1.0243129096244e-17,0.143265156428144,0.0951043458974983,0.109156621756358,0.134675603880254,0.360801551550715,1.69176841847643e-16,2.94838624338624,2.90431216931217,0.498555273311897,0.0581701625886326,20.4801848968491,1.93803531164279,11.2987768606051,22.4047619047619,0
"749",756,756,70576,2018,"Broadleaf Forest",80441,"福島県",140.51,37.7,72,5,33.3461803105028,0.163490287347846,0.468655913978495,182,11.8,1238,54,108,226,445,0.707663154901412,0.748665515473551,-0.321524014957879,0.157804801442533,0.102772047736308,0.142051503759057,0.10025704468025,0.473810643922951,0.28198596646493,0.0982778942521248,0.27370438801697,3.10862446895044e-16,2.98336,2.94008,0.504771982315112,0.0503480804839569,21.6251492609504,2.02176167160852,9.30890568805685,23,0
"750",757,757,70577,2018,"Broadleaf Forest",80441,"福島県",140.51,37.73,44,3,34.1836324097671,0.19007556517067,0.478037634408602,304,10.9,1292,53.6666666666667,110.666666666667,212,433,0.530670649823829,0.492275823209799,-0.277978055896711,0.0784182334447776,0.192714813782119,5.84327907697451e-18,0.161477018633875,0.0780714361255406,0.129326968463474,0.159190628970205,0.375048302693613,2.16201325848057e-16,2.96196881091618,2.88563352826511,0.498555273311897,0.0589266151896328,20.3686174391951,1.92447194120146,11.7304296162315,22.2105263157895,0
"751",758,758,70590,2018,"Broadleaf Forest",80441,"福島県",140.55,37.15,9,1,22.2862426003492,0.247514702608982,0.374623655913979,578,10.5,1445,55.6666666666667,109,253,399.666666666667,1.72998867973149,-0.163180198746205,-0.269203390824075,0.316941259828746,0.294390952988565,0.314144058030276,0.453220427713121,0.450151701403619,0.618072675323183,0.300279546357942,0.630349499675446,0.918530325591704,2.84090909090909,2.79279220779221,0.484272496346098,0.0778376467474662,18.6910151096782,1.9938298629035,14.9535639968774,22,0.181818181818182
"752",759,759,70592,2018,"Broadleaf Forest",80441,"福島県",140.55,37.23,30,2,39.1283076220213,0.429881982020638,0.381397849462366,513,10.5,1413,55.3333333333333,114,278.666666666667,417.333333333333,0.891925925141287,1.15446619833283,-0.0359691789619228,0.58027851499589,0.398042854123834,9.71445146547012e-18,0.0682588281718058,0.265514469996678,0.178861416473908,0.246287904377364,0.167872024650409,3.77475828372553e-16,2.03322222222222,2.34811111111111,0.498555273311897,0.0676392862337432,22.8930205484597,2.01792943764571,7.77734612988179,10.4,0
"753",760,760,70595,2018,"Broadleaf Forest",80441,"福島県",140.55,37.33,40,3,72.6338962564123,0.209210013405629,0.370994623655914,641,10,1425,55,107.333333333333,234,431.333333333333,1.1547136162113,0.791520252947759,-0.176217708516881,0.611040580545863,0.356721986428653,1.48029736616688e-17,0.158918603960737,0.410310196131414,0.218573749380402,0.272965546136768,0.517605409338759,4.25585492772977e-16,2.50456790123457,2.57350617283951,0.498555273311897,0.0646215563335403,21.7014820346323,1.93596485548263,10.4518127031599,16.1,0
"754",761,761,70601,2018,"Broadleaf Forest",80441,"福島県",140.55,37.55,53,4,51.4415283123998,0.281501078193993,0.423736559139785,339,11.3,1275,56.6666666666667,113.333333333333,228.666666666667,431,1.02108096229768,0.891917962932334,-0.156901115243114,0.44208479251011,0.181467083409202,1.22256702116461e-17,0.122750205044059,0.473468096276426,0.0931225988638838,0.141496807794152,0.731533421034018,1.98254111540207e-16,2.67188712522046,2.87181657848325,0.498555273311897,0.0584194602954933,22.4073385570014,2.02023331042686,8.49768063857582,18.5238095238095,0
"755",762,762,80335,2018,"Broadleaf Forest",80440,"茨城県",140.59,36.65,44,3,34.5750060725981,0.190771283360337,0.39002688172043,374,11.7,1546,54,109.666666666667,298.333333333333,403,0.43545854457747,0.546511938854586,-0.277019813962704,0.17357495859772,0.230059681796776,7.70988211545248e-19,0.126975197404701,0.134158642154526,0.129419677904269,0.0984090617148327,0.130094060971029,3.39234813079909e-16,2.90430041152263,2.87927983539095,0.498555273311897,0.0573029984102125,20.8140598006595,1.92998201463362,9.41658419880874,24.8333333333333,0
"756",763,763,80336,2018,"Broadleaf Forest",80440,"茨城県",140.59,36.69,39,3,44.269653300265,0.29798870828475,0.392741935483871,375,12,1521,54.3333333333333,100.333333333333,297.666666666667,407.666666666667,1.22912536069114,0.979747567455796,-0.137779068719951,0.494083671056488,0.284766559630388,1.82602471155453e-17,0.156895036589886,0.573678241284981,0.166471344920258,0.190484112473115,0.792554903805372,2.68790837540827e-16,2.56868371493299,2.79574040310781,0.498555273311897,0.0612522185492351,23.0654544423015,2.02547706295236,8.9127489273274,16.0526315789474,0
"757",764,764,80339,2018,"Broadleaf Forest",80441,"茨城県",140.59,36.79,52,4,3.33163721736435,0.107644395519097,0.35491935483871,470,10.9,1560,54.3333333333333,106,301,378.666666666667,0,0.516280850674731,-0.28203122088591,0,0,0,0,0,0,0,0,0,3,3,0.498555273311897,0.0535982747166669,20.3892761044672,1.9700243805447,10.3987823171093,25,0
"758",765,765,80340,2018,"Broadleaf Forest",80441,"茨城県",140.59,36.83,63,4,168.522426819846,0.308935271565738,0.354435483870968,732,10,1612,55,103.333333333333,293.333333333333,421,2.14257012169113,-0.0772367677295857,-0.657100619377786,0.585604157640719,0.167867582160308,0.654680396520614,0.231513802035483,0.732122943906755,0.933879943018074,0.363334609520625,0.849924152263222,0.705542395754016,3.19605419103314,2.76128148148148,0.463786364020985,0.0677638467529492,18.5062185233956,2.02183631489158,13.5392710427266,23.3157894736842,0.131578947368421
"759",766,766,80343,2018,"Broadleaf Forest",80441,"茨城県",140.59,36.94,110,5,117.351845197772,0.273645807507819,0.338817204301075,616,9.8,1588,54,103.666666666667,292,417,1.31708724498798,0.547004478954279,-0.375225004792518,0.723902194265692,0.557228148529214,2.50695521689551e-17,0.14579675415713,0.331795056620355,0.463842952130909,0.143688426884223,0.33626810348807,5.96297205161576e-16,3.09662677455718,2.82899867521934,0.498555273311897,0.0506259856902445,20.4086209869123,1.79985611950492,7.3114384864707,26.0967741935484,0
"760",767,767,70629,2018,"Broadleaf Forest",80441,"福島県",140.6,37.62,40,3,46.2337483798486,0.186680055293201,0.390161290322581,443,10.3,1347,53,102,226.666666666667,452,2.28669168219347,-0.122580398904546,-0.688820886315701,0.171802142474412,0.180488460911919,0.47554769884642,0.209958930809613,0.665332712898193,1.39046504619586,0.244842220405928,0.72380328055855,1.23344460685878,2.96283524904215,2.81282156540777,0.47412623239827,0.0655679671059764,18.3265989076464,2.57234227412448,12.8245089792346,25.6206896551724,0.275862068965517
"761",768,768,40048,2018,"Broadleaf Forest",80441,"宮城県",140.6,38.06,40,3,70.4059015718507,0.18739409326746,0.431236559139785,305,10.7,1328,54,104.333333333333,224,451.333333333333,0.714452141910987,0.521590868671476,-0.434113833232178,0.331544218488232,0.266316177918168,1.43917799488446e-17,0.199642747893994,0.195339233613356,0.357777124292378,0.145770580898899,0.26156477867191,6.8463753185218e-16,3.24085925925926,2.75813333333333,0.498555273311897,0.0481769478943148,19.5396195757219,1.72200654338966,8.60489079670904,22.5925925925926,0
"762",769,769,120313,2018,"Broadleaf Forest",80440,"千葉県",140.63,35.82,51,4,112.67584141376,0.323256543015836,0.432715053763441,46,14.7,1527,56,112.666666666667,278,367.333333333333,1.83217421792632,0.607380387027086,0.318657027190791,0.414172080178488,0.689394595516487,0.603565438016097,0.26892153261651,0.56725525301336,1.08098182473778,0.102755334404174,0.480611871815513,0.212644456753692,2.48417989417989,3.48839947089947,0.532849065227377,0.0674243125919629,19.0344107450499,2.74050671512224,9.57167306605029,24.8214285714286,0.0357142857142857
"763",770,770,70647,2018,"Broadleaf Forest",80441,"福島県",140.64,37.26,38,3,18.4834137660852,0.192640386654246,0.385241935483871,453,10.6,1408,55,116,245.666666666667,396.666666666667,2.04253676979374,0.149266392357158,-0.564579325031712,0.686957139679183,0.61983771929673,0.330634602124536,0.321759190981995,0.461670513941968,1.03100420222379,0.257456041402109,0.437166730860438,0.857578467566329,2.5075,2.3925,0.483796061093247,0.0598486808618779,19.2717120898609,2.1899765720379,9.69112743408393,28.75,0.166666666666667
"764",771,771,70657,2018,"Broadleaf Forest",80441,"福島県",140.65,37.62,33,3,15.4558273531717,0.18733567446028,0.373790322580645,587,9.8,1387,54,107,261.333333333333,420,1.5122772674361,-0.230776288805317,-0.415881677739965,0.293827212219215,0.240121606860531,1.11022302462516e-17,0.436796969982124,0.308902870854207,0.159531720468963,0.924768592048602,0.520038337232242,0.555710846982986,3.15,2.85,0.498555273311897,0.0712987140876468,19.1506057019873,1.88127900459784,21.4852626563982,24.5,0.1
"765",772,772,120317,2018,"Broadleaf Forest",80440,"千葉県",140.67,35.78,45,3,123.556857535469,0.374087492479552,0.434032258064516,6,14.9,1548,57.3333333333333,112.666666666667,275.333333333333,362.666666666667,2.42186360802337,0.413149787155996,0.413206105717114,0.809012318746787,0.799388968447864,0.854141085652652,0.28159117059029,0.72072922080183,1.32348531151231,0.264579633486972,0.686085665962538,2.55351295663786e-16,2.52148148148148,3.72740740740741,0.513711054662379,0.0713379048850229,17.9897263551329,2.66404921082748,11.3777829968733,25.4,0
"766",773,773,40105,2018,"Broadleaf Forest",80441,"宮城県",140.69,38.24,27,2,53.0089372156439,0.277637568304992,0.429516129032258,279,10.5,1346,53,105,207.333333333333,440.333333333333,0.959058797956966,0.483311454679705,-0.359494870083476,0.328974828056491,0.301994140992657,1.71646322886126e-17,0.29201930967541,0.192565683835286,0.258324581093066,0.265140434927682,0.43165936725114,5.55111512312578e-16,2.96641091617934,2.61685458089669,0.498555273311897,0.0584002591959426,19.9564216447581,1.75554628251504,11.0363013151106,20.6315789473684,0
"767",774,774,40107,2018,"Broadleaf Forest",80441,"宮城県",140.69,38.31,24,2,4.11533529763715,0.0865042958313569,0.417768817204301,230,10.8,1342,50.6666666666667,108.666666666667,227,426.666666666667,0,0.516280850674731,-0.28203122088591,0,0,0,0,0,0,0,0,0,3,3,0.498555273311897,0.0535982747166669,20.3892761044672,1.9700243805447,10.3987823171093,25,0
"768",775,775,70702,2018,"Broadleaf Forest",80441,"福島県",140.73,37.3,31,3,55.8899788630679,0.15478131703928,0.32255376344086,673,9.6,1483,55.3333333333333,99,292,454.666666666667,1.21138539398073,0.595159374981178,-0.346068951744677,0.432624495297665,0.264714471153433,0.199560338738196,0.27641424185801,0.430273913785101,0.317709553157374,0.224360647080833,0.587472338900107,0.192754369400965,2.9935880525687,2.78332090800478,0.490032012239394,0.0618199991349001,21.6760840856966,1.83304353590809,9.86501383552412,19.1290322580645,0.032258064516129
"769",776,776,40124,2018,"Broadleaf Forest",80441,"宮城県",140.74,37.8,53,4,30.5263357098361,0.331509613299167,0.395967741935484,517,10.4,1340,54,105.666666666667,250.666666666667,426.666666666667,1.17935512830082,0.845018831926471,-0.137852558203315,0.830429702659022,0.277958891572604,0.0518835155755101,0.164217215052609,0.395311226676587,0.338415394881055,0.357837407495814,0.255457428815839,8.27116153345742e-16,2.41636,2.40515142857143,0.500699745980707,0.0659555713963272,21.9977702348567,1.78113331408788,10.5789979347994,13.2,0
"770",777,777,40128,2018,"Broadleaf Forest",80440,"宮城県",140.74,37.95,59,4,29.2014843945783,0.35254731179384,0.442876344086022,110,12.2,1276,54,109.333333333333,243,405,1.70159186558049,0.686007430315043,-0.0613899734695921,0.269341611200947,0.700712010496283,0.568916458602557,0.0912033382191823,0.582010692490943,0.841612423890898,0.144992303354648,0.627239222538889,1.2490009027033e-16,2.835,2.67041666666667,0.525347045819936,0.0558536774760335,19.3303528228586,1.80063621181265,7.98689115855465,18.5,0
"771",778,778,40141,2018,"Broadleaf Forest",80441,"宮城県",140.74,38.42,55,4,43.7042946759464,0.221038425910929,0.356559139784946,607,8.3,1504,49,94.3333333333333,296,503.333333333333,1.28007654578651,0.612896319576938,0.129502297508342,0.522632499968051,0.7498400654449,0.0634406058461006,0.0761990219938315,0.460627271115614,0.331524582461994,0.0149217824184075,0.448633914242691,5.90436790368833e-16,2.5961101010101,3.26502222222222,0.495959339374452,0.0437208937009288,18.2482200853796,2.04238995533431,5.19799881330825,26.8181818181818,0
"772",779,779,70718,2018,"Broadleaf Forest",80441,"福島県",140.77,36.97,51,4,90.0321411323546,0.251461197716776,0.435161290322581,66,12.9,1399,53.6666666666667,109.666666666667,252.666666666667,405.666666666667,0.182930565483688,0.560738259955372,-0.260433309791953,0.0870710719679039,0.0218986427254702,0,0.0270545619819116,0.0756215755121346,0.0227015562908376,0.0344934721535023,0.13132759563444,8.8164769602586e-17,2.95749455337691,2.989825708061,0.498555273311897,0.0542971909470877,20.6012793938949,1.97807509651094,10.0939586997451,24.2352941176471,0
"773",780,780,70721,2018,"Broadleaf Forest",80441,"福島県",140.77,37.08,34,3,86.5328922049782,0.237828877170539,0.377096774193548,414,11.2,1448,55,101.333333333333,283.333333333333,454,0.635019624713889,0.6992564444105,-0.172792840215209,0.30005940480044,0.0840246048564095,0,0.093112099525024,0.260768161313933,0.0866498670016825,0.122823211773729,0.442645372585516,2.4454912569446e-16,2.81107607607608,2.97808808808809,0.498555273311897,0.0561726084644827,21.1646657087571,2.0096572754264,8.99886891781652,21.972972972973,0
"774",781,781,70729,2018,"Broadleaf Forest",80441,"福島県",140.78,37.37,41,3,23.7642929565798,0.159881499550311,0.345161290322581,556,10.1,1427,55,107.333333333333,270.333333333333,452,0.998367971967942,0.524241369930896,0.198424556770164,0.379891827472138,0.644576519442052,8.92143501930929e-18,0.113948830818562,0.338440622570792,0.279228468523366,0.128937124832879,0.251361172668645,2.69625591694681e-16,2.47179894179894,3.25267195767196,0.498555273311897,0.0456658642750155,17.9154972973235,2.04158430788668,6.64534829097248,27.8571428571429,0
"775",782,782,70740,2018,"Broadleaf Forest",80441,"福島県",140.78,37.77,14,2,10.1570152476431,0.236390347401635,0.381397849462366,451,10.1,1363,54,104.333333333333,243,416,0,0.549256788894967,-1.603326934675,0,0,0,0,0,0,0,0,0,4.5,2,0.498555273311897,0.044114467757639,22.4426549920992,1.36380602955913,5.66033676932058,25,0
"776",783,783,40172,2018,"Broadleaf Forest",80441,"宮城県",140.78,38.38,62,4,7.86373573767779,0.350573117009473,0.402016129032258,142,11.3,1309,57.6666666666667,107.666666666667,209.333333333333,403.333333333333,0.734262964233136,0.768206169931694,-0.159643058020152,0.349493608315614,0.0878987187175124,6.93889390390723e-18,0.108594005732951,0.303536601708429,0.0911215245562788,0.138452964616141,0.527134376921572,2.59052039079203e-16,2.75913580246914,2.94234567901235,0.498555273311897,0.0575588000223849,21.590628077891,2.01564510435338,8.6714484853788,20.6666666666667,0
"777",784,784,40177,2018,"Broadleaf Forest",80441,"宮城県",140.78,38.56,59,4,71.791080439328,0.240042422128539,0.426155913978495,150,11,1349,49.6666666666667,107.666666666667,200,476.333333333333,0.943536664189952,0.5703834350625,-0.326958198867806,0.311420741383094,0.355999314751778,0.0177901473883331,0.223732270619907,0.247711826755857,0.276089466798986,0.208431365741984,0.521878051225772,5.09880203901924e-16,2.92469739368999,2.69406474622771,0.497868040967012,0.0614776522109665,20.7938464481255,1.84873521093904,9.88685616327473,20.8518518518519,0
"778",785,785,70743,2018,"Broadleaf Forest",80440,"福島県",140.82,36.97,27,2,51.4661132445051,0.251350696189311,0.430860215053763,139,12.9,1406,53.6666666666667,111.666666666667,272.333333333333,371.333333333333,0.818775844022207,0.608941473271117,-0.191780293110258,0.294991136816202,0.258050997978559,0.0846589228523682,0.187972671443306,0.249412738033251,0.214813816235386,0.148233486367415,0.470138489620986,3.52892318541568e-16,2.81025132275132,2.8794708994709,0.501821156407901,0.0611259261979716,20.9086698173332,1.98812319636194,9.84360028224177,22.1428571428571,0
"779",786,786,70746,2018,"Broadleaf Forest",80441,"福島県",140.82,37.08,66,4,38.1268195422935,0.32630745933764,0.425322580645161,111,12.8,1374,56,116,248,415,1.15254670852888,0.758440445222053,0.0217519557118323,0.69367285969631,0.399800096531694,0.0569366426068699,0.0917307609892263,0.420823113512445,0.295951754540411,0.129659848387114,0.369444606047597,4.56425021234787e-16,2.5219341563786,2.98522633744856,0.500938020721686,0.0524280653246215,21.8359049203928,1.86257272636745,8.78115106336872,23.1111111111111,0
"780",787,787,70764,2018,"Broadleaf Forest",80441,"福島県",140.83,37.73,27,2,17.7186422212559,0.181063560865693,0.401451612903226,181,11.8,1282,54,103.333333333333,259,414,0.529487420303739,0.601436791939535,-0.365097478223083,0.298984079082047,0.131804316936866,0.058638504431361,0.0555685046503193,0.156793210529086,0.119005635756127,0.114756011310609,0.262300038516263,3.83952129349533e-16,3.09258395061728,2.92315308641975,0.496175667202572,0.0534682944503593,20.6860387521529,1.94525010696346,9.12616759817919,23.0833333333333,0
"781",788,788,40199,2018,"Broadleaf Forest",80440,"宮城県",140.83,38.17,29,2,14.0362992908203,0.30604812146701,0.458602150537634,184,11.7,1282,54.6666666666667,112.333333333333,253.333333333333,430.666666666667,1.53343979852401,0.841161242764426,0.268120189549481,0.720662627500625,0.438740713769859,0.153661378741553,0.0458862804817144,0.448688767619789,1.00280860367754,0.122696579749489,0.202743991123681,7.40148683083438e-16,2.34333333333333,3.22777777777778,0.502851757770632,0.0504822061271636,20.5483154031557,2.07008575068059,7.33726675005004,21.6666666666667,0
"782",789,789,40206,2018,"Broadleaf Forest",80440,"宮城県",140.83,38.42,28,2,5.40333440247629,0.0293859645644108,0.425483870967742,101,11.6,1287,52.3333333333333,105,206,426.333333333333,0.812508575364896,0.627685843631829,-0.0764466987076944,0.609419403121334,0.182949795703262,1.38777878078145e-18,0.0737563558848409,0.136077390211891,0.43742495700787,0.13675160669484,0.145975673609051,4.21884749357559e-16,2.65,2.9,0.498555273311897,0.0513566384497919,20.8380875502404,1.78752411283576,8.97702585368744,24,0
"783",790,790,70813,2018,"Broadleaf Forest",80441,"福島県",140.92,37.69,56,4,25.6590784669499,0.156942243752634,0.46752688172043,75,12.4,1277,54.3333333333333,109.666666666667,269.333333333333,421.333333333333,0.776199565633539,0.548079260607171,-0.0850846820372919,0.394397700452977,0.266935748072236,7.43452918275774e-18,0.109647978783781,0.283265380378895,0.212723282863254,0.150869039924865,0.206674741971998,2.85485920617897e-16,2.71812169312169,2.98706349206349,0.498555273311897,0.0545780900873588,19.949392481179,1.93770456148845,8.44683355421486,25.2857142857143,0
"784",791,791,40264,2018,"Broadleaf Forest",80440,"宮城県",140.92,38.49,52,4,5.16314074778692,0.059492651252297,0.429758064516129,78,11.5,1259,56,108,211.333333333333,435.666666666667,2.01571867579291,-0.570895276307174,0.21176834326165,0.673354028002367,0.162939661798218,0.345548100083196,1.12169194577836,0.571004341056905,0.591332435291984,0.400307701663336,0.171065242510606,1.15773093121454,2.5875,3.095,0.481416454983923,0.0899619707010577,18.3804326881065,1.70686408051009,14.8380920092086,26.25,0.25
"785",792,792,40281,2018,"Broadleaf Forest",80440,"宮城県",140.97,38.38,53,4,38.8374196418087,0.177671928733988,0.421720430107527,86,11.7,1250,54,108.333333333333,248.666666666667,412,0.590364768760725,0.531310965791855,-0.276832369009838,0.129668620573761,0.191258685535705,7.24058494320754e-18,0.157136207497468,0.117034747734522,0.161054737542726,0.144832269736726,0.391843963184975,2.65488114584277e-16,2.96253977455717,2.87977713365539,0.498555273311897,0.0578059695213333,20.4420872871469,1.91654362073425,11.0930738115993,21.9130434782609,0
"786",793,793,70852,2018,"Broadleaf Forest",80440,"福島県",141.01,37.51,60,4,92.6045995457629,0.248962558858373,0.452634408602151,58,12.5,1303,56,114.333333333333,252.333333333333,421.333333333333,2.25327479393907,-0.368503109849424,0.231784656532162,0.728338430122305,0.347308694428556,0.339288636790258,0.815003004796431,0.61048050011653,0.734761332037971,0.513472078680077,0.324870253232502,1.00676667435006,2.48268755935423,3.11882241215575,0.497461343062083,0.0835830448895196,17.8614208557812,1.98917169379213,14.7174198245616,26.974358974359,0.205128205128205
"787",794,794,40298,2018,"Broadleaf Forest",80440,"宮城県",141.01,38.35,62,4,59.4619073627793,0.208825770377648,0.412849462365591,62,11.8,1237,54.3333333333333,109.666666666667,239,394.666666666667,0.685488296165964,0.405664823062618,-0.305084200725928,0.208338316936559,0.0649123567830883,0.0247347873237741,0.179289649202212,0.192108345718518,0.0534176569225474,0.344493734906107,0.314253186241706,0.19895820447539,2.99532098765432,2.96593827160494,0.497603430868167,0.0589454331453286,20.6219736880353,1.98599216923104,12.4433003158136,23.9333333333333,0.0333333333333333
"788",795,795,40314,2018,"Broadleaf Forest",80440,"宮城県",141.06,38.38,50,3,39.136644767416,0.225027242636011,0.412956989247312,54,12.1,1208,56.3333333333333,110,219.333333333333,402.333333333333,1.91028050567779,-0.402411937194472,0.168049959110004,0.646286611910744,0.168015118502995,0.321244945513722,0.972773064340788,0.525764973483181,0.527991554749306,0.386244878801445,0.284875995691132,1.03959512190694,2.58428571428571,3.03714285714286,0.481825195222784,0.0886772247426185,18.8278081584263,1.73469691147962,14.3781065924399,24.4285714285714,0.214285714285714
"789",796,796,40326,2018,"Broadleaf Forest",80441,"宮城県",141.06,38.81,73,5,35.6667496033531,0.285033277572411,0.435241935483871,16,11.1,1258,53.6666666666667,106.666666666667,213,445.666666666667,0.813042945456527,1.070983511392,-0.0648581681932034,0.338727557131725,0.0852071733692033,0.0693236096776227,0.135003996290542,0.353785738020114,0.127229690185009,0.136627536337592,0.514969737454151,3.07161703479627e-16,2.53311111111111,2.88822222222222,0.501318255091104,0.0600090479144739,23.1897370185545,2.09742151496402,6.98966259885379,16.5333333333333,0
"790",797,797,40343,2018,"Broadleaf Forest",80440,"宮城県",141.15,38.38,65,4,82.8716407924295,0.19449483480774,0.408010752688172,47,11.8,1195,60,113.333333333333,239.333333333333,395.333333333333,1.38065251411311,0.326903465391705,-0.274888239595308,0.640356584136799,0.520888646663841,1.03237201984961e-17,0.313091445115716,0.235713650548152,0.228442868293039,0.503819358916901,0.40173703749784,0.286505691484387,2.63748870822042,2.65988256549232,0.498555273311897,0.0605870050340938,20.4828129258207,1.88281543262338,12.4974891496848,25.9024390243902,0.0487804878048781
"791",798,798,30273,2018,"Broadleaf Forest",80441,"岩手県",141.15,38.89,67,4,78.0259927627721,0.229455178308604,0.428951612903226,92,10.5,1268,55.6666666666667,107.666666666667,244.333333333333,403,1.30128755765759,0.312318182294788,-0.0155125312490539,0.521385697010973,0.216487732995489,0.11833276197855,0.414094490704177,0.327171506433924,0.346508267704764,0.201099889869293,0.494468727935533,0.396464337918892,2.59905416386253,2.88970571758988,0.493827323428318,0.0683823897917736,20.2665163652801,1.8501383937772,10.1161309091402,23.6551724137931,0.0689655172413793
"792",799,799,30361,2018,"Broadleaf Forest",80441,"岩手県",141.25,38.96,65,4,110.608838417751,0.299357468026886,0.409301075268817,21,10.4,1266,54.6666666666667,105.666666666667,229.666666666667,396,1.74338231925151,0.472455528947654,-0.687149290685662,0.741624851159846,0.263271926785955,0.277791257302889,0.172836290682001,0.47406958791967,0.606514556953871,0.312929041440523,0.588611587133269,0.539712234322701,3.09974910394265,2.58906810035842,0.481695167513743,0.0656003137407727,20.9663965542377,2.16284361815342,9.22362357627869,20,0.0967741935483871
"793",800,800,30491,2018,"Broadleaf Forest",80441,"岩手県",141.38,38.96,22,2,81.8402494237778,0.362004032393429,0.387822580645161,152,9.8,1317,54,97.6666666666667,252.333333333333,456.666666666667,1.71877551783076,0.0892305612019854,-0.597825774448775,0.191858287089806,0.275078085682404,0.305620630768053,0.19516833371879,0.394285852669147,0.926426069835593,0.262866354857741,0.731703063965366,0.78725703322589,2.9965,2.60553571428571,0.484344218649518,0.0684423633389953,18.8984850156438,2.19326469859508,14.1107110329811,20.6,0.15
"794",801,801,40416,2018,"Broadleaf Forest",80441,"宮城県",141.43,38.74,74,5,33.1198936001806,0.662173471270468,0.386666666666667,404,9.5,1326,54.6666666666667,104,217,430,0,0.873652926645304,-0.248889810573813,0,0,0,0,0,0,0,0,0,1.25,1.57,0.498555273311897,0.0368895966033334,20.5223522986603,1.6961217020681,4.81984808310648,30,0
"795",802,802,30534,2018,"Broadleaf Forest",80441,"岩手県",141.43,38.92,26,2,17.1944033266081,0.0621322587042095,0.38247311827957,291,9.5,1344,55,101.666666666667,248.666666666667,426.666666666667,1.39190701245059,0.716303757086137,-0.246572773973282,0.743744094046007,0.377536930482324,1.60128320859398e-18,0.265571958977087,0.51468579045396,0.204397523087759,0.382752660702759,0.592756248604798,3.07446376050043e-16,2.36538461538462,2.28538461538462,0.498555273311897,0.064870388074063,21.4952411789598,1.80112966421991,12.1074458293449,15.9230769230769,0
"796",803,803,30537,2018,"Broadleaf Forest",80441,"岩手県",141.43,39.03,26,2,8.01629511292908,0.12916665751762,0.370349462365591,429,9.1,1386,54,95,247,483.666666666667,0.773308203427318,0.643108644633047,0.117575290753191,0.522359488389715,0.274424693554893,0.138356041534694,0.301034027425234,0.190087492405168,0.0838166701177114,0.22129130619248,0.218963510413576,1.09912079437891e-15,2.4,2.8,0.511422109324759,0.0576391754775385,20.6440293857427,1.78937390032312,13.4182377327826,18,0
"797",804,804,30541,2018,"Broadleaf Forest",80441,"岩手県",141.43,39.17,63,4,82.4909954389588,0.336433996833416,0.343870967741936,472,8.6,1425,51,94.6666666666667,241.666666666667,490.666666666667,1.07121414725989,0.54674836110158,0.0827449407536105,0.282487410291475,0.563085330970602,7.47265497343855e-18,0.229548642978711,0.40721649077189,0.281770629250245,0.198716779890489,0.570892288615277,2.8609593326879e-16,2.77272792022792,3.25347578347579,0.498555273311897,0.053076912722524,18.7911232440276,2.01658764069277,7.52592120590963,24.0384615384615,0
"798",805,805,30576,2018,"Broadleaf Forest",80441,"岩手県",141.48,38.96,49,3,126.828375659024,0.262476956218879,0.36,339,9.1,1386,54,101,255,476.333333333333,1.50346848226937,0.588003846644945,-0.231569038789544,0.852449113189617,0.675260415931569,0.100748423047653,0.311631658829097,0.224771743407572,0.255617820462403,0.213294686109131,0.499739384349323,0.176263532780069,2.36176470588235,2.45911764705882,0.494355968413089,0.057219522625546,20.7649738875454,1.85059173924025,8.88109419243443,23.5882352941176,0.0294117647058824
"799",806,806,30578,2018,"Broadleaf Forest",80441,"岩手県",141.48,39.03,59,4,39.8829588625384,0.152314162724535,0.368225806451613,276,9.7,1360,54,99.3333333333333,234.333333333333,456,1.3738685058294,0.642791055306628,-0.20342539924806,0.625111123324146,0.576991463035967,0.0904028633306934,0.261563661450184,0.302739900793893,0.264653069386193,0.246917104325039,0.720830289102543,6.05576195250085e-16,2.38748846801347,2.44174781144781,0.494661372405729,0.0602625332580303,20.7650372595712,1.80827548329958,7.94915219542631,22.5454545454545,0
"800",807,807,30581,2018,"Broadleaf Forest",80441,"岩手県",141.48,39.14,44,3,81.0687868265396,0.289674723415691,0.366451612903226,421,9,1407,54.3333333333333,97.6666666666667,234.666666666667,470,1.46850727662589,0.559335230243923,-0.201547941039466,1.00312565833316,0.310554166815205,1.22256702116461e-17,0.261491699445885,0.4920689881778,0.291148516059312,0.378966792596947,0.423279801876583,4.91670196619712e-16,2.49207619047619,2.26908571428571,0.498555273311897,0.0621797691227889,19.6917790872414,1.6103192341013,10.6649795100982,16.8095238095238,0
"801",808,808,30619,2018,"Broadleaf Forest",80441,"岩手県",141.52,39.1,66,4,77.0745367115424,0.446298475398844,0.357930107526882,641,7.7,1482,54.6666666666667,97.6666666666667,232.666666666667,486.333333333333,1.58685004441018,0.649139938955165,-0.946701566069272,0.994353736852048,0.525035674032709,0.294148961279547,0.262286614818489,0.18461529648522,0.476406826621675,0.0652848294776323,0.521772552362929,8.42760205056369e-16,3.49636363636364,2.35818181818182,0.485181587255188,0.057505636133656,22.8278603725603,1.68489435648167,6.15517484053217,23.7272727272727,0
"802",809,809,30660,2018,"Broadleaf Forest",80441,"岩手県",141.57,39.24,49,3,16.4334194657808,0.159154346330166,0.36241935483871,532,8.2,1461,53,96,234.333333333333,445.333333333333,1.31011750043778,1.04126789654934,-0.376075861441812,0.530170697405912,0.194360336346735,1.30104260698261e-17,0.239067832482959,0.679659091961704,0.274673839140182,0.214146131899853,0.54740877603394,5.06539254985228e-16,2.92697777777778,2.76023888888889,0.498555273311897,0.0564688915135247,24.4158806631499,1.90545617331003,8.18940602665974,17,0
"803",810,810,40454,2018,"Broadleaf Forest",80440,"宮城県",141.61,38.96,80,5,52.1335538986635,0.272983710295087,0.38747311827957,276,9.9,1378,53,105,277,400.666666666667,1.28022408867555,0.299911885427659,-0.242102627591492,0.671632646586473,0.575070779510929,0.128916273144767,0.371207664731954,0.178783611375986,0.291217988174285,0.229534394213415,0.275957099029455,0.323974087747279,2.60868055555556,2.59305555555556,0.493160242943908,0.0645103512188274,20.1176089571936,1.80179061274971,9.58188387315335,26.1111111111111,0.0555555555555556
"804",811,811,30696,2018,"Broadleaf Forest",80441,"岩手県",141.62,39.1,45,3,21.5540507416079,0.114531633206605,0.371505376344086,563,8.2,1467,54.3333333333333,97,212,474.666666666667,1.58454565392237,0.638645130544383,-0.365163451387458,0.908525874765588,0.65146445606292,0.0999283389126153,0.183953479198645,0.273530125449386,0.291604200035916,0.224197553452877,0.577640424414512,4.91060183968819e-16,2.60951125356125,2.46366552706553,0.494162154340836,0.0525144701016352,20.3617743904885,1.83773910158814,7.39887899679738,24.2307692307692,0
"805",812,812,30698,2018,"Broadleaf Forest",80441,"岩手県",141.62,39.17,54,4,52.5230450153789,0.202857856309677,0.371344086021505,261,9.7,1420,54.3333333333333,98,237,437.666666666667,2.90672179917796,-0.0880395106208033,-0.676207791850002,0.820728474221842,0.338988003154639,0.519231278234349,0.298739588721631,0.826561088265874,1.65983796854549,0.339075273904781,0.973791802264457,1.34674822610671,2.53084285714286,2.4861,0.470091078318787,0.0632778592095174,18.4331618066605,2.53111990886129,11.6978029214132,25.4285714285714,0.321428571428571
"806",813,813,30699,2018,"Broadleaf Forest",80441,"岩手県",141.62,39.21,57,4,112.383377673403,0.310449631258315,0.36,446,8.8,1446,53.6666666666667,100.333333333333,230.333333333333,455,1.46749041019642,0.572481110940101,-0.670290766436981,0.859136079407568,0.46565089709423,0.224349333649254,0.277519655930427,0.429574122379461,0.430491715143989,0.187413467667073,0.48192246690099,8.69674702623039e-16,3.46035308641975,2.69359012345679,0.486036848874598,0.0551871235212784,20.6151966813125,1.79277128780953,7.13316478864862,21.4333333333333,0
"807",814,814,30734,2018,"Broadleaf Forest",80441,"岩手県",141.66,39.06,50,3,74.8256155227167,0.192914283840104,0.34502688172043,821,7.4,1508,54,100,239.666666666667,443.666666666667,1.59505492753671,0.624828613250115,0.223765131069897,0.678304265118283,0.893706597405589,0.109757687518564,0.153126799356413,0.482426617891292,0.518876310550071,0.121448571355889,0.506446214562012,6.22517910236248e-16,2.21957592592593,2.99819111866969,0.494321156407901,0.0461931856248884,18.9126699805334,1.84468034519126,6.12054967306151,25.9642857142857,0
"808",815,815,30739,2018,"Broadleaf Forest",80441,"岩手県",141.66,39.24,54,4,107.069341784396,0.209716913746012,0.340188172043011,716,7.8,1483,52.6666666666667,94.3333333333333,293.666666666667,456.333333333333,1.3951216169028,0.507466120346061,-0.337622049740381,0.665129906708362,0.51826939651717,0.022136966645551,0.374452597290496,0.285523403876692,0.208941247735875,0.362212077962488,0.626235639782827,6.72795152922845e-16,2.60468385185185,2.30457007407407,0.499413062379421,0.0617217902893167,20.242460065043,1.69948548795718,9.6511927770895,22.2,0
"809",816,816,30779,2018,"Broadleaf Forest",80441,"岩手県",141.71,39.17,15,2,3.63138733184713,0.0357003109382205,0.29260752688172,474,8.5,1469,53.3333333333333,98,270.666666666667,530.333333333333,0.7774119288013,1.00675485252191,0.414297656478841,0,0.472620305566761,9.25185853854297e-18,0.0502728748200756,0.177788587000425,0.425172879245481,0.0408745544969374,0.405487982247362,7.40148683083438e-17,1.25,2.19,0.498555273311897,0.0405565944559725,21.9296729884423,1.2703892620227,3.79994936103549,23.3333333333333,0
"810",817,817,30781,2018,"Broadleaf Forest",80441,"岩手県",141.71,39.24,66,4,68.0703601415828,0.19837585853368,0.324086021505376,700,7.5,1499,53,93.3333333333333,301.333333333333,483.666666666667,1.56648302127119,0.64613115856584,-0.213669245839591,0.842465497368607,0.71583634014364,0.114193090522981,0.14462171611888,0.571717746576175,0.432769369200798,0.0726434324718432,0.568897963522875,6.96412624537598e-16,3.0814468013468,3.11988633958634,0.493363405437007,0.0476673147347894,19.6367943255383,1.9515668485823,5.74121181385802,23.9545454545455,0
"811",818,818,30805,2018,"Broadleaf Forest",80441,"岩手県",141.72,40.11,101,5,79.1950203922789,0.299297170950233,0.36741935483871,470,8.2,1301,52.6666666666667,103.666666666667,223.333333333333,465.333333333333,1.75449118516835,-0.122657263353801,0.210495112928416,0.494685009775748,0.632606127089694,0.191306906620455,0.593328256265348,0.394333161164329,0.460010026477938,0.426597319421484,0.630593442980273,0.640958301018432,2.5454302832244,3.02132897603486,0.490489947039909,0.0764307079990193,17.7159872721166,1.76701860935288,13.8042840624818,22.5,0.117647058823529
"812",819,819,30814,2018,"Broadleaf Forest",80440,"岩手県",141.75,39.06,59,4,74.4528594693,0.305382849174083,0.380672043010753,108,10.3,1442,54.6666666666667,103.666666666667,272,408.666666666667,2.55839234956421,-0.131903822542873,-0.432525744336462,0.696568100217444,0.556317702001877,0.477646685834958,0.423259899259707,0.744348232442044,1.23023116719489,0.324592466264888,0.689956364561208,1.23344460685878,2.49925446998723,2.53597062579821,0.47836379975607,0.0718019863327932,18.6351211759455,2.27005111964526,10.1550110949497,26.8965517241379,0.275862068965517
"813",820,820,30815,2018,"Broadleaf Forest",80440,"岩手県",141.75,39.1,71,5,34.2238047335866,0.194555887733881,0.365725806451613,374,9.1,1456,54,97.6666666666667,246.333333333333,456,2.63935128076661,-0.489557640160641,-0.353113707701656,1.39428437479812,0.912721967022225,0.313540809149214,1.09062976479885,0.631866511029267,0.600618130467446,0.458795618749645,0.263873795630727,1.05049309448579,3.29690821256039,2.76632850241546,0.483651953026702,0.0770724326451186,18.1789757841378,1.51247383903158,10.6026774738785,28.695652173913,0.217391304347826
"814",821,821,30816,2018,"Broadleaf Forest",80441,"岩手県",141.76,39.13,58,4,8.80906461082307,0.176962838384321,0.342661290322581,433,9.2,1459,54,98.3333333333333,246.333333333333,468.333333333333,1.6672173821089,0.872900486903241,-0.588951560666898,1.0130509327958,0.523554944373494,0.698378244830445,0.181481107293244,0.359950948632149,0.234804745119917,0.0602327353262544,0.684260970042425,8.60422844084496e-16,2.2259,2.12787857142857,0.463916454983923,0.0506798424365842,23.1413587204163,1.7615564714025,4.97214638264018,25,0
"815",822,822,30817,2018,"Broadleaf Forest",80441,"岩手県",141.76,39.17,91,5,45.1867745443244,0.285657390348618,0.328279569892473,598,7.9,1493,56,100.333333333333,244,490,1.28735604927438,0.548754040712702,-0.204698568219372,0.781654661811315,0.642943557688451,2.23035875482732e-17,0.122114122922637,0.265523365675852,0.343509808551966,0.12467669890104,0.316528884101257,6.70098897005898e-16,2.73418888888889,2.79752698412698,0.498555273311897,0.0444250028933895,18.8068321636334,1.85968142053863,6.76937174565341,26.7857142857143,0
"816",823,823,30820,2018,"Broadleaf Forest",80441,"岩手県",141.76,39.28,29,2,57.2085790839186,0.225703689146946,0.352661290322581,733,7,1523,53,96,257,494,2.03146008296201,0.392662886088461,-0.0463512659378501,0.880273934059777,0.85171218732466,0.0609461548033806,0.374173404031956,0.431200997405603,0.342581749875239,0.0716419888340206,0.619154853800202,0.700328729657191,2.28358196457327,2.67517423510467,0.496072206067384,0.0537211706344059,19.3482836826261,1.93681982903415,5.80200370316678,27.1739130434783,0.130434782608696
"817",824,824,30854,2018,"Broadleaf Forest",80441,"岩手県",141.8,39.17,51,4,46.2342123889484,0.186716895594519,0.352177419354839,460,8.7,1473,54.3333333333333,96.6666666666667,264.333333333333,463.666666666667,1.25481138334229,0.655549183271348,-0.40908307934746,0.869793059324528,0.635867100880503,0.0722976876595174,0.0745661387601324,0.145786295626825,0.229188446631018,0.161621744758819,0.32349179747158,6.01857744928374e-16,2.59005789473684,2.42162105263158,0.495549455068539,0.0516820491482883,20.8754150674724,1.83813463441112,7.20617014231447,25.7894736842105,0
"818",825,825,30859,2018,"Broadleaf Forest",80441,"岩手県",141.8,39.35,57,4,46.7018336445245,0.223658786193363,0.374731182795699,252,9.8,1438,55,104,254,396.333333333333,2.56268184211591,0.241267478649864,-0.634094524336934,0.680036865775232,0.301508067236998,0.418075158058298,0.297482861036168,0.827312315523007,1.31648338054373,0.326097945219565,1.05033116393289,1.08437607882354,2.7162,2.50405454545455,0.47842907483192,0.0630563483441069,20.113677995681,2.32131530989627,9.95400815460511,22.3636363636364,0.227272727272727
"819",826,826,30886,2018,"Broadleaf Forest",80440,"岩手県",141.85,39.17,51,4,26.3860463813908,0.222918837365005,0.373951612903226,342,9,1471,54,96,275.666666666667,412.666666666667,2.50235543085923,-0.183937368903758,-0.282473566439477,1.02118055538903,0.660245484937996,0.335221557518613,0.850872793661947,0.507322926337474,0.537510438081519,0.980755477138715,0.638643572039596,0.555710846982981,2.71162962962963,2.65118518518519,0.484699745980707,0.0729358098393395,19.4985005312925,1.68508774000478,15.9838202399174,28,0.1
"820",827,827,30889,2018,"Broadleaf Forest",80441,"岩手県",141.85,39.28,65,4,43.836628490878,0.163774932931717,0.393198924731183,233,10.1,1453,53.3333333333333,103.333333333333,259.666666666667,405.333333333333,1.19066298873281,0.63787859976482,-0.876165478684297,0.897906483123656,0.342122331177437,0.175306809095834,0.0893816331346627,0.247107529878956,0.40803388608635,0.135930774775916,0.280333906065824,8.5879016316593e-16,3.64867102396514,2.60864923747277,0.488476941554757,0.0529605384190576,21.5217569838127,1.82212823016051,6.55481691575607,22.5882352941176,0
"821",828,828,30892,2018,"Broadleaf Forest",80441,"岩手県",141.85,39.39,72,5,48.0532015399899,0.343273651194329,0.385134408602151,295,10,1423,53.6666666666667,96.3333333333333,242.333333333333,402,1.31520933796857,0.45656664553034,-0.32618086011896,0.883735406639602,0.558051004053442,0.152636714484164,0.220995677396046,0.175205143121206,0.235816361853453,0.171789610845703,0.289090137639225,0.228349296097543,2.30538461538462,2.22153846153846,0.491525413059609,0.0593477827892071,20.2367252464417,1.74785536224582,6.52032952949053,27.5769230769231,0.0384615384615385
"822",829,829,30893,2018,"Broadleaf Forest",80428,"岩手県",141.85,39.42,49,3,76.7557204079153,0.276297656011208,0.365376344086022,245,9.9,1417,55,102.333333333333,221,419,1.83825638917634,0.4950110563017,-0.702603120553553,1.0751885229183,0.562263955482444,0.295327480782987,0.2636445705019,0.405200925737444,0.315603173582987,0.271740154336932,0.834308279175695,8.07434927000114e-16,3.30435715488216,2.46925622895623,0.484338165741011,0.058945812640051,20.7210236406691,1.69133525775828,8.93436418372041,21.0454545454545,0
"823",830,830,30909,2018,"Broadleaf Forest",80441,"岩手県",141.86,40,30,2,19.0523126966026,0.150975265427309,0.371129032258064,220,9.5,1235,53.6666666666667,108.666666666667,224.333333333333,425,1.36919151366766,0.848348882118927,0.279166777984313,0.301336935975139,0.50160768430819,0.0518835155755101,0.243976622205831,0.69777270629291,0.370494145105286,0.0174933277920094,0.715280800684348,5.38458166943201e-16,2.20162592592593,3.01478518518519,0.500699745980707,0.0549168121114662,20.693164217179,1.94799537087372,5.20165795768764,21.8,0
"824",831,831,30916,2018,"Broadleaf Forest",80441,"岩手県",141.9,39.31,51,4,39.9136324016148,0.253448527389506,0.388709677419355,78,10.7,1441,52.6666666666667,107.333333333333,262,384,1.12578369511759,0.463846610434476,-0.244297948349238,0.393288785929207,0.26723594609547,0.181288509109829,0.228436321121965,0.344588613669156,0.393376020237352,0.165228841188931,0.480390623412501,0.32397408774728,2.80777201646091,2.94903621399177,0.490462727759914,0.0582340216927008,19.8791362291961,2.10023341145994,9.51919925919941,23.2777777777778,0.0555555555555556
"825",832,832,30928,2018,"Broadleaf Forest",80441,"岩手県",141.9,39.75,28,2,15.7512663366404,0.13996284852673,0.367204301075269,328,9.1,1336,54.6666666666667,103.666666666667,204,449.333333333333,1.4050083405141,0.7780650161807,-0.132675876109443,0.589041941829465,0.289217899691836,1.73472347597681e-17,0.296370538071084,0.435427994273433,0.385150128664448,0.213474204233671,0.698516406918309,9.36750677027476e-16,2.4837,2.50235,0.498555273311897,0.0618294730409112,22.1782283859102,1.67046799357756,7.10707239763697,19.875,0
"826",833,833,30932,2018,"Broadleaf Forest",80441,"岩手県",141.91,39.89,33,3,37.3936777708749,0.149203208859108,0.365752688172043,230,9.5,1267,54.6666666666667,103.333333333333,228.333333333333,427.666666666667,1.13009993884357,0.64767484564152,-0.324550420614523,0.427376476529261,0.389934074979173,1.29526019539602e-17,0.23689855188499,0.37654830235852,0.294126065175947,0.220879660963652,0.640671011950833,7.03141248929266e-16,2.79313382716049,2.60105580246914,0.498555273311897,0.0629976634999101,21.6492364943687,1.84142958595341,8.63946646211881,21.7333333333333,0
"827",834,834,30939,2018,"Broadleaf Forest",80441,"岩手県",141.95,39.49,71,5,87.1308489560957,0.190614102490755,0.381129032258064,160,10.3,1378,54.3333333333333,99,237,385.333333333333,1.08409283792557,0.614834839837313,-0.0477532989019605,0.461378635520137,0.555648655283835,0.0432944070536129,0.123545063485187,0.455771436636982,0.235150189761761,0.140035653626565,0.397783710584662,4.2632564145606e-16,2.77833451851852,3.16741837037037,0.496841956913183,0.048785695732766,19.505480929099,2.03102545191024,6.97313643747732,25.64,0
"828",835,835,30941,2018,"Broadleaf Forest",80441,"岩手県",141.95,39.57,54,4,102.092121281958,0.245164493018661,0.385913978494624,78,10.8,1318,58,109.666666666667,269.666666666667,402.666666666667,0.947122937474848,0.212800645774922,-0.183376115528043,0.31606102242596,0.179466746234096,0.168741897948689,0.332877893901141,0.317021609549434,0.246488728006138,0.136323990730413,0.188664547295648,0.471668157161481,2.87307484567901,3.03452160493827,0.491493576277242,0.0614432161161284,19.4517599085683,1.98885625880456,10.8177060916093,26.1111111111111,0.0833333333333333
"829",836,836,30944,2018,"Broadleaf Forest",80441,"岩手県",141.95,39.71,57,4,12.8806975760397,0.15959197194678,0.375806451612903,149,10,1301,54,102.666666666667,243,417.666666666667,0.990172654980781,0.622753110229206,-0.157086872056577,0.441847163617125,0.536334680752156,5.9476233462062e-18,0.185048009770542,0.261605195068483,0.178629837993893,0.162823159809403,0.372386922472068,4.20298716465238e-16,2.64473544973545,2.82084656084656,0.498555273311897,0.0575604574131059,20.6062260721449,1.9585635022757,8.02884429862214,24.2857142857143,0
"830",837,1,470070,2018,"Conifer-Broadleaf Mixed Forest",40170,"沖縄県",128.18,26.69,68,4,7.94656409936251,0.178423427983621,0.666209677419355,191,21.3,2276,50,114.333333333333,345,275.333333333333,0,-2.37900897324522,1.18835030641385,0,0,0,0,0,0,0,0,0,1.80279069767442,3.70906976744186,0.498555273311897,0.171624560273174,18.144343605039,2.45881765113327,28.1560210855065,20,1
"831",838,2,460014,2018,"Conifer-Broadleaf Mixed Forest",40170,"鹿児島県",128.93,27.84,59,4,19.0312270882802,0.187442024036024,0.676935483870968,133,21.5,2415,49,108.333333333333,370.666666666667,324,2.64360590595025,-1.38387137022368,1.0315874418819,0.306010031815232,0.977704359355327,1.27186421306647,0.312472788714101,0.973975219371586,0.247132831014013,0.59351558703281,4.44089209850063e-17,1.54364124161939,2.00221421153857,2.85401170686561,0.577409163987138,0.156429659121892,13.0045480734195,2.59649752276664,18.7359314501953,20,0.5
"832",839,3,460022,2018,"Conifer-Broadleaf Mixed Forest",40170,"鹿児島県",129.01,27.77,69,4,108.809359797694,0.226365235721885,0.754354838709677,91,21.7,2390,52.3333333333333,124,335,237.666666666667,2.40760198341619,-1.35744784339545,0.527741201689759,0.786927280068805,0.657357783573416,0.179181600996558,0.92903703478741,0.607091975774083,0.692777621879631,0.378607170005211,0.170122734287407,1.49261177908652,2.26067905746886,3.45293617212764,0.506934649225373,0.134056302643459,17.259898759455,2.76684645255858,25.5066262714226,20.7954545454545,0.590909090909091
"833",840,4,420032,2018,"Conifer-Broadleaf Mixed Forest",80440,"長崎県",129.16,32.97,72,5,77.7652932325626,0.21158995295016,0.501962365591398,156,15.8,2235,52.6666666666667,109,353,273.333333333333,2.43407473364406,-1.22756415173757,-1.42595894597691,0.239423665378737,0.116945634491907,0.619091790172568,0.104516152124241,0.704863245176661,1.15569671570754,0.413129603616649,0.856257179859211,1.41762971169128,3.12582155149387,2.77305389186384,0.441833272852549,0.0758129490511175,14.4344988814509,3.65465993199768,20.11033838639,32.8214285714286,0.642857142857143
"834",841,5,420078,2018,"Conifer-Broadleaf Mixed Forest",80440,"長崎県",129.45,33.22,70,4,54.1085374797496,0.17628926641112,0.528467741935484,204,15.2,2204,51,107,326.666666666667,414,2.14557323608829,-0.682797768325152,-1.05397081277854,0.417113792925576,0.161946606280519,0.914662125720371,0.389138404767055,0.916240972945321,0.875083032294239,0.477756889679105,0.740701226260284,5.17507184059146e-16,3.99193475012991,2.72915063858797,0.445340410745773,0.0734216050849737,15.5993675419003,1.61958657427422,21.309574804594,26.2774193548387,0
"835",842,6,420122,2018,"Conifer-Broadleaf Mixed Forest",80440,"長崎県",129.71,33.22,63,4,173.595953084246,0.237256422543859,0.512903225806452,176,15.4,2078,53,104.333333333333,348.333333333333,324.333333333333,2.75051073591526,-1.19081528432382,-1.37947417249446,0.468938901173573,0.183341541613341,0.631632639006722,0.0738140085944196,0.61709768490986,1.84739145815639,0.192692970909622,0.561093995434788,1.5282048292032,3.59010628756712,2.71054782993712,0.452992460878885,0.0788668907263329,14.7831102029663,2.96105015392568,20.5211501683951,33.35,0.45
"836",843,7,420128,2018,"Conifer-Broadleaf Mixed Forest",80440,"長崎県",129.71,33.8,82,5,50.6402260192723,0.253396282941544,0.621532258064516,83,15.8,1634,54.3333333333333,116.666666666667,337,322.333333333333,2.12838581234331,-1.12085071382858,-0.962721490224129,0.645022113064287,0.109999912604313,0.800198180508983,0.356739120090683,0.528164620929914,1.01668419656882,0.251679184087623,0.750715944910742,0.609833576936056,3.75283996188404,2.77791404748925,0.431580121471954,0.0915148245374771,15.0817803391891,1.76972979403023,22.7673421606348,28.7222222222222,0.111111111111111
"837",844,8,420166,2018,"Conifer-Broadleaf Mixed Forest",80440,"長崎県",129.84,33.15,63,4,123.597914100908,0.167221397731972,0.560698924731183,101,16.1,1934,51,104.666666666667,331,314.666666666667,1.30543791124539,-0.957570916943108,-1.17101104368961,0.215667509107313,0.211189289640307,0.848894301691622,0.0189041901670981,0.56123139376795,0.617864950573545,0.0206296740818762,0.283870458202008,2.02144380898731e-16,4.15166393635875,2.66719688487007,0.442767135836923,0.0817571206730905,15.8224654919651,1.48771651868163,22.0443773181406,31.4150943396226,0
"838",845,9,430025,2018,"Conifer-Broadleaf Mixed Forest",80440,"熊本県",130.1,32.5,38,3,51.5889346749804,0.241472539793828,0.461586021505376,227,15.2,2368,50,115,364.666666666667,253.333333333333,2.12764581677703,-1.2516437802448,-1.29703412076835,0.422093678557785,0.133682987569743,0.75582858557195,0.0896386334715117,0.503690622728475,1.53868348914473,0.160247901232552,0.370778210966989,0.454447981532749,4.05898263524163,2.78257218777362,0.416053265594855,0.0832970874035915,13.6857085712673,1.85766596907783,23.140653183219,32.6,0.08
"839",846,10,430034,2018,"Conifer-Broadleaf Mixed Forest",80440,"熊本県",130.19,32.35,56,4,46.7845238338917,0.27842165650669,0.533709677419355,100,16.7,2121,50,112.333333333333,339,237.333333333333,2.36447969832043,-0.313159585844097,-0.83416610391044,0.646900750139934,0.519338765149977,0.335692854767242,0.235371028893923,0.518210957738395,1.42208358802578,0.530550603529995,0.442779397789226,0.820994787786491,3.34934564288602,2.93320122770899,0.489087541039093,0.0708763418139581,18.542281103052,2.55493867746926,20.9113190880235,29.0526315789474,0.157894736842105
"840",847,11,400019,2018,"Conifer-Broadleaf Mixed Forest",80440,"福岡県",130.31,33.47,69,4,43.7824219431159,0.359642302950674,0.409005376344086,750,11.8,2448,47.6666666666667,102.333333333333,314.333333333333,353.666666666667,1.82270594799496,-0.0215857053696098,0.820189575289245,0.299363622691795,0.403987663746945,0.597664633088165,0.544070956596846,0.327546121907837,1.15886412258105,0.242266046143825,0.186271041844882,0.675343043208483,2.31947530864198,3.75445987654321,0.560356469721329,0.0932249071688645,16.3531864574493,2.88614544510894,12.0360113693203,28.8333333333333,0.125
"841",848,12,460143,2018,"Conifer-Broadleaf Mixed Forest",80440,"鹿児島県",130.32,31.74,59,4,97.7502421348442,0.330791905364562,0.492715053763441,114,16.7,2386,53,115,358,245.666666666667,2.86628979081928,-0.991272243560177,-0.967792758352955,0.288088399480558,0.356951607420712,0.585843185639413,0.166967756515618,0.441006801493392,1.93213731677024,0.252783034745645,0.898092523180682,1.51952184721909,3.3640625,2.90052083333333,0.459812341237942,0.0722050255798591,14.4149521932278,2.78065671375083,18.7395265957636,29.125,0.4375
"842",849,13,460167,2018,"Conifer-Broadleaf Mixed Forest",80440,"鹿児島県",130.36,31.74,54,4,123.410985246919,0.302672362778646,0.474731182795699,165,16.3,2439,53.3333333333333,104,369.666666666667,259.666666666667,2.75580184937175,-1.23409525307744,-1.29462390474132,0.618017176757569,0.181388730455603,0.715330019125581,0.0939631930205639,0.620433416204856,1.88759901500512,0.19168327121065,0.468711301787538,1.13867646615589,3.80450160685465,2.78766596815464,0.425222146498314,0.0804823952417798,14.2920774287113,2.26995677988032,21.754508276947,32.9512195121951,0.24390243902439
"843",850,14,460202,2018,"Conifer-Broadleaf Mixed Forest",80440,"鹿児島県",130.41,31.99,105,5,109.632751056073,0.242183109480298,0.413817204301075,465,14.8,2595,53.3333333333333,104.333333333333,332,267,1.61949972270003,-0.834974825565631,-0.987508887773063,0.458120038056829,0.315595085555139,0.963212085031389,0.12430588264424,0.582380695124113,0.636301071345356,0.231746353195638,0.481190768332701,2.47863745032593e-16,3.99080964685616,2.65916451335056,0.44703605099828,0.0780501868644124,15.7279639946936,1.36579768841558,20.0778274034673,29.6279069767442,0
"844",851,15,460249,2018,"Conifer-Broadleaf Mixed Forest",80440,"鹿児島県",130.49,31.52,81,5,56.5528585431528,0.282529493435563,0.507849462365591,91,17.5,2374,51,117,341,204.333333333333,2.61000629685164,-0.761202778867118,-1.33739096242631,0.373015212892051,0.432483360591045,0.723207419536721,0.202031934960142,1.09454029402242,0.76837079821443,0.613929440767114,0.650849587831736,1.54014092134361,3.0747619047619,2.97619047619048,0.461359774919614,0.0705408771534823,17.4763100835091,3.76509199186949,21.9292017632316,33.1904761904762,0.523809523809524
"845",852,16,400127,2018,"Conifer-Broadleaf Mixed Forest",80440,"福岡県",130.61,33.51,74,5,68.5222345079549,0.214063282768378,0.517231182795699,295,14,2042,49.3333333333333,101,327.333333333333,340,3.34057193205696,-0.373586711056072,-0.982938677770439,0.899090108994856,0.771343018863493,0.721170068837088,0.292580569448183,0.778521398886229,1.86272893707182,0.42118541018128,1.09481755206788,1.27564797050491,3.27458333333333,2.70166666666667,0.453986075830654,0.0636594898037952,16.518232464649,2.50527821398697,13.5137981789772,25.5,0.291666666666667
"846",853,17,430173,2018,"Conifer-Broadleaf Mixed Forest",80440,"熊本県",130.7,32.5,46,3,100.091545359596,0.268566092323286,0.440188172043011,472,13.9,2596,49.3333333333333,101.333333333333,326.333333333333,301.666666666667,1.50461678523838,-1.21630361633075,-1.10078218110216,0.509252581896605,0.0843666597138855,0.650419525397539,0.0905446217324451,0.360610982581854,0.980087654262712,0.155616126432053,0.453358091262677,3.0993726104119e-16,4.07917116431838,2.88729935081919,0.401107969810647,0.0819574999345013,13.275372700068,1.43309036843833,20.7520465917615,31.8055555555556,0
"847",854,18,430266,2018,"Conifer-Broadleaf Mixed Forest",80440,"熊本県",130.83,32.71,68,4,57.9646398157882,0.204906723138825,0.58997311827957,117,15.7,2133,50.3333333333333,110.333333333333,331,241.666666666667,2.27876831436208,-0.88825847889927,-1.05267064027263,0.600534252731258,0.252496484634691,1.02930327227127,0.125193057601577,0.752824420811591,1.30250693499632,0.407638800843964,0.610447178268858,1.23557078546993e-16,3.90480843178048,2.82327492820473,0.435942615911213,0.0767173239039981,15.7862590028169,1.62318539062757,24.7861594460021,29.4516129032258,0
"848",855,19,430267,2018,"Conifer-Broadleaf Mixed Forest",80440,"熊本県",130.83,32.75,70,4,67.6566627470123,0.208111922179986,0.58997311827957,153,14.6,2318,51,115,320.333333333333,255.333333333333,1.74982853568396,-0.930702449276246,-0.742478916919932,0.672013110915769,0.383247342088968,0.862019933371908,0.236153546978694,0.50604228325826,0.545993499683248,0.256815842758103,0.698018598011532,3.35710295541416e-16,3.8825759196908,2.99241511662175,0.426116294595008,0.0737002371026596,14.480289528514,1.25664020422564,20.276537802297,28.547619047619,0
"849",856,20,430287,2018,"Conifer-Broadleaf Mixed Forest",80441,"熊本県",130.87,32.5,29,2,60.9487019788602,0.238131715925956,0.293709677419355,723,12.7,2891,49.3333333333333,96,344.333333333333,329.666666666667,3.40648324889709,-0.976551405441078,-0.924585854280241,0.543430591969756,0.61631750613438,0.832280768661729,0.333347140384152,0.501210583833533,2.0906403805946,0.482556390745407,0.911263123005369,1.52712189420611,3.02407546989702,2.52694603096943,0.468417517463133,0.0703142307668547,14.1616124431454,2.63397089825855,17.381180653766,30.3448275862069,0.448275862068966
"850",857,21,430313,2018,"Conifer-Broadleaf Mixed Forest",80441,"熊本県",130.91,32.46,64,4,60.2814641501271,0.497374018899768,0.298548387096774,622,12.5,2972,49.6666666666667,95,317,369.666666666667,3.33778572848293,-0.669378339211732,-0.580357141330746,1.12429884577595,0.658208560908737,0.34959254705257,0.715482826245486,0.604592348680332,1.34243490069056,1.32723529255847,0.707535152696928,1.26011529928114,2.80531428571429,2.57737142857143,0.498968052365641,0.0675157886502895,16.6656728802601,2.26005111867947,21.1279417469557,31.4285714285714,0.285714285714286
"851",858,22,430358,2018,"Conifer-Broadleaf Mixed Forest",80441,"熊本県",131,32.25,102,5,50.1974858421905,0.356257967335525,0.350483870967742,352,14,2825,49.6666666666667,100.666666666667,353,286,2.66252015100068,-0.12673542317868,-0.240708665403421,0.73914523465977,0.470981897222585,0.328347356272744,0.349547479188579,1.04069125181366,1.50463410291783,0.398944469163819,0.6572629181632,0.756069179568682,2.80092359121187,3.01433808410201,0.495499818557648,0.075025898343426,15.4173196600777,2.65226225605088,16.1516053459668,21.6428571428571,0.142857142857143
"852",859,23,400293,2018,"Conifer-Broadleaf Mixed Forest",80440,"福岡県",131,33.62,19,2,70.0193594963154,0.274597478287991,0.545349462365591,163,15.1,1775,55.3333333333333,119,334,314.333333333333,2.50569046853063,-0.490583522824279,-1.11412734521248,0.605468095176835,0.22885702604812,0.804475977056741,0.218877313098899,0.832296643141687,1.47456523088463,0.563800143503719,0.663612095816378,0.372658447508532,3.69187705248431,2.77854091069183,0.461609255263977,0.0721675483189158,17.3718345625079,2.22643110349173,23.3872807084994,27.6129032258065,0.0645161290322581
"853",860,24,460526,2018,"Conifer-Broadleaf Mixed Forest",40170,"鹿児島県",131.04,30.66,62,4,84.0694036692119,0.257131385918061,0.534301075268817,110,18.6,2661,52.3333333333333,114.333333333333,348.666666666667,270,2.7471171026607,-0.640397093437285,-0.553124730554054,0.352293630774912,0.693360723491163,0.590571709396292,0.133295726288208,0.686976097031248,1.68357691314086,0.192125179872532,0.974539153181529,1.28191660203687,3.43370395441597,3.31276550099573,0.465578257045583,0.0818199909507181,15.9875458321768,2.60144364927739,17.0891539977342,24.5294117647059,0.294117647058824
"854",861,25,430383,2018,"Conifer-Broadleaf Mixed Forest",80441,"熊本県",131.04,32.25,103,5,23.0357678290768,0.370755492339972,0.350483870967742,828,12.1,3160,49,99.3333333333333,296,311.333333333333,2.65872181139817,-0.596054051919081,-0.586269158172678,0.514197621383626,0.691421591183226,1.05606308602039,0.0738774895940033,0.642653713707583,0.883165279028884,0.233264712797823,0.752687067046667,1.54364124161939,2.6975,3.18375,0.488569409163987,0.0783535048960931,15.3541920421875,3.665147011875,13.0793554512942,31.75,0.5
"855",862,26,430389,2018,"Conifer-Broadleaf Mixed Forest",80440,"熊本県",131.04,32.64,85,5,116.224974441108,0.232139369737646,0.403252688172043,795,11.4,3070,49,95.6666666666667,310,331.333333333333,3.00803267821786,-0.881875844825187,-0.898213016159569,0.561288564414492,0.280286620283455,0.725995676258397,0.425312333719808,0.739401437880184,1.66814637914115,0.371872035819451,0.815527360213828,1.31154857680282,3.25983135100297,2.88526883813385,0.450138189513748,0.0835035921172022,13.9236147463207,2.80462367188657,16.9048103492634,29.1428571428571,0.306122448979592
"856",863,27,430406,2018,"Conifer-Broadleaf Mixed Forest",80441,"熊本県",131.08,32.32,46,3,33.4911786104927,0.296293964660736,0.318360215053763,743,12.6,3069,50,96.3333333333333,331.333333333333,342.666666666667,3.17944488535299,-0.544870538678561,-0.724148752116985,0.698926268119079,0.657644975678885,0.688935280278761,0.234429367615644,0.712217404471664,1.71969949839863,0.445932147766636,0.736356578412518,1.31529194552185,3.14692307692308,2.74769230769231,0.493290489735345,0.0790442384144023,15.1973536404419,2.82322548396799,14.0767738762318,28.6153846153846,0.307692307692308
"857",864,28,450122,2018,"Conifer-Broadleaf Mixed Forest",80440,"宮崎県",131.17,31.88,116,5,43.978517952876,0.235235747640419,0.513870967741936,229,16.1,2682,52.3333333333333,107,367.666666666667,247,3.20904749406741,-0.322168109094277,-0.00554860154796497,0.65635907458237,0.627167249835044,0.690301447115623,0.219027056392049,0.91364776421259,2.22370486909672,0.250223139244519,0.867293739806859,1.46741204450239,2.55397513704193,3.45520583161771,0.476030848517328,0.0663862737299375,18.1618175165467,2.54553191401039,12.1048176930176,28.0555555555556,0.388888888888889
"858",865,29,430439,2018,"Conifer-Broadleaf Mixed Forest",80440,"熊本県",131.17,32.71,55,4,57.4406732530555,0.154259114977818,0.412204301075269,548,13.1,2643,53,112.333333333333,295.333333333333,256,2.80413810695016,-1.00313685463919,-1.19738853877667,0.641318800767257,0.3253714685154,0.536899160899829,0.281807958772661,0.75303822625748,1.81491872014955,0.290140683487589,0.54740877603394,1.48189559195462,2.88492592592593,2.73423703703704,0.435253265594855,0.0671593038591889,15.1151128731456,3.2450835769486,13.5278352471945,35,0.6
"859",866,30,430448,2018,"Conifer-Broadleaf Mixed Forest",80441,"熊本県",131.17,33.04,44,3,36.1337851978838,0.332885866425904,0.35997311827957,762,11.7,2640,52,112,303.333333333333,339.333333333333,3.10838415839145,-0.321697144284818,-0.955009208654762,0.622966991893347,0.304955218560646,0.58692851968542,0.201841731671219,1.15647615601975,1.56816773398107,0.324618867280532,1.27728714407919,1.54364124161939,2.65142857142857,2.68738095238095,0.453666545705099,0.0677772486613826,17.9519469234377,3.20787769732949,11.5597142538222,26.5,0.5
"860",867,31,450280,2018,"Conifer-Broadleaf Mixed Forest",80440,"宮崎県",131.34,32.14,107,5,49.3369823647678,0.187527911681507,0.556854838709677,205,16.6,2635,52.6666666666667,105.666666666667,312,258.333333333333,1.63255466514641,-1.07044987106971,-0.832764040210353,0.477336078252155,0.29413512454668,0.835276777339328,0.237842315828466,0.297561905309871,0.346352659990923,0.14281922897856,1.04515127258551,5.03870449637571e-16,4.04210224902612,2.86837654257752,0.420491398713826,0.0821655629381769,14.0017730401126,1.15240387135928,21.6905183699804,25.6923076923077,0
"861",868,32,450294,2018,"Conifer-Broadleaf Mixed Forest",80440,"宮崎県",131.34,32.64,32,3,110.372363471855,0.226630513859331,0.461344086021505,747,12.7,2811,49,95.3333333333333,324,311,2.48001435484599,-1.11655225813744,-1.3237355233987,0.189158604821397,0.158614272586757,0.528803240709842,0.193644251459824,0.794725509452917,1.57818076939551,0.189957129449192,0.764913137690074,1.35783852657233,3.10204081632653,2.80714285714286,0.439208541899075,0.0710460212082532,15.0764553887242,3.47255095146381,14.8974932791314,33.7755102040816,0.673469387755102
"862",869,33,450336,2018,"Conifer-Broadleaf Mixed Forest",80441,"宮崎県",131.38,32.75,75,5,21.5541835715076,0.273100442241243,0.37991935483871,564,13.1,2599,52,97.6666666666667,290.333333333333,308.666666666667,2.56784158693732,-0.719085221299078,-0.692323348536016,0.800347892337082,0.285488497751069,0.68400415758764,0.659806047169764,0.86538942177179,0.457501613204985,1.13484244336261,0.74128271754596,0.67534304320849,3.65164351851852,2.91574074074074,0.471777636655949,0.0687754613199696,17.8402839821364,1.54231372715721,22.8904416048396,29.375,0.125
"863",870,34,450379,2018,"Conifer-Broadleaf Mixed Forest",80440,"宮崎県",131.46,32.03,50,3,75.1749246948443,0.429382388329604,0.619569892473118,59,17.1,2623,51.3333333333333,118,333,260.666666666667,2.91458719797733,-1.00082388516397,-1.17466776527898,0.51861863267859,0.133026553460575,0.765583986687063,0.172213661319941,0.700475628996521,1.90592954728214,0.475773047887636,0.684260970042425,1.15773093121454,3.64125,2.73267857142857,0.446958227491961,0.0807858451149101,16.0408769988472,2.31831468373357,23.0720975561364,30,0.25
"864",871,35,440198,2018,"Conifer-Broadleaf Mixed Forest",80440,"大分県",131.47,32.86,84,5,55.098469497788,0.318701743656986,0.304327956989247,1127,10.4,2967,49,96,312,409.666666666667,2.66641504730948,-0.165819091599645,-0.78185823441489,1.28619092364137,0.703578788898548,0.243830593253065,0.446540332812006,0.802893622579577,0.4213003900258,1.1421515025871,0.6364015071094,1.05049309448579,3.28652173913044,2.47886760984587,0.485516711869146,0.0731016754034774,21.1315778004732,1.83536516767551,17.3148919449439,22.4782608695652,0.217391304347826
"865",872,36,450403,2018,"Conifer-Broadleaf Mixed Forest",80440,"宮崎県",131.51,32.1,43,3,100.135335239001,0.288260711661286,0.61010752688172,68,16.9,2655,56,121.333333333333,323.333333333333,227,2.60342543398021,-1.02736667649799,-1.3223228874696,0.280502577561763,0.302640457231924,0.646644180454464,0.155271013312449,0.824632690212526,1.02776718631073,0.500947770007615,0.930167256151421,1.51952184721909,3.07301178918835,2.83258968113209,0.452763818327974,0.074225837488988,15.1037013983232,3.64484996565091,22.2345539307795,30.9375,0.5625
"866",873,37,440236,2018,"Conifer-Broadleaf Mixed Forest",80440,"大分県",131.51,33.47,60,4,23.4801775120619,0.187709457301315,0.545188172043011,279,14.4,1855,52,109.666666666667,317,281,2.71100413753437,-0.88237827205848,-0.42622396181697,0.923451414232029,0.399675108288283,0.800666288055343,0.510860447362807,0.904619098579975,1.345289303502,0.260217571964589,0.663525789132048,0.510294625328724,3.29677871645825,2.97584588130368,0.44752512423268,0.0916999081565084,14.3984483661714,1.82371960470534,19.6089439249235,26,0.0909090909090909
"867",874,38,440241,2018,"Conifer-Broadleaf Mixed Forest",80440,"大分県",131.52,33.65,55,4,52.9829345973457,0.260445152095418,0.568494623655914,102,15.1,1758,56.6666666666667,115.666666666667,320.333333333333,230.333333333333,2.6405183858991,-1.2525524879909,-1.23425072171378,0.0726887062788589,0.0980077473992378,0.565752541413096,0.150185925310793,0.315198125316663,1.60698997514551,0.240404753297363,1.05933735362123,1.46741204450239,3.18174318077929,2.74821498867928,0.444438161843515,0.0762081481758568,12.5905549776205,3.38382863940953,17.1605164759257,30.5,0.611111111111111
"868",875,39,440260,2018,"Conifer-Broadleaf Mixed Forest",80440,"大分県",131.56,33.51,37,3,41.066526878174,0.188210512993133,0.54755376344086,155,15,1788,53,108,310.333333333333,255.666666666667,2.64970443637104,-1.0492812581672,-1.3401477745923,0.30670245228431,0.178109566268782,0.782430325397674,0.220283541858642,0.745427263433547,1.72047817633902,0.234078724586682,0.525929002420242,1.45370257236927,3.28586206896552,2.72965517241379,0.456892652178734,0.0689633371079364,15.131652017851,3.32952223452557,13.8229443008283,35.448275862069,0.620689655172414
"869",876,40,350182,2018,"Conifer-Broadleaf Mixed Forest",80440,"山口県",131.56,34.2,57,4,60.3390954018387,0.218423377323819,0.597983870967742,304,14.4,1864,54.6666666666667,114,326.333333333333,345.666666666667,2.8780073493874,-0.829868067465788,-0.869021511823125,0.436864400718371,0.513681242680029,0.641294553350453,0.293152469536813,0.679079649145577,1.79009201421186,0.293401056786326,0.667409589926916,1.54203495520772,3.02566905615293,3.0857945041816,0.448795589669121,0.0665300024613843,15.2495317098716,3.04347692483452,14.4126830190225,32.741935483871,0.483870967741935
"870",877,41,320005,2018,"Conifer-Broadleaf Mixed Forest",80440,"島根県",131.73,34.56,23,2,44.6775095852501,0.238495027891027,0.565403225806452,360,12.4,1927,50.3333333333333,99.3333333333333,348.333333333333,442.333333333333,2.46984335422476,-0.930292034011769,0.328107341553532,0.796840052890792,0.296022933325417,0.42021410947628,1.29872393263485,0.722764939029859,0.635029195743924,0.512057041944357,0.225271101248535,1.37212554810612,2.44833333333333,2.99666666666667,0.476894889246159,0.104321697275207,18.0750911255812,1.55023909362868,15.379213383648,27.2222222222222,0.333333333333333
"871",878,42,450485,2018,"Conifer-Broadleaf Mixed Forest",80440,"宮崎県",131.81,32.75,45,3,58.7959758320163,0.399716751231924,0.55989247311828,176,15.6,2254,52.3333333333333,103.333333333333,315.333333333333,258.333333333333,2.06601982785002,-0.578172796084481,-1.09164915553443,0.580172713016181,0.353393257715871,0.367156731468727,0.171770558837034,0.532806983043984,1.19260408549719,0.304934312476128,0.382045708273687,0.940656381611817,3.73625,2.561875,0.482131750401929,0.0752933829235904,17.6376263137293,2.13172337059284,18.0366911455492,29.75,0.1875
"872",879,43,450487,2018,"Conifer-Broadleaf Mixed Forest",80440,"宮崎県",131.81,32.82,58,4,10.7704968881892,0.183202332178727,0.518145161290323,448,13.8,2395,50.3333333333333,93.3333333333333,298,322.666666666667,3.36561542255815,-2.87562114391785,-0.520105830665341,0.94073074529444,0.365899591406524,0.255961555617182,1.03188836034425,0.535951523271338,0.393550767195815,1.98131708485997,0.973171157393669,1.5436412416194,3.63666666666667,2.98,0.487129394426581,0.125229102714414,14.2226094550804,1.62201036655752,48.9634399339167,34,0.5
"873",880,44,440366,2018,"Conifer-Broadleaf Mixed Forest",80440,"大分県",131.85,32.75,40,3,71.2908945152379,0.240929196732306,0.58744623655914,268,15.8,2223,51.3333333333333,104,323.666666666667,279,2.35991561210795,-1.3111635046714,-1.36022639334206,0.146316178193755,0.221189630823136,0.537803789516159,0.100514608789626,0.553495333803508,1.32432355924241,0.296744617541113,0.87455839958085,1.31529194552185,3.15133903133903,2.87131054131054,0.438897370764284,0.0741366508431166,14.0685822100972,3.61622229116209,18.9938909524556,33.0769230769231,0.692307692307692
"874",881,45,320050,2018,"Conifer-Broadleaf Mixed Forest",80440,"島根県",131.9,34.74,31,3,28.731343486442,0.20482160482807,0.601962365591398,231,13.5,1793,51.3333333333333,111,316.666666666667,433.333333333333,3.1155883057545,-1.27817703670626,-0.805730197156637,0.514436683385691,0.364950145690075,0.745945571052543,0.575484237818842,0.602297682605845,1.89013594207166,0.302767459776996,0.795770165160449,1.46741204450239,2.86370715510283,2.76349205367642,0.459043131475527,0.0872908475234679,13.6996101346731,3.07084210683555,15.8169906333889,31.2777777777778,0.611111111111111
"875",882,46,320063,2018,"Conifer-Broadleaf Mixed Forest",80440,"島根県",131.95,34.78,69,4,74.3659832750369,0.316469011339352,0.603897849462366,112,14.7,1690,53,122.666666666667,341.666666666667,518,2.60531142267995,-1.02749712778093,-1.12399095774952,0.666213173503805,0.187986582802236,0.806751021797896,0.268038232955552,0.750308670554683,1.52554647873705,0.325726345558802,0.466060878360858,0.931690186985642,3.85474772692643,2.85709018141161,0.423172808145766,0.0730447836828132,14.9994034073208,1.86086403623947,17.412185837098,32.8518518518518,0.185185185185185
"876",883,47,320117,2018,"Conifer-Broadleaf Mixed Forest",80440,"島根県",132.21,34.85,54,4,38.0151825437479,0.217339674086519,0.506989247311828,302,12.7,1847,52.6666666666667,106.666666666667,320,427.666666666667,2.7031517737431,-0.532275928791609,-0.742888059976377,0.324398564170408,0.442753474841394,0.725083189085865,0.228022152488537,0.742941044462194,1.49443221096685,0.246864233235573,0.571625419418157,1.46741204450239,2.91656603483409,2.93563527211742,0.479357899249732,0.0735571112826402,15.9259433611645,3.13013427294374,12.8448682050094,31.9444444444444,0.388888888888889
"877",884,48,320125,2018,"Conifer-Broadleaf Mixed Forest",80440,"島根県",132.25,34.92,73,5,100.830857316658,0.292218156765983,0.573494623655914,420,12.7,1853,49.3333333333333,103.333333333333,301.333333333333,462.333333333333,2.83787992980679,-1.06321684783608,-1.30653453707141,0.423603158521022,0.205058340959647,0.532233085239266,0.112507386370745,0.836944383530928,1.76501254523075,0.194350785958544,1.01647188236773,1.43674087862636,2.98263157894737,2.62894736842105,0.435859559993231,0.0743066474680635,15.2490873482977,3.3219383699206,15.5776260030099,31.4736842105263,0.631578947368421
"878",885,49,320126,2018,"Conifer-Broadleaf Mixed Forest",80427,"島根県",132.25,34.96,64,4,54.3499841369864,0.275185804393584,0.588010752688172,271,12.6,1860,49.3333333333333,102.666666666667,325.333333333333,411.666666666667,2.33862874451798,-0.521762039454496,0.162840596019576,0.754755048276431,0.44485794631551,0.397894285052741,1.08259605484249,0.680382461011843,0.639531449527687,0.455372780396458,0.279178475777309,1.15773093121454,2.6095,2.92303571428571,0.489205400321543,0.0937642742593068,18.9235981139587,1.65834450766667,13.0061192290165,26.6,0.25
"879",886,50,320150,2018,"Conifer-Broadleaf Mixed Forest",80427,"島根県",132.38,35.03,55,4,83.9199018563214,0.376202857397766,0.53997311827957,329,12.6,1858,52.6666666666667,110.333333333333,347,435.666666666667,2.51562014687096,-0.787795265353242,-0.75209224943995,0.925413950913273,0.356827554027839,1.02238594082103,0.188803925070836,0.540297754841869,1.44773219140696,0.351122916302131,0.463971256239139,0.460047937604611,3.5869080009303,3.02779653878785,0.439417356391761,0.0765682788305418,14.7385528835286,1.92424341251034,16.9155703202839,31.4054054054054,0.0810810810810811
"880",887,51,380047,2018,"Conifer-Broadleaf Mixed Forest",80440,"愛媛県",132.55,33.07,64,4,78.3779412803461,0.213971503374029,0.517634408602151,353,14.9,2049,51,107.666666666667,334.333333333333,253.666666666667,2.58622324427039,-1.41293400018784,-0.353518282893314,1.22746667171819,0.348039054844042,0.594074109319497,0.938379832647285,0.650178079080359,0.779203977466734,0.2138195866765,0.296846150767999,1.30236903024675,3.2088285960379,2.8201894918174,0.458961082778733,0.109864300679973,16.3127500161799,1.60879435691448,21.8762853170586,29.4883720930233,0.302325581395349
"881",888,52,380048,2018,"Conifer-Broadleaf Mixed Forest",80440,"愛媛県",132.55,33.11,62,4,86.6111531615313,0.225671825857329,0.568252688172043,136,15.6,1919,55,119,340,248.333333333333,2.46240337825968,-1.17777530825541,-1.11525784784307,0.760404043004415,0.0890817959328872,0.565249441062936,0.133272780278529,0.52279195846314,1.49263527780937,0.28035042266299,0.632579023875598,0.947157518597728,3.79242242242242,2.88967967967968,0.405363302337707,0.0767712048453334,14.2855504566158,1.82439152481375,18.9736309606793,31.7837837837838,0.189189189189189
"882",889,53,320189,2018,"Conifer-Broadleaf Mixed Forest",80440,"島根県",132.56,34.85,64,4,47.6613093255632,0.178323617323237,0.47008064516129,386,11.9,1831,49,104.666666666667,269.666666666667,521,2.72622319744654,-1.39025416949678,0.654961441268569,0.820278830088663,0.24872647280163,0.457531280665714,1.46039073533247,0.821087644875738,0.800471005509021,0.564622443387595,0.362404884133581,1.53292151077481,2.17228395061728,3.14269951499118,0.467134106377278,0.121581319439802,17.0807980698149,1.50031008079082,17.9099006981458,25.6666666666667,0.458333333333333
"883",890,54,320201,2018,"Conifer-Broadleaf Mixed Forest",80440,"島根県",132.6,34.85,89,5,39.8469878396346,0.240849925129699,0.478440860215054,489,11.5,1849,48.3333333333333,98.6666666666667,273,530.666666666667,2.77337438631467,-1.76182568351484,0.824468066006482,0.833984876204219,0.242243402724342,0.505412867681406,1.4601268541293,0.805241678464649,0.880477332650816,0.542940796991657,0.297909537977654,1.53576552099888,2.06526455026455,3.23275132275132,0.46509511713367,0.132783658298054,16.2916915056462,1.46595675981344,19.7265173182081,27.1428571428571,0.535714285714286
"884",891,55,340187,2018,"Conifer-Broadleaf Mixed Forest",80440,"広島県",132.64,34.67,61,4,37.7701470170234,0.266902680278133,0.530403225806452,303,12.6,1713,50.3333333333333,105.666666666667,264,302.333333333333,2.76711824502938,-1.09745076807833,0.317096740582104,0.912970321094717,0.261169303264355,0.544835071360556,1.2796192936198,0.904937587181552,0.763979882001075,0.477020804797418,0.538285296433374,1.40471352987365,2.48824074074074,3.0537037037037,0.461705400321543,0.110159884226183,17.7426574943592,1.50517605834935,18.0558934004602,24.75,0.35
"885",892,56,380129,2018,"Conifer-Broadleaf Mixed Forest",80440,"愛媛県",132.72,33.33,44,3,85.8868583400601,0.38904921162812,0.581397849462366,246,15.1,1879,52.3333333333333,99,310.666666666667,282.333333333333,2.41489766482211,-0.19287634706543,-0.605219890532519,0.20264898667079,0.264684129797907,0.535563097835544,0.205962884044869,0.773289723627228,1.49409057384031,0.217244689848773,0.632761493284773,1.28742644019834,2.96704354699674,2.96166642907312,0.477238505418602,0.0609009898821479,17.9119413358668,2.57163471272519,12.391556694727,28.2962962962963,0.296296296296296
"886",893,57,380134,2018,"Conifer-Broadleaf Mixed Forest",80440,"愛媛県",132.72,33.51,59,4,49.3577089227224,0.225612018102809,0.57247311827957,605,12.7,2035,50.3333333333333,98,324.333333333333,277.666666666667,2.82602090191708,-0.820888414490176,-0.64971685987811,0.383582034519322,0.513357472584177,0.698429994321939,0.202922440229592,0.441147842208088,1.77038907027642,0.2580382388655,0.966502451447448,1.30728029536009,3.38608695652174,3.12869565217391,0.467507099119251,0.069787119615812,14.5793688251566,2.44864458527038,20.2414914209329,26.7826086956522,0.304347826086957
"887",894,58,340214,2018,"Conifer-Broadleaf Mixed Forest",80440,"広島県",132.73,34.34,45,3,27.5073547930544,0.373271654561715,0.652284946236559,244,14.2,1488,58.6666666666667,122.666666666667,310.333333333333,201.666666666667,1.92044124319835,0.25331441876283,-0.041685905082078,1.02024546741599,0.258924780307811,0.183157593231771,0.586724989552362,0.673246309659192,0.413485058807463,0.325111421539735,0.470771547389188,0.55571084698298,2.70374074074074,2.7687037037037,0.498133163987138,0.0661672415968969,20.414439236136,1.62332135571318,9.9831690685517,22.9,0.1
"888",895,59,320244,2018,"Conifer-Broadleaf Mixed Forest",80427,"島根県",132.73,35.1,52,4,85.8920826468066,0.277093490174841,0.444838709677419,408,12.3,1838,54,105.333333333333,294,474.666666666667,2.10609482564522,-0.580807898228948,-0.853887181327858,0.853922740038318,0.434823385968344,1.11728293949273,0.340714278969516,0.708274134110029,0.582241263450888,0.458526073953883,0.417596303939472,0.166751368693453,3.81583333333333,2.665,0.461543131475527,0.0713046823140964,16.6615602080834,1.41843962605411,14.644381066035,31.7222222222222,0.0277777777777778
"889",896,60,320246,2018,"Conifer-Broadleaf Mixed Forest",80427,"島根県",132.74,35.17,60,4,44.8344353286748,0.308866258340559,0.476801075268817,604,11.8,1884,50,95,315.666666666667,457.666666666667,2.96838178620598,-0.803416781941829,-0.829731010474147,0.661022736662948,0.41320382491492,0.61650349342096,0.277776203214681,0.932344508525278,1.8888052658126,0.316039663188054,0.745031552156919,1.49556936904301,2.68517647058824,2.95611764705882,0.448986845091734,0.0674644228819507,16.1449128085998,3.18296712818686,12.4910057347029,33.0588235294118,0.588235294117647
"890",897,61,380147,2018,"Conifer-Broadleaf Mixed Forest",80440,"愛媛県",132.77,33.25,58,4,32.6507912396377,0.214524942829037,0.588333333333333,159,15.3,1962,53.6666666666667,98,327.666666666667,277.666666666667,2.64051109121308,-0.879960915279265,-0.843216224786304,0.455287819387294,0.343497575606125,0.670775451069052,0.201665393780501,0.500903924581348,1.6399093992351,0.255068060175419,0.830422837112711,1.26011529928114,3.49285714285714,2.98285714285714,0.454888727606798,0.0710268534748249,14.8013198833594,2.33895315118996,19.7227957213136,28.2857142857143,0.285714285714286
"891",898,62,390044,2018,"Conifer-Broadleaf Mixed Forest",80440,"高知県",132.81,33.15,35,3,22.1800898001686,0.169193273635899,0.572043010752688,182,15.8,2018,53.6666666666667,110,352.666666666667,276.333333333333,2.00457056069815,-0.459786690910503,-0.823680296988815,1.04275716747638,0.441169327365506,0.869863246384079,0.264306471261255,0.63132033290413,0.621915859621251,0.410162013051852,0.592095206730588,3.44962154079959e-16,3.49695767195767,2.45693121693122,0.460603013321084,0.0720910923308531,16.870925590174,1.44093385126215,17.0541718735593,28.1428571428571,0
"892",899,63,380176,2018,"Conifer-Broadleaf Mixed Forest",80440,"愛媛県",132.81,33.65,27,2,23.1231354181291,0.214844406390641,0.477043010752688,395,13.3,1882,51,100.666666666667,312.666666666667,269,2.70830724541648,-1.67463482910145,0.723761576954396,0.98950672358908,0.252040247962964,0.459136575889091,1.47834481324798,0.626597375454798,0.636762642056833,0.480184830990189,0.419238093756097,1.53829992244424,2.31609411764706,3.2424,0.466293968223945,0.122671176380308,15.3720598303129,1.36901698942225,21.0229107875084,25.1176470588235,0.470588235294118
"893",900,64,380184,2018,"Conifer-Broadleaf Mixed Forest",80440,"愛媛県",132.81,33.94,37,3,47.1698878778249,0.212708076867223,0.57744623655914,346,13.9,1606,53.3333333333333,113,306,237.666666666667,3.05222228363265,-0.880395569357534,-0.68936989332269,0.440604787212054,0.681545160805808,1.04022498976137,0.157715210628987,0.449160030690062,1.67758967459919,0.27231093067117,0.8580632564332,1.5282048292032,2.88375,2.99491666666667,0.48035552733119,0.0739597834590134,14.1121252202965,3.2807021407487,13.8242551524331,31.45,0.55
"894",901,65,320274,2018,"Conifer-Broadleaf Mixed Forest",80427,"島根県",132.82,35.32,62,4,11.8585481698776,0.145687798007507,0.566048387096774,206,13.5,1854,50.3333333333333,107.666666666667,311,433,2.58011990501493,-2.09294185408184,0.903087733068234,0.86189315584303,0.208562767101718,0.442301568106491,1.4357656905963,0.730885556552839,0.756905517173739,0.51239385812907,0.218963510413576,1.48189559195461,2.01,3.228,0.457422109324759,0.140871145079205,15.5680519052015,1.33843966046164,21.0531255781476,28,0.6
"895",902,66,320281,2018,"Conifer-Broadleaf Mixed Forest",80427,"島根県",132.87,35.14,80,5,87.2333478854157,0.298146146084906,0.439381720430108,522,11.6,1866,50.3333333333333,96.6666666666667,310.666666666667,469,2.96868217122979,-1.21826330656586,1.0344730772255,0.597403995496268,0.433186153687036,0.919926248848305,1.20355207300811,0.398285376972258,1.61967702043557,0.513098528284383,0.158697527376883,1.46925995633018,2.00609756097561,3.55853658536585,0.512471503411497,0.124066324503659,15.0468393256104,2.18332513114335,17.2203005370357,28.9512195121951,0.390243902439024
"896",903,67,340301,2018,"Conifer-Broadleaf Mixed Forest",80440,"広島県",132.9,34.45,91,5,23.6605898640491,0.238898059331915,0.674516129032258,331,12.7,1570,53,103,287.666666666667,259.333333333333,2.38984520665612,-0.708323840833494,0.223566194753903,1.07203624594267,0.280425233501428,0.571247063785849,0.970749487644074,0.634281063919351,0.642508733608444,0.492149613612243,0.325838557163059,1.03959512190694,2.44928571428571,2.92790816326531,0.465499818557648,0.0889068301599264,16.7804815316715,1.47500196043318,14.3844990653549,27,0.214285714285714
"897",904,68,320295,2018,"Conifer-Broadleaf Mixed Forest",80427,"島根県",132.91,35.21,80,5,51.3247293699882,0.277561455064603,0.523172043010753,118,14.1,1771,51.3333333333333,102.333333333333,247.333333333333,512.333333333333,2.77376566578932,-1.1064320488964,-1.40177227596321,0.507523153439777,0.447641433517887,0.916446705506355,0.233531946879244,0.685422068303467,1.7757679268644,0.297088393940486,0.326424841072142,1.41010826224055,3.15470588235294,2.49352941176471,0.462686224702099,0.0688171677395189,14.7578266142477,3.33870526825865,13.1408437820966,37.2352941176471,0.647058823529412
"898",905,69,380235,2018,"Conifer-Broadleaf Mixed Forest",80440,"愛媛県",132.93,33.98,54,4,93.7418051328017,0.281453394287447,0.582795698924731,272,14.2,1569,52.3333333333333,109,295.666666666667,251.666666666667,1.36236273146557,-1.18678030672356,-1.14466462915808,0.383032038455502,0.136988326619442,0.698133588631475,0.0969724306502214,0.489345818078737,0.676505284577838,0.141839621160364,0.357491445573185,0.171375680702235,4.1233544973545,2.83420105820106,0.407872935231971,0.0790741739956904,14.4856812295355,1.34178953677199,21.0660752340189,32.4571428571429,0.0285714285714286
"899",906,70,390117,2018,"Conifer-Broadleaf Mixed Forest",80440,"高知県",132.98,33.33,50,3,98.1220928669023,0.314569743788988,0.520134408602151,464,14.2,2145,48.3333333333333,94.6666666666667,350.666666666667,329.333333333333,2.92013816027626,-1.75887071163783,-0.607348621403468,0.871959458483873,0.399937993789972,0.200580626823766,0.865230951371621,0.604940038452165,0.417277709247301,1.64844491067052,0.68257143678306,1.31018932544857,3.5925,2.91972222222222,0.500462727759914,0.104409120832578,16.2785229674613,1.89020508562716,36.7033057257899,33.1666666666667,0.305555555555556
"900",907,71,320321,2018,"Conifer-Broadleaf Mixed Forest",80427,"島根県",133,35.24,57,4,30.4756904427322,0.269246666594051,0.483655913978495,385,12.8,1836,50.3333333333333,95,281.666666666667,505,2.49179162388724,-0.889279585125992,0.54831376803875,0.696382584614363,0.308454861315336,0.409538488987492,1.35058928885729,0.654832784424126,0.756820423475787,0.529633832039109,0.311414770365975,1.37212554810612,2.30445679012346,3.26432098765432,0.475703515541265,0.100538540839958,17.2016710259276,1.67519963881802,14.9406386768071,26.8,0.333333333333333
"901",908,72,320323,2018,"Conifer-Broadleaf Mixed Forest",80427,"島根県",133,35.32,63,4,11.4414326992061,0.310544079230191,0.509354838709677,200,13.5,1853,53,114,270.666666666667,467.666666666667,2.15949433422451,-0.0866980729866773,-0.57902630954045,1.07795491194033,0.320369602813576,0.875525321712179,0.255596021021583,0.969329203087852,0.638990910687852,0.425416187060523,0.707982017003895,2.77555756156289e-16,3.14182406649104,2.70045358964643,0.451422109324759,0.066423285126098,19.1200232905305,1.49379548486611,13.5349407512437,27.2,0
"902",909,73,320328,2018,"Conifer-Broadleaf Mixed Forest",80427,"島根県",133,35.5,71,5,43.6247844103356,0.193420801396131,0.544032258064516,49,14.7,1893,48.6666666666667,107,317.333333333333,432.666666666667,0.673866438699324,-2.07444552616241,-1.64372719555977,0.219306636417366,0.079763578749519,0.0297658649053536,0.276568122072084,0.0082057515265282,0.553566089663012,0.0745276908476041,0.101021227411108,6.269494727295e-16,3.06294117647059,2.78705882352941,0.411176470588235,0.0847371369476141,11.9858283693544,4.05838606096507,17.6182357483299,39.4117647058824,1
"903",910,74,320343,2018,"Conifer-Broadleaf Mixed Forest",80427,"島根県",133.05,35.53,60,4,70.5575120387562,0.423049243793631,0.529758064516129,97,14.1,1933,49.6666666666667,108,371.666666666667,447.666666666667,2.82130914519797,-0.270029535567981,-0.896403091007785,0.529665252907804,0.384381722753216,0.636308477231478,0.224548122885728,0.767248345199582,1.52600150321749,0.676464711327817,0.855523519637818,1.11099438843195,3.25518756629492,2.71126087635962,0.502934524304899,0.0669466233537695,18.1649465188165,2.69297984535355,19.8258260207976,27.5882352941176,0.235294117647059
"904",911,75,320351,2018,"Conifer-Broadleaf Mixed Forest",80427,"島根県",133.09,35.35,61,4,36.1905672142569,0.24839388192433,0.513978494623656,406,12.1,1897,49.3333333333333,107.333333333333,258,435,2.55048028704147,-0.684623481317705,0.296804748214475,0.875435809245726,0.437571061195918,0.418075232250912,1.13191645670779,0.726563077553546,0.72659206664802,0.537616964398115,0.510239044327932,1.23872445315136,2.505,2.99507936507937,0.481419596284387,0.0999761254737925,17.7870133251241,1.67151249157442,14.7064746479549,23.8888888888889,0.277777777777778
"905",912,76,340414,2018,"Conifer-Broadleaf Mixed Forest",80440,"広島県",133.12,34.7,85,5,58.8240215658112,0.200573487843928,0.506586021505376,428,12.1,1614,54,120,258,262,2.3424716658831,-1.03644506484549,-0.26517020755928,0.928819272909177,0.156330867703522,0.718081185506478,0.838490254533788,0.74341477388236,0.738664610904733,0.426394725784548,0.408523958739719,0.947157518597727,3.16540540540541,3.01866795366795,0.440417287737899,0.091293108077809,16.2245830684817,1.43531844315355,17.8411406898807,29.1081081081081,0.189189189189189
"906",913,77,340418,2018,"Conifer-Broadleaf Mixed Forest",80440,"広島県",133.13,34.85,58,4,25.143780770631,0.182720297145474,0.403870967741936,784,10.1,1853,48.6666666666667,98.6666666666667,257.333333333333,373,2.69990958858263,-1.20721601408572,0.773061442798759,0.726778317807082,0.314812931375889,0.404427702412273,1.39413203672153,0.361938833599701,0.934644303143612,0.814912144914235,0.137054937999608,1.48189559195462,2.16813580246914,3.49498765432099,0.475133163987138,0.100043261262959,15.2189007921482,1.7284519907737,16.5186635673759,29.1333333333333,0.4
"907",914,78,340430,2018,"Conifer-Broadleaf Mixed Forest",80440,"広島県",133.17,34.52,45,3,49.5356588033373,0.214812853317702,0.633387096774194,176,14,1340,56,114.666666666667,255,243,2.3575356621717,-0.361444035908349,-0.683998235695044,0.78986538555815,0.244174220661793,0.809960577012577,0.259180458703956,0.894920833752688,1.02024599583763,0.377864362597252,0.753870909555391,0.640958301018433,3.35176470588235,2.94247899159664,0.444026010970304,0.0674767262848297,17.5529289498615,1.85771467765236,14.3469764793205,27.4705882352941,0.117647058823529
"908",915,79,340453,2018,"Conifer-Broadleaf Mixed Forest",80440,"広島県",133.21,34.63,81,5,71.6442665782455,0.330291505368742,0.507338709677419,275,13.4,1424,55,108.666666666667,242.666666666667,274,2.92898082828893,-1.16560655988976,-1.12152790890593,0.764948729672223,0.211173455646465,0.781338258878564,0.140661598986036,0.557810567878704,1.79791173878727,0.264138236150015,0.49425131224552,1.3395233914879,3.61079124579125,2.82350168350168,0.427464595147618,0.0773708287172435,14.5793542715898,2.24686118509309,17.463917233142,33.3181818181818,0.318181818181818
"909",916,80,320403,2018,"Conifer-Broadleaf Mixed Forest",80427,"島根県",133.27,35.42,23,2,17.7251111336539,0.295032035500706,0.53991935483871,53,14.6,1865,49.6666666666667,110.666666666667,294,472,2.13074995939172,-1.20597313601473,-1.10383390313871,0.323705184823879,0.465475972906444,0.866325905876784,0.147925987397871,0.288385178805687,0.606221812547813,0.14564205085093,0.656890531240727,1.48189559195462,3.04363772540272,2.9722869796227,0.463711054662379,0.0834760059325319,12.0627813307,3.91746560326667,16.4555309622757,34,0.6
"910",917,81,310016,2018,"Conifer-Broadleaf Mixed Forest",80427,"鳥取県",133.28,35.24,68,4,84.8623250650085,0.354735399075128,0.388198924731183,425,12.2,1817,51.6666666666667,102.333333333333,320.666666666667,557.333333333333,1.8641735563569,-0.154712028282122,-0.628974284175337,0.276751959837896,0.19858916282567,0.511258693560399,0.129495674105498,0.541542190323946,0.978275888254262,0.202384446401107,0.809803065372522,0.793791639400238,3.09923681257015,2.65559964726631,0.473450964630225,0.0729543722783171,18.1431778501723,2.10172423911463,16.1824832115972,21.5454545454545,0.151515151515152
"911",918,82,320406,2018,"Conifer-Broadleaf Mixed Forest",80427,"島根県",133.28,36.21,86,5,68.0077071158296,0.332978628353842,0.437768817204301,249,12.9,1897,49.6666666666667,105.333333333333,305,502.333333333333,2.92987150116157,-0.373218599593029,-0.293814490070019,1.38781665949207,0.811993367675712,1.06213145657377,0.45889843781427,0.570020290183822,0.839277745057211,0.440227337862495,0.46757832952899,1.15773093121454,3.1746,2.535675,0.537229113745981,0.0724197176496378,18.1430735771703,1.73727601505662,10.7108972129279,31.375,0.25
"912",919,83,320417,2018,"Conifer-Broadleaf Mixed Forest",80427,"島根県",133.32,36.29,101,5,69.2173972193266,0.350373044078533,0.433252688172043,314,11.6,1958,50.6666666666667,101.333333333333,271,445.666666666667,3.18091857453193,-0.72054835793946,0.137217108855254,1.30237437325912,0.91308757545704,0.723079220147898,0.68511596936769,0.62684007771275,1.12173363780597,0.77793521669253,0.590596845149043,1.09607662126821,2.68473646723647,2.83407407407407,0.517850307939649,0.086488156482153,15.3575451153383,1.87427636837835,17.3972749207804,27.7692307692308,0.230769230769231
"913",920,84,330018,2018,"Conifer-Broadleaf Mixed Forest",80440,"岡山県",133.41,34.59,53,4,39.7551654077427,0.284006610387987,0.61005376344086,198,14.1,1306,56,120.333333333333,259.333333333333,229,2.31004546807357,0.0776996541427339,0.259427392947422,0.801628348201031,0.586252456453564,0.92191119246861,0.260799131746986,0.582860399154729,1.45305342575499,0.303074874893219,0.425762381359731,3.51570624464633e-16,2.84933333333333,3.56933333333333,0.516948072883172,0.0732767711905733,16.9427245900183,2.36261275773571,13.4909421916248,28,0
"914",921,85,330024,2018,"Conifer-Broadleaf Mixed Forest",80440,"岡山県",133.41,34.81,70,4,27.0462115588186,0.211155190032151,0.483655913978495,564,12.7,1524,54.6666666666667,109.666666666667,248,279.666666666667,2.6456307619782,-1.3862773715436,0.58211801637232,0.883777161753107,0.21385830611016,0.453531881359195,1.47222067883409,0.749443197637188,0.776123821320729,0.525403858433128,0.224523130795171,1.51952184721909,2.278125,3.16625,0.468562341237942,0.117234742689351,16.873800125836,1.50949385548413,18.1675742782831,27.1875,0.4375
"915",922,86,310054,2018,"Conifer-Broadleaf Mixed Forest",80427,"鳥取県",133.45,35.46,34,3,56.4391054619862,0.274925543876383,0.53991935483871,50,14.1,1862,52.3333333333333,109.333333333333,293,459.666666666667,2.96425607185402,-0.775174466857633,-1.06864068450992,0.390753229695954,0.326741036311308,0.667202722123485,0.353179132659767,1.08271877281892,1.64794904885645,0.286402153870457,0.828716063718047,1.54364124161939,3.16219810450226,2.87773914968558,0.459638818327974,0.0706783539254492,15.3968644109809,3.22130456133082,14.3965759287974,30.9166666666667,0.5
"916",923,87,330038,2018,"Conifer-Broadleaf Mixed Forest",80440,"岡山県",133.46,34.63,34,3,22.3490323707957,0.108112679948467,0.592983870967742,277,13.5,1376,56,119.333333333333,257.666666666667,221.666666666667,1.71437531867255,-0.594860100076012,-0.785928249935219,0.747554467828836,0.22319875075798,0.860125405689526,0.121581756747145,0.652178559838114,0.573866092110051,0.187515082441267,0.794756445204831,1.99840144432528e-16,3.644,2.744,0.438562812433012,0.0757692785884123,16.4133889651037,1.42294381772908,19.0386897458124,25.6666666666667,0
"917",924,88,330060,2018,"Conifer-Broadleaf Mixed Forest",80440,"岡山県",133.5,34.67,69,4,24.3871144028905,0.11989370585286,0.559865591397849,365,12.9,1444,56,115.666666666667,271.333333333333,247,2.35273913263202,-0.758763165910044,-0.576144809455244,0.99895202517526,0.484599847429917,1.21348016259779,0.115483704160165,0.455796327476056,1.37535162052042,0.359619503925473,0.352521593640004,2.46179888069056e-16,3.62597423510467,3.17769726247987,0.444159383475465,0.07908577306428,14.7017058187668,1.76665997361131,17.4668397445163,31.8260869565217,0
"918",925,89,330063,2018,"Conifer-Broadleaf Mixed Forest",80440,"岡山県",133.5,34.77,52,4,4.8217097354325,0.149920657363194,0.543978494623656,95,13.8,1387,56,118.666666666667,293,267.666666666667,2.01571867579291,-0.570895276307174,0.21176834326165,0.673354028002367,0.162939661798218,0.345548100083196,1.12169194577836,0.571004341056905,0.591332435291984,0.400307701663336,0.171065242510606,1.15773093121454,2.5875,3.095,0.481416454983923,0.0899619707010577,18.3804326881065,1.70686408051009,14.8380920092086,26.25,0.25
"919",926,90,330087,2018,"Conifer-Broadleaf Mixed Forest",80440,"岡山県",133.54,34.92,75,5,76.1227441165437,0.331001182430801,0.509435483870968,415,12.2,1610,54,113,261,271.333333333333,3.03031356821077,-0.661400778439868,-1.27246059164706,0.668937215198661,0.395544234228813,1.01195736106098,0.190272267795553,0.792397777963033,1.87415658575856,0.319811106888435,0.529387087934057,1.52458394234014,3.58111111111111,2.51888888888889,0.489759212218649,0.0687184707309809,16.6671096264528,2.84723139907177,10.974697664015,34.4444444444444,0.444444444444444
"920",927,91,330101,2018,"Conifer-Broadleaf Mixed Forest",80440,"岡山県",133.59,34.67,69,4,41.7301343734227,0.197931791980158,0.587043010752688,136,14,1312,56,121,263.333333333333,204,2.68957831730154,-0.416246972208998,-0.089140284819473,1.12588420978443,0.675619937821703,1.45145734148669,0.0322372194118114,0.311875095009029,1.74216288660344,0.360163679982521,0.230621289903188,3.33066907387547e-16,3.255,3.44458333333333,0.499583333333333,0.081810904150134,14.7008930764681,2.3283628075655,15.1913128850141,32.3333333333333,0
"921",928,92,390309,2018,"Conifer-Broadleaf Mixed Forest",80440,"高知県",133.63,33.72,55,4,4.11168481946931,0.0812521551371578,0.436451612903226,961,10.7,2268,52,94.3333333333333,352,317.666666666667,1.25036656243951,-1.07471633238108,-1.04523378213976,0.563168823420161,0.0514546300415426,0.64797393843798,0.218712235003076,0.544567857224242,0.537899546136402,0.270113364294283,0.342130485021212,6.93889390390723e-17,4.035,2.91,0.402138818327974,0.0748693159815652,14.6417634705612,1.25188109513617,19.3852460131211,32.5,0
"922",929,93,330130,2018,"Conifer-Broadleaf Mixed Forest",80440,"岡山県",133.63,34.88,90,5,29.3231625952781,0.321163040495188,0.541424731182796,258,13.5,1460,55.3333333333333,119,292,270.333333333333,1.44269188649643,-0.0475228138069442,-0.570533980196631,0.386618142047812,0.161298932306426,0.549839712739751,0.24413441259766,0.519236413424318,0.547529401812675,0.260475708177377,0.442677708429813,0.438430648507283,3.22538461538462,2.88538461538462,0.471965594855305,0.0632440701293806,18.4083962581771,1.95990486822871,13.9192742498992,26.1538461538462,0.0769230769230769
"923",930,94,330133,2018,"Conifer-Broadleaf Mixed Forest",80440,"岡山県",133.63,34.99,68,4,48.8611714533871,0.273923811569798,0.535376344086022,430,12.4,1610,51.3333333333333,105,267,290,2.86724083343676,-1.80950838929618,1.01891103870795,0.676634897011234,0.272955166260702,0.658928645076159,1.35350602153517,0.687465535903454,1.15702839354261,0.562673274938098,0.357640400342174,1.5282048292032,1.91524074074074,3.3402037037037,0.474566581993569,0.139218349702372,15.6519444307057,1.61953538252946,19.6470634902086,27.2,0.55
"924",931,95,380352,2018,"Conifer-Broadleaf Mixed Forest",80440,"愛媛県",133.67,33.9,54,4,67.9271150699183,0.185855930828615,0.361881720430108,636,11.9,2014,50.3333333333333,98.3333333333333,299.666666666667,319.666666666667,2.35856192713655,-0.0966222310840266,-0.637801447023495,0.785868723743018,0.352464734142321,0.642382588146406,0.331298328794416,0.677781360310276,1.07886187658067,0.347860122777022,0.69805567119848,0.829861531494585,2.94022459259259,2.64505896296296,0.464675374919614,0.0599719639369006,17.9330334588618,2.0383700345394,12.1069156398105,26.76,0.16
"925",932,96,330154,2018,"Conifer-Broadleaf Mixed Forest",80440,"岡山県",133.67,34.92,73,5,93.3017377035096,0.168636351576955,0.53260752688172,311,13.1,1509,57,118,283,274.666666666667,2.07923738133649,-0.856464806127189,-0.717050643038874,0.881791656441659,0.385753118816433,1.08927222229994,0.152686500360269,0.463416160769318,1.18194512724671,0.338222940584304,0.345479315188695,2.5505123538686e-16,3.75540540540541,3.09839768339768,0.432468422699227,0.0777960398339607,14.6110051055189,1.62068783895078,18.0438649104949,32.0810810810811,0
"926",933,97,330146,2018,"Conifer-Broadleaf Mixed Forest",80440,"岡山県",133.68,34.63,69,4,6.40411017884069,0.195098823427764,0.558951612903226,55,15,1211,57,118.666666666667,303,191.333333333333,1.60046919992258,-0.75651689576992,-0.892593269888988,0.720856093977806,0.0658619264531745,0.829406641200615,0.279951660803937,0.69704685724703,0.688511419054595,0.345745106296683,0.437927020827152,7.7715611723761e-17,3.828,2.928,0.421422109324759,0.0706151077285855,15.7912659973424,1.39550975221788,17.5879532739187,31,0
"927",934,98,360005,2018,"Conifer-Broadleaf Mixed Forest",80440,"徳島県",133.71,33.98,47,3,65.372962304251,0.330288442683388,0.512177419354839,391,13.3,1818,52,97.6666666666667,314.666666666667,325,3.29398807093425,-0.645582370297433,-0.444277597311196,0.742223411886567,0.211345568884643,0.60519703429592,0.601550898455485,1.20925178586272,1.61053863169941,0.448939800838184,1.15552577171626,1.51737891425725,2.67605475040258,2.90288244766506,0.451482956801342,0.0869197488634465,17.9762216514028,2.48845401658134,14.361434797005,24.5652173913043,0.434782608695652
"928",935,99,330174,2018,"Conifer-Broadleaf Mixed Forest",80440,"岡山県",133.72,34.78,55,4,5.51439421488744,0.159445595674178,0.563252688172043,299,13.3,1425,56,115.333333333333,245,253.666666666667,2.69716217961608,-2.40414294658325,1.43002710486202,0.459482883305767,0.309998264941638,0.955814995294131,1.05937811628047,0.295909513402131,1.65415023072857,0.474438757526917,2.59052039079203e-16,1.37212554810613,1.66666666666667,3.58333333333333,0.483333333333333,0.160416544515775,13.5250675501829,1.74554679138195,22.2369414960408,30,0.666666666666667
"929",936,100,330176,2018,"Conifer-Broadleaf Mixed Forest",80440,"岡山県",133.72,34.85,55,4,22.8028891724236,0.235086854481519,0.523225806451613,408,12.6,1521,54.3333333333333,111.333333333333,266.666666666667,255,1.59924787500925,-3.04175011035696,1.33404007996065,0.534231294944027,0.12927444241842,0.274153864528817,0.889937411526629,0.453028237532751,0.469156312297772,0.317599498840333,0.135721184140646,0.918530325591703,1.65,3.31090909090909,0.442464595147618,0.172606734301946,13.8148794691049,1.10877248952234,24.9274322185252,29.0909090909091,0.818181818181818
"930",937,101,330180,2018,"Conifer-Broadleaf Mixed Forest",80440,"岡山県",133.72,34.99,57,4,72.50271967175,0.184712170017355,0.545483870967742,160,14,1479,53.6666666666667,110.666666666667,294.666666666667,281.666666666667,2.21052952449709,-0.430291013691631,-0.520195623144764,0.938135764880092,0.453131497283298,1.0493006989477,0.198284916956899,0.675111637971222,1.06996614803722,0.406258454086346,0.309225312977536,4.4708981261932e-16,3.38324324324324,2.97324324324324,0.460264157469366,0.0758958221763031,16.5476382842818,1.75731311209412,14.5668507390623,31.0810810810811,0
"931",938,102,360010,2018,"Conifer-Broadleaf Mixed Forest",80440,"徳島県",133.76,33.98,49,3,24.7175458444906,0.150260451782694,0.533118279569892,429,13.7,1779,55,113.666666666667,306.666666666667,257.666666666667,2.86108540989998,-1.89306210162638,1.15208446616746,0.633817339642129,0.293354915471412,0.726530362731605,1.38661082715839,0.448051582979478,1.3104495637173,0.579576516533194,0.0821113164050909,1.5282048292032,1.87947222222222,3.51888888888889,0.479138818327974,0.137754878998986,14.5033817335226,1.71264028219458,19.3914462921614,29.5,0.55
"932",939,103,390344,2018,"Conifer-Broadleaf Mixed Forest",80440,"高知県",133.8,33.65,80,5,92.5114610431546,0.318903131071834,0.545215053763441,224,15.5,2175,53,112,383.333333333333,279,1.56218421796138,-1.09448087580003,-1.1100041116562,0.362368426335265,0.220302901204592,0.857401242022118,0.0449489285107026,0.522394891152403,0.792688761460231,0.114289797734817,0.342654100700768,0.181438089005769,4.09083052749719,2.81172839506173,0.424626159992205,0.0805723807632291,14.9187338640628,1.47202905375327,21.3148131404727,32.1515151515152,0.0303030303030303
"933",940,104,390353,2018,"Conifer-Broadleaf Mixed Forest",80440,"高知県",133.84,33.62,43,3,31.3249351039303,0.245514240365524,0.500752688172043,575,13.4,2224,52.3333333333333,106.666666666667,358,286.666666666667,2.69236820666213,-0.465910208493504,-0.129659439685587,0.614927823652193,0.402037822656551,0.586182361283037,0.629178578982744,0.823619521359677,1.2510229887633,0.427864952871499,0.538397931983998,1.23872445315136,2.81388888888889,3.01388888888889,0.496499858878171,0.0798735385920732,17.4523729928268,2.20136806541695,15.0043285950951,27.1111111111111,0.277777777777778
"934",941,105,330242,2018,"Conifer-Broadleaf Mixed Forest",80440,"岡山県",133.85,34.67,56,4,59.5584863482365,0.231112161398896,0.559086021505376,12,14.8,1255,58.6666666666667,122.666666666667,330.333333333333,200,2.44692947762463,-0.172759228883187,-0.168500322526128,0.860843536203124,0.728334370116995,0.849103626218064,0.234500188785039,0.454655500809858,1.27839669046687,0.44654568885685,0.875440121974883,4.87532719509308e-16,3.31553945249597,3.27421900161031,0.487386387529708,0.0716234693645663,15.6881075666713,2.01266273451653,16.3882917195696,23.304347826087,0
"935",942,106,390371,2018,"Conifer-Broadleaf Mixed Forest",80440,"高知県",133.93,33.58,57,4,78.8180889351382,0.316646287869101,0.526639784946237,369,15.1,2208,56.6666666666667,108.666666666667,385,255,2.82978321932849,-1.30073433735597,-1.21577368719671,0.640993848739843,0.189857468030741,0.577220752662401,0.307212760938515,0.646054073355375,1.86675802018179,0.201434341818954,0.495506314306277,1.54364124161939,3.43891358024691,2.6779012345679,0.455610969989282,0.0870096815152935,15.4242800145052,2.81684118722877,19.7109740086091,33.7333333333333,0.5
"936",943,107,310121,2018,"Conifer-Broadleaf Mixed Forest",80427,"鳥取県",133.93,35.46,84,5,73.2640313212685,0.395853616540536,0.535188172043011,81,14,1805,50,106.666666666667,281.333333333333,473.666666666667,2.7749314859091,-0.347391036331107,-0.733299795479281,0.57821929889559,0.442273708912008,0.549592383541834,0.24628320077105,0.754289688765623,1.52929194707772,0.298008172728271,0.824216388404843,1.26011529928114,2.89316082162034,2.72220014902668,0.481555394273465,0.0734582156625124,16.2422916811624,2.86633980513694,14.8553116054063,27.0952380952381,0.285714285714286
"937",944,108,330290,2018,"Conifer-Broadleaf Mixed Forest",80440,"岡山県",133.94,34.78,35,3,80.9116078242435,0.204183685528154,0.587311827956989,222,14,1374,56,119,299.666666666667,221,2.45165718811799,-0.724238928508304,-0.481775183693284,1.01870982725336,0.547948931084059,1.30391043261974,0.106564306496506,0.389493853755485,1.50273804094341,0.352047751463549,0.275415040442076,2.5951463200613e-16,3.566,3.25275,0.45435552733119,0.0795082765144695,14.5132392939166,1.8847989923878,17.2884044840517,32.375,0
"938",945,109,330310,2018,"Conifer-Broadleaf Mixed Forest",80440,"岡山県",133.98,34.74,80,5,35.622893777953,0.25504759747748,0.565725806451613,279,13.9,1371,56,115.333333333333,285.333333333333,229.333333333333,2.17568801536628,-0.381951286864452,0.303559465410968,0.645492840012444,0.187661176437518,0.345548100083196,1.09114988166596,0.656374010287401,0.616960364073437,0.439247597961626,0.501791378031112,1.15773093121454,2.40685185185185,3.05175925925926,0.481416454983923,0.0929323646803462,19.2814466681744,1.7410796233666,13.5425916354107,23,0.25
"939",946,110,330335,2018,"Conifer-Broadleaf Mixed Forest",80440,"岡山県",134.02,34.85,52,4,66.3193783684885,0.262960801491907,0.587741935483871,96,14.7,1364,56,116.333333333333,270.333333333333,224.666666666667,1.3864193158307,-1.05021121134886,-0.995109967614567,0.608666289672098,0.1198827597277,0.717479793426137,0.139128411509857,0.520437516957792,0.490820772681766,0.183426138164729,0.609915660494562,1.33879835322445e-16,3.98382352941176,2.85647058823529,0.407810374503499,0.0771674162031109,14.6465196758864,1.244581511979,20.3959956225115,30.2647058823529,0
"940",947,111,330339,2018,"Conifer-Broadleaf Mixed Forest",80440,"岡山県",134.02,34.99,51,4,47.5609447124637,0.169361106947166,0.578575268817204,238,13.5,1520,55.6666666666667,113,316,269,1.82204463198985,-0.209815260168779,-0.632494491521409,0.840214162261094,0.100769199201247,0.829406641200615,0.250393433922973,0.798320584178558,0.70414271044345,0.397298311629977,0.602149653637334,2.90508358110249e-16,3.4149012345679,2.88983950617284,0.447133163987138,0.0678364835535828,17.9919795299491,1.5955312442674,14.1196032952134,27,0
"941",948,112,390400,2018,"Conifer-Broadleaf Mixed Forest",80440,"高知県",134.06,33.4,52,4,30.5750952971633,0.243071702077241,0.495215053763441,464,13.8,2368,52,103.666666666667,412.666666666667,294,2.84309429942394,-1.8442078467273,0.597531670500219,1.11613531308271,0.341154916890018,0.728047651881916,1.31645520358846,0.594177831854738,0.732027355240894,0.432728504285986,0.306491892831503,1.51952184721909,2.444375,3.14145833333333,0.464813852491961,0.129052277236385,14.4705037691499,1.37288514657244,21.1152216849482,28.125,0.4375
"942",949,113,330358,2018,"Conifer-Broadleaf Mixed Forest",80440,"岡山県",134.07,34.96,54,4,92.2904328709516,0.255271399948087,0.586290322580645,224,13.4,1518,56,110,294.666666666667,270.333333333333,2.109013315928,-0.853495846074287,-0.654028874583023,0.875758253374362,0.422252645762035,1.11825550446072,0.158737990751211,0.409468220229492,1.18615058949143,0.324146228074744,0.370886341095588,1.98606563294056e-16,3.73333333333333,3.14555555555556,0.436854270811004,0.0775535812731339,14.4349225009279,1.64142250367566,18.4868539266075,31.7333333333333,0
"943",950,114,330360,2018,"Conifer-Broadleaf Mixed Forest",80440,"岡山県",134.07,35.03,51,4,23.4020479148277,0.266179163033067,0.594381720430108,157,13.7,1531,56.3333333333333,123,303.333333333333,240.666666666667,2.01789263635773,-0.120519190855562,-0.42392287127541,0.898126815488142,0.346895820376173,0.818760679054958,0.21204166360148,0.818252317318099,0.620186913155469,0.376503388582327,0.852027433771834,4.2390333667506e-16,3.24521885521886,2.90070466570467,0.453757421806489,0.071277121535518,18.6632106646775,1.49340229364191,15.5907597849132,22.7272727272727,0
"944",951,115,330369,2018,"Conifer-Broadleaf Mixed Forest",80440,"岡山県",134.11,34.63,33,3,8.90007041615311,0.198546079676808,0.585725806451613,44,15.1,1256,58,118,301,201.333333333333,2.25300940979028,-1.21218723182986,1.40582745715971,0.224451342667456,0.658905123587531,1.33919201654137,0.369189507960327,0.331321403705613,0.924095821189536,0.490570837257092,0.342130485021212,1.15773093121454,1.7625,2.2275,0.6292675,0.163147224404577,8.8570490562561,2.15113251860156,11.8351069728305,22.5,0.25
"945",952,116,310149,2018,"Conifer-Broadleaf Mixed Forest",80427,"鳥取県",134.15,35.35,56,4,90.80159468149,0.265414346548159,0.500188172043011,250,12.4,1811,50.3333333333333,100.666666666667,303,476.333333333333,1.85391860418762,-0.297887348229614,-0.349495035277696,0.594921969223551,0.212900703001569,0.617019999370569,0.536826163349081,0.622891206308384,0.628169853930012,0.494431385576794,0.441336487252277,0.496742683289285,3.05235294117647,2.90794117647059,0.466039016455457,0.0727096260244345,18.2023530904063,1.69676355356754,16.5626762174846,25.7058823529412,0.0882352941176471
"946",953,117,390434,2018,"Conifer-Broadleaf Mixed Forest",80440,"高知県",134.19,33.43,52,4,88.6995717755039,0.162979945854384,0.50747311827957,65,16.3,2252,55.6666666666667,103,440,284.666666666667,1.72930658045212,-1.27946470914344,-0.870057787609498,0.717679461448932,0.233474641964739,1.10858969585137,0.228723922277756,0.168947226792756,0.88234268513618,0.244163573780409,0.277019147041397,3.23270821876149e-16,3.96852941176471,2.87529411764706,0.421930155097409,0.0881518601922738,12.727691962944,1.38335349610731,19.9045656604638,33.0882352941176,0
"947",954,118,360093,2018,"Conifer-Broadleaf Mixed Forest",80441,"徳島県",134.19,33.65,90,5,122.563778503879,0.374009173752089,0.449032258064516,892,12.6,2246,51,95,322.333333333333,329,2.88166618927103,-0.920320017576452,-1.20726454320669,0.893614492675695,0.587396833776481,0.2574711468858,0.54143636022338,0.671897569250412,0.537081959992886,1.52364224539335,0.626478932572175,1.4338711977709,3.82058024691358,2.36156790123457,0.488944303322615,0.0801779385667164,19.0965011376941,1.95926998097256,25.8223076076314,24.6,0.366666666666667
"948",955,119,360098,2018,"Conifer-Broadleaf Mixed Forest",80441,"徳島県",134.19,33.83,46,3,70.4961544743744,0.342942190016132,0.291747311827957,1412,8.4,2421,50,92.6666666666667,294.333333333333,371.666666666667,3.54961440416548,-1.56279626006428,-0.612600699004884,0.986331902367783,0.693634616706775,0.107156651605311,0.97636837600244,0.475587149307639,0.313667183600675,2.61892399490187,0.560238669222235,1.44716366401818,3.41285231481482,3.05264259259259,0.50311086414791,0.0785959011099228,17.3845664724837,1.96538290515292,40.3147204060981,31.8125,0.375
"949",956,120,310168,2018,"Conifer-Broadleaf Mixed Forest",80427,"鳥取県",134.24,35.35,62,4,51.2629852204801,0.22816155541467,0.53755376344086,306,12.8,1809,51,103.666666666667,297.666666666667,458,2.21252264717867,-2.55394732366543,1.14630869994508,0.679408423763792,0.190803177271149,0.376106775600758,1.20426766119419,0.667961007534316,0.657574312579821,0.456900843333312,0.266877294438315,1.26011529928114,1.78701940035273,3.26319223985891,0.449587220946256,0.158060338287172,14.8213451967829,1.22465505527563,22.8357623185744,27.952380952381,0.714285714285714
"950",957,121,310169,2018,"Conifer-Broadleaf Mixed Forest",80427,"鳥取県",134.24,35.39,54,4,21.3995032892213,0.275894969879412,0.570403225806452,74,14.2,1827,56,118,315.333333333333,418,2.61095449853249,-0.728131352611578,-0.974989692019785,0.158728160510397,0.249544368329045,0.595142283824166,0.27674509694905,0.70963553410858,1.66731316171048,0.235969915156486,0.627239222538889,1.54364124161939,3.02414351851852,2.96824074074074,0.454277636655948,0.0641348539556587,15.707663931769,3.14169375674593,13.0343554512942,33.125,0.5
"951",958,122,330437,2018,"Conifer-Broadleaf Mixed Forest",80427,"岡山県",134.29,35.1,49,3,40.262271860408,0.253863339838406,0.534784946236559,249,13.4,1612,53.3333333333333,108.333333333333,310.666666666667,359.666666666667,2.91209678444447,-1.546028879154,0.609282247502525,0.961286558494962,0.350512610132098,0.620780662071506,1.36268316863506,0.675443947898968,1.00359864082708,0.50883793994847,0.329458985575982,1.52458394234014,2.335,3.22611111111111,0.469518424437299,0.12450555757493,15.9428728335947,1.59789801939648,19.0499992320748,27.5,0.444444444444444
"952",959,123,310189,2018,"Conifer-Broadleaf Mixed Forest",80427,"鳥取県",134.33,35.39,94,5,30.0863309197045,0.303060355979947,0.536989247311828,314,12.5,1856,50.3333333333333,98.3333333333333,295.333333333333,485.333333333333,3.39619017252628,-0.339860196425944,-0.553015510243721,0.53745894235098,0.657189969252812,1.03692930337754,0.190530982542775,0.531545742488278,2.13952730725181,0.325646285957749,1.12903060057,1.44716366401818,2.75575,2.22225,0.507138818327974,0.0653330846058448,14.9889364714167,2.35039376970035,9.73695666452338,23.875,0.375
"953",960,124,310204,2018,"Conifer-Broadleaf Mixed Forest",80427,"鳥取県",134.37,35.57,64,4,24.8355304815498,0.176004510132861,0.546102150537634,108,13.5,1966,50,103.333333333333,287.333333333333,450.666666666667,2.41336746563084,-0.935413095415446,0.425524177140202,0.774501840201424,0.242035803797056,0.409538488987492,1.34009134746223,0.665876214911434,0.716461718225077,0.488222016877109,0.218963510413576,1.37212554810612,2.41754320987654,3.1763950617284,0.475703515541265,0.101304280390175,17.4610123544051,1.63478781835113,15.9739430854344,27,0.333333333333333
"954",961,125,360188,2018,"Conifer-Broadleaf Mixed Forest",80440,"徳島県",134.41,34.15,35,3,34.4579769756373,0.298556503419253,0.579677419354839,288,13.8,1675,54.6666666666667,105.666666666667,344.666666666667,231,2.67443857665105,-0.141766135920329,-0.336820806103057,0.404782540055081,0.52971001057044,0.578854348915466,0.184820578367515,0.747905019887413,1.59192242595526,0.459242181056687,0.871385398584639,1.03959512190694,2.93962962962963,3.04743386243386,0.502134779513091,0.0684929858913709,16.8534272205857,2.6106350204331,15.8719870492146,24.1428571428571,0.214285714285714
"955",962,126,370118,2018,"Conifer-Broadleaf Mixed Forest",80440,"香川県",134.41,34.19,31,3,8.07241810067446,0.224318259811481,0.56505376344086,262,14.3,1580,57,110.666666666667,324,238.333333333333,2.81390236855828,-1.45577779054477,1.11274591534943,1.15441446934127,0.37687657914872,0.488420248618056,1.34010819464007,0.964600560205401,0.393258608653174,0.374678438468076,0.350341616661721,1.48189559195461,2.174,3.646,0.475422109324759,0.117594719380205,16.9459927825777,1.2103533245898,22.1826157867303,25.2,0.4
"956",963,127,310210,2018,"Conifer-Broadleaf Mixed Forest",80427,"鳥取県",134.42,35.39,89,5,53.8825279423899,0.371613953607912,0.392016129032258,671,11.4,1894,50.3333333333333,99,266.333333333333,520.666666666667,1.61314333755122,-0.198317675677768,0.0695870989457507,0.529889574818257,0.138711304341299,0.262961693285667,0.843324542896157,0.44440827982415,0.455399184043222,0.325474355945121,0.219354051752007,0.881031862041983,2.68128991060026,3.02819832147418,0.486735398602949,0.0801266201332192,19.1549854355231,1.78572273246106,13.3824455955339,24.6206896551724,0.172413793103448
"957",964,128,280108,2018,"Conifer-Broadleaf Mixed Forest",80427,"兵庫県",134.55,35.61,44,3,79.4374202585924,0.35251901379501,0.503709677419355,247,13.1,2007,49.6666666666667,94.3333333333333,284,461.333333333333,2.56987829569972,-0.651314390180021,-1.01669681210526,0.776284239690271,0.324024415945556,0.74202942271035,0.292137747637546,0.744016992732041,1.30858345320247,0.339309698344379,0.60417709354857,0.987930394636411,3.45666666666667,2.73266666666667,0.436755442658092,0.0670037640705895,16.1206460542322,2.07085598851944,15.056299414942,30.6666666666667,0.2
"958",965,129,360236,2018,"Conifer-Broadleaf Mixed Forest",80440,"徳島県",134.58,33.9,65,4,62.0091198383584,0.42858475797529,0.568951612903226,345,15.3,1953,55,111.666666666667,362.333333333333,252,3.1721986758015,-0.835853503593942,-0.520050609480979,0.62034083878645,0.365807860621524,0.800524376023055,0.815627309078484,0.792630016919766,1.6797398927698,0.457823403324595,0.865799594747558,0.756069179568682,3.2677593377979,2.77411231330301,0.469380831419384,0.0998870221858139,14.0911556687399,2.21354248132508,19.3291987836595,23.9285714285714,0.142857142857143
"959",966,130,280143,2018,"Conifer-Broadleaf Mixed Forest",80440,"兵庫県",134.64,35.07,68,4,70.5186800808231,0.177113408620193,0.461827956989247,496,12.2,1705,50.3333333333333,96.6666666666667,273.333333333333,455.333333333333,2.94246129171177,-0.693117363305875,-0.92041788794859,0.586272760279196,0.421262457600123,0.593493690240165,0.276430289240433,0.725845753449646,1.83459540314999,0.320288791807564,0.757425716423692,1.53936522709967,2.81580409356725,2.73665692007797,0.456608038585209,0.0635126602303073,15.5811518194746,2.9619880886807,14.2264720140069,31.2368421052632,0.473684210526316
"960",967,131,280144,2018,"Conifer-Broadleaf Mixed Forest",80440,"兵庫県",134.64,35.1,78,5,144.909853103109,0.294079308788992,0.417177419354839,404,11.4,1768,50.3333333333333,96.3333333333333,283.666666666667,546.666666666667,2.89741851677942,-0.781228276756321,-1.05519663086211,0.827470670676954,0.313184034717159,1.1037029124941,0.184311714091806,0.75730464924617,1.4434917956817,0.421659957109128,0.660897892940282,1.01837443023502,3.71744984567901,2.68850308641975,0.454668916800643,0.0728286439146475,15.8788720523816,2.02642850295326,15.3376597611741,31.8958333333333,0.208333333333333
"961",968,132,280199,2018,"Conifer-Broadleaf Mixed Forest",80440,"兵庫県",134.73,35.1,49,3,57.5864593434063,0.259974615541828,0.50505376344086,522,12.6,1691,49,99,294.333333333333,504,2.9802541443397,-1.41358097930117,-0.653658981457916,0.847662789572228,0.18628481802077,0.573451578116698,0.837103788420874,0.774322887972798,0.484636553675482,1.68653164696447,0.752687067046666,1.15773093121455,3.59208333333333,2.9125,0.484393318595927,0.0880831131773008,16.7292052693035,1.70175265478558,31.0695790591063,33,0.25
"962",969,133,280212,2018,"Conifer-Broadleaf Mixed Forest",80427,"兵庫県",134.73,35.57,34,3,77.8009398449079,0.265222135406549,0.525994623655914,57,13.9,2008,50.6666666666667,94.6666666666667,235.666666666667,573,2.7168951607691,-0.986139458532712,-0.8883315310382,0.840288083125958,0.344206972773137,0.946199767163729,0.0846364138965919,0.496427517001371,1.70130789142824,0.253740327261392,0.498998476112571,0.877040248299671,3.58514285714286,2.95457142857143,0.433996768948094,0.0790437927370548,14.5201159862761,2.06025892224626,18.0357179187347,32.1428571428571,0.171428571428571
"963",970,134,280227,2018,"Conifer-Broadleaf Mixed Forest",80440,"兵庫県",134.77,34.99,58,4,37.2038094117141,0.212020167679679,0.619005376344086,110,14.6,1489,54.3333333333333,119.666666666667,271.666666666667,362,1.92409097031654,-0.658109617650161,-0.720609613537145,0.880773308949028,0.285385443149541,0.873205023572044,0.254033834647673,0.652445487646343,0.695487602522086,0.372557623924588,0.672654176467741,4.82520006856318e-16,3.62846153846154,2.92025641025641,0.430324699480584,0.07226219470293,15.6891151987408,1.44360656869636,17.6705581728308,28.3846153846154,0
"964",971,135,280243,2018,"Conifer-Broadleaf Mixed Forest",80427,"兵庫県",134.77,35.57,64,4,13.7910169994669,0.136514622151957,0.553413978494624,142,14,2010,50.6666666666667,101.333333333333,238.666666666667,587.666666666667,2.25760491688806,-2.5278123048746,1.10060755872726,0.754156511362651,0.182492421214004,0.38701387209318,1.25629497927176,0.639524861983734,0.662292327527022,0.448344625862936,0.191593071611879,1.29665864296029,1.845,3.266,0.450566581993569,0.155416623472961,14.7645145386572,1.23317554044779,22.8288494549873,28.5,0.7
"965",972,136,280277,2018,"Conifer-Broadleaf Mixed Forest",80427,"兵庫県",134.82,35.61,71,5,10.0129885220858,0.184173191295348,0.551801075268817,142,14,2032,51.3333333333333,114.333333333333,250.666666666667,564,1.47308346457672,-0.00876228750664232,-0.569015897741617,0.636958763903785,0.121210906920018,0.705277756122972,0.22491429216947,0.620223700256036,0.589404815557637,0.317059728949942,0.469207522314806,2.93416085079506e-16,3.35571428571429,2.90724489795918,0.461825195222783,0.0628197139901159,18.4536797174087,1.70104393818586,13.1509424417172,26,0
"966",973,137,280305,2018,"Conifer-Broadleaf Mixed Forest",80427,"兵庫県",134.86,35.43,64,4,19.6317151685904,0.261723508411886,0.567016129032258,134,14.1,1885,54,109.666666666667,278,476.666666666667,2.14885104665267,-0.805467405131903,-0.291263309104375,0.809811751231392,0.126116279286568,0.725236881338957,0.723551082512007,0.733474107363328,0.736563041764325,0.415541839006758,0.377895604757158,0.803789522263351,3.17076923076923,3.02153846153846,0.448452839475637,0.0847025148157374,16.7951108702325,1.51345669420196,16.8174195413804,28.8461538461538,0.153846153846154
"967",974,138,280308,2018,"Conifer-Broadleaf Mixed Forest",80427,"兵庫県",134.86,35.53,55,4,3.78561918204093,0.146691710054222,0.593682795698925,88,14.5,1978,51.3333333333333,93.6666666666667,277.666666666667,565.333333333333,2.38899991205086,-2.38285548794368,1.03476761684092,0.798049218373176,0.193113673242332,0.409538488987492,1.32941267647805,0.676745885697073,0.700838441827536,0.474438757526916,0.202743991123681,1.37212554810612,1.9,3.25333333333333,0.452851757770632,0.150568130675042,15.0323603275053,1.26826358045241,22.2369414960408,28.3333333333333,0.666666666666667
"968",975,139,280328,2018,"Conifer-Broadleaf Mixed Forest",80440,"兵庫県",134.9,35.06,78,5,23.1363021165737,0.313077412621547,0.587822580645161,351,14,1580,50.6666666666667,104,270.666666666667,414,2.04314078972539,-0.546601612905062,-0.681552855230654,0.78768263963754,0.304696108825423,0.725730811050538,0.324386403412912,0.694729809907122,0.586538512319872,0.630993637234963,0.558356951554619,0.555710846982981,3.53774074074074,2.8509537037037,0.459988691318328,0.0702206291822598,17.4439065668525,1.60585651954473,19.8587183030995,26.1,0.1
"969",976,140,280356,2018,"Conifer-Broadleaf Mixed Forest",80440,"兵庫県",134.94,35.06,68,4,17.7267127006933,0.214837362062252,0.609139784946237,218,13.9,1587,49.6666666666667,111.333333333333,271,403,2.28621520425031,-0.702148370615255,-0.0537958037091607,0.793075517688971,0.157929717161251,0.635854104653553,0.900745056414242,0.768602795207452,0.739110342534297,0.453991015843782,0.423329453466247,0.98793039463641,2.87374074074074,3.0347037037037,0.459133163987138,0.0895496667665345,17.6099369276975,1.58167748155068,15.8284202402061,26.7,0.2
"970",977,141,280365,2018,"Conifer-Broadleaf Mixed Forest",80427,"兵庫県",134.95,35.5,62,4,21.4741671722853,0.395502060059072,0.555967741935484,181,13.7,1931,48.3333333333333,97,274.666666666667,473.333333333333,2.36523240578748,-0.3762563630665,0.130694931517247,0.720735475988947,0.642396795792945,0.329887239379648,1.00600064213024,0.754456042199194,0.605152689585145,0.466690603360002,0.473069312621923,1.0672087596381,2.61776625514403,2.94473909465021,0.480147959985709,0.0889836959716336,18.977079716559,1.64970878729412,10.6887793322635,26.1111111111111,0.222222222222222
"971",978,142,280382,2018,"Conifer-Broadleaf Mixed Forest",80440,"兵庫県",134.99,35.14,68,4,43.8468865507134,0.255093040001981,0.54247311827957,437,12.8,1709,49,93.3333333333333,271,521.333333333333,2.93253277539945,-1.09768560709756,0.114691349746079,0.969901862556946,0.594586836035601,0.614561069594969,0.41594140868641,0.199054810816031,1.34433110277168,1.51851358036993,0.179276374151115,1.40471352987365,3.0125,3.47,0.544277636655949,0.0917150320693614,16.356530191752,2.50447378149106,29.4003173232266,30.35,0.35
"972",979,143,280391,2018,"Conifer-Broadleaf Mixed Forest",80427,"兵庫県",134.99,35.53,61,4,29.8753437886,0.295002034569797,0.528279569892473,433,11.9,1976,49.3333333333333,96.6666666666667,285.666666666667,482,2.89887137479538,-1.3966681697383,0.539737490109019,1.01425039509839,0.415982411680216,0.43608890552344,1.53066994584177,0.696138832091578,0.777482799986096,0.618127657152291,0.354801984466442,1.52458394234014,2.3985024691358,3.18214320987654,0.466499858878171,0.115315604441753,16.4867207960352,1.48598973801929,16.5884159697077,27.5,0.444444444444444
"973",980,144,280401,2018,"Conifer-Broadleaf Mixed Forest",80440,"兵庫県",135.03,34.99,54,4,6.66035287818208,0.298234402062184,0.617822580645161,153,14.2,1534,53.3333333333333,114.666666666667,267.333333333333,385.333333333333,2.51347004338566,-0.42943668012055,0.621144523709019,0.448555610057562,0.281012391959844,0.409538488987492,1.2208186707451,0.980282487405502,0.791959966383815,0.612891722143058,0.729878368045253,1.37212554810613,1.96827160493827,3.01135802469136,0.475703515541265,0.110004253307291,20.1135221628339,1.71038542811592,12.863194243114,18,0.333333333333333
"974",981,145,260022,2018,"Conifer-Broadleaf Mixed Forest",80427,"京都府",135.03,35.57,35,3,16.7675410514368,0.195616262041438,0.541317204301075,110,13.8,1970,49.3333333333333,102.666666666667,282.333333333333,437,2.08593975887095,-0.700212454971634,-0.887615919743014,1.15504638351526,0.259108712411206,0.736159740710605,0.143786841863081,0.895139389755839,0.691133834887169,0.439592581137972,0.932862292886241,3.45877173056299e-16,3.61344729344729,2.73646723646724,0.409555468711353,0.0769098457448952,16.1375364904213,1.34570609165486,17.0995175764459,27.6153846153846,0
"975",982,146,280409,2018,"Conifer-Broadleaf Mixed Forest",80427,"兵庫県",135.04,35.42,54,4,89.8300712422745,0.314116782598549,0.514274193548387,329,12.6,1891,49.6666666666667,96.3333333333333,294.333333333333,491.333333333333,2.24465002730403,-0.374112754084296,-0.090802546717092,0.836935175134825,0.374237484406396,0.614224619486353,0.643349378720873,0.730807614695904,0.676658982531815,0.459310507232273,0.633761805309211,0.734193218368319,2.89697318007663,2.94109742747674,0.470237392172081,0.086768171483574,18.2571671731161,1.65871539613003,13.9833333548025,24.1724137931034,0.137931034482759
"976",983,147,280424,2018,"Conifer-Broadleaf Mixed Forest",80440,"兵庫県",135.08,35.1,71,5,13.0638642894485,0.172096942150857,0.585967741935484,293,13.3,1667,49.6666666666667,102.666666666667,262,410.666666666667,2.68512219894181,-2.09339827219159,0.849475296728179,0.800513022543417,0.247249864963888,0.451328130720909,1.38029141958601,0.754141901025448,0.735954526903258,0.555404118600906,0.595819075955309,1.51213835913736,1.99364767356805,3.19079519131528,0.459380831419384,0.14032244791522,15.8361453226254,1.34725498913949,20.0719540655725,32.1428571428571,0.571428571428571
"977",984,148,280439,2018,"Conifer-Broadleaf Mixed Forest",80440,"兵庫県",135.12,35.03,38,3,111.088179378152,0.393444533754494,0.560349462365591,375,13.3,1641,49,99,306.666666666667,406.333333333333,1.76223653830958,-1.06033919970303,-1.02517529904929,0.693462820127105,0.102962845151743,0.699655387353105,0.192879940033711,0.551659110261412,0.978548616421656,0.291762672199145,0.392942680592526,0.33267043901022,3.9153544973545,2.92677248677249,0.407955491042719,0.0756007996356573,14.6266723494494,1.4888093917462,18.8418257591802,32.4857142857143,0.0571428571428571
"978",985,149,280455,2018,"Conifer-Broadleaf Mixed Forest",80440,"兵庫県",135.16,34.99,64,4,32.2421206639012,0.374835867702821,0.582069892473118,178,14.4,1546,51,102.333333333333,282.666666666667,370,1.60907028349022,-0.138782607107963,-0.308177219326179,0.362021635047486,0.170368040721939,0.534916137052633,0.43670401706425,0.571408311859131,0.639468856884284,0.261124640388593,0.340946642512488,0.640958301018433,3.03411764705882,3.05176470588235,0.479568428220163,0.0686404464396339,18.2533699445284,2.01407344125153,13.2388990115451,27.6470588235294,0.117647058823529
"979",986,150,260061,2018,"Conifer-Broadleaf Mixed Forest",80427,"京都府",135.16,35.6,63,4,12.0996920781339,0.195543780118046,0.53002688172043,228,13.6,1974,52,110,279.333333333333,428.333333333333,2.47959068588075,-0.616203121957605,-0.386102154364811,0.906602666475328,0.465691287011214,0.805614257281334,0.380882499574027,0.490310008341173,0.896713385729546,0.794588911830493,0.502722345337292,0.756069179568682,3.36473544973545,3.1552343159486,0.474888727606798,0.0739212060469349,16.7543611397943,1.87092637055825,19.499861779686,28.1428571428571,0.142857142857143
"980",987,151,260067,2018,"Conifer-Broadleaf Mixed Forest",80440,"京都府",135.21,35.21,72,5,28.7138152415277,0.20375373761932,0.579569892473118,207,14.2,1693,51.6666666666667,103.666666666667,255.333333333333,527.666666666667,2.85699387644877,-1.81179911267825,0.642810161714781,0.991549283484618,0.264381067653373,0.507673505240709,1.43748057243604,0.802225377008281,0.785869392299884,0.519592553764501,0.371697317060083,1.54364124161939,2.26114197530864,3.20849794238683,0.449993717399071,0.129151371230693,15.8852740642915,1.36389732467058,20.0342416667003,27.7777777777778,0.5
"981",988,152,260085,2018,"Conifer-Broadleaf Mixed Forest",80427,"京都府",135.25,35.32,40,3,74.3801779435871,0.299674231337281,0.590645161290323,82,14.5,1757,51,107.666666666667,294,464,2.69688442963905,-0.805313571808728,-0.744968840570414,0.421307801647658,0.54348223749094,1.004027912501,0.158693648493157,0.522417836687051,1.25461784338292,0.217813725325303,0.510868309266368,1.53576552099889,2.9775,3.15821428571429,0.474384870234267,0.0752057115559404,14.637647256221,3.37147134437108,14.3007411459942,34.1071428571429,0.464285714285714
"982",989,153,260101,2018,"Conifer-Broadleaf Mixed Forest",80427,"京都府",135.29,35.32,38,3,8.01728093927206,0.121804049363353,0.590645161290323,84,14.7,1754,51.3333333333333,104.333333333333,269.333333333333,452.666666666667,2.08495338093177,-1.0879720015201,-0.543933146314695,0.975343107227671,0.122919393988129,0.748782551222908,0.581416223369682,0.687318942488468,0.685732654959399,0.370190289710117,0.399152232524748,0.675343043208483,3.48375,2.9875,0.425708227491961,0.0859608168854611,15.5531793070162,1.35968204025504,18.6094129605002,30.625,0.125
"983",990,154,280511,2018,"Conifer-Broadleaf Mixed Forest",80440,"兵庫県",135.34,35.03,55,4,48.574568712895,0.363109755956395,0.495161290322581,493,12.4,1751,50.3333333333333,100,286.333333333333,371.666666666667,1.95120843474048,-0.250455601093104,0.153153141682656,0.55348215966651,0.229999160975466,0.239296334354533,1.21408366154576,0.455287187609398,0.5711378726922,0.33451711324569,0.312023002339346,0.787257033225889,2.67840081929768,3.01170274309251,0.489344218649518,0.0918188921003673,19.146707460693,1.75684732979503,12.9723287505685,24.05,0.15
"984",991,155,280513,2018,"Conifer-Broadleaf Mixed Forest",80440,"兵庫県",135.34,35.1,92,5,24.9062741092285,0.289054287652058,0.550483870967742,436,13,1728,50.3333333333333,97.6666666666667,273.666666666667,396.666666666667,2.86621781355522,-1.28835724302349,0.586702712208767,0.73321207337129,0.636319382597771,0.455042765541658,1.3528349958124,0.948004682869327,0.63667122750121,0.537651802701081,0.743394634120165,1.52458394234014,1.93637860082305,2.76855967078189,0.468086262951054,0.125044315733117,17.9819912271803,1.395515032922,18.0944364411695,23.8888888888889,0.444444444444444
"985",992,156,260109,2018,"Conifer-Broadleaf Mixed Forest",80440,"京都府",135.34,35.21,56,4,69.0699934936685,0.24333708089845,0.536935483870968,342,13.5,1756,50,98.3333333333333,257.333333333333,549.333333333333,2.28352036936546,-0.136183072228194,-0.650468549718465,0.306303656179318,0.341198895350869,0.457173770838865,0.277087271631186,0.682209581632363,1.41356573634234,0.195439063948646,0.58119944122122,1.185787510709,2.8757250759333,2.71967415899523,0.475596498749553,0.0653977542245501,18.3701561069276,2.43486518445772,10.7706969399778,28.6666666666667,0.259259259259259
"986",993,157,260140,2018,"Conifer-Broadleaf Mixed Forest",80427,"京都府",135.42,35.39,66,4,38.4197754371686,0.226160705853822,0.504623655913979,277,13.4,1871,48.6666666666667,96,304.333333333333,471.333333333333,2.02054928016344,-0.525700593375618,0.616450537982662,0.499509468478097,0.292900207974244,0.331598638142121,1.1429210175342,0.351396607159332,0.664768487554386,0.469994934573167,0.132590360977079,1.11099438843195,2.32538126361656,3.5281917211329,0.482424620767921,0.080950085887152,16.294430581,1.86037796156426,11.5423783113738,29.1176470588235,0.235294117647059
"987",994,158,180004,2018,"Conifer-Broadleaf Mixed Forest",80427,"福井県",135.51,35.46,90,5,47.4761668916726,0.291809756598684,0.555994623655914,430,12.7,1956,49,99,285.333333333333,437.333333333333,2.34836990042491,-0.351435591011506,-0.589504729585426,0.849349316057734,0.66008069781103,1.18955421299841,0.284025271904271,0.571283991165564,0.599654750585444,0.551354864060277,0.938260801525628,4.2273876706881e-16,3.46615384615385,2.28846153846154,0.48505121691813,0.0659934481163922,15.5917161463491,1.15249573982974,15.4726275455017,23.3076923076923,0
"988",995,159,270067,2018,"Conifer-Broadleaf Mixed Forest",80440,"大阪府",135.56,34.38,86,5,121.755144528583,0.37085812283134,0.574220430107527,534,12.9,1993,54.3333333333333,101.333333333333,274,293.333333333333,2.68066366188742,-0.997601307272069,-0.387464316562389,1.13990425337244,0.436816973712148,0.996467115852495,0.518105593645924,0.601908051741639,1.16440953119003,0.526064951823901,0.44233407938495,0.66116698034858,3.39758807588076,3.1623396567299,0.446512133166026,0.0886624216930304,15.3051390800285,1.68876405162916,19.0360806432736,30.780487804878,0.121951219512195
"989",996,160,260180,2018,"Conifer-Broadleaf Mixed Forest",80440,"京都府",135.56,35.25,62,4,59.8689439759284,0.305835703670722,0.510752688172043,280,14,1805,51.6666666666667,105.666666666667,275.333333333333,489.333333333333,2.8521363345411,-0.902981490835949,-1.24294113335009,0.339246319284258,0.118770632467138,0.577788328087428,0.228663423164902,0.879767961965408,1.8272355064885,0.249087317031856,0.746842661180091,1.54014092134361,3.24559082892416,2.8336684303351,0.438566043484918,0.0692832047190501,15.8300579192683,3.0903821918721,14.4469908743084,32.6190476190476,0.523809523809524
"990",997,161,180009,2018,"Conifer-Broadleaf Mixed Forest",80427,"福井県",135.56,35.46,55,4,137.023694204086,0.325370182609559,0.561639784946237,259,13.3,1953,48.6666666666667,100,301.333333333333,444.333333333333,2.90769616562768,-0.686407771911675,-0.933327922643367,0.806306879033562,0.398622249745452,0.68707882699061,0.34328458050934,0.710915623186018,1.63880274845279,0.420536919945619,0.554606787553124,1.2503392568541,3.28461556685269,2.82664988561141,0.43841869486355,0.0662748024764962,15.6780941119588,2.31538291959692,13.0453116128032,31.974358974359,0.282051282051282
"991",998,162,180013,2018,"Conifer-Broadleaf Mixed Forest",80427,"福井県",135.6,35.5,80,5,22.0031494208482,0.171159221547543,0.560645161290323,223,13.2,1988,52,107.333333333333,290,453.666666666667,2.58011990501493,-1.22320095249632,0.508048081750186,0.86189315584303,0.208562767101718,0.442301568106491,1.4357656905963,0.730885556552839,0.756905517173739,0.51239385812907,0.218963510413576,1.48189559195461,2.34,3.152,0.471133163987138,0.111780188291692,17.1751266382901,1.54896790048932,17.5016778244682,27,0.4
"992",999,163,180014,2018,"Conifer-Broadleaf Mixed Forest",80427,"福井県",135.64,35.39,75,5,96.8648253707143,0.293277863297801,0.492822580645161,481,12.6,1940,50.3333333333333,93,313,451.333333333333,1.34846232059964,-0.123234518138155,0.00843911096559594,0.450455981823959,0.109002311237562,0.231162512166383,0.75038215519198,0.381986756416384,0.395585712190716,0.267795232946638,0.114438109176645,0.774491280397272,2.75735294117647,3.05588235294118,0.488473615471912,0.0749886841192497,19.207603506608,1.81522420405375,13.0101409595207,25.7352941176471,0.147058823529412
"993",1000,164,290042,2018,"Conifer-Broadleaf Mixed Forest",80440,"奈良県",135.74,34.09,20,2,83.8391429631381,0.184186381969609,0.42747311827957,640,11.9,2474,50,100,309.666666666667,324.333333333333,2.41393577296016,-0.493474160617952,-0.690130446284217,0.606460871572439,0.346417225008384,0.717141699658695,0.314545419333439,0.607037160396562,1.28441083192882,0.344285743446571,0.470833635341101,1.05049309448579,3.22568438003221,3.04911433172303,0.451357328393681,0.0621859852628274,16.0283021504652,2.28267687469967,13.0840590882052,31.5652173913043,0.217391304347826
"994",1001,165,300256,2018,"Conifer-Broadleaf Mixed Forest",80440,"和歌山県",135.78,33.66,70,4,43.9488565990711,0.249817739624616,0.528387096774193,381,15.1,2805,54,99.6666666666667,333.666666666667,247,1.07848463773903,-0.76001135109491,-1.05649226494211,0.221844850747522,0.174670038320244,0.686997849219402,0.130052724392765,0.508794959293506,0.455816140973337,0.0859960098168664,0.186193461236034,2.48478486463726e-16,4.04047619047619,2.55920634920635,0.477334242841831,0.0847745841853244,16.5855550209808,1.65148244298706,21.4151627633964,30.7142857142857,0
"995",1002,166,300257,2018,"Conifer-Broadleaf Mixed Forest",80440,"和歌山県",135.78,33.7,84,5,120.207208940647,0.493198592926338,0.501209677419355,526,13.9,2786,49.6666666666667,97.3333333333333,353.333333333333,255.666666666667,2.85193079149064,-0.414107624447457,0.269528625715987,0.907829882413271,0.74652656563063,0.744456865709972,0.595662731421204,0.471040749383455,1.40910051526312,0.707815372995141,0.71684482575873,0.905707871358318,2.75344862527877,3.30435505795641,0.53035310404226,0.0961768971108133,15.8708525711907,2.54127049203698,17.0142505870307,25,0.178571428571429
"996",1003,167,290065,2018,"Conifer-Broadleaf Mixed Forest",80440,"奈良県",135.78,34.06,47,3,44.9377319279721,0.29614052174787,0.479220430107527,846,11.2,2551,49,95,346.333333333333,365,2.62827637203621,-1.29273365670866,0.429567911398898,0.918361183870344,0.212453273559729,0.50482479654656,1.39653159143888,0.747588188415239,0.769913842498813,0.505723008384796,0.253429988904602,1.46741204450238,2.435,3.14111111111111,0.464752929617721,0.111739656712008,16.8386668913205,1.50746811490505,17.9700391489683,27.5,0.388888888888889
"997",1004,168,290098,2018,"Conifer-Broadleaf Mixed Forest",80440,"奈良県",135.82,34.42,83,5,53.0587030593398,0.26552233283168,0.599758064516129,334,13.4,2063,54.6666666666667,107.666666666667,299,277,2.68104030198892,-0.789749944792954,0.0538467619376504,0.97151664030591,0.427841384186639,0.823836082039267,0.802957074650129,0.638513691393949,1.08005207017692,0.473309411335913,0.483081361566303,0.93169018698564,2.96175582990398,3.23322359396433,0.472111017029892,0.0936285055075379,16.1696632359639,1.80555213027594,16.7723717636642,27.4074074074074,0.185185185185185
"998",1005,169,290108,2018,"Conifer-Broadleaf Mixed Forest",80440,"奈良県",135.87,33.95,51,4,64.668532045283,0.321586561383018,0.462849462365591,610,12.1,2698,49.3333333333333,102,346,290.666666666667,2.63612852061922,-0.988002563590842,-0.897628896353473,0.705274588492681,0.240934443233938,0.734470826263612,0.284460524279774,0.676988771959939,1.37575205361301,0.380052788688894,0.525941765209079,1.20179681440956,3.50404656400939,2.90483913594151,0.440496599205599,0.0763374646166446,15.6958077712909,2.08534144748959,18.8634202820896,31.2941176470588,0.264705882352941
"999",1006,170,290113,2018,"Conifer-Broadleaf Mixed Forest",80440,"奈良県",135.87,34.13,88,5,274.239995233007,0.385730632726065,0.300376344086022,1234,9.6,2613,49.3333333333333,90.3333333333333,324.333333333333,380,2.10094231039877,-1.08324268099936,-0.978826344157686,0.806083502997375,0.358710547247489,0.909633689077202,0.148437705479424,0.388069485377394,0.669915291806874,0.479557282831392,0.866730562053738,0.454447981532749,3.90123816401592,2.6163121834297,0.430424371061093,0.0830366398082447,14.5544025273814,1.35355717991499,20.8509149715679,27.5,0.08
"1000",1007,171,290121,2018,"Conifer-Broadleaf Mixed Forest",80440,"奈良県",135.87,34.42,65,4,28.5325910827241,0.146188431698227,0.553548387096774,299,13.6,2091,53.6666666666667,101.333333333333,283,274,2.53251486531646,-0.568332328998657,-0.346166004364734,1.03655710977334,0.582080502344949,1.32488605344687,0.129864493376036,0.404759787175132,1.54334557349297,0.360151152392378,0.285108737517677,2.63677968348475e-16,3.4275,3.31125,0.468569409163987,0.0788584344640895,14.8618966407088,2.02820580256809,16.3897581144505,31.875,0
"1001",1008,172,290143,2018,"Conifer-Broadleaf Mixed Forest",80440,"奈良県",135.91,34.45,55,4,66.1676847403503,0.312457276763586,0.533145161290323,567,13,2113,52.6666666666667,102,281,290.666666666667,2.78200874457527,-0.397441222839576,-0.964794319233885,0.545636272589233,0.114369999159363,0.672293451825316,0.246074361304461,1.00565074299183,1.54124041200837,0.31167461503948,0.823954386071847,1.28191660203687,3.28204793028322,2.86553376906318,0.448143658029128,0.066516154443181,17.8876229671559,2.50566076192185,13.4839163591558,28.5294117647059,0.294117647058824
"1002",1009,173,290190,2018,"Conifer-Broadleaf Mixed Forest",80440,"奈良県",136,34.6,71,5,26.3040976749365,0.179983392222098,0.550618279569893,441,12.8,1980,54,104.666666666667,263.666666666667,280,2.66074865204665,-1.4406361778927,0.606807994579698,0.888827316963124,0.215080353573647,0.456123492109819,1.48063336842743,0.753725730195115,0.780558814585418,0.528406166195603,0.225806120114,1.5282048292032,2.2575,3.171,0.467705400321543,0.11905292748857,16.7733579550179,1.4963358404824,18.389539762888,27.25,0.45
"1003",1010,174,260282,2018,"Conifer-Broadleaf Mixed Forest",80440,"京都府",136,34.81,53,4,38.5567048725569,0.179809575476421,0.533198924731183,491,12.6,1810,52.6666666666667,106,275,295.333333333333,2.67099607871223,-1.50246614798037,0.626808797984562,0.892492912855208,0.23626504681797,0.458004582358793,1.47042988416597,0.750112224356322,0.770450432525084,0.514320366791891,0.259128414690622,1.53450726977549,2.23846153846154,3.15615384615385,0.466914377937175,0.121590452813515,16.6422135419509,1.47455191779862,18.8875396350091,26.9230769230769,0.461538461538462
"1004",1011,175,290195,2018,"Conifer-Broadleaf Mixed Forest",80441,"奈良県",136.04,34.09,86,5,43.1183802683873,0.325427148127722,0.444865591397849,594,13,2765,52,95.3333333333333,320.666666666667,340,2.79864369113309,-0.63591340917872,-0.363033614430939,0.566819854267291,0.738359512500137,0.882016500063765,0.131734963570835,0.433545774315453,1.32886064395868,0.40941528498248,0.564786832415969,1.45613323472487,2.86463844797178,3.23997795414462,0.503872935231971,0.0792759865995469,15.0962041005693,3.17890777289065,16.406692901077,30.7142857142857,0.380952380952381
"1005",1012,176,290209,2018,"Conifer-Broadleaf Mixed Forest",80440,"奈良県",136.04,34.6,110,5,18.9686587499632,0.205382980523515,0.550618279569893,486,13,1966,55,111.666666666667,291.333333333333,256,2.37709813836107,-0.412997686911934,0.346636758510547,0.773563617354908,0.463885723306621,0.609706373152268,0.765306226229311,0.547290791138422,1.03484405611918,0.370883798511288,0.250895689015556,0.857578467566328,2.51916666666667,3.25916666666667,0.499277636655948,0.0874073133795431,16.9235253869842,2.02026602410022,13.8919068918988,28.0833333333333,0.166666666666667
"1006",1013,177,250072,2018,"Conifer-Broadleaf Mixed Forest",80440,"滋賀県",136.04,34.89,83,5,7.14218146322566,0.181210047501405,0.543118279569892,431,12.9,1745,51.3333333333333,104.666666666667,298,381.333333333333,2.54719395322269,-2.11410349113519,0.875391816670278,0.731303283745601,0.482987460656611,0.442301568106491,1.3005262163077,0.822800274323829,0.602735959973826,0.602549701665135,0.145975673609051,1.48189559195462,1.91,3.028,0.457422109324759,0.146351490135871,15.9722569663205,1.25267718467909,19.8033691147258,29,0.6
"1007",1014,178,180085,2018,"Conifer-Broadleaf Mixed Forest",80427,"福井県",136.09,36.08,60,4,59.1324328904782,0.398034086498213,0.473521505376344,581,10.9,2362,49.6666666666667,92.3333333333333,320.333333333333,480,3.06629715627515,-0.766139664516442,-0.376145378311501,0.707333664881404,0.791881331094054,0.787344904197487,0.289046285656466,0.445841130194718,1.75712058134425,0.344919591237115,1.12073039353694,1.53450726977549,2.69359601139601,3.29154301994302,0.464393118971061,0.0725556663930914,14.1475316581815,3.16552587600272,11.6318484274523,28.7692307692308,0.538461538461538
"1008",1015,179,240062,2018,"Conifer-Broadleaf Mixed Forest",80440,"三重県",136.13,34.81,39,3,58.9984611479496,0.197713512219317,0.58491935483871,357,13.2,1735,54.6666666666667,112.333333333333,270.333333333333,253.333333333333,2.25086231994133,-0.245061903460706,-0.662131311246804,1.21020246270129,0.387626186430541,0.862582906848639,0.23688089501651,0.895856910741082,0.758066531008743,0.458605974188318,0.833813047654897,3.86357612569554e-16,3.2216,2.66602857142857,0.436848742122186,0.0699606789636024,17.6504623078768,1.50254293010243,14.4341361383422,25.48,0
"1009",1016,180,240063,2018,"Conifer-Broadleaf Mixed Forest",80440,"三重県",136.13,34.85,55,4,28.6247693927794,0.230317864269442,0.576586021505376,310,13.6,1661,54.3333333333333,110.333333333333,283,256.333333333333,2.65530540824561,-0.682046145713656,0.404406151322513,0.729597016898237,0.21508835292171,0.409538488987492,1.31610587218626,0.894038053744741,0.741430850508116,0.509051998680952,0.557545975590124,1.37212554810613,2.32956790123457,3.09783950617284,0.475703515541265,0.103053825978054,19.4308373070899,1.65978981196732,15.4541949907098,23.3333333333333,0.333333333333333
"1010",1017,181,240085,2018,"Conifer-Broadleaf Mixed Forest",80440,"三重県",136.17,34.78,94,5,7.33136747773681,0.242097997527973,0.583870967741935,207,13.6,1700,55,120,267,244.333333333333,1.33917972475995,0.144892798722129,-0.494796803172999,0.504076906296075,0.227576478012306,0.55293776080041,0.224475558926348,0.476497996969364,0.442063812609209,0.32801910545273,0.649591747560275,4.44089209850063e-16,3.222,2.79414285714286,0.472844218649518,0.0653038566823158,19.0122826702714,1.73483871140388,13.3795811815496,22.4,0
"1011",1018,182,240086,2018,"Conifer-Broadleaf Mixed Forest",80440,"三重県",136.17,34.81,66,4,73.7438820322391,0.194126047481843,0.587688172043011,209,14.2,1614,57.6666666666667,122,277.666666666667,210.666666666667,2.13412111512943,-0.258182308286149,-0.664761249303231,1.01324039269848,0.228063609073438,0.854140663323882,0.260163269445964,0.863243899608793,0.822885057024744,0.434798726948704,0.732917718774769,2.9244899185248e-16,3.37542005420054,2.8511827332559,0.438563547957023,0.0683096861326346,17.5268497321005,1.59192892538072,14.5770210646043,26.3658536585366,0
"1012",1019,183,250181,2018,"Conifer-Broadleaf Mixed Forest",80440,"滋賀県",136.26,35.07,25,2,54.2066277223397,0.2419464622741,0.565161290322581,179,14,1689,55,117.666666666667,298.333333333333,326.333333333333,1.15029703952638,-1.2107109204991,-1.03857142030117,0.502045508285671,0.13477301616807,0.618490941557207,0.15201868495339,0.354946572937495,0.538928461273553,0.201588424948558,0.321146481939911,9.62193288008469e-17,4.09166666666667,2.95366666666667,0.398759212218649,0.0775716059074935,13.8966133143618,1.23734905555268,20.4588198891271,32.8,0
"1013",1020,184,250202,2018,"Conifer-Broadleaf Mixed Forest",80440,"滋賀県",136.3,35.03,84,5,15.9551628369795,0.184999245681672,0.490672043010753,314,13.2,1763,50.3333333333333,103.666666666667,283.333333333333,349.666666666667,2.01571867579291,-0.570895276307174,0.21176834326165,0.673354028002367,0.162939661798218,0.345548100083196,1.12169194577836,0.571004341056905,0.591332435291984,0.400307701663336,0.171065242510606,1.15773093121454,2.5875,3.095,0.481416454983923,0.0899619707010577,18.3804326881065,1.70686408051009,14.8380920092086,26.25,0.25
"1014",1021,185,250222,2018,"Conifer-Broadleaf Mixed Forest",80441,"滋賀県",136.35,35.03,62,4,76.1095337366676,0.326556054369414,0.386989247311828,919,10.5,2087,51,99.6666666666667,292.333333333333,384.666666666667,2.69515533118661,0.167280952102213,-0.942872950005805,0.910226734567168,0.455817422257383,0.469694786969237,0.244352247898903,0.805969115621806,1.29902306629014,0.294466448428344,0.874051872844315,1.0672087596381,3.12182277091907,2.46026941015089,0.470839380731213,0.0577198722414848,19.5245173058299,2.30359971746262,8.55121560317787,24.6666666666667,0.222222222222222
"1015",1022,186,240175,2018,"Conifer-Broadleaf Mixed Forest",80440,"三重県",136.39,34.24,56,4,30.8271935496728,0.20115700078943,0.589220430107527,184,15.4,2950,54,107.333333333333,355.666666666667,248.333333333333,1.29256979350138,-1.03963493427661,-1.00046093095804,0.271120841724765,0.286769056932795,0.860975752111365,0.0638597362582467,0.438918012212564,0.524610609016806,0.0304357421476811,0.303063682233323,1.79594901042305e-16,4.11529411764706,2.85529411764706,0.438058674106298,0.0797855306584055,15.1837163987796,1.38458823500565,22.5655205750493,31.4705882352941,0
"1016",1023,187,240253,2018,"Conifer-Broadleaf Mixed Forest",80440,"三重県",136.52,34.49,35,3,115.475902510275,0.271979916249649,0.573709677419355,156,14.9,2263,52,116.333333333333,353.666666666667,229.333333333333,1.53115992009294,-0.902124598422743,-0.993986952846362,0.636869691018698,0.0797870248338072,0.789227772768751,0.205253371134317,0.673632985698105,0.64232314339624,0.30653918581825,0.454911214685644,1.12654983381082e-16,3.94484749455338,2.86806100217865,0.415372449404199,0.0750917082274184,15.4728554723797,1.34382922260883,18.8789756812874,31.1470588235294,0
"1017",1024,188,240254,2018,"Conifer-Broadleaf Mixed Forest",80440,"三重県",136.52,34.52,38,3,96.4105214483297,0.245862407997869,0.603010752688172,74,15.4,2171,52.3333333333333,116.333333333333,356,226.666666666667,2.32663428962319,-0.324234498511928,-0.638622067948937,0.910259775138373,0.173162742195402,0.805087137761674,0.234299253637318,0.915888557760681,0.974670403941982,0.421182253915953,0.76830869844437,0.483884274923956,3.32548148148148,2.93197883597884,0.443012561322921,0.0686791756086972,17.5588507329266,1.78545638495932,14.3442883911106,26.7428571428571,0.0857142857142857
"1018",1025,189,210057,2018,"Conifer-Broadleaf Mixed Forest",80440,"岐阜県",136.55,35.24,64,4,54.7074605737823,0.272362159446994,0.55002688172043,337,13,1921,52,102,310.333333333333,402,3.11219914794893,-0.709187286157974,-0.305739985867742,0.911424645361113,0.565983252179466,0.782868297847538,2.09421497180613,0.460544536242365,0.650792065578483,0.507159003951924,0.90558982701911,6.07538710697655e-16,3.53123663291774,2.33783726486704,0.474839474812433,0.131366043605159,16.278740965342,1.23902431350368,12.329412614594,18.4444444444444,0
"1019",1026,190,210098,2018,"Conifer-Broadleaf Mixed Forest",80440,"岐阜県",136.63,35.5,80,5,105.288203729429,0.268944444366841,0.613790322580645,229,14.4,2086,49,101.666666666667,335,362,1.8389467416953,-0.232722180863561,-0.538719778364343,0.880621031633192,0.27652488253618,0.793437475638343,0.261788010455001,0.71104441821677,0.62449238271641,0.39873240043923,0.535771684706688,2.71608132810083e-16,3.25464285714286,2.81428571428571,0.452642675700505,0.0665259371624364,17.3879065462052,1.5515244688716,14.4667814636847,27.0714285714286,0
"1020",1027,191,240315,2018,"Conifer-Broadleaf Mixed Forest",80440,"三重県",136.65,34.34,67,4,118.259287095199,0.218936773694178,0.54747311827957,47,15.4,2550,56,118,350.333333333333,263.333333333333,1.95979902034009,-1.01978381232456,-1.28336121499943,0.408372107931472,0.125904631540608,0.899525191937596,0.0676358402710023,0.775716702180193,1.26796271601893,0.369360316373181,0.309480169846249,9.50275639721532e-17,4.07249843063402,2.80944130571249,0.424839876832525,0.0795935896392841,16.0255406852013,1.70156537110825,25.8585095498618,32.2203389830509,0
"1021",1028,192,210114,2018,"Conifer-Broadleaf Mixed Forest",80440,"岐阜県",136.68,35.5,66,4,32.9804205620136,0.163801048915234,0.614758064516129,86,14.5,2101,50,108.666666666667,336.333333333333,442,1.76714027298889,-0.884301725960222,-0.794079238843387,0.812806045635993,0.0983761105593725,0.815414897063144,0.330279797460016,0.646533514323971,0.714716002569384,0.347983883544426,0.465621370147212,0.228349296097543,3.73269230769231,2.92615384615385,0.422576825377195,0.0767972353682841,15.4747965064008,1.39420253720368,18.0384697650041,30.5769230769231,0.0384615384615385
"1022",1029,193,210118,2018,"Conifer-Broadleaf Mixed Forest",80441,"岐阜県",136.68,35.64,64,4,126.065672152588,0.339814398086378,0.488575268817204,505,11.4,2261,48.3333333333333,96.6666666666667,336,461.666666666667,1.91830557220767,-0.517557461152481,-0.959327202520194,0.838648527224652,0.438244089159348,0.812789829201452,0.295339077101981,0.897281220323672,0.478832231913358,0.506362213013322,0.533216696655282,6.53181212821134e-16,3.8472906781434,2.70242005488416,0.430470266881029,0.0709484539816026,17.1766622986435,1.31708117337747,13.9575933978724,29.3666666666667,0
"1023",1030,194,210130,2018,"Conifer-Broadleaf Mixed Forest",80440,"岐阜県",136.72,35.57,56,4,42.0186781178181,0.272752776589635,0.570403225806452,397,13.2,2254,49.3333333333333,98.6666666666667,350.666666666667,425.333333333333,2.67220089341586,-1.23853779526968,0.562281463949026,0.918718998145743,0.310257547531921,0.47920627454237,1.3630430377454,0.664442964536651,0.794622313857284,0.519000323221423,0.265222241449551,1.45613323472487,2.32142857142857,3.16809523809524,0.47679348951156,0.112058005724371,16.5151817561791,1.5787424253271,18.1325511535127,26.9523809523809,0.380952380952381
"1024",1031,195,240338,2018,"Conifer-Broadleaf Mixed Forest",80440,"三重県",136.74,34.34,61,4,45.2838360824327,0.281371177254009,0.548655913978495,71,15.8,2495,52.3333333333333,116.333333333333,333.666666666667,277.666666666667,1.48092582423766,-0.384590047040242,-0.336253311345345,0.372295687997055,0.370017228775192,0.411846698960744,0.186814770000656,0.52047675405587,0.563221494786689,0.318429332183341,0.57015429304366,0.307873045419934,3.45,3.15842105263158,0.480362335420545,0.0663428355248386,16.1119325815378,1.76756956266498,19.8790924718937,23.8947368421053,0.0526315789473684
"1025",1032,196,170140,2018,"Conifer-Broadleaf Mixed Forest",80427,"石川県",136.76,37.08,88,5,48.6595914211647,0.213828263292839,0.445134408602151,96,13.2,2398,53,110.333333333333,286,510,2.64159060220957,-1.20578407134698,0.35143802187727,0.841783088261162,0.264512657656029,0.417111316076758,1.28214575878074,0.736381280471639,0.70594642100892,0.716330373895942,0.303666110965573,1.46143549502428,2.46730769230769,3.11807692307692,0.474824601780856,0.105053826992659,17.3582306085615,1.5786531793592,19.6898859654735,27.8846153846154,0.384615384615385
"1026",1033,197,210164,2018,"Conifer-Broadleaf Mixed Forest",80440,"岐阜県",136.81,35.79,99,5,37.5301535253586,0.272376009756196,0.408279569892473,1018,8.7,2193,47.6666666666667,98,314.666666666667,539,2.11175431947136,-0.16324134598866,-0.844067607188689,0.910673324043,0.417530886479256,0.823700470346998,0.385236914985796,0.860401493847759,0.827997089967722,0.486686914733677,0.399489639314709,7.38725320231354e-16,3.65562678062678,2.83891737891738,0.449666601533515,0.064290295154615,18.2974593247889,1.65692842387688,11.8561295616767,29.6153846153846,0
"1027",1034,198,210185,2018,"Conifer-Broadleaf Mixed Forest",80440,"岐阜県",136.85,35.75,74,5,50.48898698838,0.308827293042912,0.450779569892473,1018,8.3,2186,47.3333333333333,92,305.666666666667,557,1.82658489360184,-0.0876825498854851,-0.215890999818177,0.938393025361832,0.667360199215346,0.40956551150629,0.377198332246454,0.315511731236632,0.601475563407176,0.573832928783703,0.170304952543893,0.384195153469715,3.15855555555556,3.25955555555556,0.479510885316184,0.0554597733000221,17.0401695874556,1.88680959989692,11.0567645215722,30.3333333333333,0.0666666666666667
"1028",1035,199,170178,2018,"Conifer-Broadleaf Mixed Forest",80427,"石川県",136.85,37.05,56,4,86.8865580348517,0.412482989800885,0.473817204301075,104,13.1,2384,50.6666666666667,100.666666666667,285.333333333333,558,2.97004584757737,-1.22912622655316,-0.397133754374936,0.656897655939825,0.139227342907641,0.115663965460411,0.951889276848745,0.726614001286565,0.236085178152288,1.90158726550375,0.83373294309024,1.26011529928115,3.23238095238095,3.04574829931973,0.499645247282193,0.0884916529646199,17.6404138724637,1.9573086541608,31.9735488764573,30.8095238095238,0.285714285714286
"1029",1036,200,170190,2018,"Conifer-Broadleaf Mixed Forest",80427,"石川県",136.89,37.01,96,5,40.4037029934252,0.31282672194554,0.495134408602151,37,13.5,2401,49.3333333333333,102.333333333333,275,532,2.67006874409299,-1.04558936255039,0.252537440380361,0.768817767236293,0.476259224685686,0.369722247002597,1.18452838409706,0.788665810312166,0.562945751733182,0.866851724536768,0.377329094591296,1.37212554810613,2.37652263374486,2.84594650205761,0.47951214183637,0.106739991594767,18.0466503603841,1.54740656887508,18.2339188228514,28.2777777777778,0.333333333333333
"1030",1037,201,210210,2018,"Conifer-Broadleaf Mixed Forest",80441,"岐阜県",136.9,35.68,89,5,66.0703607431522,0.324873781021245,0.519811827956989,606,11.8,2305,50,95.6666666666667,326,490.666666666667,3.11333512968054,-1.14074236158143,-0.831952566778611,1.41731194140779,0.692507787173421,0.181964522401513,0.60115218344585,0.619200381320317,0.32485732920903,1.66405466328909,0.442312911247378,1.45613323472487,3.11050264550265,2.19597442680776,0.491073818710764,0.0816520698829738,18.8727128778199,1.6430504519243,28.4689459869217,28.4761904761905,0.380952380952381
"1031",1038,202,210237,2018,"Conifer-Broadleaf Mixed Forest",80440,"岐阜県",136.94,35.71,85,5,42.5175160465196,0.34443280048243,0.545672043010753,364,12.9,2436,49.3333333333333,97.6666666666667,338,470.666666666667,2.92487655514141,-0.774758831817645,-0.701345673310406,0.691442793860215,0.642592257635424,1.13749883737483,0.0955984361199797,0.464694425710995,1.47030923675856,0.284847669996483,0.46748407870667,1.42882495092043,3.17181818181818,3.21727272727273,0.473636363636364,0.0784875416780896,14.4650903578857,3.15350774936562,14.4231903410042,33.6363636363636,0.363636363636364
"1032",1039,203,210258,2018,"Conifer-Broadleaf Mixed Forest",80440,"岐阜県",136.99,35.53,52,4,77.5919303374512,0.339991524585035,0.598467741935484,93,14.9,2149,50.3333333333333,105.333333333333,352.333333333333,303.333333333333,1.89204413206507,-1.62459458202095,-1.62560012186567,0.288520874441151,0.0992238044878228,0.418075158058298,0.0280458104544521,0.374030158457302,1.31752158761579,0.119145966741159,0.422997690571681,1.08437607882354,3.34090909090909,2.73863636363636,0.430126198479977,0.077581551528176,13.2399925974843,3.6856081119392,18.242060651233,37,0.772727272727273
"1033",1040,204,210311,2018,"Conifer-Broadleaf Mixed Forest",80440,"岐阜県",137.08,35.53,93,5,10.794933197739,0.258629363359175,0.590403225806452,342,13.3,2209,50,100.333333333333,321,303,3.01885784711288,-0.946981409220485,0.572981785675701,0.553649729852214,0.541278335473539,0.451328130720909,1.29773828473208,1.3185217931702,0.704505676248857,0.691137043426379,0.93096730618017,1.51213835913736,1.94354497354497,2.82772486772487,0.469174441892513,0.125429029254631,20.4715844913394,1.4660531833139,14.7430892714793,22.8571428571429,0.428571428571429
"1034",1041,205,230157,2018,"Conifer-Broadleaf Mixed Forest",80440,"愛知県",137.16,35.21,68,4,74.3257850532173,0.431703624585322,0.579032258064516,430,13.4,2026,51,104.333333333333,314.666666666667,240,2.48153792004489,-1.31225461276876,0.206577543747127,1.04481914433418,0.526024515668804,0.259932404369294,0.289744123741513,0.408984071783724,0.598223124868301,0.756668887591262,0.303396185533604,1.46143549502428,2.33980056980057,3.03996438746439,0.495700615879297,0.0849931786817643,18.0407034637341,1.85537020918979,25.8901630561593,26.2307692307692,0.615384615384615
"1035",1042,206,230158,2018,"Conifer-Broadleaf Mixed Forest",80440,"愛知県",137.16,35.25,69,4,26.9161764485003,0.266088119096641,0.579032258064516,462,12.8,2105,54,109.333333333333,307,254,2.04729598780991,-2.67694037473498,1.23043702694924,0.494246390924296,0.305869189691391,0.345548100083196,1.05253998950029,0.734699418535191,0.539435839302838,0.452561558124083,0.285108737517677,1.15773093121454,1.6375,3.20166666666667,0.447138818327974,0.164931173110117,14.9386395133462,1.15744797111956,23.1372295336481,27.9166666666667,0.75
"1036",1043,207,210378,2018,"Conifer-Broadleaf Mixed Forest",80440,"岐阜県",137.16,35.75,68,4,51.2108861282679,0.265557595730062,0.541182795698925,530,11.9,2146,50,97.3333333333333,319.666666666667,354,3.78113894424024,-1.95000640178057,-0.809997213692691,1.07783045348606,0.488931492309419,0.0319241763255803,0.915676521044636,0.951200237279299,0.315980796424088,2.34475815398673,1.20036707032017,1.54072320524583,3.54167471819646,2.73703876236485,0.497313739689641,0.0989182567673039,17.9178872074914,1.86071174172455,43.6600050944994,29.1304347826087,0.478260869565217
"1037",1044,208,210383,2018,"Conifer-Broadleaf Mixed Forest",80440,"岐阜県",137.16,35.93,54,4,36.0712812137212,0.173139464165824,0.385430107526882,871,8.3,1993,49,92.6666666666667,309,458.666666666667,2.60852701779824,-1.0305925729342,0.29766542887054,0.899056279176404,0.443989959165553,0.446315857528361,1.2540151329794,0.740022574893884,0.661361754524813,0.544810716335914,0.366691292587893,1.37212554810612,2.45530178326475,2.940219478738,0.468827003691795,0.10758284104145,17.406115856382,1.50886759532355,15.7897887282878,26.4814814814815,0.333333333333333
"1038",1045,209,230166,2018,"Conifer-Broadleaf Mixed Forest",80440,"愛知県",137.21,34.96,81,5,55.3505866218347,0.284002408957118,0.57489247311828,141,14.8,1723,52,114,320,247.333333333333,1.80666504495269,-0.701985368765307,-0.736830418081972,0.83469159367153,0.254062367464716,0.913224308119808,0.304299214376814,0.58735367570702,0.857555813343692,0.386556049731781,0.372386922472068,1.18952466924124e-16,3.70887125220459,3.04961199294533,0.429449627928342,0.0700989524590559,15.4380258034245,1.51339924729848,16.7542991981555,31.4285714285714,0
"1039",1046,210,230180,2018,"Conifer-Broadleaf Mixed Forest",80440,"愛知県",137.25,34.92,97,5,42.8566445590966,0.184287261592701,0.566639784946237,152,14.9,1723,55,123,323.333333333333,204.666666666667,2.47349697799111,-0.231332902431891,-0.0429977051527548,1.00844401230792,0.623031576648415,1.08663040756833,0.24652793848767,0.363051469822045,1.47293408892648,0.344977396445319,0.27370438801697,3.45402718772271e-16,2.99333333333333,3.28944444444444,0.491265353697749,0.0742976406663204,15.5997315709143,2.13769751146115,13.7728846004476,30.5,0
"1040",1047,211,210434,2018,"Conifer-Broadleaf Mixed Forest",80440,"岐阜県",137.25,35.43,59,4,41.2847857883783,0.570899532774335,0.579032258064516,432,12.9,2106,50,99.3333333333333,314.333333333333,271.333333333333,1.04943047711097,-1.32858805158754,-1.0357463037901,0.496329290427469,0.261079898786003,0.541375829995578,0.102696740153188,0.154546148782305,0.6199870818112,0.2023063403052,0.105426875384314,9.99200722162641e-17,4.11687654320988,3.01172839506173,0.393237018220793,0.079368905085238,13.1964415326858,1.25127039744444,20.4392215446934,34.3333333333333,0
"1041",1048,212,230205,2018,"Conifer-Broadleaf Mixed Forest",80441,"愛知県",137.3,35.28,65,4,32.4919977959384,0.205495161164986,0.564516129032258,507,13.1,2108,49.6666666666667,95.6666666666667,266,259.666666666667,2.73280577886201,-1.91421243467064,0.588555693452883,1.061889963422,0.233593337766448,0.524518177490948,1.38359300381214,0.717651877172268,0.751981195873127,0.458740046345588,0.265180721954158,1.53829992244424,2.30823529411765,3.18705882352941,0.451169818422546,0.127566733552567,15.647379102978,1.36309003279545,21.2093147938705,28.5294117647059,0.529411764705882
"1042",1049,213,200017,2018,"Conifer-Broadleaf Mixed Forest",80441,"長野県",137.52,35.75,41,3,14.0621742938778,0.123852845257344,0.25510752688172,1576,5.2,2097,48.3333333333333,94,283.333333333333,479.333333333333,3.27653691512981,-1.04809451430977,-0.840571372165736,1.71432795057942,0.632419046875475,0.597309309506616,0.762054677269641,0.627651984060203,0.374454413184801,1.84041949479387,0.337906651872802,1.0672087596381,2.66777777777778,2.06777777777778,0.469987434798142,0.0702410157351323,17.5413703198277,1.57492083676823,29.5181032657047,33.3333333333333,0.222222222222222
"1043",1050,214,220023,2018,"Conifer-Broadleaf Mixed Forest",80440,"静岡県",137.67,34.85,54,4,165.615361904671,0.389285515719533,0.563655913978495,55,15.8,2007,52.3333333333333,111,355.333333333333,237.333333333333,1.16853053390962,-0.873035523733667,-1.16714901014962,0.181118142067835,0.198941245067543,0.791144038606205,0.00886121410138473,0.501952212637909,0.539812514696999,0.0156886661862684,0.240191502491479,1.52207995311513e-16,4.14548387096774,2.63483870967742,0.452938886007675,0.0813524824254236,16.4584216691903,1.52026398355259,22.0647186747164,31.2903225806452,0
"1044",1051,215,200114,2018,"Conifer-Broadleaf Mixed Forest",80441,"長野県",137.7,35.71,69,4,65.5490716878572,0.223964763435708,0.400376344086022,580,10.8,1684,56.3333333333333,104.333333333333,270.666666666667,330.333333333333,2.7599329365526,-1.25145383491406,0.138701055318058,0.937836837133026,0.300461753329819,0.532760700508176,1.22326240097836,0.779377790473661,0.805080195615889,0.581656976780058,0.341578025183808,1.45818013481693,2.6269825708061,2.98851579520697,0.461588085871004,0.107684865517183,17.0382282682123,1.57899825953669,18.1581703265339,27.8529411764706,0.382352941176471
"1045",1052,216,150006,2018,"Conifer-Broadleaf Mixed Forest",80427,"新潟県",137.73,36.97,69,4,15.0966725355614,0.392907194661872,0.399462365591398,597,10.3,1710,48.6666666666667,98,264.333333333333,497.666666666667,2.59167080888008,-0.202528711457001,-1.19158435849381,1.18694908192061,0.776418605209567,0.380891061647466,0.382904808207629,0.521848354345688,1.29914949112685,0.22992294742418,0.291951347218101,0.987930394636411,3.63662962962963,2.39918518518519,0.480844218649518,0.0560213663944834,17.7448340947339,2.14564095001671,7.39792483295128,34,0.2
"1046",1053,217,200139,2018,"Conifer-Broadleaf Mixed Forest",80441,"長野県",137.75,35.28,53,4,30.0342988640377,0.185111535678394,0.432688172043011,922,10.5,2086,52,103,311.333333333333,287.333333333333,2.18327421932741,0.200801917708573,-0.407729330733237,0.864142203640263,0.46656009358409,0.57453309203997,0.273049524792316,0.697660238407654,0.76134517120307,0.337301100794546,0.767284634407572,0.555710846982981,2.71161111111111,2.71505555555556,0.471488691318328,0.0621479949813507,19.6714488536179,1.97408363697278,11.5702749925811,24.3,0.1
"1047",1054,218,220074,2018,"Conifer-Broadleaf Mixed Forest",80440,"静岡県",137.84,35.14,69,4,67.0922687556812,0.340601564245195,0.528494623655914,591,12,2164,51.6666666666667,99.6666666666667,316.666666666667,299,2.18389106064892,-0.991276076931716,-0.871097855955136,1.19886988337573,0.431385031476782,0.834336813279082,0.344619730987239,0.713378414025669,0.603989176664928,0.539740398046589,0.411995814061209,0.42349553953893,3.51221879286694,2.69063100137174,0.422374370608551,0.0744114302295028,15.6139297031515,1.35269104146383,20.1911571273728,32.2962962962963,0.0740740740740741
"1048",1055,219,200327,2018,"Conifer-Broadleaf Mixed Forest",80441,"長野県",137.92,35.93,69,4,109.865538486693,0.342320509582565,0.441693548387097,1220,7.9,1636,55,100,255.666666666667,441,2.26778851306676,-0.308196029646119,-0.0580943032981899,0.846201708971576,0.560478272405503,0.254351369968188,0.461832092635011,0.390882612538524,0.324340154493157,0.333036337702921,0.802866204849778,1.24479229724188,2.32997362962963,2.60041718518519,0.488270851446945,0.075592012330576,18.8587875099808,1.81236753709802,9.50114322568206,30,0.28
"1049",1056,220,200411,2018,"Conifer-Broadleaf Mixed Forest",80441,"長野県",138.01,35.75,77,5,66.791843932282,0.334422515243276,0.392258064516129,1066,9,1641,56.6666666666667,100.333333333333,243.666666666667,331,2.53221547195943,-1.09581556043262,0.402780127387544,0.870340240355265,0.411134140141604,0.380742813980559,1.09378098548957,0.590406134943566,0.597301592976354,0.440197663315117,0.559129913020777,1.50076231824107,2.27971450617284,2.93941358024691,0.478559985262594,0.107873129360579,17.5634145766765,1.6009119674247,16.7184282623624,26.0416666666667,0.416666666666667
"1050",1057,221,220170,2018,"Conifer-Broadleaf Mixed Forest",80440,"静岡県",138.1,34.85,72,5,186.830987294358,0.559967100277514,0.557338709677419,104,15.8,2132,53,110.666666666667,351.666666666667,216,0.963145035143328,-1.6566602498392,-1.22823736240427,0.233074195027634,0.0184829949030942,0.340156803945112,0.14990158067406,0.162201258577957,0.470976335771272,0.309134948651015,0.155131698321152,0.396464337918895,4.2651724137931,2.8828078817734,0.38467813172192,0.0846621692238908,13.0934205296909,1.16676652753442,23.8371677535438,34.8275862068965,0.0689655172413793
"1051",1058,222,220193,2018,"Conifer-Broadleaf Mixed Forest",80440,"静岡県",138.15,34.92,56,4,34.3386735100343,0.335422780424384,0.52258064516129,445,14.1,2175,50,104.333333333333,342,272.666666666667,2.08497520569496,0.00733782676219452,-0.358925900898822,0.258567946752909,0.385109319955366,0.488541849952647,0.264240103213598,0.588880385749438,1.33619010676427,0.126210878869804,0.437927020827152,0.987930394636411,2.894,3.148,0.499133163987138,0.064306146445963,17.7996099651803,2.71332917919349,11.7109506866387,29,0.2
"1052",1059,223,220246,2018,"Conifer-Broadleaf Mixed Forest",80441,"静岡県",138.23,35.17,80,5,164.782430944219,0.289134691420136,0.386532258064516,1102,9.7,2079,52.6666666666667,91.6666666666667,298.333333333333,397.666666666667,3.21277124743037,-0.498851750433515,-1.01511687268203,0.735340284236119,0.36900491079164,0.627145580659043,0.440306098618051,0.883887009366357,1.74946795463894,0.590445177494372,0.832242301150442,1.45740144993884,3.14850962962963,2.60865178451178,0.465862492838351,0.062992382407866,17.6349998205942,2.54789155716252,14.640723768273,29.3272727272727,0.381818181818182
"1053",1060,224,220254,2018,"Conifer-Broadleaf Mixed Forest",80441,"静岡県",138.23,35.46,83,5,75.6280084279634,0.228978834775903,0.13508064516129,1703,5.9,2096,52.6666666666667,94,298.333333333333,381.333333333333,3.35461779570451,-2.24948794163418,-0.51090730173526,1.28595851033334,0.497787224721813,0.426756780443456,0.982956080997337,0.567454981705519,0.457800040998143,1.65305090865823,1.02822373282275,1.38970471890942,2.93149064327485,2.76028437761069,0.480812612963276,0.107114102765781,18.2126249058058,1.84072242540661,36.9738887180209,36.6052631578947,0.657894736842105
"1054",1061,225,200719,2018,"Conifer-Broadleaf Mixed Forest",80441,"長野県",138.41,36.29,35,3,68.9011102359892,0.320547505110112,0.546182795698925,777,10.8,1108,58,121.333333333333,276,346.333333333333,1.54861400560368,-0.0848274848631631,0.043056998309099,0.618176909336941,0.172665635589765,0.239907162187939,0.77291915605561,0.41098990644273,0.414589818157146,0.285298897495325,0.205143328296743,0.803789522263351,2.63076923076923,2.98153846153846,0.48800830818699,0.0769003482591336,19.4026580322349,1.81684332384964,12.7320497049249,24.6153846153846,0.153846153846154
"1055",1062,226,150153,2018,"Conifer-Broadleaf Mixed Forest",80427,"新潟県",138.41,38.2,57,4,63.3696999773366,0.295440917339273,0.366048387096774,563,10.6,1854,49.6666666666667,87,275.666666666667,608.666666666667,3.11463322679041,-1.48487257729558,0.804200495129179,0.846577059732837,0.930644153667689,1.02908714450198,1.42990004759461,0.32471155864302,0.688986693923326,0.720883695007642,0.74114192310768,1.52458394234014,2.18733333333333,2.57644444444444,0.512617252590211,0.120828363585806,14.278542035122,1.08116616683584,17.4582894639288,22.4444444444444,0.444444444444444
"1056",1063,227,150166,2018,"Conifer-Broadleaf Mixed Forest",80427,"新潟県",138.45,38.02,67,4,49.0289172723154,0.28929436039873,0.51255376344086,83,12.8,1827,51,96.3333333333333,303.666666666667,554.666666666667,2.37419007091194,-0.348323507319558,-0.550745955954149,0.39032040410749,0.2635006368093,0.49499998725776,0.412526484086124,0.680202689332975,1.37259773772062,0.240370884100758,0.50040137421385,1.33411653015305,2.8401656920078,2.91820662768031,0.471643081739719,0.0660736882356378,17.5586630930302,2.51378677483155,12.4947681831893,29.7368421052632,0.315789473684211
"1057",1064,228,200796,2018,"Conifer-Broadleaf Mixed Forest",80441,"長野県",138.54,36.26,58,4,29.0257927422771,0.226026312439143,0.510188172043011,851,9.7,1179,56,108.666666666667,285.333333333333,396.666666666667,1.89392393008676,-0.435220856701747,0.193180889781195,0.69944165899694,0.158654477842857,0.313540809149214,1.01864684742663,0.541570231150905,0.567392148742173,0.369568066221992,0.158324277378436,1.05049309448579,2.56521739130435,3.06086956521739,0.483651953026702,0.0851233052752502,18.4559654770028,1.71380488508512,14.0164892565868,26.1739130434783,0.217391304347826
"1058",1065,229,150196,2018,"Conifer-Broadleaf Mixed Forest",80427,"新潟県",138.54,37.34,66,4,77.9757260668374,0.36046847007001,0.52994623655914,118,12.5,2326,49,92.6666666666667,276,546,2.74675570587014,-0.49383334480921,-0.238786536151885,0.535086947669867,0.354968924042028,0.487415642776527,0.689288169965472,0.802632896761449,1.4096265171782,0.39155116802104,0.661607432258707,1.45613323472487,2.59439990433972,3.10790974743264,0.46509511713367,0.0817377884937049,17.5287846674662,2.5769705274581,12.6095628600594,26.7619047619048,0.380952380952381
"1059",1066,230,150225,2018,"Conifer-Broadleaf Mixed Forest",80427,"新潟県",138.63,37.37,57,4,57.56369219342,0.498721706742479,0.515887096774194,19,12.7,2336,51,93.6666666666667,294,526.666666666667,2.70322564662923,-0.536238881032075,-0.939132926105281,0.138757908315163,0.158871085819037,0.582996522929795,0.217563416973962,0.800729388816743,1.70974379987104,0.226412689851621,0.854627987073395,1.51213835913736,3.02124338624339,2.80907407407407,0.460603013321084,0.067921469373628,16.8926372796991,2.92314788587927,13.9291180085342,29.0714285714286,0.428571428571429
"1060",1067,231,150269,2018,"Conifer-Broadleaf Mixed Forest",80427,"新潟県",138.72,37.52,50,3,82.4817974209674,0.289421216819682,0.501424731182796,69,12.5,2272,50.3333333333333,96.3333333333333,282.333333333333,577,2.75000403584332,-0.936151072207972,-1.02604201900738,0.238458296722177,0.240126392447403,0.631837381965583,0.262187342299411,0.760620595383706,1.72510073468983,0.24645044548867,0.690675916636572,1.51952184721909,2.9771875,2.81908482142857,0.452895727491961,0.0747804038745893,15.5524570688217,3.18369226956297,13.93754994785,32.875,0.5625
"1061",1068,232,220368,2018,"Conifer-Broadleaf Mixed Forest",80441,"静岡県",138.76,35.28,109,5,38.7857005177047,0.197664295092111,0.329059139784946,1133,9.3,1997,53.6666666666667,97.3333333333333,343.333333333333,416,2.0853392711616,-0.382454321145007,-0.855958086180097,0.777955317684489,0.180476590098711,0.953871960675767,0.367455720928857,1.02398577889331,0.640518088539905,0.47598187945866,0.649853896690575,4.56156851422075e-16,3.77582397990538,2.8369907465195,0.438009612749895,0.0664964675450746,17.727091091693,1.4025477081773,14.7928658597307,28.1739130434783,0
"1062",1069,233,220374,2018,"Conifer-Broadleaf Mixed Forest",80440,"静岡県",138.8,34.74,45,3,167.580090901719,0.192262998486218,0.478548387096774,241,15.6,2098,50,109.333333333333,362.333333333333,243,1.99602763482603,-0.858160691261946,-0.69798605950345,0.604770162976083,0.630944298146415,0.843756448434035,0.131823929497206,0.593295030425262,0.867092265936871,0.243080722159102,0.731693134113296,0.2433211940252,3.88790969051243,3.22187721968544,0.427410854512619,0.0786255055811092,15.3923163660953,1.5542182922169,19.0628193528938,28.5890410958904,0.0410958904109589
"1063",1070,234,190208,2018,"Conifer-Broadleaf Mixed Forest",80441,"山梨県",138.81,35.53,112,5,101.846144553337,0.328658559966196,0.416989247311828,1178,9.1,1752,54,98,294.666666666667,467.333333333333,3.06825006327901,-1.60251597597896,-0.115109977870189,1.12143208934864,0.280319930747509,0.165863088039934,0.64935766324491,0.436236618979957,0.283132028915978,1.42610078680414,0.990201652648059,1.51619873065727,2.53913851851852,2.60712543209877,0.491699745980707,0.105975242236822,18.0840962077361,1.73215318990343,27.5792563667505,28.7333333333333,0.566666666666667
"1064",1071,235,110008,2018,"Conifer-Broadleaf Mixed Forest",80441,"埼玉県",138.81,35.96,78,5,42.9050758273175,0.283213979272081,0.359166666666667,1580,6.6,1753,55,99.6666666666667,279,428,2.53302511181008,-0.333241024860024,-0.749379832890752,0.753155322343238,0.133742834580362,0.0690868197664036,0.553698146506583,0.467906479032334,0.172618059228408,1.79024012325829,0.852132994692832,0.987930394636412,3.2684,2.50645714285714,0.495699745980707,0.0767252973649647,20.316325259153,1.92868060530213,23.9512221152227,21.1,0.2
"1065",1072,236,100126,2018,"Conifer-Broadleaf Mixed Forest",80441,"群馬県",138.85,36.11,48,3,70.6967040699512,0.261697981921731,0.481290322580645,771,11,1157,55,106,282.333333333333,394.666666666667,2.65195497792397,-0.551260404291917,0.572621536408107,0.554847724745611,0.420310843232193,0.409538488987492,1.19685592246224,0.991380199201305,0.719860463159934,0.617633018067903,0.786196143357387,1.37212554810612,1.9298353909465,2.82862139917696,0.475703515541265,0.111752141145634,19.9985595861083,1.55348515767932,14.0635691858946,19.0555555555556,0.333333333333333
"1066",1073,237,220412,2018,"Conifer-Broadleaf Mixed Forest",80440,"静岡県",138.89,34.81,72,5,87.2500017913565,0.214783009059524,0.383387096774194,621,12.1,2333,51.3333333333333,90.6666666666667,330.666666666667,344.666666666667,2.5679485394975,-0.694801622512439,-0.523841196020535,1.17121982791146,0.626021135059527,1.27563170645331,0.156015649000574,0.405960930141253,1.4486382931967,0.381120558748481,0.260360892287249,3.04354242957586e-16,3.48379310344828,3.10793103448276,0.456007623905089,0.0791282842190755,14.6673937330731,1.86745425622847,17.1295441208869,32.4137931034483,0
"1067",1074,238,220438,2018,"Conifer-Broadleaf Mixed Forest",80440,"静岡県",138.94,35.03,74,5,18.4098225301748,0.438948850593755,0.563602150537634,12,16,1983,55,122.666666666667,345.333333333333,239.666666666667,2.07291517047727,-0.261623194693347,-0.207303546141143,0.878434539642038,0.453323458067583,0.575997101056192,0.429360217324179,0.43822923653027,1.01233031709759,0.327677845200675,0.620396612838465,8.99280649946377e-16,3.134,2.53057142857143,0.477133163987138,0.0855232466448901,17.0529211719461,1.2104236794777,10.1489450537278,24,0
"1068",1075,239,100177,2018,"Conifer-Broadleaf Mixed Forest",80441,"群馬県",138.94,36.5,53,4,61.2218544312973,0.214272997160214,0.511209677419355,573,10.9,1349,53.6666666666667,108.666666666667,275.666666666667,414.666666666667,3.12761046142872,-0.853133291160815,-0.89131868698551,0.655406183404824,0.206204293295905,0.677936285775643,0.241569128337881,1.0251056431223,1.7768200763366,0.318982224982163,1.0003153942218,1.50820411486045,2.80620650953984,2.7928507295174,0.450642986456202,0.0774220311475596,16.7615591102985,3.03162277694157,13.736983253268,30.4545454545455,0.575757575757576
"1069",1076,240,220461,2018,"Conifer-Broadleaf Mixed Forest",80440,"静岡県",138.98,35.1,61,4,69.7807285180134,0.193348914072909,0.563333333333333,149,15.2,1971,52,114.333333333333,351,232.333333333333,1.60049787478562,-0.848428079917732,-0.943115239479385,0.797617607113915,0.136717620450504,0.784998173121188,0.285775497794074,0.661252765187862,0.626792760390832,0.347548193958443,0.386847377330637,9.42398613926005e-17,3.81720930232558,2.8553488372093,0.41484486278322,0.0712890076855708,15.4053772065423,1.33378047328412,17.9414980422977,31.7441860465116,0
"1070",1077,241,140007,2018,"Conifer-Broadleaf Mixed Forest",80441,"神奈川県",139.04,35.17,84,5,119.217928636278,0.323277073592235,0.390779569892473,649,11.6,2103,50,96,354.333333333333,457,3.39837967923485,-1.33795909302778,0.107162729763141,1.03297971889122,0.644430367130092,0.579255576984194,0.695416711264983,0.453087777447137,1.22768028297365,2.03575248232171,0.861802366701631,1.19728406552198,3.05489703772977,3.48008433120375,0.551008660517854,0.106247902957292,14.9563265793948,2.66039388251734,34.5815388019014,32.0526315789474,0.263157894736842
"1071",1078,242,100289,2018,"Conifer-Broadleaf Mixed Forest",80441,"群馬県",139.16,36.65,35,3,38.9250172437978,0.452413045200459,0.470913978494624,495,10.7,1643,53.6666666666667,111.333333333333,264,607.666666666667,2.85043502982459,-2.32765592462084,0.727666043353171,0.823186699421912,0.269844034459904,0.398051507635572,1.42373599898102,0.482640467495012,1.38852089052044,0.509089951382512,0.242051499606844,1.26011529928114,2.01187830687831,3.28798941798942,0.446730078089113,0.138473905900858,14.0585568259021,1.72841968450044,20.7460701176988,30.7142857142857,0.714285714285714
"1072",1079,243,140046,2018,"Conifer-Broadleaf Mixed Forest",80441,"神奈川県",139.17,35.6,65,4,47.9231027424432,0.32562622838943,0.569596774193548,315,13.5,1535,53,109,296.666666666667,288.666666666667,2.46782001506077,-0.276634628066541,-0.802292184136905,0.339948238475846,0.286870257888449,0.529015363399258,0.241115001128255,0.711283973187797,1.54716601806014,0.196586920544776,0.579268546067661,1.37212554810613,2.89,2.78047619047619,0.469036848874598,0.0600050110806345,17.5931325729013,2.70549653131774,12.0544025297533,30.4761904761905,0.333333333333333
"1073",1080,244,140053,2018,"Conifer-Broadleaf Mixed Forest",80440,"神奈川県",139.21,35.46,74,5,48.9679160382728,0.220553587314697,0.501989247311828,505,12.4,1741,53.3333333333333,101.333333333333,303.666666666667,410.333333333333,2.27384868684128,-0.587632244237992,-0.669953792879302,1.2926969211401,0.273524950070322,0.89555847690865,0.245941808755599,0.673627337247555,0.723719859774682,0.493750896810975,0.772812389694974,4.50619933524328e-16,3.45028322440087,2.80082788671024,0.426633903915264,0.0728257475437891,15.7229359087918,1.38661619905667,15.3993812072355,28,0
"1074",1081,245,100303,2018,"Conifer-Broadleaf Mixed Forest",80440,"群馬県",139.21,36.43,67,4,45.8431574729584,0.232003312823633,0.58744623655914,227,13.6,1317,59.3333333333333,113.666666666667,242,409.666666666667,3.13567026335305,-0.0711002856158582,-0.244288436107365,0.769899845943286,0.791867699068953,1.59861409088884,0.307383189168726,1.23573257079569,0.987710873707934,0.448555468191152,0.567683175146308,1.53678061387886,2.478,3.368,0.532570351554126,0.0615773155675247,18.9497418353271,3.54826247060356,12.5945152468248,33.3333333333333,0.466666666666667
"1075",1082,246,130041,2018,"Conifer-Broadleaf Mixed Forest",80440,"東京都",139.3,35.82,43,3,95.0384884864014,0.414381597996467,0.596021505376344,209,13.6,1463,54,113,281.333333333333,355,1.32935062112112,-1.13031257203988,-1.11591011277056,0.539633280995195,0.182586800076867,0.626913560998197,0.226179662366102,0.523330799635237,0.527582746233638,0.261334169536419,0.393075084831627,3.96508223080413e-17,4.00809523809524,2.82333333333333,0.400608398407594,0.0766954314805424,14.5897364146946,1.27663854321858,19.5278882940102,34.047619047619,0
"1076",1083,247,110098,2018,"Conifer-Broadleaf Mixed Forest",80440,"埼玉県",139.3,35.89,69,4,79.8338179503131,0.333713225461298,0.591478494623656,185,14.1,1428,54.3333333333333,115.666666666667,284.333333333333,352.333333333333,2.82988381723994,-0.757237304581918,-1.05996469631721,0.307044784218766,0.180704331646945,0.614345264757346,0.253512986259609,0.798522039215368,1.79036332614041,0.283868129941529,0.799712409432299,1.54364124161939,3.08675349794239,2.86726666666667,0.44713567702751,0.0669340911235936,15.831649347779,3.05955235135854,13.2519017671734,31.6111111111111,0.5
"1077",1084,248,90014,2018,"Conifer-Broadleaf Mixed Forest",80440,"栃木県",139.43,36.44,60,4,43.388153626328,0.177868638233949,0.53744623655914,478,11.6,1574,54,106.333333333333,252.333333333333,394,2.77530408135775,-1.21086533022829,0.760698573645787,0.731903714305636,0.417004540697666,0.448745087308875,1.45067339850021,0.758898036122072,0.806355181458525,0.620949389777766,0.372154422832647,1.50348408132752,2.02965949820789,3.22543608124253,0.469806287729489,0.114943826357282,16.9585262493089,1.55917570985372,15.840371972686,26.8387096774194,0.419354838709677
"1078",1085,249,150646,2018,"Conifer-Broadleaf Mixed Forest",80427,"新潟県",139.45,38.09,58,4,104.542514707975,0.211965690337794,0.507284946236559,45,12.7,2046,52.3333333333333,105,283.666666666667,575,2.75494389912822,-0.610485594436874,-1.01165162764377,0.227553154061697,0.171849294490854,0.594434623558025,0.220512999520037,0.891159914917464,1.73151483337079,0.253098397527725,0.771536110811212,1.54180575857347,2.97283524904215,2.79245210727969,0.45580445171305,0.0683005443048772,16.8335480103108,3.05755551167666,12.5990656532219,31.2413793103448,0.482758620689655
"1079",1086,250,150652,2018,"Conifer-Broadleaf Mixed Forest",80427,"新潟県",139.46,38.31,81,5,25.6575418824205,0.299262654755361,0.405295698924731,113,11.8,2105,50,92,256,551.666666666667,2.54148843767935,-0.771810013191533,0.302718454524891,0.621734977478945,0.406788494306295,0.433433863869845,1.14924505038993,0.686677951357613,0.825864004583898,0.486500184578313,0.362506256129142,1.37212554810613,2.39245679012346,3.15565432098766,0.474370182207931,0.0942679447379617,17.3103341330323,1.86909985093008,13.7776267276164,27.8,0.333333333333333
"1080",1087,251,120115,2018,"Conifer-Broadleaf Mixed Forest",80440,"千葉県",140.09,35.21,58,4,71.9427887738961,0.416589675726614,0.483467741935484,227,14.5,1837,50,109,323.666666666667,333,2.56029610810935,-1.01713522592981,-0.886984076827166,0.504184990884092,0.569056143645794,1.02550441050283,0.0628908537458979,0.473788084116227,1.07629492067582,0.22634228485843,0.54647780872776,1.51213835913736,2.94410052910053,3.11907407407407,0.464896805236564,0.0786251938133389,13.9922456400475,3.62603375237886,14.6335455228713,34.7857142857143,0.571428571428571
"1081",1088,252,90364,2018,"Conifer-Broadleaf Mixed Forest",80441,"栃木県",140.14,36.87,55,4,44.0965493597558,0.292955667036568,0.468629032258065,190,12.5,1400,57.6666666666667,117,223.333333333333,395,2.76745757072855,-0.489085027446063,-0.696857057074799,0.835372126262749,0.388785255665332,0.75643606428005,0.254363643772734,0.723847860240231,1.2499990299745,0.421822636430436,0.868555257973851,0.987930394636411,3.12837037037037,2.89588888888889,0.442277636655948,0.0691925664665822,16.2405255604707,2.18665357252311,13.9994619070461,28.2,0.2
"1082",1089,253,80111,2018,"Conifer-Broadleaf Mixed Forest",80440,"茨城県",140.19,36.18,45,3,48.670445150596,0.173871266058593,0.483198924731183,274,12.7,1422,54,108,237.333333333333,366,2.69466906757131,-0.496166119592478,-0.84386570120403,0.188185632013415,0.20861877214122,0.594761492448051,0.246464775383586,0.853895803593166,1.72708111007085,0.202498438389432,0.703811283472208,1.51213835913736,2.98571428571429,2.96285714285714,0.461624190782422,0.0636098114683966,17.2199644829749,2.90964556452341,13.0297266539832,31,0.428571428571429
"1083",1090,254,120188,2018,"Conifer-Broadleaf Mixed Forest",80440,"千葉県",140.23,35.64,54,4,74.6563191842759,0.273961511145525,0.537876344086022,25,15,1472,58.3333333333333,112.666666666667,250.666666666667,376,2.9704940947921,-0.486235468140813,-0.990025172739169,0.924561904381245,0.657806574323558,0.590223752552892,0.374842961342692,0.815956835351676,1.85929637568856,0.321967169095484,0.508954440527423,1.53088387598617,2.41818181818182,2.32090909090909,0.458302876351944,0.0596743416084625,16.6993266142157,2.88942028044595,11.0682442392611,33.8636363636364,0.454545454545455
"1084",1091,255,80132,2018,"Conifer-Broadleaf Mixed Forest",80440,"茨城県",140.23,36.36,48,3,11.4903750070484,0.198532335207377,0.481344086021505,158,13.2,1380,53,105.666666666667,226.666666666667,350,2.42395746550299,-1.00396059713521,-0.0868838678301804,1.03971303168236,0.187523540595844,0.702671470794756,0.888997405123516,0.658909490226316,0.672039296080686,0.463126234652866,0.346692224821495,0.98793039463641,2.909,2.99,0.446277636655948,0.0909778263260989,16.0542687073695,1.4092545868658,16.9869221257932,29.2,0.2
"1085",1092,256,90395,2018,"Conifer-Broadleaf Mixed Forest",80441,"栃木県",140.23,36.76,36,3,45.39243227521,0.207974280911004,0.458521505376344,214,12.7,1417,55,115.666666666667,220,395.666666666667,2.93377254369444,-1.68452513121424,0.693712886170191,0.80047974004224,0.257966833248638,0.459859853418847,1.40700277043061,0.9254938845275,0.821132128889555,0.779019092956033,0.572588889865369,1.54072320524582,2.11900161030596,3.1441384863124,0.465767968684468,0.130528588925661,16.921532329555,1.49044058860337,21.5910408925622,25.6521739130435,0.521739130434783
"1086",1093,257,120208,2018,"Conifer-Broadleaf Mixed Forest",80440,"千葉県",140.27,35.64,54,4,33.7695243177819,0.114719944100283,0.527150537634409,27,14.9,1490,55.6666666666667,113.333333333333,272.333333333333,350.333333333333,2.83279121891015,-0.900237585613792,-1.25101060709879,0.979424040730716,0.632463160927293,0.557945891085155,0.392355585983157,0.760314356228239,1.79663496820518,0.342089071767846,0.427663106276516,1.44716366401818,2.45,2.3075,0.443208227491961,0.0623288436268441,15.1726469494976,3.29523235140054,12.4072081341377,36.25,0.625
"1087",1094,258,80156,2018,"Conifer-Broadleaf Mixed Forest",80440,"茨城県",140.28,36.58,64,4,86.2964572331521,0.243310955016886,0.475672043010753,102,13.3,1404,54,109.666666666667,241,351,3.12682146138055,-0.870790495566669,-1.08633780982897,0.645025131513612,0.212839892711017,0.658491364449335,0.0790917532905486,0.810221575026225,1.9039514753546,0.23364252101782,1.05653617643775,1.44157190237762,3.22749206349206,2.67574603174603,0.43260624437299,0.0763196310866054,15.6760839362013,2.5437755907407,16.552561594618,28.7428571428571,0.371428571428571
"1088",1095,259,120218,2018,"Conifer-Broadleaf Mixed Forest",80440,"千葉県",140.31,35.25,56,4,168.534365969718,0.299638404380244,0.484838709677419,85,15.2,1852,55.6666666666667,111.666666666667,336.666666666667,371,2.31993587981319,-1.25817286698751,-1.29995209320758,0.37145250517111,0.260451600849959,0.487108528015746,0.161905892840765,0.779322752209939,1.33093886910102,0.196713219142273,0.71751512221918,1.26011529928114,3.01689622393583,2.88376964157929,0.432853911805237,0.0745324311229091,14.317246397223,3.63277651286317,15.3966780728305,34.5142857142857,0.714285714285714
"1089",1096,260,70434,2018,"Conifer-Broadleaf Mixed Forest",80441,"福島県",140.32,37.08,50,3,81.4538962937885,0.296186199005847,0.433198924731183,382,11.3,1399,54.6666666666667,110,214.666666666667,374,1.97626257580224,0.0256449176411078,-0.500322417277514,0.38894962482126,0.352249103194719,0.376653223468892,0.32190721535575,0.551412120800546,1.03993659775547,0.21599823943189,0.534149739936232,1.00950932410403,2.78933551198257,2.73879940865235,0.480911540571212,0.0652426864847344,19.0855299478821,2.2877888512601,10.8564455827874,26.7058823529412,0.205882352941176
"1090",1097,261,120263,2018,"Conifer-Broadleaf Mixed Forest",80440,"千葉県",140.4,35.61,38,3,103.120923486199,0.291972280125823,0.483978494623656,5,15.1,1545,53.3333333333333,113,288.333333333333,377.333333333333,1.96780422861301,-0.493285407216633,-0.560781199137056,0.539222849972544,0.237704010989281,0.737496405389508,0.221691147940244,0.626447955339431,0.877997514357255,0.36736170557143,0.67106585491764,0.510294625328725,3.47159090909091,3.04265151515151,0.455444264834844,0.0660448241836581,15.8437345812245,1.78224703222494,17.2936030165211,26.1363636363636,0.0909090909090909
"1091",1098,262,80244,2018,"Conifer-Broadleaf Mixed Forest",80441,"茨城県",140.41,36.79,58,4,71.057370722034,0.373347923216513,0.436935483870968,311,12.1,1466,55.6666666666667,115,217.333333333333,363,2.03723675706959,-0.449574108094291,-0.843043543540967,0.801344589699719,0.170332568413382,0.718394143754585,0.374320491744158,0.753015167031183,0.848589957369842,0.386596571911783,0.525061132779284,0.572670710327289,3.62448275862069,2.87,0.446248915622574,0.0689949691918936,17.3693672143778,1.78250193659503,14.187836635395,28.9655172413793,0.103448275862069
"1092",1099,263,80266,2018,"Conifer-Broadleaf Mixed Forest",80441,"茨城県",140.46,36.65,63,4,76.851573104413,0.281622266029534,0.43994623655914,387,12.3,1488,53.6666666666667,110.666666666667,271.666666666667,367,2.26300384472569,-0.532525493529964,-0.462695765204184,0.50438064866525,0.133455777639006,0.26619326221217,0.705493462309762,0.631861564713734,0.452746124085396,1.00504237647739,0.593026174036767,1.10456106622544,3.17357333333333,2.95872,0.486177551982851,0.075635103313134,18.8071004304236,2.01264154975803,20.1475955086147,27.5,0.233333333333333
"1093",1100,264,70534,2018,"Conifer-Broadleaf Mixed Forest",80441,"福島県",140.46,37.34,56,4,72.7965050651235,0.201948745119765,0.418198924731183,338,11.3,1301,56,113,247.666666666667,397.666666666667,2.48874688475791,-0.935041337512428,0.380660174060113,0.844176642330772,0.468855906478216,0.409538488987492,1.19695985135276,0.693069616454444,0.621265230832213,0.383826776029465,0.675563002521995,1.37212554810612,2.30185185185185,2.84888888888889,0.475703515541265,0.111744560377283,17.8400319322144,1.53946604492702,18.5788050598636,21.0740740740741,0.333333333333333
"1094",1101,265,70535,2018,"Conifer-Broadleaf Mixed Forest",80441,"福島県",140.46,37.37,40,3,31.8369146035678,0.156662864758443,0.418198924731183,332,11.3,1292,54.6666666666667,111,235,432.333333333333,2.38906838948514,-0.808763867682233,0.140004856596296,0.708861172392561,0.180103909992322,0.433433863869845,1.15233923815892,0.683333280672536,0.738426975587152,0.414609583485368,0.283841587573154,1.37212554810613,2.57133333333333,3.08466666666667,0.474370182207931,0.0939858249083026,17.684746302718,1.84163168453814,15.5714354451917,27.3333333333333,0.333333333333333
"1095",1102,266,80288,2018,"Conifer-Broadleaf Mixed Forest",80441,"茨城県",140.5,36.58,45,3,54.0222918831068,0.193960137407395,0.446424731182796,89,13.4,1447,56,115.666666666667,254,351,2.09544561885049,-0.455041103781019,-0.797544932907826,0.668040312503611,0.154051231782361,0.774859334611153,0.284503851877907,0.730592887546961,0.911863660872628,0.31658230067631,0.526560199602959,0.675343043208484,3.3978125,2.8709375,0.447312341237942,0.0656364277536381,16.9141080516797,1.93999192204972,15.0270565092355,29.84375,0.125
"1096",1103,267,70661,2018,"Conifer-Broadleaf Mixed Forest",80441,"福島県",140.65,37.77,89,5,46.7679135890814,0.373151482188016,0.439274193548387,282,11.4,1277,54,108.333333333333,235,418.333333333333,2.27467125098229,-0.430182863633477,0.155504999998194,0.815531735972638,0.315437527530906,0.347927947783222,1.02999651832954,0.655849277439047,0.57633482287318,0.503910915103226,0.581621824536061,1.15773093121454,2.56310185185185,2.88550925925926,0.477847045819936,0.0988798861575877,19.2759084994497,1.68684094657535,14.7054501069292,19.875,0.25
"1097",1104,268,40075,2018,"Conifer-Broadleaf Mixed Forest",80441,"宮城県",140.65,38.24,60,4,144.311330792912,0.377297992638128,0.431317204301075,188,11.2,1314,54,105.666666666667,208,448.666666666667,2.85842748702975,-0.53603135501375,-1.00168298110963,0.353738320556631,0.158320743085421,0.584614521780992,0.202693112558353,0.930628076170967,1.69899990925691,0.289570956800369,0.996585200488378,1.54251367314487,2.96138358358358,2.79618778778779,0.454702565394977,0.0683095992001717,16.9909149483889,3.08903708788463,12.6099886801224,28.8378378378378,0.486486486486487
"1098",1105,269,40139,2018,"Conifer-Broadleaf Mixed Forest",80441,"宮城県",140.74,38.35,39,3,31.0490047587453,0.17763377406893,0.401827956989247,326,10.7,1340,52,103.666666666667,204,411.333333333333,1.82900749410321,-0.429089694526926,0.147359704459794,0.610982860947327,0.147846952104243,0.313540809149214,1.01779231374974,0.518113579786984,0.536558731455864,0.363228160299435,0.155219879782781,1.05049309448579,2.64130434782609,3.08260869565217,0.483651953026702,0.085218879920485,18.6424557424144,1.74118933703634,14.259051614587,26.0869565217391,0.217391304347826
"1099",1106,270,40140,2018,"Conifer-Broadleaf Mixed Forest",80441,"宮城県",140.74,38.38,54,4,39.6318362007902,0.33966759536894,0.365645161290323,351,9.9,1391,51.3333333333333,104.333333333333,213,430,2.23163309387559,-0.118741847198653,0.351423874814377,0.531708136672892,0.295817369781417,0.331598638142121,1.00891894601489,0.772876726462137,0.614116066021074,0.5354998095246,0.657900743514839,1.11099438843195,2.16060392156863,2.8302431372549,0.482424620767921,0.0947970996007684,20.1794476018894,1.71971199847326,12.1577861204775,18.1176470588235,0.235294117647059
"1100",1107,271,120324,2018,"Conifer-Broadleaf Mixed Forest",80440,"千葉県",140.76,35.75,42,3,39.1426375311212,0.249875991582692,0.432096774193548,30,14.9,1598,57,111,273.333333333333,394.666666666667,2.38313798111284,-1.03359775632043,-1.04905142119526,0.265906893639847,0.386771438026441,0.817606525227093,0.157037343364233,0.555108915568921,1.0352702940799,0.18878675675051,0.620903472816274,1.50076231824108,3.0165157189178,2.98761957484279,0.462138818327974,0.0765074718915549,13.7342626329112,3.66233714622967,15.1093748684777,34.1666666666667,0.583333333333333
"1101",1108,272,40180,2018,"Conifer-Broadleaf Mixed Forest",80441,"宮城県",140.78,38.67,69,4,45.5932918967141,0.268747157084085,0.409596774193548,232,10.3,1410,49.3333333333333,103.666666666667,186.333333333333,469,2.75066094739109,-1.76839819155932,0.879567561317201,0.794625206729014,0.282240004329276,0.455042765541658,1.46218156851949,0.891647813849368,0.752048954095873,0.593467824930431,0.446787684142928,1.52458394234014,1.95984526748971,3.15784855967078,0.460469010360843,0.135060497761871,16.588711110155,1.34972619579592,19.271123128532,25.5925925925926,0.555555555555556
"1102",1109,273,40202,2018,"Conifer-Broadleaf Mixed Forest",80440,"宮城県",140.83,38.27,79,5,47.1857036976532,0.327426520102729,0.46739247311828,116,11.8,1280,57,118.666666666667,228.666666666667,410.333333333333,2.25262683854041,-0.500624185331745,0.384458042897852,0.647572604642145,0.41894020983906,0.345548100083196,1.11934486244482,0.650585960615415,0.650329994427306,0.456287227422259,0.355815704422061,1.15773093121454,2.354,3.13553703703704,0.481416454983923,0.090190238252889,18.0745047842497,1.74489451685554,12.9756962804121,26.1,0.25
"1103",1110,274,70811,2018,"Conifer-Broadleaf Mixed Forest",80441,"福島県",140.92,37.62,85,5,10.1766059234338,0.256974068379015,0.451559139784946,87,12.2,1289,55.3333333333333,108.333333333333,241,436,2.8032275452208,-0.348750069109833,-0.0902619339056412,0.874226643763342,0.524710177954495,0.469276926193375,0.742002146684275,0.984227844208239,1.08443157198466,0.417761567242151,0.608231973371044,1.37212554810613,2.25333333333333,2.68833333333333,0.472370182207931,0.0908069999880857,19.9492130646598,2.08298120331227,12.1338683140802,25,0.333333333333333
"1104",1111,275,70821,2018,"Conifer-Broadleaf Mixed Forest",80440,"福島県",140.95,37.04,26,2,19.8359547139571,0.0862066368561077,0.449005376344086,52,13.1,1388,59.6666666666667,119,269.666666666667,365.666666666667,3.0518082104122,-2.15424195201788,0.391517534583636,0.934805834430761,0.274424693554893,0.419272628184357,1.39690472711539,0.648417845200609,1.4729446976874,0.454861802924154,0.346692224821495,1.29665864296029,2.209,3.14,0.446566581993569,0.131124490110305,14.6862987988524,1.90063865256654,20.5895700708373,30.5,0.7
"1105",1112,276,70824,2018,"Conifer-Broadleaf Mixed Forest",80440,"福島県",140.96,37.15,60,4,16.6160097966492,0.195854960251847,0.439462365591398,50,12.9,1361,59.6666666666667,117,264.666666666667,377,3.47491158277614,-1.74871078790877,0.286952475141733,0.970064204218931,0.368369978308381,0.409538488987492,1.21071001546604,1.10715790583051,0.680419045666134,1.35880351542676,1.20125814740781,1.5436412416194,2.4129012345679,2.93117283950617,0.475703515541265,0.128356064606528,17.7452197378574,1.59869771081297,30.5915901551303,23.5,0.5
"1106",1113,277,40308,2018,"Conifer-Broadleaf Mixed Forest",80440,"宮城県",141.01,38.71,92,5,8.42687342091838,0.190800530637882,0.441693548387097,40,11.2,1260,56.6666666666667,112,225.666666666667,406.666666666667,2.99508647176547,-1.7018571875291,0.340160622777354,0.902136157244482,0.247822299791918,0.484245228773131,1.40464792881923,0.754876060989504,1.19143508933938,0.474555896482544,0.335148230224861,1.51213835913736,2.31714285714286,3.12714285714286,0.456523688562242,0.119363770279092,15.7417656243535,1.84527448912184,18.9462906246577,29.2857142857143,0.571428571428571
"1107",1114,278,40311,2018,"Conifer-Broadleaf Mixed Forest",80441,"宮城県",141.01,38.81,63,4,33.1929068626031,0.258370919520687,0.436935483870968,60,11,1282,56,111.666666666667,238.666666666667,441.333333333333,2.62829963592279,-0.892903359296014,0.503983776457974,0.709957661069329,0.301836896516047,0.428824235006294,1.32704691749502,0.819918464274779,0.748746485399383,0.562280855438474,0.657598169547697,1.43674087862636,2.23538011695906,3.02175020885547,0.473298067354882,0.111474555411664,18.2260122310789,1.59571203724495,15.781895211136,22.2105263157895,0.368421052631579
"1108",1115,279,40390,2018,"Conifer-Broadleaf Mixed Forest",80440,"宮城県",141.33,38.56,61,4,65.0854861280969,0.241892894453536,0.404623655913978,338,10.3,1254,55,104,256.333333333333,397,2.92319857695266,-0.727897308754967,-1.25512345158888,0.3306264632866,0.13030408626261,0.574219312908472,0.218313023618945,1.19855892396297,1.67640817521496,0.286387280144121,0.951372218504298,1.48937260421871,3.01756944444444,2.72722222222222,0.445975579782958,0.0695873913303889,17.289100223809,3.31231869348534,13.2014695851543,31.21875,0.59375
"1109",1116,280,30445,2018,"Conifer-Broadleaf Mixed Forest",80441,"岩手県",141.34,38.85,53,4,81.0833121723954,0.373874961888996,0.401774193548387,100,10.5,1248,57,107.666666666667,267.333333333333,411,2.97775398867317,-0.55575372076566,-0.577947144595081,0.702827436635468,0.63028518716892,0.620780662071506,0.253584230433962,0.573003061224543,1.63058670176178,0.337573254149254,0.918683709779181,1.37212554810613,3.05083333333333,2.87755952380952,0.479277636655948,0.0809800323422878,16.3310168013302,2.62196605946455,15.0325424549995,25.9166666666667,0.333333333333333
"1110",1117,281,30492,2018,"Conifer-Broadleaf Mixed Forest",80441,"岩手県",141.38,38.99,55,4,37.4906318967608,0.274505547159732,0.387822580645161,126,10.2,1291,57,108.666666666667,237,423.333333333333,2.30815838205908,0.185062513310835,-0.71538557191535,0.529324281568245,0.256739546636911,0.385643114105139,0.239134554268355,0.750838720018123,1.13770305449171,0.331933675329323,0.805299132743262,0.987930394636411,2.926,2.588,0.477036848874598,0.0679166721330683,20.3195249721534,2.35603147301163,12.4456240434833,21.4666666666667,0.2
"1111",1118,282,40423,2018,"Conifer-Broadleaf Mixed Forest",80440,"宮城県",141.47,38.49,37,3,54.2451999405399,0.254451053714431,0.380967741935484,371,10.1,1290,55.3333333333333,112,227,409,1.84395015823939,-0.0585662478706729,0.163657497451383,0.627054094608035,0.198394395331083,0.270326744963045,0.860081033136868,0.50800406358919,0.487488282383988,0.345257919872773,0.493645414102035,0.905707871358316,2.462208994709,2.97354497354497,0.486313260220487,0.0819459987521869,19.8601546512129,1.80648604200233,12.0749697864537,22.8214285714286,0.178571428571429
"1112",1119,283,30575,2018,"Conifer-Broadleaf Mixed Forest",80441,"岩手県",141.48,38.92,66,4,33.3211471921082,0.326345592759696,0.379650537634409,185,10.5,1283,55.3333333333333,98.3333333333333,222.666666666667,416,2.14361929315689,-0.113596881392953,-0.729638414876056,0.77472531559728,0.209409476900015,0.614366356714168,0.138245925388835,0.734582924567327,0.772561540830835,0.351463782595248,0.980208552126889,0.510294625328725,3.19818181818182,2.50090909090909,0.467131107863198,0.0789103704777727,19.0586045244872,1.89720067761889,15.8351853650034,21.1818181818182,0.0909090909090909
"1113",1120,284,30737,2018,"Conifer-Broadleaf Mixed Forest",80441,"岩手県",141.66,39.17,63,4,70.7681706852619,0.209947413132802,0.35747311827957,331,8.9,1451,55,100,251.666666666667,465,2.74684608161517,-1.47457875539761,0.685352846401123,0.860456836433606,0.319220015714773,0.459308791468611,1.4856035855032,0.782636917141718,0.766647286538748,0.572876106643211,0.339596185132166,1.53887691679958,2.08853909465021,3.08440182245738,0.466181949803501,0.122561731099159,16.6643192987121,1.45421636773099,18.0658844033399,26.2777777777778,0.472222222222222
"1114",1121,285,30919,2018,"Conifer-Broadleaf Mixed Forest",80441,"岩手県",141.9,39.42,91,5,30.5417997387051,0.258662432797275,0.375456989247312,308,9,1436,53.6666666666667,101.333333333333,237,383.666666666667,2.77451993347893,-1.89700025708155,0.75847107127899,0.745783657318309,0.666366628329382,0.451328130720909,1.52471622710866,0.774461573262569,0.723605875164494,0.63702839991309,0.11171607674162,1.51213835913736,1.80971428571429,2.88985714285714,0.459380831419384,0.13417725492821,15.9299712112925,1.34004212874621,18.8838891260401,29.2857142857143,0.571428571428571
"1115",1122,286,30934,2018,"Conifer-Broadleaf Mixed Forest",80441,"岩手県",141.91,39.96,101,5,43.1744236973629,0.305459278919735,0.370241935483871,205,9.6,1242,53.6666666666667,104,243.333333333333,454.666666666667,2.08944181099104,-0.145539964602625,-0.205279051630271,0.888232482975775,0.439761392511764,0.289114074486342,0.846213021624262,0.619062901053221,0.539879570269863,0.430965733092156,0.503602276628577,0.887083057565774,3.0589845410628,2.93953816425121,0.477941881727946,0.0807984188156176,19.5212800782273,1.75790563518316,11.0367307538451,23.0434782608696,0.173913043478261
"1116",1123,1,420047,2018,"Conifer Forest",80440,"長崎県",129.28,34.3,61,4,75.5663464854137,0.150709285682018,0.582123655913979,36,14.8,2085,50,110.666666666667,318.333333333333,341,0,-1.60504872673302,-1.29963463589104,0,0,0,0,0,0,0,0,0,4.38,2.88,0.37,0.0819596630698646,12.7259259259259,1.0125,22.3807339117917,35,0
"1117",1124,2,420093,2018,"Conifer Forest",80440,"長崎県",129.58,33.22,56,4,118.001712997907,0.249316619199877,0.496586021505376,24,16.2,2045,50,113,346.666666666667,350.333333333333,0,-1.60504872673302,-1.29963463589104,0,0,0,0,0,0,0,0,0,4.38,2.88,0.37,0.0819596630698646,12.7259259259259,1.0125,22.3807339117917,35,0
"1118",1125,3,420139,2018,"Conifer Forest",80440,"長崎県",129.76,33.22,60,4,56.3502842505477,0.323181599300001,0.470860215053763,238,14.7,2152,49.3333333333333,99,317.666666666667,313.333333333333,0,-1.96457189296925,-1.85228308501378,0,0,0,0,0,0,0,0,0,3.17,2.75,0.41,0.0775923918409506,11.96282374,4.254698741,16.9596241647564,40,1
"1119",1126,4,420147,2018,"Conifer Forest",80440,"長崎県",129.76,33.83,75,5,84.1498740347946,0.199069406731269,0.669677419354839,42,16.3,1578,54,115.333333333333,331.333333333333,333,0.82108012322767,-1.42493317303432,-1.28079469371355,0.12935187560814,0.12392864644306,0.491360899783715,0.00629758984018568,0.307005277643344,0.460834621084943,0.0137303035566269,0.13104681988747,0.10287985293183,4.30694915254237,2.81338983050847,0.392466995476593,0.0817714538796174,13.6857231279732,1.20156267927942,22.2403641141231,34.2372881355932,0.0169491525423729
"1120",1127,5,410006,2018,"Conifer Forest",80440,"佐賀県",129.84,33.25,56,4,148.063851592178,0.283658776454561,0.531236559139785,72,15.7,1971,51,106.666666666667,341.666666666667,323.333333333333,2.95992564895853,-1.69325746956397,-1.56209048513912,0.630277507692451,0.0921101401978229,0.344014313306873,0.0437504512435648,0.178203034636501,2.32967677699284,0.161513543994922,0.266101488349832,1.54364124161939,3.74916666666667,2.78333333333333,0.400712939442658,0.0797198851971103,12.8226343088523,2.69953686497071,19.6463398023123,37.0833333333333,0.5
"1121",1128,6,410015,2018,"Conifer Forest",80440,"佐賀県",129.88,33.36,61,4,94.4841918426834,0.203253555835312,0.548145161290323,74,16.1,1869,52.3333333333333,103.666666666667,368.333333333333,372.666666666667,1.51033392985156,-1.77345329230435,-1.74308700359716,0.273140488171103,0.0250885750938219,0.215590829667837,0.0389867647014534,0.22138057109341,1.03888968338292,0.121089190252519,0.241613199019054,0.872097903821187,3.32123805589391,2.75109435953433,0.415044905247315,0.0776719306680684,12.5640535688784,3.83681774658215,17.8690352416644,38.4042553191489,0.829787234042553
"1122",1129,7,410033,2018,"Conifer Forest",80440,"佐賀県",129.97,33.11,62,4,111.753244743061,0.17852013345094,0.529435483870968,109,16,1898,49.6666666666667,110.333333333333,347.333333333333,311,0,-1.60504872673302,-1.29963463589104,0,0,0,0,0,0,0,0,0,4.38,2.88,0.37,0.0819596630698646,12.7259259259259,1.0125,22.3807339117917,35,0
"1123",1130,8,430022,2018,"Conifer Forest",80440,"熊本県",130.1,32.39,52,4,145.721268721059,0.377393122771536,0.460672043010753,254,16,2262,53,96,323.333333333333,297.333333333333,2.29874804106853,-1.42452582996535,-1.33630496706248,0.490761274665286,0.128352164333875,0.55065614704175,0.063304578282238,0.350661804038475,1.616595761506,0.133854778236436,0.272974509648925,0.987930394636411,4.01516377254027,2.81542869796227,0.404139949196141,0.0802974518852092,13.5664942958219,1.88418167211008,21.3883826534372,34.38,0.2
"1124",1131,9,460095,2018,"Conifer Forest",80440,"鹿児島県",130.2,31.38,62,4,113.972740686921,0.235774926762254,0.446908602150538,137,17.3,2406,54,116.666666666667,298,220,1.47124617823412,-1.63392680057494,-1.49757617888208,0.22717977122796,0.191379442999455,0.442655456879734,0.136405962714268,0.286462381746489,0.726714231905467,0.0771898340771971,0.551210225867509,0.857578467566329,3.0833907189178,2.80768901928723,0.429759715969989,0.0795641306550255,12.3714961081444,3.96363048310559,16.8044773664459,36.375,0.833333333333333
"1125",1132,10,460114,2018,"Conifer Forest",80440,"鹿児島県",130.24,32.06,68,4,19.422877666856,0.283692573276017,0.519784946236559,9,16.8,2203,52,116.333333333333,309.333333333333,240,1.21749254011592,-1.53226241827868,-1.43661802308575,0.433259106906573,0.550278682388719,0.323427632684977,0.155778502015528,0.395114507923163,0.281025969312374,0.111327568084675,0.399152232524748,0.675343043208484,2.9425,3.025,0.42375,0.0732637151412945,13.1542930575,4.1475003328125,15.9014005962166,37.5,0.875
"1126",1133,11,400017,2018,"Conifer Forest",80440,"福岡県",130.27,33.54,61,4,82.5821021848496,0.210201510048073,0.512177419354839,131,15.8,1796,51.6666666666667,106,324,310.333333333333,2.23277501841321,-1.30764748092076,-1.24227218320865,0.621816685389987,0.0605707760783317,0.513596704324743,0.168036172005004,0.43363953217369,1.48526018136777,0.24222546067529,0.286468814798822,0.945198624273889,3.93566037735849,2.86943396226415,0.399781928047079,0.0760457808886148,13.930718218551,1.77961403073717,19.2402288061132,34.2452830188679,0.188679245283019
"1127",1134,12,460120,2018,"Conifer Forest",80440,"鹿児島県",130.28,31.38,59,4,155.92288210492,0.260566035384878,0.47,240,16.7,2474,53,103.666666666667,357.333333333333,270.333333333333,2.64842646651216,-1.84473083755717,-1.6680669353062,0.585236093473662,0.0660652040039557,0.238953748823533,0.0399155364723401,0.064269103864175,2.1586249079352,0.144841470362941,0.202743991123681,1.37212554810613,3.57333333333333,2.79333333333333,0.396666666666667,0.0790481489172553,12.2171911353086,3.17396582733333,18.7666607471015,38.3333333333333,0.666666666666667
"1128",1135,13,460127,2018,"Conifer Forest",80440,"鹿児島県",130.28,31.88,44,3,52.3366676698129,0.165870963111073,0.488145161290323,62,16.4,2364,52.3333333333333,110.666666666667,330,234.333333333333,0,-1.60504872673302,-1.29963463589104,0,0,0,0,0,0,0,0,0,4.38,2.88,0.37,0.0819596630698646,12.7259259259259,1.0125,22.3807339117917,35,0
"1129",1136,14,460136,2018,"Conifer Forest",80440,"鹿児島県",130.33,31.34,64,4,70.036158872734,0.41007359646855,0.463225806451613,128,17.3,2384,51.6666666666667,112.666666666667,332.666666666667,260,1.73365996494175,-1.52061729810119,-1.48426801860879,0.163433871150603,0.140677305029403,0.354134251531735,0.0829804455904169,0.3980193606569,1.083931243199,0.124307034753925,0.732894394359489,0.918530325591705,3.10340067340067,2.82518518518519,0.426100958783981,0.0751264568768089,13.246401882091,3.81251594109445,16.5896790463628,35.0909090909091,0.818181818181818
"1130",1137,15,460172,2018,"Conifer Forest",80440,"鹿児島県",130.36,31.92,59,4,83.780128486183,0.340029584049857,0.446747311827957,278,15.3,2539,53.3333333333333,99.6666666666667,363,278.666666666667,2.47632959539741,-1.39012911561198,-1.4071720068488,0.29869435090949,0.22876730037529,0.556362096089826,0.0570851832474357,0.505251780716003,1.60010481204908,0.224003112259796,0.657097491080438,1.40065745931438,3.32622383252818,2.81504025764895,0.441734213616664,0.0772961067607277,14.0069718950381,3.44197376499602,19.2277817907241,34.4782608695652,0.652173913043478
"1131",1138,16,460162,2018,"Conifer Forest",80440,"鹿児島県",130.37,31.56,59,4,84.9798490013308,0.240457689483489,0.469462365591398,71,17.6,2328,52.6666666666667,111.666666666667,338,224,1.50820835083836,-1.54235530817829,-1.3183022106501,0.40341767194507,0.0350322998018245,0.258528470396521,0.067976964151524,0.143205056317152,1.14254633714304,0.129181166123449,0.113968515720412,0.690122317094797,4.15410256410256,2.86948717948718,0.381720783246764,0.0799453263300963,13.0210846291939,1.47727031964332,21.0712607855214,35.1282051282051,0.128205128205128
"1132",1139,17,460286,2018,"Conifer Forest",80440,"鹿児島県",130.53,31.85,79,5,116.144081265331,0.220769141738514,0.454704301075269,326,16,2432,51,108,356,249.666666666667,1.07047321386655,-1.83701777234782,-1.74533719970331,0.155913023973228,0.0226142793346856,0.177570298077829,0.0755088615172606,0.0950322003608777,0.615158281744461,0.0630956145090595,0.291900801624746,0.705542395754016,3.25248857581686,2.74669222879843,0.414885942629887,0.0797064808051034,11.7341881119698,4.01826662613158,17.5639227700143,38.1578947368421,0.868421052631579
"1133",1140,18,430124,2018,"Conifer Forest",80440,"熊本県",130.61,32.68,66,4,86.3665767827282,0.45119206052836,0.566827956989247,264,15.4,2190,50.6666666666667,114.666666666667,361.333333333333,247.666666666667,2.10274108465048,-1.52387376630903,-1.38064541383219,0.46270390788769,0.0690490501608585,0.415504531183499,0.0435022549326072,0.203376915232155,1.70308289988559,0.111352816173908,0.187018695413257,0.820994787786491,4.09148361194808,2.83902288937439,0.390976593332205,0.0819198728039471,12.9336286765243,1.78395622657895,22.3689573118958,34.7368421052632,0.157894736842105
"1134",1141,19,460359,2018,"Conifer Forest",80440,"鹿児島県",130.7,31.74,41,3,27.8862647845375,0.251869742399597,0.532096774193548,89,17.2,2328,52,113.333333333333,361,235.666666666667,2.3926100972382,-1.49403708093104,-1.24921183423385,0.0710693181482604,0.350031496881241,0.485830435774829,0.126010954548913,0.161563592222922,1.66079300713787,0.188283238395065,0.968205998427376,1.26011529928114,3.21571428571429,2.96428571428571,0.435301506660542,0.0733030365842567,12.5596383909322,3.47864199530521,19.1520376049018,32.5714285714286,0.714285714285714
"1135",1142,20,460380,2018,"Conifer Forest",80441,"鹿児島県",130.74,31.92,38,3,40.1203209280052,0.183803157541643,0.487715053763441,219,15.6,2519,52,113,364.666666666667,223.333333333333,1.79984733134632,-1.0584624406432,-1.0623206201383,0.723572685761561,0.0359688332910425,0.614637584736694,0.168408653568299,0.628777039011622,0.950584782202664,0.309328145526656,0.522471265125727,0.384195153469715,3.90507407407407,2.88203703703704,0.402662897106109,0.0762390119639063,14.823573080551,1.46575515533637,18.7053377403776,31.7,0.0666666666666667
"1136",1143,21,460373,2018,"Conifer Forest",80440,"鹿児島県",130.75,31.49,8,1,114.908015494082,0.208162926650682,0.368225806451613,187,16.1,2627,51.3333333333333,106.333333333333,338.666666666667,258,0,-1.96457189296925,-1.85228308501378,0,0,0,0,0,0,0,0,0,3.17,2.75,0.41,0.0775923918409506,11.96282374,4.254698741,16.9596241647564,40,1
"1137",1144,22,460390,2018,"Conifer Forest",80440,"鹿児島県",130.79,31.42,40,3,123.852514507718,0.194025357282605,0.405241935483871,195,16.5,2590,51.3333333333333,114.666666666667,363.666666666667,232,1.02301845547297,-1.77517946864299,-1.63482536045287,0.0945778474571491,0.248435200110176,0.206891178548342,0.0221918635776875,0.205650965312094,0.66705997761239,0.0143900803519739,0.396452978205053,0.536620845829227,3.21807692307692,2.87019230769231,0.418514930126144,0.0781893651853897,12.5631732735753,4.00836704028924,16.8272048106033,37.5961538461538,0.903846153846154
"1138",1145,23,430225,2018,"Conifer Forest",80440,"熊本県",130.79,32.25,65,4,43.8168344210875,0.280001307846583,0.547311827956989,198,15.4,2351,53,111,336,242.666666666667,1.73201592446643,-1.90112662833933,-1.75475688810977,0.38273225490146,0.0432052718226562,0.156270790753106,0.0261039321566514,0.042030659620516,1.41169587404759,0.0947233145280137,0.132590360977079,0.897341621425806,3.38352941176471,2.77294117647059,0.402941176470588,0.0783630867637001,12.097488831634,3.682546022,17.9162905907038,39.1176470588235,0.823529411764706
"1139",1146,24,460409,2018,"Conifer Forest",80440,"鹿児島県",130.83,31.34,52,4,74.9182086314768,0.220309936936039,0.487983870967742,94,17.6,2469,51,115.666666666667,325.666666666667,219.666666666667,0.693765179632522,-1.85499322286155,-1.76341924346015,0.0198853030756533,0.0334765536148199,0.147870379827192,0.0455835495841659,0.139745915824364,0.427602294444758,0.111768708194855,0.328612459748821,0.354889614899586,3.16384121411346,2.73440673542187,0.41585939891069,0.0779764171105761,12.3556000737043,4.10266912089334,17.9498659321827,38.0816326530612,0.938775510204082
"1140",1147,25,440001,2018,"Conifer Forest",80440,"大分県",130.87,33.11,55,4,47.9765690103827,0.321877027852372,0.381693548387097,588,12.4,2491,48,93.6666666666667,318,383.666666666667,3.14080686870939,-1.10644075527052,-1.21668049968828,0.61210106345782,0.195222677831689,0.659186623937867,0.21869406535651,0.59518218946767,2.11163578095458,0.271738151024922,0.669055170708148,1.52458394234014,3.42928888888889,2.8362,0.428567838513755,0.0727120880423215,14.430762529922,2.75033053193767,15.9152559175403,33,0.444444444444444
"1141",1148,26,400252,2018,"Conifer Forest",80440,"福岡県",130.87,33.44,60,4,28.3491145858369,0.244270875500529,0.441747311827957,394,13.6,2095,48.6666666666667,98.3333333333333,312.666666666667,362,2.8388944525497,-1.33795761865889,-1.14778269019331,0.0693254876566597,0.365334931543242,0.75093315697206,0.147701366380297,0.182194339289385,1.99960979798233,0.19318262970141,1.08130128599297,1.37212554810613,3.18666666666667,2.78111111111111,0.451901171847088,0.0722055843897471,12.6839213862806,3.25357802047752,17.4026541554521,31.1111111111111,0.666666666666667
"1142",1149,27,400258,2018,"Conifer Forest",80440,"福岡県",130.87,33.65,72,5,60.4560689819182,0.228631545683396,0.573602150537634,114,14.7,1869,54,110,327,327.333333333333,1.61923517346288,-1.66334978071727,-1.38925330331635,0.357810526104788,0.0403919472252089,0.146095170025783,0.0244041665649004,0.0392938202588126,1.31977286190048,0.088555376693778,0.123956698736684,0.838910945043702,4.18378378378378,2.85891891891892,0.376486486486486,0.0812514569246353,12.6021796255055,1.538261958,21.5016350338941,35.8108108108108,0.162162162162162
"1143",1150,28,400275,2018,"Conifer Forest",80440,"福岡県",130.91,33.8,48,3,129.848666532118,0.186976545235503,0.551075268817204,344,14.7,1857,49.6666666666667,108.333333333333,328.333333333333,325.333333333333,2.71882701134704,-1.83797922880156,-1.65768856067479,0.600792855331521,0.0678213510653582,0.245305623916243,0.0409765723555564,0.0659775069424927,2.21600553433141,0.14869165029324,0.208133337445953,1.40859942698854,3.59605633802817,2.79577464788732,0.395915492957746,0.0791301634004274,12.2315216927908,3.113079466,18.8684656249801,38.2394366197183,0.647887323943662
"1144",1151,29,440029,2018,"Conifer Forest",80440,"大分県",130.95,33.47,51,4,14.327809535817,0.167726476936854,0.345698924731183,714,11.3,2470,48,96,334.666666666667,392.666666666667,1.55653802119281,-1.48682505775654,-1.45597184841095,0.451668276634496,0.256658907608502,0.536978867278998,0.14023814201333,0.351358297970925,0.760221370953844,0.167236217291833,0.271442368281292,0.918530325591704,2.91636363636364,2.75545454545455,0.434414115755627,0.0743967854009775,13.09592397556,3.94457130767286,15.2595679893658,38.1818181818182,0.818181818181818
"1145",1152,30,430336,2018,"Conifer Forest",80440,"熊本県",130.96,32.35,46,3,70.7090423068754,0.153616181682482,0.353602150537634,554,13.5,2844,50,99.3333333333333,302.333333333333,409.333333333333,0.319165026737644,-1.87825080840763,-1.75385343043552,0.0652116516915095,0.0976587876298662,0.166642808889371,0.00786272309305157,0.0509628167422864,0.0879949098456739,0.0271659257771421,0.0628402931671614,0.212644456753692,3.13892857142857,2.79428571428571,0.416428571428571,0.0777906462837332,12.1022728125893,4.22424071501191,16.7253083844833,39.6428571428571,0.964285714285714
"1146",1153,31,430362,2018,"Conifer Forest",80441,"熊本県",131,32.39,76,5,0.911903446342432,0.131723304356105,0.283064516129032,925,11.8,3150,50,98,306,322.333333333333,0,-3.83242365725289,1.69316703570433,0,0,0,0,0,0,0,0,0,1.35,3.38,0.43,0.19905305865423,12.3539024390244,0.917383180406259,28.1560210855065,30,1
"1147",1154,32,430373,2018,"Conifer Forest",80440,"熊本県",131,32.79,106,5,40.3643641609141,0.176485520358491,0.305295698924731,1188,9.8,3262,48,95.6666666666667,319,381,1.35942801956617,-1.47965626687841,-0.885997702614518,0.83404317664517,0.192035766354518,0.479507597237303,0.39980977604918,0.250055448603949,0.342526693237788,0.216135678767994,0.261077720099434,0.372658447508531,3.90482676224612,2.92973715651135,0.39211825225599,0.0882521345458497,13.4559027376876,1.13671729781724,20.7445450249121,33.2258064516129,0.0645161290322581
"1148",1155,33,430374,2018,"Conifer Forest",80440,"熊本県",131,32.82,62,4,88.4534592183563,0.217488090157519,0.372231182795699,792,12.9,2590,49,96.6666666666667,299,330.333333333333,1.37067145559342,-1.33380150317566,-1.10877441355812,0.599515651340657,0.188517915081725,0.479401963534066,0.185095210597341,0.187792772611677,0.795500667504842,0.258335482107865,0.170964396667271,0.341844427209831,4.03736746550472,2.90509077705156,0.392182973330811,0.0764455249063714,13.2482299487328,1.32692425770384,19.7080159011929,34.2549019607843,0.0588235294117647
"1149",1156,34,450050,2018,"Conifer Forest",80440,"宮崎県",131.04,31.92,65,4,70.6494590681467,0.273292679508496,0.550994623655914,190,16,2626,50,111.666666666667,392.666666666667,221,0,-1.96457189296925,-1.85228308501378,0,0,0,0,0,0,0,0,0,3.17,2.75,0.41,0.0775923918409506,11.96282374,4.254698741,16.9596241647564,40,1
"1150",1157,35,430391,2018,"Conifer Forest",80440,"熊本県",131.04,32.71,58,4,148.241603414029,0.316461068299225,0.387231182795699,553,13.2,2626,48,105,345.333333333333,296,2.23460983111963,-1.69492951829208,-1.43779674817173,0.493792953868402,0.0557425158783376,0.201617225569856,0.0336787338985369,0.0542270563853977,1.82133976607032,0.122209990618732,0.171065242510606,1.15773093121454,4.0775,2.8475,0.38,0.0808678452626361,12.5351503794444,1.82304968525,21.0254564750329,36.25,0.25
"1151",1158,36,440049,2018,"Conifer Forest",80440,"大分県",131.04,33.44,33,3,68.0712502468057,0.403715851834345,0.427123655913978,524,12.7,2199,48,98.6666666666667,340,357.666666666667,2.97112167200722,-1.20798758190606,-0.609596706204835,1.01915818581423,0.323821138394774,0.627395506138373,0.703739057094896,0.68551460863207,1.48241823832625,0.308402597793316,0.429168480410609,1.48189559195462,3.0396,2.774,0.458622109324759,0.0921112924921798,15.9886491817544,2.19307482877705,19.2868482454723,31.4,0.4
"1152",1159,37,450093,2018,"Conifer Forest",80440,"宮崎県",131.12,31.88,55,4,24.8457462126964,0.249774283943333,0.558790322580645,152,16.3,2616,52.6666666666667,114.333333333333,353.666666666667,220,2.0654122145091,-1.53633972533753,-1.28693864213518,0.165305912475947,0.338494921595601,0.634707549373214,0.133035914904867,0.182731785008071,1.08290579762975,0.285927185120987,0.735910420673726,1.22470710078894,3.13545454545455,2.93090909090909,0.442464595147618,0.0798777456407048,12.3077122197548,3.75771370554355,19.1372625915539,34.4545454545455,0.727272727272727
"1153",1160,38,430434,2018,"Conifer Forest",80441,"熊本県",131.13,33.04,49,3,157.006603992033,0.215192016187524,0.350591397849462,747,11.7,2633,52,107.333333333333,302,305.666666666667,0,-1.96457189296925,-1.85228308501378,0,0,0,0,0,0,0,0,0,3.17,2.75,0.41,0.0775923918409506,11.96282374,4.254698741,16.9596241647564,40,1
"1154",1161,39,440066,2018,"Conifer Forest",80440,"大分県",131.13,33.4,40,3,36.2191739865848,0.533821217532274,0.481290322580645,418,13.3,2079,49.6666666666667,109.333333333333,314.333333333333,313.333333333333,2.18503304383041,-0.0854735932686282,-0.641580720973613,0.12195583096702,0.301640365642981,0.460774767535626,0.208919000974756,0.596615782597425,1.3463540959708,0.185665712050871,0.588125131276133,1.22470710078894,2.98818181818182,3.07787878787879,0.472848330897398,0.0589670157474041,17.5032243688003,2.79387916038802,11.2974151269932,28.1818181818182,0.272727272727273
"1155",1162,40,450131,2018,"Conifer Forest",80440,"宮崎県",131.17,32.21,88,5,141.919409091203,0.26908671082212,0.411962365591398,607,13.9,2978,49,104.666666666667,327.333333333333,336.333333333333,2.78282970477699,-1.4621256929453,-1.37918243681035,0.674811072408639,0.09270424303969,0.406269767445507,0.068507745570875,0.338521616132379,1.9983746711597,0.203046766661825,0.41141307194714,1.33068175604088,3.85706878306878,2.80991534391534,0.396447594855305,0.0790446976642715,13.4636124184817,2.132421040865,19.4253297026728,34.2285714285714,0.314285714285714
"1156",1163,41,430438,2018,"Conifer Forest",80440,"熊本県",131.17,32.68,38,3,90.3066689145409,0.328898405488237,0.388575268817204,688,12.2,2870,51,104.333333333333,333.333333333333,289.666666666667,0.944479649201543,-1.79291935575879,-1.73314914380802,0.082983227777485,0.0419775545812376,0.145914249309696,0.059933683145947,0.194524441156745,0.681901717745508,0.0489646376936216,0.186077211416323,0.539712234322701,3.19806451612903,2.77032258064516,0.414422920858832,0.0761852640016069,12.5310820275761,4.00271333900288,16.7112185535222,38.8709677419355,0.903225806451613
"1157",1164,42,430440,2018,"Conifer Forest",80440,"熊本県",131.17,32.75,44,3,71.596149145757,0.297578514424151,0.412204301075269,618,12.9,2651,48.6666666666667,100.666666666667,316.333333333333,287.666666666667,1.92512481610619,-1.48821420044421,-1.18379066051252,0.43036844567525,0.428520590814721,0.530423265840553,0.0691808553862374,0.317415497220828,1.17349914864809,0.184026286343667,0.732016683576636,0.940656381611817,2.931875,2.980625,0.434284704581994,0.0778008811685758,12.9936196729712,3.77262958595913,15.0758048162396,35.0625,0.8125
"1158",1165,43,440077,2018,"Conifer Forest",80440,"大分県",131.17,33.4,30,2,35.5093828940666,0.390065638252164,0.482338709677419,368,13.2,2092,53.3333333333333,110.666666666667,279.666666666667,336,2.89563989713754,-0.0646137848251958,-0.747585794114822,0.59793233103869,0.546943660071209,0.554653741646599,0.20039673663318,0.97669868581508,1.26904073161819,0.336412818124366,1.21646394674209,1.50076231824108,2.57416666666667,2.84666666666667,0.459518424437299,0.0662212212722132,17.7757668439722,3.23813003013098,10.2443068723015,24,0.416666666666667
"1159",1166,44,450247,2018,"Conifer Forest",80440,"宮崎県",131.3,32.43,20,2,31.4897472606488,0.53722066305786,0.408870967741936,762,13.5,2943,52.3333333333333,100.333333333333,322.666666666667,287.666666666667,0,-1.96457189296925,-1.85228308501378,0,0,0,0,0,0,0,0,0,3.17,2.75,0.41,0.0775923918409506,11.96282374,4.254698741,16.9596241647564,40,1
"1160",1167,45,440131,2018,"Conifer Forest",80440,"大分県",131.3,33.47,55,4,95.3585874422596,0.402366274843641,0.55744623655914,226,14,1902,51.3333333333333,105.666666666667,322.666666666667,322.666666666667,1.42536841079647,-1.91463811988088,-1.77552635596895,0.314970814195894,0.0355559257660178,0.128603580095999,0.021482319976433,0.034589274649122,1.16175993309012,0.0779528746744998,0.109115689667259,0.738470347071006,3.33805555555556,2.76805555555556,0.404444444444444,0.0781989572894109,12.0688101547119,3.80439336030556,17.7125560740669,39.3055555555556,0.861111111111111
"1161",1168,46,450268,2018,"Conifer Forest",80440,"宮崎県",131.34,31.7,20,2,81.624750738159,0.286247135441823,0.526155913978495,131,17,2659,50,103,377.666666666667,245,0,-1.96457189296925,-1.85228308501378,0,0,0,0,0,0,0,0,0,3.17,2.75,0.41,0.0775923918409506,11.96282374,4.254698741,16.9596241647564,40,1
"1162",1169,47,450281,2018,"Conifer Forest",80440,"宮崎県",131.34,32.17,49,3,84.7360982850787,0.266358799639982,0.499731182795699,467,14.9,2959,50,105.333333333333,344.666666666667,263.333333333333,2.57610626911742,-1.24674680016777,-1.14544703851135,0.330025299216192,0.557414841244823,0.718309012867125,0.0793413059933976,0.460851880416864,1.43125657007852,0.131166597699531,0.70297440917557,1.45370257236927,3.25510995265564,2.98591154821081,0.453049730568799,0.0792721520467203,13.5660505546872,3.48504936585274,16.1345202886492,33.7931034482759,0.620689655172414
"1163",1170,48,450297,2018,"Conifer Forest",80441,"宮崎県",131.34,32.75,65,4,71.1455250211721,0.526026422822603,0.456021505376344,527,12.7,2690,52,101,317.333333333333,332.333333333333,2.00832327471166,-1.28299141371256,-1.42193182571975,0.309603602092918,0.2059538380624,0.602155928441682,0.134060550915189,0.67867046239714,1.006622296882,0.205456057875914,0.658618054005332,1.09607662126821,3.07461538461538,2.81923076923077,0.439119636408607,0.0742448526396206,14.2907554691142,3.81792166838815,14.738130577178,35.3076923076923,0.769230769230769
"1164",1171,49,450325,2018,"Conifer Forest",80440,"宮崎県",131.38,32.35,46,3,78.2995001781141,0.221880090299683,0.487177419354839,288,14.7,2945,54,107.333333333333,334,295,0.92852550556599,-1.8059983978265,-1.58613042466232,0.202179783077116,0.130425220613597,0.553360390492292,0.184748654584779,0.100788581958863,0.352632095290805,0.0912940689661145,0.253525803645208,0.490230110760034,3.06826086956522,2.71782608695652,0.432545,0.0825121698374536,11.7691367095326,4.12579060933333,16.1279870444064,38.4782608695652,0.91304347826087
"1165",1172,50,450337,2018,"Conifer Forest",80441,"宮崎県",131.38,32.79,7,1,15.697206296425,0.116032085287337,0.323225806451613,857,11.4,2879,49,94.6666666666667,327,529,0,-1.96457189296925,-1.85228308501378,0,0,0,0,0,0,0,0,0,3.17,2.75,0.41,0.0775923918409506,11.96282374,4.254698741,16.9596241647564,40,1
"1166",1173,51,440170,2018,"Conifer Forest",80440,"大分県",131.38,33.36,38,3,153.733692029576,0.235738282886771,0.479650537634409,457,13.3,2041,51,103,290.666666666667,279.666666666667,0.475889130701404,-1.94959176104274,-1.82925606630033,0.105159610546049,0.0118710913444608,0.0429370017417286,0.0071723229598736,0.0115483546005939,0.387877913144606,0.026026201705841,0.0364305609050364,0.24655380942532,3.22041666666667,2.75541666666667,0.408333333333333,0.0777743614754887,11.9946196644136,4.11960712679167,17.1855037375495,39.7916666666667,0.958333333333333
"1167",1174,52,450359,2018,"Conifer Forest",80440,"宮崎県",131.42,32.39,75,5,49.7206359368286,0.263403354715683,0.504650537634409,707,13.3,2998,49.3333333333333,105.666666666667,313,323.666666666667,2.73690851296087,-2.52117756308654,0.81081282489344,1.06634820479069,0.396028392502685,0.579987567962683,1.10445935378499,0.565005407684749,1.24659634965519,0.263069178407183,0.0700683233323442,1.42261976827643,2.11552754508054,3.20725739592454,0.463711054662379,0.157094028258949,14.3229750718713,1.56750660127044,26.4109855062663,29.6,0.64
"1168",1175,53,450369,2018,"Conifer Forest",80441,"宮崎県",131.42,32.75,47,3,83.7888735222538,0.201333405882769,0.304623655913978,433,13.8,2450,49.3333333333333,95,325.333333333333,433.333333333333,1.98524357525811,-1.58030514767399,-1.10232935516999,0.673581520995808,0.152197766223481,0.496861290080994,0.253911311445761,0.200137655211577,1.18292314924817,0.165631494085201,0.205692994630935,0.918530325591704,3.94520538720539,2.87003367003367,0.396751484361298,0.0858705896586418,13.1964762470936,1.51475297882983,21.0565813341618,34.4,0.181818181818182
"1169",1176,54,450395,2018,"Conifer Forest",80440,"宮崎県",131.47,32.61,40,3,115.078500508012,0.287005386222427,0.523817204301075,140,15.4,2462,55,105,304.333333333333,282.333333333333,1.40034023271419,-1.45377595242344,-1.47787871595038,0.276565732956589,0.407042839257853,0.358689772921822,0.173782823300088,0.445447128313655,0.463428778929502,0.14904191386413,0.532202976699664,0.857578467566329,3.02704559639612,2.95273822704403,0.426011568193998,0.0732277630812081,13.2557898396921,4.06908326600447,15.6068987730235,36.5,0.833333333333333
"1170",1177,55,440206,2018,"Conifer Forest",80440,"大分県",131.47,33.15,50,3,60.3629356724899,0.314661478140228,0.541881720430108,460,13.1,2151,51,103.666666666667,363.666666666667,271.666666666667,3.04662339133681,-1.5608514057245,-1.22604124396573,0.782716360044576,0.101858768581292,0.409416779714927,0.221387554756525,0.304496024230027,2.17445489208362,0.24109525244335,0.325961747543839,1.51737891425725,3.55286956521739,2.86382608695652,0.405028948692856,0.0813495551762668,13.2878765053138,2.39994752490561,18.7129366226282,35.4347826086957,0.434782608695652
"1171",1178,56,450410,2018,"Conifer Forest",80440,"宮崎県",131.51,32.35,54,4,2.42551136252564,0.0631476856926153,0.515349462365591,440,14.2,2950,52,101,299.666666666667,291,0,-3.83242365725289,1.69316703570433,0,0,0,0,0,0,0,0,0,1.35,3.38,0.43,0.19905305865423,12.3539024390244,0.917383180406259,28.1560210855065,30,1
"1172",1179,57,450435,2018,"Conifer Forest",80440,"宮崎県",131.55,32.64,55,4,45.7243500252948,0.233667379272495,0.445430107526882,181,14.9,2488,53.3333333333333,101,291.666666666667,265.666666666667,1.03772706026489,-1.68892158811992,-1.67781065566624,0.0365436679120378,0.0564659863281674,0.235117939288559,0.0974662063431315,0.315414604699728,0.676050815438444,0.077907949919632,0.270325321498242,0.609833576936056,3.15111111111111,2.77777777777778,0.419839474812433,0.0749263788271413,12.8990962249408,4.00084603428274,16.2306417372401,38.3333333333333,0.888888888888889
"1173",1180,58,440244,2018,"Conifer Forest",80440,"大分県",131.55,32.86,54,4,58.7886867513031,0.231238086754551,0.488198924731183,448,14.2,2225,53.3333333333333,97,309,260.666666666667,2.981341334115,-1.73088049729479,-1.55155343739782,0.676129301261194,0.0778438685150841,0.298474003278482,0.0595399874169705,0.120296723773812,2.37644342666248,0.169257828952914,0.266573545670289,1.5334931253487,3.66162162162162,2.81297297297297,0.395675675675676,0.0786119659390117,12.5500337733734,2.78729661675676,19.1252671314579,37.2972972972973,0.540540540540541
"1174",1181,59,440247,2018,"Conifer Forest",80440,"大分県",131.55,32.97,24,2,10.2086326482816,0.188433110941438,0.57497311827957,208,15.2,1959,51.3333333333333,108,338,232,0.944434600002727,-1.30198844214859,-1.14212383146529,0.417162091422342,0.120696045776457,0.479980695139245,0.0344004782289988,0.350790705326826,0.294168996736916,0.0728254927755026,0.506859977809203,1.01770443923973e-16,4.15,2.81666666666667,0.391425878885316,0.0809559688888816,13.836627182331,1.13032245846796,21.6538794867827,31.6666666666667,0
"1175",1182,60,440259,2018,"Conifer Forest",80440,"大分県",131.56,33.47,43,3,144.978299770653,0.239705152497097,0.540295698924731,234,14.5,1848,52.3333333333333,108.666666666667,332.666666666667,270.333333333333,3.04969899095942,-1.28022528707108,-1.33347927782355,0.683074648411893,0.118677882646275,0.579019161386312,0.126899905213039,0.521526323359007,1.99505992563808,0.286190796770191,0.80254426732134,1.37212554810613,3.62258479047066,2.75469871779137,0.417180284729018,0.0785458209996885,13.7359051332394,2.50182089271082,21.7977864823337,31.304347826087,0.333333333333333
"1176",1183,61,440267,2018,"Conifer Forest",80440,"大分県",131.6,32.86,38,3,173.877693816227,0.21041646389358,0.519059139784946,378,14,2278,53,100.333333333333,339.666666666667,248,0.147955523975012,-1.92913113948862,-1.82985091552624,0.00521026938674432,0.00805072442826857,0.033522300068463,0.0138963935523409,0.04497072004252,0.096388979782793,0.0111078452066537,0.0385420464758589,0.0869479556503985,3.16757142857143,2.75357142857143,0.411265075333027,0.0772496187391751,12.083201630921,4.22206053585064,16.8658978526472,39.7857142857143,0.985714285714286
"1177",1184,62,440271,2018,"Conifer Forest",80440,"大分県",131.6,33,63,4,132.277014724949,0.227785003731629,0.56247311827957,141,15.3,1941,53,113.333333333333,334.666666666667,239,3.05943816903631,-1.51352891591627,-1.41156678307185,0.681026956386061,0.117936443309717,0.36781252329539,0.0913386558744863,0.376744814768599,2.28869222677737,0.192214236674124,0.378081309972379,1.54322639581407,3.58471159684274,2.8429022465088,0.404775928522482,0.0770247148979371,13.4249066829921,2.70143247631078,18.317358902302,35.7868852459016,0.491803278688525
"1178",1185,63,440318,2018,"Conifer Forest",80440,"大分県",131.68,33.15,70,4,47.311865139456,0.138410610037976,0.572096774193548,86,15.7,1807,53.6666666666667,113,301.333333333333,253,0.600097664577431,-1.48402124429249,-1.17002393712231,0.250636155905561,0.140535829225343,0.327424513958889,0.0026956549502768,0.0659154729339084,0.396329446613083,0.0797566565851633,0.0505106137055538,3.59189802084609e-17,4.25764705882353,2.94529411764706,0.382941176470588,0.0820293014915704,12.9107183874891,1.15305141254902,21.6759132297516,34.7058823529412,0
"1179",1186,64,440337,2018,"Conifer Forest",80440,"大分県",131.73,33.15,48,3,35.6809711246284,0.266016055713137,0.558682795698925,161,15,1892,51.3333333333333,106,346.666666666667,265.666666666667,2.0276232872163,-1.68320593678437,-1.41977560309164,0.44805409802804,0.0505792204567147,0.182941905999113,0.0305591536319428,0.049204134338357,1.65263343613186,0.110889972584105,0.15521987978278,1.05049309448579,4.11695652173913,2.85173913043478,0.378695652173913,0.0810102562809703,12.5600341463768,1.71732581326087,21.202231792871,36.0869565217391,0.217391304347826
"1180",1187,65,450482,2018,"Conifer Forest",80440,"宮崎県",131.77,32.78,27,2,24.5277564067875,0.173235899759298,0.535887096774194,264,15,2276,53.3333333333333,100.333333333333,285.666666666667,306.333333333333,1.08793165660031,-1.47187834012832,-1.21310349619079,0.319811931667172,0.117766152506266,0.426337067677179,0.00915334092224203,0.146318516554991,0.785434391084876,0.0899923900453733,0.0827526494382373,0.280025622062475,4.20857142857143,2.90857142857143,0.388502632062471,0.0817759904432226,13.1124727531316,1.31834869942771,21.5383942844937,34.7619047619048,0.0476190476190476
"1181",1188,66,440345,2018,"Conifer Forest",80440,"大分県",131.77,32.89,47,3,85.5130906067532,0.340567561855547,0.551639784946237,223,15.3,2096,52,102,335.666666666667,241.333333333333,2.98725469936815,-1.65222721126315,-1.51235864701459,0.658220566261909,0.0828991261780406,0.329716295853704,0.0711873904862416,0.179215298113475,2.33880309707103,0.181969854681437,0.285108737517677,1.54364124161939,3.68875,2.8225,0.398034704581994,0.0780034406833327,12.8233342191218,2.69344464428404,18.9213070636064,36.875,0.5
"1182",1189,67,440353,2018,"Conifer Forest",80440,"大分県",131.77,33.18,62,4,122.986820060299,0.274448326182828,0.555887096774194,299,14.5,1942,51.3333333333333,107.333333333333,342.666666666667,253,1.1026189866548,-1.77923144973384,-1.79591659568796,0.169386342944271,0.0181569581323607,0.245033048212417,0.0104816244395777,0.317512808405759,0.600440190484392,0.189974399079695,0.179431596722883,0.693915729843473,3.25935483870968,2.74612903225806,0.418663073332642,0.0776726378223232,12.9176178245975,4.0245982111177,18.773784928187,38.8709677419355,0.870967741935484
"1183",1190,68,440370,2018,"Conifer Forest",80440,"大分県",131.85,32.93,12,2,13.2377619879985,0.123138019076153,0.57497311827957,258,15.3,2060,52,107.666666666667,342.333333333333,231.333333333333,2.74700546581218,-2.365181262425,0.366366769074167,1.39839988037663,0.262990331323439,0.460815245482173,1.30117838547952,0.415133146313956,0.422192058985001,0.293642833956196,0.253429988904602,1.54364124161939,2.635,3.15,0.421425878885316,0.135779462803181,13.817139212232,1.12452898696058,23.271385566202,30.8333333333333,0.5
"1184",1191,69,440372,2018,"Conifer Forest",80440,"大分県",131.85,33,54,4,125.110295810903,0.338161759280172,0.585456989247312,357,15,2032,51.3333333333333,103,354.333333333333,282,0.827471569907993,-1.87456730319605,-1.78735946384972,0.112122617457388,0.00873589474432472,0.153918144009216,0.0458334834139727,0.130236594387489,0.483660591437764,0.169264171260447,0.201068420949105,0.510294625328725,3.22666666666667,2.75393939393939,0.414804705251876,0.0786887911457649,12.2576752376505,4.07712312789629,18.508228551146,38.7878787878788,0.909090909090909
"1185",1192,70,440378,2018,"Conifer Forest",80440,"大分県",131.89,32.82,44,3,303.192458477212,0.325630526621745,0.569032258064516,179,15.4,2182,53.3333333333333,100.666666666667,314.333333333333,280.333333333333,0.355666362347234,-1.91897338107978,-1.79895980067503,0.0141277050352549,0.0147028612235896,0.0874014482299079,0.0529064033152012,0.0311839800452158,0.205625614157025,0.0206338610993618,0.161344844645453,0.202212124728079,3.17671878167073,2.74334516836924,0.413365343615456,0.0789238915455793,11.9878201546559,4.18365852006215,17.1372640235782,39.0847457627119,0.966101694915254
"1186",1193,71,440384,2018,"Conifer Forest",80440,"大分県",131.9,33.04,59,4,108.447223931921,0.219345594935098,0.579516129032258,487,14,2144,49.3333333333333,103.666666666667,328.666666666667,318.333333333333,0.360254108474259,-1.58396178333163,-1.27678344317549,0.106711352096143,0.0316453062170092,0.0982998041000802,0.0211885987772267,0.0113091881461985,0.244922011534366,0.0146165422348821,0.085579746666463,0.137141680557095,4.32863636363636,2.89113636363636,0.373830801666179,0.0814199520276769,12.7387133556171,1.0981408834561,22.3087163560289,34.6363636363636,0.0227272727272727
"1187",1194,72,440393,2018,"Conifer Forest",80440,"大分県",131.98,32.93,61,4,70.9672059579468,0.260057304241636,0.584032258064516,64,15.3,2078,51,108,375.666666666667,250.333333333333,3.04812009353355,-1.39702738465567,-1.33958407496419,0.521453610091309,0.0898698434824398,0.596605454852495,0.167106646127786,0.426682334260313,2.1457868866762,0.277912241435471,0.609431641957575,1.49391183935815,3.6013526796937,2.78201530090541,0.423769165636079,0.0832062348233593,13.0914836827517,2.76809535213496,20.0960079040115,33.2051282051282,0.41025641025641
"1188",1195,73,320103,2018,"Conifer Forest",80440,"島根県",132.12,34.78,25,2,39.9198016044566,0.226420609591597,0.51241935483871,443,12.2,1888,53.6666666666667,107.333333333333,304,523.333333333333,2.14172891189982,-3.1960308199615,0.838080843819939,1.34587521243268,0.233354331254161,0.329170980522214,0.982835059347244,0.0287744041716063,0.0581582466999523,0.141708122306452,0.186193461236034,1.26011529928114,2.21571428571429,3.23714285714286,0.412857142857143,0.165597802772983,12.4601948638534,0.944559414575899,26.5059390358737,31.4285714285714,0.714285714285714
"1189",1196,74,320104,2018,"Conifer Forest",80440,"島根県",132.12,34.81,59,4,40.4598211433764,0.143404529211055,0.538763440860215,457,12.5,1865,50,100.666666666667,298.666666666667,415,0,-1.60504872673302,-1.29963463589104,0,0,0,0,0,0,0,0,0,4.38,2.88,0.37,0.0819596630698646,12.7259259259259,1.0125,22.3807339117917,35,0
"1190",1197,75,320105,2018,"Conifer Forest",80440,"島根県",132.12,34.85,59,4,112.139847675018,0.280965850887498,0.592204301075269,200,13.4,1807,50.3333333333333,104,281.333333333333,413.666666666667,2.9562885807225,-1.65352990659022,-1.43818592631454,0.689641429575028,0.107831885018401,0.332225758747975,0.0579743439689544,0.111661680663127,2.29939161460045,0.195475580983657,0.285640493062526,1.48703873343869,3.8236170212766,2.8568085106383,0.392340425531915,0.0798502989323114,12.6916371529894,2.35621389331041,19.4417325773915,36.1276595744681,0.404255319148936
"1191",1198,76,340080,2018,"Conifer Forest",80440,"広島県",132.34,34.67,96,5,30.3834088739617,0.0605390980532598,0.38741935483871,707,10.6,1968,47.3333333333333,94.6666666666667,305,504.666666666667,0,-1.60504872673302,-1.29963463589104,0,0,0,0,0,0,0,0,0,4.38,2.88,0.37,0.0819596630698646,12.7259259259259,1.0125,22.3807339117917,35,0
"1192",1199,77,320156,2018,"Conifer Forest",80440,"島根県",132.43,34.92,29,2,54.3069096543932,0.152308270214376,0.544623655913979,726,10.9,1944,48.6666666666667,98,309,454,0,-1.60504872673302,-1.29963463589104,0,0,0,0,0,0,0,0,0,4.38,2.88,0.37,0.0819596630698646,12.7259259259259,1.0125,22.3807339117917,35,0
"1193",1200,78,380021,2018,"Conifer Forest",80440,"愛媛県",132.47,33.43,47,3,84.8423553253198,0.235044053239892,0.572150537634409,379,14,1875,50.3333333333333,100.666666666667,318,273.333333333333,1.6552665415701,-1.90465136526321,-1.76017501015999,0.365772558421039,0.0412907525024723,0.149346093014708,0.0249472102952125,0.0401681899151095,1.3491405674595,0.0905259189768384,0.126714994452301,0.857578467566329,3.37166666666667,2.77166666666667,0.403333333333333,0.0783202703791029,12.0900074376543,3.71433228416667,17.8631424559289,39.1666666666667,0.833333333333333
"1194",1201,79,380054,2018,"Conifer Forest",80440,"愛媛県",132.55,33.32,94,5,75.8592642440905,0.177518981021825,0.577956989247312,299,13.3,2057,50.3333333333333,98.6666666666667,335.666666666667,277.666666666667,0.594245273649543,-1.62397099864019,-1.32872139637118,0.131313361693536,0.0148234945272034,0.0536156610933689,0.00895611760182699,0.0144204914487484,0.484345200949449,0.0324990556770034,0.0454910340194409,0.307873045419934,4.31631578947368,2.87315789473684,0.372105263157895,0.0817298066893954,12.6857626529824,1.183142039,22.0954123461583,35.2631578947368,0.0526315789473684
"1195",1202,80,380045,2018,"Conifer Forest",80440,"愛媛県",132.56,33,33,3,59.072200491794,0.190401309728641,0.594327956989247,300,15.2,2095,53.6666666666667,98.6666666666667,338,307,1.11741573527417,-1.35627662659191,-1.18530793715317,0.379101718543252,0.136944353912647,0.389583284825086,0.0952678709884026,0.302466606479876,0.73513987250343,0.160761830672159,0.224879516717068,0.186925306602348,4.1809375,2.93854166666667,0.3865625,0.0794445251957921,13.5802499197703,1.292921856814,20.8526132399247,33.8125,0.03125
"1196",1203,81,380046,2018,"Conifer Forest",80440,"愛媛県",132.56,33.04,42,3,16.9757906036691,0.283187677504031,0.540940860215054,634,13.1,2323,49.6666666666667,94.3333333333333,331,314.333333333333,1.17583589421253,-3.28883559376194,1.44626725363055,0.392789849668047,0.0950481360489603,0.201569725048531,0.654320301704041,0.333085865616528,0.344943920586991,0.233512825970279,0.0997880581311869,0.675343043208483,1.55625,3.3325,0.438569409163987,0.180871210662035,13.3583241472048,1.04896333042356,25.9363662394568,29.375,0.875
"1197",1204,82,320191,2018,"Conifer Forest",80440,"島根県",132.56,34.92,84,5,52.7163348273864,0.251280115425169,0.486935483870968,452,11.6,1869,48.3333333333333,100.333333333333,278.666666666667,460.333333333333,2.11237507835262,-2.70075562805085,1.22945351068354,0.643486326277185,0.161032133505352,0.434344648729143,1.11444758912724,0.532121699535715,0.74596067419616,0.411658581672693,0.155219879782781,1.19055884041722,1.75,3.32391304347826,0.451859842024325,0.162392908128005,14.25348346775,1.25423956447666,23.5236979285333,28.9130434782609,0.739130434782609
"1198",1205,83,380083,2018,"Conifer Forest",80440,"愛媛県",132.59,33.61,34,3,79.2784574222053,0.259550279304808,0.544354838709677,435,13.8,1796,51,100.333333333333,337.333333333333,289.333333333333,2.84979185730329,-1.47590598193398,-1.42023962585216,0.532561822147326,0.146474180184924,0.35609628437518,0.13754441339678,0.47109305295975,2.11042512319005,0.154644462640385,0.407819538145285,1.48189559195462,3.40125,2.85675,0.413819409163987,0.0749424725212308,13.6496303218732,3.08069729216809,17.2358316855064,36.275,0.6
"1199",1206,84,380068,2018,"Conifer Forest",80440,"愛媛県",132.6,33.07,61,4,88.6148893552976,0.348478309653237,0.49760752688172,309,14.9,2076,53,100.666666666667,344.666666666667,324.333333333333,3.01724650683671,-2.30369522915435,0.449402078847649,1.10250826095679,0.398272850384064,0.462377925477989,1.112649087201,0.411161891159164,1.54847663690528,0.327097308440683,0.50922251183181,1.49775416547137,2.32608755756858,3.04329815261096,0.456988388956647,0.146750777016194,12.4628083050637,1.90332676017453,24.8850530084473,26.7931034482759,0.586206896551724
"1200",1207,85,320214,2018,"Conifer Forest",80440,"島根県",132.65,34.88,46,3,142.854479100108,0.174919489586706,0.517688172043011,190,12.5,1767,49.6666666666667,102,283.666666666667,471,0,-1.96457189296925,-1.85228308501378,0,0,0,0,0,0,0,0,0,3.17,2.75,0.41,0.0775923918409506,11.96282374,4.254698741,16.9596241647564,40,1
"1201",1208,86,380108,2018,"Conifer Forest",80440,"愛媛県",132.68,33.18,60,4,67.9811373664863,0.315990554984563,0.533172043010753,229,14.8,2016,50,96,339.666666666667,291.333333333333,2.9757811495725,-1.59428726141497,-1.34438374497569,0.67784815266877,0.149030109714886,0.52650990886053,0.238683262786148,0.448889783030174,2.12994596098841,0.171945876614375,0.34670422150736,1.54262635585896,3.61769230769231,2.75153846153846,0.423475711105615,0.0858880248463139,13.8457811303407,2.62377293062303,20.2405031510845,35.6410256410256,0.487179487179487
"1202",1209,87,380111,2018,"Conifer Forest",80440,"愛媛県",132.68,33.29,47,3,120.983815445664,0.261286364358075,0.592634408602151,253,15,1903,50.3333333333333,106,351.333333333333,266.666666666667,1.97987055924699,-1.75442529626209,-1.65374929492147,0.359979860807336,0.0755403528170507,0.258021849682696,0.0726502042495204,0.181321839990724,1.42776772305833,0.178920333235411,0.355678904843275,1.11099438843195,3.36862745098039,2.77124183006536,0.415544634638421,0.0790831393745877,12.4506434086947,3.63151937659021,18.5705062445164,37.4509803921569,0.764705882352941
"1203",1210,88,380118,2018,"Conifer Forest",80440,"愛媛県",132.68,33.54,44,3,3.23415518274281,0.0514104162587029,0.608145161290323,260,15.3,1676,52,104,339.666666666667,263.333333333333,2.23460983111963,-1.69492951829208,-1.43779674817173,0.493792953868402,0.0557425158783376,0.201617225569856,0.0336787338985369,0.0542270563853976,1.82133976607032,0.122209990618732,0.171065242510606,1.15773093121454,4.0775,2.8475,0.38,0.0808678452626361,12.5351503794444,1.82304968525,21.0254564750329,36.25,0.25
"1204",1211,89,390032,2018,"Conifer Forest",80440,"高知県",132.77,33.15,65,4,77.3140483382457,0.348968942665207,0.580887096774194,430,14.9,2083,51,102.666666666667,359,279,2.52127488456296,-0.853955139651661,-0.543990696440031,1.07473874907494,0.445532395550424,0.793316673769393,0.399793785417465,0.720474040065539,0.98925024643084,0.353355153743168,0.760289966713805,0.675343043208484,3.39758395061728,2.99606975308642,0.432018424437299,0.0824062221348392,15.8771607705991,1.58892572936775,18.1471181838397,27.6666666666667,0.125
"1205",1212,90,380167,2018,"Conifer Forest",80441,"愛媛県",132.81,33.33,55,4,84.942492260986,0.326642857938074,0.516048387096774,461,14,2067,51,99.6666666666667,336,299.666666666667,0.56092712782385,-1.90175488792558,-1.80886509896679,0.0678271496350911,0.0148551686608085,0.061742624567647,0.0190274573667422,0.0750817251773358,0.394974716153469,0.079318167162223,0.159218619068043,0.307873045419934,3.19578947368421,2.74684210526316,0.411277770350313,0.0772352897903766,12.1719378213114,4.11554325688298,17.6559885103184,39.078947368421,0.947368421052632
"1206",1213,91,380169,2018,"Conifer Forest",80441,"愛媛県",132.81,33.4,69,4,116.688583358103,0.263631180716468,0.478602150537634,648,12.7,2151,51.3333333333333,99,313,294.666666666667,2.36970092113638,-1.3749111506005,-1.51143779966475,0.434028282312637,0.284752105629814,0.91518354898747,0.124740144866866,0.604410346070462,1.54110897513904,0.232001495049061,0.303162026316254,1.17547153499194,3.34813953488372,2.65046511627907,0.455746756898228,0.073590248055587,14.1058046709292,3.56350187230842,14.4773813886905,37.7674418604651,0.744186046511628
"1207",1214,92,380172,2018,"Conifer Forest",80440,"愛媛県",132.81,33.51,52,4,147.303263059496,0.200646137528916,0.32752688172043,769,12.4,2103,50.6666666666667,100,308.333333333333,319.666666666667,0,-1.96457189296925,-1.85228308501378,0,0,0,0,0,0,0,0,0,3.17,2.75,0.41,0.0775923918409506,11.96282374,4.254698741,16.9596241647564,40,1
"1208",1215,93,320269,2018,"Conifer Forest",80427,"島根県",132.82,35.14,52,4,45.4638937999952,0.141026389454541,0.431370967741936,488,11.7,1871,49.6666666666667,96,316.333333333333,452,0.277003788589282,-1.6136088021196,-1.31279293229872,0.0612109179398474,0.00690988103102598,0.0249926114840942,0.00417483927389271,0.00672202361844696,0.225774543942202,0.0151492354206138,0.0212053664185483,0.143513131307018,4.35119047619048,2.87690476190476,0.370952380952381,0.0818556804215571,12.707756826261,1.08969520811905,22.2516598701956,35.1190476190476,0.0238095238095238
"1209",1216,94,380195,2018,"Conifer Forest",80440,"愛媛県",132.85,33.72,46,3,21.4508378156313,0.194266903516911,0.574543010752688,335,13.3,1846,53,109.333333333333,314.333333333333,258.333333333333,2.07161532562359,-2.81650219199573,1.33204070643433,0.523719799557396,0.328261482394655,0.676762738902589,0.870857799839013,0.447508504761086,0.702253563924501,0.430395413527921,0.228086990014142,1.15773093121454,1.67083333333333,3.18861111111111,0.463566712218649,0.170821057525786,13.3045921185128,1.22990664022881,23.3830463893652,28.3333333333333,0.75
"1210",1217,95,340287,2018,"Conifer Forest",80440,"広島県",132.86,34.74,75,5,13.7493444099053,0.212372361090542,0.538736559139785,288,13,1612,51,111,272.666666666667,287.333333333333,1.72007993667662,-2.96268275566737,1.29812738438628,0.574595437228686,0.139041844734479,0.294867712070994,0.957177127064197,0.487257037701893,0.504603678115826,0.34159590541938,0.145975673609051,0.98793039463641,1.68,3.304,0.443711054662379,0.169962101866717,13.960977172113,1.12791142043395,24.6045733318271,29,0.8
"1211",1218,96,320284,2018,"Conifer Forest",80427,"島根県",132.87,35.24,35,3,48.8559208756101,0.190772620363427,0.520403225806452,326,12.9,1843,50.3333333333333,102.666666666667,277,443,1.98043305698565,-1.72312872860954,-0.611691716271134,1.12752566436674,0.2569620644497,0.570105358416049,0.676961253101237,0.23855755341106,0.510587032958309,0.1705242994698,0.267227843856074,0.857578467566328,3.66270576131687,3.0268621399177,0.399364181850661,0.10029540971028,13.3643025661785,1.18638772337832,21.8680093331352,32.9722222222222,0.166666666666667
"1212",1219,97,390082,2018,"Conifer Forest",80440,"高知県",132.89,33.47,59,4,28.0418661691486,0.127815603717525,0.287661290322581,1065,9.1,2523,52.6666666666667,93.6666666666667,310.333333333333,455,1.21330711365287,-1.14458807436675,-1.05884492873077,0.577000510802531,0.243011161837377,0.587953668147884,0.255862853640944,0.352290085639826,0.501321967092466,0.348408256730802,0.249041673784817,2.46179888069056e-16,4.09171497584541,2.93123878536922,0.397946798546065,0.0740105577641903,13.9136722405428,1.22630703998615,18.6779656700979,33.3478260869565,0
"1213",1220,98,390078,2018,"Conifer Forest",80441,"高知県",132.9,33.29,44,3,106.132086692879,0.206388378570953,0.507849462365591,399,14.3,2120,49.3333333333333,99,341.666666666667,310.666666666667,2.90796280344075,-1.81266069596803,-1.61876965580699,0.642587140919801,0.0725393580959918,0.262370362971287,0.0438271165194212,0.0705672465558835,2.37016244106751,0.159035417270161,0.222612178311759,1.50658895234426,3.6812676056338,2.80492957746479,0.393098591549296,0.0794377177123227,12.285261283349,2.884755611,19.2502339170248,37.887323943662,0.577464788732394
"1214",1221,99,390079,2018,"Conifer Forest",80441,"高知県",132.9,33.36,45,3,72.0941674242817,0.265141262051037,0.440833333333333,516,12.7,2222,49.3333333333333,101.666666666667,314.666666666667,312.333333333333,1.17060961133757,-3.36462239950601,1.39945659655251,0.440195014465246,0.161161865509916,0.146379334077502,0.584894406786494,0.266316018331424,0.282930612246723,0.135971544520849,0.268002213266616,0.675343043208483,1.58114197530864,3.29945987654321,0.433212939442658,0.182800374505531,13.1373860755868,1.02472593441898,27.369763211601,28.625,0.875
"1215",1222,100,340311,2018,"Conifer Forest",80440,"広島県",132.91,34.81,55,4,59.8423995893354,0.176538369363906,0.602741935483871,251,13.1,1610,50.3333333333333,111.666666666667,283,288.333333333333,0.964772388824833,-1.61244723974084,-1.01983893217473,0.576212802329298,0.0851176645504225,0.304292410957986,0.318228881652962,0.189179221118163,0.187571924395222,0.0968750034299924,0.164311449810079,0.400728932383617,4.07232558139535,2.92325581395349,0.383155019068272,0.0881502682255275,13.2346231369705,1.07266796936867,21.9477108126544,33.953488372093,0.0697674418604651
"1216",1223,101,390090,2018,"Conifer Forest",80440,"高知県",132.94,33.04,24,2,33.7887862092632,0.222690013639603,0.614758064516129,17,17.1,2114,53,115.333333333333,385.666666666667,244.666666666667,1.69089927582249,-1.67294044303281,-1.70846929443734,0.313415693033829,0.0914748978516309,0.380891061647466,0.0243058014748645,0.394287881085093,1.17490915508578,0.0987827156339103,0.291951347218101,0.987930394636411,3.35,2.7,0.427711054662379,0.07833110466682,13.2632669193196,3.76450897952971,17.9866319478553,38,0.8
"1217",1224,102,340328,2018,"Conifer Forest",80440,"広島県",132.95,34.67,75,5,38.6818952002924,0.205713802952801,0.509865591397849,355,12.9,1564,51.3333333333333,110.333333333333,273.333333333333,271,2.42258078165431,-1.1320984396726,-1.06008811055005,0.860298848762553,0.101638775390701,0.612051200631896,0.220349554177196,0.482453628659305,1.44017385966196,0.302154103772959,0.374200329296177,0.931690186985642,3.66851851851852,2.85,0.410736552340121,0.0736351257255034,14.2536810411565,1.81449924366877,17.8571384167562,33.4814814814815,0.185185185185185
"1218",1225,103,390107,2018,"Conifer Forest",80440,"高知県",132.98,32.97,26,2,5.76871687766734,0.189509039922667,0.636048387096774,3,17.3,2179,53,122,382.666666666667,230.333333333333,0,-1.60504872673302,-1.29963463589104,0,0,0,0,0,0,0,0,0,4.38,2.88,0.37,0.0819596630698646,12.7259259259259,1.0125,22.3807339117917,35,0
"1219",1226,104,390112,2018,"Conifer Forest",80440,"高知県",132.98,33.15,33,3,44.6891024561995,0.257572021876556,0.550376344086022,241,14.8,2239,51,102.333333333333,364,277.333333333333,2.75252173153032,-1.24614207695217,-1.40893429252398,0.53634802156404,0.234051866242668,0.5383917168983,0.18814147884185,0.45935931472548,1.86667734798095,0.276765524891007,0.579721099619276,1.27564797050491,3.91905,2.69298333333333,0.412259212218649,0.0748743903848641,14.0452303740039,2.11854555067905,18.0869802646875,32.7083333333333,0.291666666666667
"1220",1227,105,390120,2018,"Conifer Forest",80441,"高知県",132.98,33.44,62,4,66.7833195810698,0.234852093344189,0.408279569892473,700,12.6,2203,50,96,323.333333333333,332,0,-1.96457189296925,-1.85228308501378,0,0,0,0,0,0,0,0,0,3.17,2.75,0.41,0.0775923918409506,11.96282374,4.254698741,16.9596241647564,40,1
"1221",1228,106,380254,2018,"Conifer Forest",80440,"愛媛県",132.98,34.01,55,4,5.22034308286205,0.153334554048963,0.611209677419355,167,14.8,1478,54.3333333333333,114,301.333333333333,224,0,-1.60504872673302,-1.29963463589104,0,0,0,0,0,0,0,0,0,4.38,2.88,0.37,0.0819596630698646,12.7259259259259,1.0125,22.3807339117917,35,0
"1222",1229,107,320318,2018,"Conifer Forest",80427,"島根県",133,35.13,70,4,65.5414155296167,0.206706242876733,0.455241935483871,656,10.8,1888,49.6666666666667,95,278.666666666667,528,0,-1.96457189296925,-1.85228308501378,0,0,0,0,0,0,0,0,0,3.17,2.75,0.41,0.0775923918409506,11.96282374,4.254698741,16.9596241647564,40,1
"1223",1230,108,390132,2018,"Conifer Forest",80440,"高知県",133.02,33.4,89,5,110.258990239253,0.358939814171962,0.49494623655914,410,13.9,2143,50.3333333333333,97.6666666666667,354,257,3.14139508021533,-1.69223025906913,-1.39824319780804,0.682359063087597,0.112784391101159,0.437003383525351,0.152434558892596,0.332500526381616,2.17027279341744,0.413834380227379,0.459944012921078,1.53088387598618,3.70227272727273,2.80318181818182,0.409737322420345,0.0820466710684775,13.2894677284779,2.48400100279305,22.677378650256,35.4545454545455,0.454545454545455
"1224",1231,109,390123,2018,"Conifer Forest",80440,"高知県",133.03,33.07,70,4,104.727263609666,0.195364444521596,0.605591397849462,182,16.3,2225,54,114.333333333333,385.666666666667,252,0,-1.60504872673302,-1.29963463589104,0,0,0,0,0,0,0,0,0,4.38,2.88,0.37,0.0819596630698646,12.7259259259259,1.0125,22.3807339117917,35,0
"1225",1232,110,340367,2018,"Conifer Forest",80440,"広島県",133.04,34.56,72,5,50.8111830726357,0.211078161537856,0.539220430107527,498,12,1627,52.6666666666667,101.333333333333,258,273.333333333333,0.952312057737672,-1.43082757898305,-1.07474848742322,0.510894808260448,0.0584355737084236,0.377986253566571,0.176118869975708,0.309609256574027,0.28768542381819,0.163738283622955,0.276332550864869,0.220217680560242,4.10444444444444,2.89669312169312,0.3865061414791,0.0834350900599579,13.6294649146813,1.11656081431918,21.0892765070716,33.2222222222222,0.037037037037037
"1226",1233,111,320332,2018,"Conifer Forest",80427,"島根県",133.04,35.13,60,4,34.6791043889807,0.261616132104146,0.455241935483871,511,11.7,1828,51,100,264,587,2.60516711695503,-2.05630696325655,0.952162265957457,0.811203473166379,0.21273093688093,0.445500029859327,1.47196243639914,0.659883289793109,0.800146018610167,0.549418221648031,0.197926726871776,1.49261177908652,1.98074074074074,3.2923569023569,0.45804533908214,0.138486662081118,15.300456400004,1.36934163208004,20.4227159241523,28.4090909090909,0.590909090909091
"1227",1234,112,320339,2018,"Conifer Forest",80427,"島根県",133.04,35.39,34,3,18.3264772547434,0.0903215839102329,0.545672043010753,199,13.6,1886,49.3333333333333,113.333333333333,272.666666666667,460.333333333333,1.84303737976503,-2.11127030185117,-0.619452437801183,1.1581756735087,0.20081008051107,0.283263870635335,0.845766120285386,0.0247614449121364,0.0500473341953102,0.121945109381482,0.160226397943818,1.08437607882354,3.69136363636364,2.99363636363636,0.383636363636364,0.108571798429948,12.6413751334483,0.990882541001422,23.6932991785451,33.8636363636364,0.227272727272727
"1228",1235,113,390141,2018,"Conifer Forest",80440,"高知県",133.07,33.26,22,2,16.9297103625057,0.205582976242571,0.511559139784946,501,13.8,2289,50,95.6666666666667,348.333333333333,295.333333333333,2.16015465649615,-2.02416199370758,-0.83664389384738,0.83156608637247,0.269321755038376,0.726142419368188,0.607106569641159,0.104967702783598,0.720320316569317,0.761540975507194,0.241282105138926,0.918530325591708,3.92636363636364,3.03727272727273,0.4071413884829,0.100132625279689,12.8207916017211,1.29578151854785,28.7274350248239,35.4545454545455,0.181818181818182
"1229",1236,114,340392,2018,"Conifer Forest",80440,"広島県",133.08,34.67,65,4,67.9691775802425,0.184593674377556,0.498306451612903,515,12.2,1606,54,114.333333333333,267.333333333333,265,2.22884863937513,-1.62737406423031,-0.455338828185672,1.16988267690605,0.17788193432644,0.617803733021335,0.85212451939525,0.488968497503633,0.489438950983172,0.270211061947359,0.333600916142567,1.02624348473311,3.45157894736842,3.01052631578947,0.409695847013031,0.100640085644847,14.2609420715343,1.19405948651599,21.0740677179038,31.8421052631579,0.210526315789474
"1230",1237,115,390155,2018,"Conifer Forest",80440,"高知県",133.11,33.26,66,4,39.9500872105818,0.27817274374025,0.553790322580645,255,15.3,2229,51,105.333333333333,344.333333333333,250,3.65761095963855,-3.48933712652839,-0.513275913048543,1.11545515749887,0.120696045776457,0.255961555617182,1.08628718068605,0.762265981904808,0.404147392879628,2.46724219897235,1.06440595339933,1.37212554810614,3.475,3.06333333333333,0.487129394426581,0.132834100660211,14.3554091079931,1.72674174539267,57.3594862413442,38.3333333333333,0.666666666666667
"1231",1238,116,320363,2018,"Conifer Forest",80427,"島根県",133.13,35.21,80,5,25.8757671904328,0.162891798812802,0.429569892473118,796,10.5,1917,49,97,272.333333333333,551.666666666667,2.23193763409596,-2.55339291962712,1.11222637200132,0.745582314743105,0.180417618600102,0.382613813240909,1.24201184307638,0.632253941654705,0.654762558108771,0.443247282118573,0.189414801395827,1.28191660203686,1.83529411764706,3.26823529411765,0.45016331567997,0.156272239849064,14.7172476347429,1.22698353338815,22.9333038006838,28.5294117647059,0.705882352941177
"1232",1239,117,390172,2018,"Conifer Forest",80440,"高知県",133.15,33.33,26,2,66.6237460106027,0.244934897926238,0.540618279569893,379,15,2227,51.3333333333333,107.333333333333,384.333333333333,259,2.8597338606331,-1.37694004234157,-0.498559908677704,1.04524133626782,0.507685683076552,1.20858914912236,0.434477731529168,0.338611302116569,1.39258360353338,0.781673298069058,0.394134318744437,0.652034060460035,3.5956,3.22,0.454568843729904,0.0935797786735632,13.6406068677827,1.83554365453741,25.5559633317827,33.4,0.12
"1233",1240,118,390179,2018,"Conifer Forest",80441,"高知県",133.15,33.58,68,4,140.002652989764,0.268019035285595,0.541666666666667,649,12.1,2195,54,108.333333333333,341.333333333333,285.333333333333,1.26853998788505,-1.82301729327568,-1.67051346916759,0.133817309248544,0.0416271274715682,0.168709690661211,0.202243380449605,0.185817603675596,0.922590220068567,0.062219128144123,0.247111789735235,0.66515781417887,3.21182569909,2.76707487178775,0.41448536526203,0.081522691322932,12.5217566039388,3.90365306100611,16.7099275357083,38.4561403508772,0.87719298245614
"1234",1241,119,320378,2018,"Conifer Forest",80427,"島根県",133.18,35.35,64,4,146.607181534068,0.376872672986577,0.54491935483871,211,13.3,1861,50.3333333333333,113,262.333333333333,440.333333333333,2.16046931525337,-1.36844651196,-1.23298724730616,0.664146736672967,0.169120040458043,0.537793389358843,0.119466399423259,0.398394811156722,1.36290480045627,0.247359671845257,0.211930828221473,0.857578467566329,3.97536265432099,2.82889660493827,0.398243037915327,0.0778589085216656,13.7819342131173,1.6341315203971,19.4762165479946,34.6875,0.166666666666667
"1235",1242,120,390198,2018,"Conifer Forest",80441,"高知県",133.2,33.69,66,4,158.269744256052,0.230918224634792,0.311182795698925,835,11.3,2187,51,91.3333333333333,275.666666666667,331.333333333333,2.57077198678418,-1.85138867396896,-1.67830116584551,0.568076393202058,0.0641281069729755,0.231947388904325,0.038745173520219,0.0623846702632193,2.09533189365932,0.140594575398596,0.196799337062956,1.33189347184993,3.55092592592593,2.79092592592593,0.397407407407407,0.0789672735241272,12.203059613347,3.23400654475926,18.6662698258601,38.4259259259259,0.685185185185185
"1236",1243,121,340455,2018,"Conifer Forest",80440,"広島県",133.21,34.7,52,4,21.1144837521317,0.161255473485531,0.450430107526882,572,11.4,1679,51,110.333333333333,272.333333333333,315.333333333333,1.26512728769986,-3.1979506651004,1.45466291247294,0.22635577830221,0.232549518093924,0.212960014273496,0.627367449964866,0.503234865520182,0.316460469902575,0.295013941219932,0.210853750768629,0.713505285015185,1.47,3.26266666666667,0.439140703108253,0.181452535814777,13.8860005207856,1.03925893296767,25.3248037619129,28.6666666666667,0.866666666666667
"1237",1244,122,320395,2018,"Conifer Forest",80427,"島根県",133.23,36.21,76,5,69.4757660160766,0.214471191963049,0.408629032258065,102,13.6,1851,49.6666666666667,100.666666666667,282.333333333333,440.666666666667,2.05473101638197,-2.11765142867878,1.18862122611857,0.554008093175922,0.548561615983788,0.337467506383272,0.566813694685298,0.566356392194867,0.80382849768098,0.37503205340366,0.448688604375025,1.13065755628721,1.68553140859434,3.64353606928361,0.446547824592527,0.099601701867445,14.7613190463502,1.15864096566138,24.6510596734549,26.7586206896552,0.758620689655172
"1238",1245,123,390209,2018,"Conifer Forest",80440,"高知県",133.24,33.54,59,4,90.0297531315056,0.146828820290727,0.573655913978495,83,16.1,2112,55,108.333333333333,374.666666666667,263.666666666667,0,-1.60504872673302,-1.29963463589104,0,0,0,0,0,0,0,0,0,4.38,2.88,0.37,0.0819596630698646,12.7259259259259,1.0125,22.3807339117917,35,0
"1239",1246,124,390234,2018,"Conifer Forest",80440,"高知県",133.33,33.58,63,4,128.614158723049,0.302772906050163,0.594166666666667,382,14.9,2168,54.3333333333333,102.333333333333,345.333333333333,282.666666666667,2.75151498236617,-1.7989843974979,-1.60943500814704,0.582011652187306,0.0937511829254853,0.260996055631835,0.0456327001509482,0.0756407745700838,2.21310455830243,0.15517949626381,0.278491398918501,1.42453312112407,3.57777777777778,2.81416666666667,0.399126535369775,0.0786311282672989,12.275214781927,3.09851586594634,18.9798120537823,37.6111111111111,0.638888888888889
"1240",1247,125,340510,2018,"Conifer Forest",80440,"広島県",133.34,34.77,73,5,54.0224802513243,0.243386447321844,0.447741935483871,481,11.9,1604,57,117,266.666666666667,260.333333333333,2.64463292840053,-1.68629917259654,-0.267638610527106,1.18174907206135,0.200267239395319,0.648896069151318,1.03019983673884,0.617906246663313,0.631944854339826,0.448982414716306,0.427663106276515,1.24817866021568,3.2296875,3.02970982142857,0.425173522909968,0.106051766296696,14.7898497832199,1.28471281384427,22.6834316425664,31,0.28125
"1241",1248,126,340511,2018,"Conifer Forest",80440,"広島県",133.34,34.81,66,4,57.9099404818328,0.301033054423846,0.463736559139785,541,11.9,1618,54,112.666666666667,277,273.333333333333,2.91668243897144,-1.44008680471727,-1.2019920547746,0.861875372764135,0.125967918261712,0.44426446106418,0.154390018006151,0.438485525613179,1.89870344587004,0.245048015054825,0.516649073738588,1.34928058580675,3.6578972520908,2.81432497013142,0.400136164298309,0.0826842490179258,13.7861562209656,2.0786881531594,19.1914537063311,33.3548387096774,0.32258064516129
"1242",1249,127,310032,2018,"Conifer Forest",80427,"鳥取県",133.36,35.24,78,5,80.2434420768563,0.29816484562507,0.419354838709677,638,11.5,1836,50.3333333333333,98.6666666666667,314.333333333333,525.333333333333,2.89782321475923,-1.33767430754629,-1.16552611806383,0.784626349105675,0.139711010740616,0.648906725975058,0.181417770171174,0.551962540993041,1.76640986435538,0.411294199057175,0.414876231576191,1.27217883804637,3.68903225806452,2.87709677419355,0.416447964941396,0.0788823861039464,14.2808147452814,2.12917108461395,20.5040905314095,34.3548387096774,0.290322580645161
"1243",1250,128,390241,2018,"Conifer Forest",80440,"高知県",133.37,33.44,61,4,63.4499101048592,0.162632134474984,0.611962365591398,152,16.4,2344,54,117.666666666667,383.666666666667,246,0.0948369613414542,-1.58350688195957,-1.2963714887585,0.0129702871812773,0.0167053350555651,0.0664333142061238,0.000532653881346146,0.0418125392040182,0.0455715083895092,0.000661181159578929,0.0175384075366506,5.98649670141016e-17,4.37392156862745,2.87254901960784,0.372520691633567,0.0819464531267358,12.8384575673116,1.02801470458134,22.3751246798007,34.9019607843137,0
"1244",1251,129,390242,2018,"Conifer Forest",80440,"高知県",133.37,33.47,25,2,89.2508644781365,0.289110299665733,0.602795698924731,16,16.9,2310,56,121,332.333333333333,204,1.10534802585704,-1.64224077841263,-1.35680516511063,0.244254302983657,0.0275729923964191,0.0997298048003093,0.0166591596929743,0.026823371529519,0.900924307592455,0.0604510774047473,0.0846172899933555,0.572670710327289,4.2548275862069,2.86655172413793,0.374137931034483,0.0815078763910114,12.6469843204853,1.34789986975862,21.8199294552018,35.5172413793103,0.103448275862069
"1245",1252,130,330011,2018,"Conifer Forest",80440,"岡山県",133.37,34.88,51,4,20.4932194520765,0.175649326113169,0.446586021505376,512,11.7,1659,53,111.333333333333,255,280.333333333333,0,-3.83242365725289,1.69316703570433,0,0,0,0,0,0,0,0,0,1.35,3.38,0.43,0.19905305865423,12.3539024390244,0.917383180406259,28.1560210855065,30,1
"1246",1253,131,390268,2018,"Conifer Forest",80440,"高知県",133.45,33.65,54,4,152.451718071289,0.34447511774051,0.523763440860215,442,13,2170,51,100.333333333333,331,279.333333333333,2.40105797847907,-1.43666628971879,-1.47889835772548,0.339652116316895,0.330222306983666,0.455582923390878,0.294584501874654,0.477944183558208,1.55176321306747,0.189531450682058,1.00627221716897,1.1201024882499,3.13857142857143,2.56047619047619,0.432243359363038,0.0831959168841852,13.5360009264645,3.5749088544558,14.8906104974306,32.7619047619048,0.761904761904762
"1247",1254,132,330043,2018,"Conifer Forest",80440,"岡山県",133.46,34.81,58,4,35.0134032937292,0.236843350678907,0.519301075268817,423,12.5,1537,56,112.333333333333,266,264,2.7851221710983,-1.53218693253998,-0.532050965245798,0.961886144684573,0.223159061236185,0.607405477040975,0.768062231610466,0.506361972794339,1.2289190272595,0.28879328366928,0.513478479998778,1.3395233914879,3.30272727272727,2.98590909090909,0.421424165448699,0.0963425737755323,14.3107421459054,1.66746187948545,20.4171531762664,31.0909090909091,0.318181818181818
"1248",1255,133,390283,2018,"Conifer Forest",80441,"高知県",133.5,33.8,76,5,80.1501194209464,0.201722558979395,0.30744623655914,537,12.4,2068,51,99,335.333333333333,326,2.85696342396936,-1.50189775660811,-1.40916026404643,0.535041220348005,0.178998582558547,0.353075244542392,0.117611192307791,0.339133759552863,2.07708712403692,0.174805148290544,0.474140089698931,1.48703873343869,3.41717888100867,2.87951142631994,0.41343258808237,0.0755425506020757,13.2431758401229,3.10154545062216,17.8215189224446,35.6382978723404,0.595744680851064
"1249",1256,134,330064,2018,"Conifer Forest",80440,"岡山県",133.5,34.81,58,4,30.6582347394091,0.0864356421296779,0.535241935483871,358,12.5,1534,54.3333333333333,112.333333333333,257.333333333333,279.333333333333,0.49136759773235,-1.4784185213119,-1.20202902091911,0.214372048992504,0.0800720352406494,0.266729986170739,0.0343210086085684,0.11656911311938,0.285447607414263,0.0820178932904587,0.0779140131177784,7.23327122104269e-17,4.27515151515151,2.91727272727273,0.380562281009451,0.0811361013976162,13.0533447751718,1.11392116345085,21.6545550272655,34.5454545454545,0
"1250",1257,135,390290,2018,"Conifer Forest",80440,"高知県",133.54,33.72,54,4,122.374579810756,0.302609924793066,0.483521505376344,474,14.1,2101,52.6666666666667,103,336.333333333333,255,0.893471652592607,-1.93522306307241,-1.80716892590172,0.197434916998611,0.0222877198014178,0.080613301352379,0.0134658827749252,0.0216817884756276,0.7282324762297,0.0488636363989932,0.0683975980050736,0.462899497695111,3.26877551020408,2.76061224489796,0.406734693877551,0.0779489037780048,12.025117795994,3.99002945602041,17.402163735943,39.5918367346939,0.918367346938776
"1251",1258,136,380341,2018,"Conifer Forest",80440,"愛媛県",133.54,33.94,54,4,44.5583645238142,0.361959058804279,0.492849462365591,767,11.7,1986,51.3333333333333,99.6666666666667,314.333333333333,305.333333333333,2.82218193043886,-2.4815733176576,1.45787984882122,0.754221578245892,0.608527158814811,0.74673046507354,1.3588520802075,0.675203605367996,0.105958648320094,0.57601521669864,0.692708636339245,1.46741204450238,1.80211831645887,3.17925196576685,0.466666666666667,0.17814463978829,14.9455070049182,0.910509028234435,20.4884035888526,24.7222222222222,0.611111111111111
"1252",1259,137,330105,2018,"Conifer Forest",80440,"岡山県",133.59,34.81,50,3,29.6962702950391,0.284436138917692,0.560779569892473,427,12.6,1517,55,107.666666666667,248.333333333333,273.666666666667,2.64512885070821,-2.00396141730291,-0.584061882383118,1.15318411848019,0.207290002436805,0.674055799543407,0.885851627646491,0.469468955881965,0.513008527402102,0.76480472807007,0.649953670717983,1.22470710078894,3.56454545454545,2.92097402597403,0.415969619994154,0.108255651387327,13.9654814227364,1.22415915154812,28.4288330526922,31.5454545454545,0.272727272727273
"1253",1260,138,330138,2018,"Conifer Forest",80440,"岡山県",133.63,35.17,50,3,27.3380391010481,0.163012574408248,0.366827956989247,603,11.1,1798,53.3333333333333,109,275.666666666667,416,0,-1.96457189296925,-1.85228308501378,0,0,0,0,0,0,0,0,0,3.17,2.75,0.41,0.0775923918409506,11.96282374,4.254698741,16.9596241647564,40,1
"1254",1261,139,330151,2018,"Conifer Forest",80440,"岡山県",133.67,34.81,74,5,31.9951728131239,0.194463518309133,0.532150537634409,339,12.8,1486,54.3333333333333,108,243,270.666666666667,2.28182809658761,-1.27758135250732,-0.484828732846015,1.0977166998723,0.234388090941616,0.770886152356974,0.654989027506785,0.579857517134795,0.768793044768721,0.353546519878081,0.416486843765823,0.787257033225889,3.463,3.02003571428571,0.422138818327974,0.0928838828880573,14.8319098222383,1.35869155609266,19.4175023935887,30.85,0.15
"1255",1262,140,330150,2018,"Conifer Forest",80440,"岡山県",133.68,34.78,54,4,34.4167814237634,0.217164276162282,0.556532258064516,371,12.9,1467,58,118.333333333333,255.666666666667,237,1.35671599943629,-3.18817113755991,1.40054507176504,0.453213136360075,0.109669493446263,0.23257741349907,0.754975100222103,0.384324823976116,0.398007016346502,0.269434356126397,0.115138562860362,0.779231792751626,1.59444444444444,3.3237037037037,0.440156336786948,0.177504201774591,13.5443281672381,1.07333002487121,25.525319045744,29.2592592592593,0.851851851851852
"1256",1263,141,330177,2018,"Conifer Forest",80440,"岡山県",133.72,34.88,54,4,65.3980378091341,0.41617880477398,0.504139784946237,458,12.2,1574,54,108,238,293,2.79563602411827,-1.90343890195728,-0.368124132584599,1.30300680019559,0.304399662397201,0.514571394430343,0.946864756219061,0.234394576404211,1.00913067012966,0.268403164372138,0.353991008501948,1.40471352987365,3.18265740740741,2.9972962962963,0.408283290996785,0.10696493518217,13.2543370289744,1.42428060344195,21.3293074159903,32.6,0.35
"1257",1264,142,390339,2018,"Conifer Forest",80440,"高知県",133.76,33.8,66,4,80.5768647073422,0.255392789065328,0.429650537634409,245,14.4,2000,53,96.6666666666667,347.666666666667,302.666666666667,0,-1.96457189296925,-1.85228308501378,0,0,0,0,0,0,0,0,0,3.17,2.75,0.41,0.0775923918409506,11.96282374,4.254698741,16.9596241647564,40,1
"1258",1265,143,370018,2018,"Conifer Forest",80440,"香川県",133.76,34.09,49,3,9.26735266516393,0.235907375736683,0.593333333333333,150,14.9,1493,55,110.666666666667,313.333333333333,244.666666666667,1.49312494503179,-3.10763957259829,1.36396732627262,0.498780761483235,0.120696045776457,0.255961555617183,0.830882922798782,0.422966178560671,0.43802402614221,0.296524223454323,0.126714994452301,0.857578467566328,1.625,3.31666666666667,0.441425878885316,0.174810594664636,13.6931313832649,1.09282338042933,25.1964812907736,29.1666666666667,0.833333333333333
"1259",1266,144,370019,2018,"Conifer Forest",80440,"香川県",133.76,34.12,34,3,58.6975656678664,0.185397414424897,0.593333333333333,130,15.3,1401,57,124,302.666666666667,210,0.536674184555973,-1.44642006734071,-1.27165508656377,0.157803485099775,0.00770227750131433,0.229472250440498,0.0638925258877418,0.291369623415093,0.28405963679649,0.0670416345698724,0.138111886755508,4.25191796664954e-17,4.30255319148936,2.87914893617021,0.379118197304508,0.0803002637062518,13.547141909456,1.11377555781403,22.1854634844291,34.1914893617021,0
"1260",1267,145,330202,2018,"Conifer Forest",80440,"岡山県",133.76,34.92,77,5,80.4079091340234,0.247717676795248,0.518790322580645,304,12.7,1545,54.6666666666667,108,259.666666666667,284.666666666667,0.817496471753316,-1.46838033570628,-1.18633885161152,0.309877265455634,0.116248318673267,0.345059585839621,0.029953625168547,0.114813395078152,0.567388007591134,0.104905579972055,0.0804287276848136,0.140255126334266,4.22302325581395,2.93139534883721,0.384152448216556,0.0812535943897689,13.0325117790832,1.22130165460957,21.4187114808363,34.6511627906977,0.0232558139534884
"1261",1268,146,390343,2018,"Conifer Forest",80440,"高知県",133.8,33.62,63,4,86.8208213320334,0.274972631615594,0.538279569892473,260,15.1,2211,56.3333333333333,107.666666666667,406.666666666667,284.333333333333,1.30352240148645,-1.91963149718972,-1.78320202887344,0.288045889756568,0.032516467595697,0.117610048249083,0.0196459281074799,0.0316324495581486,1.06244819687436,0.0712891611942602,0.0997880581311868,0.675343043208484,3.32125,2.76625,0.405,0.0781383007445648,12.0582115132407,3.849423898375,17.6372628831358,39.375,0.875
"1262",1269,147,360014,2018,"Conifer Forest",80440,"徳島県",133.8,33.9,25,2,31.7317078640163,0.231080879704043,0.39758064516129,947,12.2,2003,51.3333333333333,88.3333333333333,281.333333333333,415.666666666667,1.90837189477926,-1.49631619198254,-1.51288126735204,0.113220431548078,0.244373019703787,0.576969060780457,0.16035694249559,0.326623290558878,1.30426934356662,0.198133100648523,0.603959269425875,0.918530325591705,3.13153526222327,2.66389970840792,0.436232297573809,0.0728270547976364,13.0161557079909,3.72263042597739,14.9454826901318,35.9545454545455,0.818181818181818
"1263",1270,148,330232,2018,"Conifer Forest",80440,"岡山県",133.8,35.14,27,2,106.669322909761,0.156327796398681,0.433360215053763,416,12.4,1674,50,103,280,405.333333333333,0.566101157216974,-1.62302488504483,-1.32726705834718,0.125094214979995,0.0141214373558455,0.0510763638110303,0.00853194592096268,0.0137375209509674,0.461406074071149,0.0309598642900786,0.0433365281026867,0.293291835907685,4.3195,2.8735,0.372,0.0817412995084189,12.6877708166296,1.17460993705,22.1096784244399,35.25,0.05
"1264",1271,149,390352,2018,"Conifer Forest",80440,"高知県",133.84,33.58,70,4,105.338699636791,0.232250485406556,0.523575268817204,373,14.5,2242,56,107.333333333333,334.666666666667,268,1.90686705588875,-1.67695335998027,-1.41016432571559,0.421369987301037,0.0475669468828481,0.172046699152944,0.0287391862600848,0.0462737547822059,1.55420993371334,0.104285858661318,0.14597567360905,0.987930394636411,4.138,2.854,0.378,0.0810862088240818,12.5733054887407,1.6609397482,21.2965119623846,36,0.2
"1265",1272,150,390358,2018,"Conifer Forest",80440,"高知県",133.84,33.8,63,4,128.869114106853,0.244461827312898,0.279381720430108,796,11.5,2164,51.3333333333333,95.6666666666667,304.333333333333,322.333333333333,2.81452587725795,-1.82710715293775,-1.64097632505509,0.621939914214873,0.0702085667118163,0.253940034973798,0.0424188897545586,0.0682998218833382,2.29400579532733,0.153925386108022,0.215459336587753,1.45818013481693,3.63264705882353,2.79970588235294,0.394705882352941,0.0792622308402413,12.254598105207,3.0150345165,19.0324014209758,38.0882352941176,0.617647058823529
"1266",1273,151,330254,2018,"Conifer Forest",80440,"岡山県",133.85,35.1,66,4,69.5982756292411,0.322502185994083,0.496612903225806,544,12,1682,51,102.333333333333,254,321,1.7319243768789,-1.38001465611419,-1.14765119549335,0.573453964881529,0.161413692020711,0.548573773632991,0.0533456005085815,0.223074214960876,1.20988100408548,0.169860992131326,0.216457164300621,0.539712234322701,4.03967741935484,2.93064516129032,0.3963584047298,0.0805042546573536,13.3169322114853,1.53410656067804,20.5558851835592,34.1935483870968,0.0967741935483871
"1267",1274,152,360029,2018,"Conifer Forest",80440,"徳島県",133.89,33.94,48,3,154.618454367428,0.190492211167271,0.299704301075269,929,10.1,2174,51,94,273.666666666667,407.333333333333,0,-1.96457189296925,-1.85228308501378,0,0,0,0,0,0,0,0,0,3.17,2.75,0.41,0.0775923918409506,11.96282374,4.254698741,16.9596241647564,40,1
"1268",1275,153,330275,2018,"Conifer Forest",80440,"岡山県",133.89,35.06,44,3,89.4425710848165,0.314010764010402,0.570887096774194,137,13.9,1530,57,123,276.333333333333,221.666666666667,0.44356066702001,-1.48410368428735,-1.16694687821314,0.237045896393068,0.129210798919351,0.191444260828334,0.0561986171478861,0.177041004796325,0.0500564838823369,0.0500879763086138,0.186601481969203,1.00520192770116e-16,4.26486486486487,2.93972972972973,0.377528520900322,0.0805151715749249,13.2197536691622,1.03016216570455,22.0151295913679,33.9189189189189,0
"1269",1276,154,390375,2018,"Conifer Forest",80440,"高知県",133.93,33.72,88,5,169.701581964613,0.22683663865989,0.39494623655914,330,14,2097,51.6666666666667,98.6666666666667,324.333333333333,366.333333333333,0.457648093413301,-1.9501909663198,-1.83017714704887,0.101128796952249,0.0114160672518835,0.0412912077967065,0.00689740470242036,0.0111057011477292,0.373010384091202,0.0250286060787163,0.035034161666172,0.237103294712739,3.2184,2.7552,0.4084,0.0777670826901072,11.993347827437,4.12501079136,17.1764685546378,39.8,0.96
"1270",1277,155,330296,2018,"Conifer Forest",80440,"岡山県",133.94,34.99,67,4,59.5560884624645,0.23547806866193,0.557338709677419,263,13,1550,55,112.666666666667,292.666666666667,261,1.18002377755238,-1.5261262164089,-0.971464453700536,0.693334847828659,0.0841496845232082,0.370282885589023,0.32569437891677,0.310070556881723,0.26680300361231,0.155700256317974,0.293254701446753,0.409537472266369,3.99773368606702,2.91890652557319,0.386529073648752,0.0881881817644983,13.6008174043546,1.10341598586309,21.4053542011258,33.0714285714286,0.0714285714285714
"1271",1278,156,330317,2018,"Conifer Forest",80440,"岡山県",133.98,34.99,77,5,45.385224886824,0.243337935667123,0.574354838709677,262,13.5,1514,57,107.333333333333,271.333333333333,288,1.73345529844484,-1.02168191929265,-0.794166738022921,0.835734875907464,0.0947216920655007,0.758731920309618,0.348397682055525,0.648024767459118,0.642787895584436,0.33299305766918,0.402672093481756,0.323974087747279,3.75166666666667,2.94777777777778,0.416185091103966,0.0790110555957079,15.2597080139451,1.32639052575969,18.7075993343262,31.3888888888889,0.0555555555555556
"1272",1279,157,360055,2018,"Conifer Forest",80440,"徳島県",134.02,34.08,46,3,110.270753108964,0.124172590734329,0.581263440860215,641,12.7,1787,51,94.6666666666667,300.333333333333,299.333333333333,0,-1.60504872673302,-1.29963463589104,0,0,0,0,0,0,0,0,0,4.38,2.88,0.37,0.0819596630698646,12.7259259259259,1.0125,22.3807339117917,35,0
"1273",1280,158,390405,2018,"Conifer Forest",80440,"高知県",134.06,33.58,63,4,144.218657152502,0.351358928071768,0.452311827956989,424,14.6,2210,54,107.666666666667,346.333333333333,314.333333333333,2.83510902801747,-1.63462854717624,-1.33803167213908,0.386396343640034,0.244064814905782,0.448626976905306,0.117979133582343,0.187871074020555,2.02963734442919,0.322422335388376,0.745286911370653,1.41481389849165,3.39638683127572,2.91082304526749,0.423456727402644,0.0772445922185385,12.6988284082738,3.16596204130674,20.7159350007972,34.2,0.644444444444444
"1274",1281,159,370070,2018,"Conifer Forest",80440,"香川県",134.06,34.19,54,4,22.9806088638503,0.129676463293889,0.542822580645161,181,14.8,1389,56,112.666666666667,324.333333333333,230,2.58519070756815,-1.44359945441823,-1.04306506099674,0.86183246907959,0.170394756498254,0.552424316322018,0.224108577519034,0.350267067603316,1.6604469427298,0.25076773129095,0.335561993472052,1.1201024882499,3.74035273368607,2.93509700176367,0.403195740315419,0.084624756548363,13.6139162065603,1.83702205191691,19.6646859073315,33.9047619047619,0.238095238095238
"1275",1282,160,370078,2018,"Conifer Forest",80440,"香川県",134.1,34.19,44,3,84.4762797619585,0.319101289619738,0.524139784946237,377,13.2,1618,56,115.333333333333,324,235.333333333333,1.77589002836915,-1.75987820369678,-1.6217469169355,0.22848976644651,0.116755558097736,0.211706192966956,0.0384792332563531,0.133703480414078,1.34603328021802,0.0997338330325637,0.426237562588927,0.940656381611817,3.288125,2.80125,0.41455205687299,0.0770118116232287,12.3970212037081,3.70175319621701,17.9805681184784,37.125,0.8125
"1276",1283,161,370079,2018,"Conifer Forest",80440,"香川県",134.11,34.23,88,5,5.54163073928969,0.147347891368626,0.589462365591398,93,15.1,1317,58,119,258.333333333333,203,0,-1.96457189296925,-1.85228308501378,0,0,0,0,0,0,0,0,0,3.17,2.75,0.41,0.0775923918409506,11.96282374,4.254698741,16.9596241647564,40,1
"1277",1284,162,330380,2018,"Conifer Forest",80440,"岡山県",134.11,35.03,54,4,61.7526012570129,0.208034593731934,0.59739247311828,135,14,1518,56,120.666666666667,264,261,0.684135051659357,-1.50008074013399,-1.1344486604721,0.371206945820598,0.080568903545176,0.286591745800449,0.103265925236025,0.170192894094098,0.27080702274212,0.101470582554629,0.155737279382057,0.131311636810723,4.19320450885668,2.91645732689211,0.381676316230952,0.0835560988951716,13.1976695049917,1.10698191578815,21.612199800802,34.0652173913043,0.0217391304347826
"1278",1285,163,390422,2018,"Conifer Forest",80440,"高知県",134.14,33.4,53,4,51.7830509663419,0.18503147121072,0.492123655913978,318,14.4,2339,55,105.333333333333,422.666666666667,260,0.988723390706204,-1.41075462253631,-1.10926402050545,0.378366865327972,0.19042630722445,0.510986001621582,0.0228533040319956,0.0921693428722515,0.691654376004184,0.108179764654382,0.131953905106793,1.33526823231944e-16,4.18508617910847,2.96301175400307,0.391312304684105,0.0825826694033261,12.8679942306501,1.27133729243243,21.3719071902825,34.1891891891892,0
"1279",1286,164,360078,2018,"Conifer Forest",80441,"徳島県",134.14,33.72,32,3,113.759201708009,0.151538109162639,0.395752688172043,682,12.9,2162,51.6666666666667,97,323.666666666667,312.333333333333,0,-1.96457189296925,-1.85228308501378,0,0,0,0,0,0,0,0,0,3.17,2.75,0.41,0.0775923918409506,11.96282374,4.254698741,16.9596241647564,40,1
"1280",1287,165,360084,2018,"Conifer Forest",80440,"徳島県",134.15,33.94,40,3,130.129839128856,0.201822090387197,0.406801075268817,506,12.2,1999,53,103,314.666666666667,275.666666666667,2.50276301085399,-1.85671494309838,-1.68648855027696,0.55304810833261,0.0624316177837381,0.225811292638239,0.0377201819663614,0.0607343031516454,2.03990053799876,0.13687518949298,0.191593071611879,1.29665864296029,3.533,2.789,0.398,0.0789025732096248,12.1917543957778,3.2820391187,18.585957088867,38.5,0.7
"1281",1288,166,360107,2018,"Conifer Forest",80440,"徳島県",134.19,34.16,48,3,59.4531604949321,0.189326317508079,0.532768817204301,375,13.5,1625,53.3333333333333,99,337.333333333333,262,2.72173930987582,-1.73193925599287,-1.49468702969907,0.601436400559438,0.0678939985784597,0.245568385469167,0.0410204648175951,0.0660481794036678,2.21837923064621,0.148850922829736,0.208356281535409,1.41010826224055,3.95294117647059,2.83411764705882,0.384117647058824,0.0804182732243655,12.4565957426579,2.156805438,20.4674010598969,36.7647058823529,0.352941176470588
"1282",1289,167,330415,2018,"Conifer Forest",80440,"岡山県",134.2,35.03,49,3,35.4134234599447,0.157364902472799,0.594059139784946,230,13.6,1554,54,108.333333333333,307,294,0.214877809248864,-1.53433774081943,-1.26571452205754,0.0967816052099831,0.00884257345899102,0.111355521272305,0.037586102607936,0.0935849947229808,0.0924390331138114,0.0464194818639066,0.0587957574258676,5.55111512312578e-18,4.334,2.884,0.374285175777063,0.0810142834580913,12.9813709318773,1.04441747935149,21.9813355253023,34.6666666666667,0
"1283",1290,168,330417,2018,"Conifer Forest",80440,"岡山県",134.2,35.1,54,4,3.72499138893394,0.0883538934721578,0.586720430107527,229,13.6,1599,54,120.333333333333,300,266.666666666667,0,-3.83242365725289,1.69316703570433,0,0,0,0,0,0,0,0,0,1.35,3.38,0.43,0.19905305865423,12.3539024390244,0.917383180406259,28.1560210855065,30,1
"1284",1291,169,310160,2018,"Conifer Forest",80427,"鳥取県",134.2,35.43,64,4,111.431153874965,0.294040672103868,0.566451612903226,44,14.4,1850,51,102.666666666667,312.666666666667,474.333333333333,1.29383785733172,-1.60608821081476,-1.62009257714952,0.111469428806268,0.172058846567276,0.276228617690061,0.145220701161414,0.297531929039833,0.820804045170216,0.149840697987773,0.363077249410266,0.756069179568682,3.15343915343915,2.79506613756614,0.421988064997703,0.0734730199700862,12.8787242631723,3.93507707361469,15.5056411347683,37.6785714285714,0.857142857142857
"1285",1292,170,360112,2018,"Conifer Forest",80440,"徳島県",134.23,33.72,114,5,119.587154254951,0.513663397055146,0.407150537634409,1018,10.9,2306,50.3333333333333,95,326,344.333333333333,3.19138075155496,-1.5729244636909,-0.837504575926526,1.43017803712223,0.517252658340029,0.0409337400990218,0.563624707818104,0.554863827953023,0.349421699928976,1.81370258265073,0.539850863938796,1.53450726977549,3.18461538461538,2.09326923076923,0.50020486767252,0.092467866239606,17.7226896867546,1.60970283651426,33.7157536999364,27.6923076923077,0.461538461538462
"1286",1293,171,370098,2018,"Conifer Forest",80440,"香川県",134.24,34.23,61,4,65.7996222404556,0.278053812558918,0.554381720430108,235,14.8,1409,57,113,292.333333333333,229.666666666667,3.12933336114774,-1.25625858185578,-1.3964447082787,0.610406476984505,0.358121113698053,1.17784917931422,0.166098742769044,0.581231001810661,1.98936531307037,0.371194522758268,0.382317240404656,1.54014092134361,3.67380952380952,2.54809523809524,0.47462431174399,0.0771341708792272,13.9183465526562,2.98707289417082,16.4056865223446,36,0.523809523809524
"1287",1294,172,390443,2018,"Conifer Forest",80440,"高知県",134.27,33.54,56,4,54.8314096505369,0.203427484686015,0.576182795698925,133,16.1,2251,55,117.333333333333,349.666666666667,239,0.789599818560048,-1.40685860128437,-1.21383548440573,0.313695362004412,0.0248685474825672,0.31906870436037,0.103769966324141,0.256396434169278,0.453779944389208,0.137365486006428,0.162822360509798,0.146925995633018,4.21585365853659,2.88853658536585,0.383517587640185,0.0790861795420181,13.4549575973464,1.18499503080924,21.0795408355535,34.1463414634146,0.024390243902439
"1288",1295,173,360137,2018,"Conifer Forest",80440,"徳島県",134.28,34.01,65,4,82.3822969366192,0.201680512290983,0.548655913978495,567,12.8,1891,55.3333333333333,109.666666666667,345,251.333333333333,2.43277323626921,-1.95276425080053,-1.57222835785237,0.526601891564891,0.0940084591623904,0.204220363426027,0.193780600718087,0.0549120172385027,1.99071895069354,0.153261694336276,0.212792527126896,1.14181876098127,3.39204081632653,2.80755102040816,0.401020408163265,0.0836195058893899,12.1656683038604,3.32447392440434,18.7442386709997,38.3673469387755,0.755102040816327
"1289",1296,174,280005,2018,"Conifer Forest",80440,"兵庫県",134.29,34.99,44,3,56.339857122117,0.174493722528655,0.566854838709677,244,13.8,1528,55.3333333333333,113.666666666667,295,284,1.10073309331828,-1.3916994173309,-1.08706417352669,0.416912934013587,0.176901766356393,0.668436954434937,0.112824285456828,0.242342195481208,0.347137509940096,0.190562676632525,0.255990330815223,0.140255126334266,4.1653488372093,2.83906976744186,0.399700245270321,0.0821193788369947,13.4589993804693,1.13227838494131,21.1502410719373,33.4651162790698,0.0232558139534884
"1290",1297,175,280006,2018,"Conifer Forest",80440,"兵庫県",134.29,35.03,45,3,40.4598089934701,0.135779318454973,0.566397849462366,199,13.6,1564,55.3333333333333,119,300,275.666666666667,0,-1.60504872673302,-1.29963463589104,0,0,0,0,0,0,0,0,0,4.38,2.88,0.37,0.0819596630698646,12.7259259259259,1.0125,22.3807339117917,35,0
"1291",1298,176,330436,2018,"Conifer Forest",80440,"岡山県",134.29,35.07,63,4,85.5042873469998,0.274796672154961,0.567903225806452,306,13.3,1602,53,110.333333333333,312.666666666667,324.333333333333,1.32721054704797,-1.65094530114616,-1.3701855017365,0.29328037821428,0.0331073702274237,0.11974730644982,0.0200029419985878,0.0322072874502679,1.08175544277242,0.0725846571714696,0.101601447792628,0.687615654935936,4.22553191489362,2.86340425531915,0.375106382978723,0.0814021390831947,12.6285086255949,1.42639771161702,21.6886773483404,35.6382978723404,0.127659574468085
"1292",1299,177,310178,2018,"Conifer Forest",80427,"鳥取県",134.29,35.35,53,4,135.728826109812,0.282639568870553,0.52010752688172,340,12.2,1834,51.3333333333333,103,284.333333333333,468.666666666667,0,-1.96457189296925,-1.85228308501378,0,0,0,0,0,0,0,0,0,3.17,2.75,0.41,0.0775923918409506,11.96282374,4.254698741,16.9596241647564,40,1
"1293",1300,178,370114,2018,"Conifer Forest",80440,"香川県",134.33,34.52,59,4,127.287589011433,0.227920006780649,0.520967741935484,431,12.8,1533,54.3333333333333,102,305,293,0.997579617474868,-1.61459582655042,-1.0352468364818,0.669138101975198,0.09959796731488,0.288789397373561,0.300465038611664,0.181677948512123,0.145035992274087,0.117915867503343,0.112786901807584,0.378339374457641,4.02615629040945,2.87074698916733,0.382364280217174,0.0876442655180223,13.2128281938574,1.05763121225521,21.7364506497225,34.672131147541,0.0655737704918033
"1294",1301,179,280015,2018,"Conifer Forest",80440,"兵庫県",134.33,35.03,60,4,125.461421481089,0.181261844121341,0.56741935483871,299,13.2,1590,56,118,292.666666666667,289.666666666667,0.154751373346235,-1.60977929470981,-1.30690632601108,0.0341961879410252,0.00386028503312587,0.0139624117430647,0.00233232229214244,0.00375533631477824,0.126131562747252,0.00846329574921965,0.0118466234425629,0.0801752722447745,4.36407894736842,2.87828947368421,0.370526315789474,0.0819021989747473,12.71588510769,1.05516050975,22.3094035203833,35.0657894736842,0.0131578947368421
"1295",1302,180,330443,2018,"Conifer Forest",80427,"岡山県",134.33,35.21,76,5,145.595660267628,0.138814024180345,0.393467741935484,614,11.4,1804,49.3333333333333,99,291.666666666667,550,0,-1.60504872673302,-1.29963463589104,0,0,0,0,0,0,0,0,0,4.38,2.88,0.37,0.0819596630698646,12.7259259259259,1.0125,22.3807339117917,35,0
"1296",1303,181,310192,2018,"Conifer Forest",80427,"鳥取県",134.33,35.5,74,5,86.9320260337191,0.406444306178082,0.542150537634409,211,12.4,1923,52,99.3333333333333,298.333333333333,441.666666666667,2.31827963674899,-1.58628614446501,-1.47082248281243,0.330167131861264,0.220142097586503,0.417958639650179,0.148345847603577,0.174903574702628,1.72377954369539,0.176364429469582,0.380019315593809,1.22470710078894,3.26755892255892,2.80281144781145,0.421686843028354,0.074105579568396,12.5973788172399,3.46359332858308,16.1170994714308,37.1363636363636,0.727272727272727
"1297",1304,182,360159,2018,"Conifer Forest",80440,"徳島県",134.36,33.61,60,4,94.0995187999099,0.227767762697432,0.612876344086022,9,16.8,2266,52,115.666666666667,354.666666666667,239.666666666667,1.88849022570652,-1.54112308855112,-1.37535488388243,0.377555752662634,0.107342992376914,0.413779494658074,0.0249704957878034,0.225838376409852,1.38296718326407,0.0919064488490384,0.147465221298939,0.877040248299671,4.13714285714286,2.81428571428571,0.391549174092788,0.0811339929049574,13.2510071181297,1.65873406230269,21.418707002981,35.2857142857143,0.171428571428571
"1298",1305,183,280024,2018,"Conifer Forest",80440,"兵庫県",134.37,34.99,51,4,10.907210049222,0.0905872611245291,0.590456989247312,251,13.9,1529,52,111.666666666667,283.333333333333,288.333333333333,0.600175949970967,-1.39291576899224,-1.19787429439053,0.270321035241677,0.0246982224199404,0.31102749045023,0.104981872801476,0.261392571467636,0.258191782145473,0.129654414861256,0.164222632810182,6.10622663543836e-17,4.242,2.892,0.38285552733119,0.0791235242345448,13.49226094378,1.10825243805447,21.1825387523235,34,0
"1299",1306,184,310199,2018,"Conifer Forest",80427,"鳥取県",134.37,35.39,45,3,17.7541257201462,0.332626001202409,0.506747311827957,518,12.1,1870,49.3333333333333,96.6666666666667,245,504,3.04189154689131,-0.766935775330476,-1.38468955590621,0.401541647537672,0.276291528204926,0.542277472863563,0.162815717170526,0.942394767448635,1.65537601916322,0.374033828542202,1.42996578229274,1.51213835913736,3.11571428571429,2.53857142857143,0.445301506660542,0.0706646761631969,16.3143224009663,3.28779187722191,16.8124351014789,26.2857142857143,0.571428571428571
"1300",1307,185,360183,2018,"Conifer Forest",80440,"徳島県",134.41,33.97,60,4,10.2762707552621,0.14203093912261,0.533682795698925,574,12.9,1954,54.3333333333333,109.666666666667,365,275.333333333333,2.48402296918501,-3.29875172460042,0.680181286927727,0.808413493936464,0.294026457380242,0.109723660174071,1.01949218467898,0.0302482422342686,2.04056887643636,0.274725799170378,0.372386922472068,1.52259157662879e-15,1.87,3.2,0.424285714285714,0.164350010993293,12.2421656678746,1.87090191200447,24.9570505367208,32.8571428571429,1
"1301",1308,186,360197,2018,"Conifer Forest",80440,"徳島県",134.45,33.97,50,3,13.0194649024876,0.263403496047213,0.539516129032258,386,14,1891,55.3333333333333,110,323.333333333333,232.666666666667,2.76092864067807,-1.91859857777401,-1.10128332373565,0.625743137133513,0.278236147632045,0.769132379025747,0.710493059112213,0.381360579753604,2.01756775397953,0.227085098492128,0.283841587573154,0.857578467566329,3.075,2.73,0.448333333333333,0.0954036639695627,13.2485334887498,3.24458722544082,16.9324196240887,37.6666666666667,0.833333333333333
"1302",1309,187,280059,2018,"Conifer Forest",80427,"兵庫県",134.46,35.53,73,5,25.4745140436154,0.155424676955317,0.498172043010753,240,13.2,1951,49.6666666666667,98.6666666666667,280.666666666667,484.333333333333,3.33600259739356,-1.01392406428325,-1.23041849680888,0.758812156211095,0.23626504681797,0.533049772540333,0.177842238732024,0.902311599152764,2.1116252662837,0.273327076466977,0.820573313186971,1.53450726977549,3.24692307692308,2.85538461538462,0.419777734355676,0.0737180367595675,15.3631157733618,2.90098949123077,16.172719100097,32.1538461538462,0.461538461538462
"1303",1310,188,360209,2018,"Conifer Forest",80440,"徳島県",134.49,33.9,55,4,271.038305195488,0.261861735187574,0.533064516129032,283,13.2,2017,51.6666666666667,99.6666666666667,307.666666666667,316.333333333333,2.24229635709659,-1.49861048899621,-1.42430343882744,0.309843342583845,0.174405351501356,0.685236095375568,0.132709050887678,0.336709837062003,1.3345627218274,0.12184226090918,0.480298565510548,1.29188614267185,3.25137263950052,2.76928595761975,0.440518792047984,0.0798193912067699,12.7830809945816,3.62009971118286,16.8437091705067,36.25,0.701923076923077
"1304",1311,189,360212,2018,"Conifer Forest",80440,"徳島県",134.49,34.01,50,3,50.6624407785334,0.128075088379214,0.595618279569892,176,15.3,1765,55.6666666666667,115.666666666667,343,239.333333333333,0.829585407969645,-1.31849774328011,-1.12128205040757,0.361035326923421,0.0775548047002959,0.445864865012145,0.136877346187895,0.286172836013463,0.322465871143205,0.140846860811331,0.309404960367009,8.32667268468867e-17,4.18434782608696,2.92,0.389562758982245,0.0780342941346326,13.6165400363037,1.13944830793174,21.1762755773033,33,0
"1305",1312,190,280068,2018,"Conifer Forest",80440,"兵庫県",134.51,34.99,47,3,49.0116626971601,0.253578236811603,0.587043010752688,408,12.9,1608,51.6666666666667,106,257.666666666667,292.666666666667,2.54713893483149,-1.70616721934047,-0.224587444495634,1.25511377071418,0.25620594306611,0.659212895831143,1.00355307244615,0.484534887454124,0.640558670364647,0.300913389890646,0.319321786019798,1.20747048233339,3.22666666666667,3.07433333333333,0.419044387995713,0.107551752660689,14.2641054266796,1.25828619132839,21.1250217860231,31.5,0.266666666666667
"1306",1313,191,280083,2018,"Conifer Forest",80427,"兵庫県",134.51,35.61,68,4,106.862514435316,0.303201962474912,0.520618279569892,92,14.4,1989,50.6666666666667,100,292,521.333333333333,1.02146985770623,-1.81102701314004,-1.04588889728529,0.57309069796172,0.0931914638360072,0.148682332601309,0.390382584369357,0.0168531217610325,0.211628460941476,0.0575228610133322,0.0756910900195077,0.609833576936056,4.08377777777778,2.92155555555556,0.376222222222222,0.0922709144278323,12.6758993451807,1.07609403250278,22.7736236661878,34.6666666666667,0.111111111111111
"1307",1314,192,360235,2018,"Conifer Forest",80440,"徳島県",134.58,33.86,50,3,31.3615749208816,0.260808499187983,0.572096774193548,116,15.9,2018,55,116.666666666667,347.666666666667,231.666666666667,2.6139747830852,-1.65913805155644,-1.28074783397049,0.422163314334686,0.276950627617858,1.02521444567915,0.389731019237953,0.217580639397394,1.57463664858132,0.180781165014586,0.485865777544917,1.31529194552185,3.16076923076923,2.63051282051282,0.447798461538461,0.089585236821872,11.4230867719886,3.49554255884615,16.1682838341232,36.1538461538462,0.692307692307692
"1308",1315,193,280207,2018,"Conifer Forest",80427,"兵庫県",134.73,35.39,79,5,41.2448164124118,0.416775274647484,0.557795698924731,100,14.1,1851,49.3333333333333,98,292.333333333333,479,2.75786557669861,-1.73578442354619,-1.50059770829931,0.609419403121334,0.0687951711115572,0.248827870675745,0.0415649388059078,0.066924851957736,2.24782428429616,0.150826655088683,0.21112184199656,1.42882495092043,3.94,2.83272727272727,0.384545454545455,0.0803715644411686,12.4484342219528,2.19148136036364,20.4094212765061,36.8181818181818,0.363636363636364
"1309",1316,194,280228,2018,"Conifer Forest",80440,"兵庫県",134.77,35.03,60,4,8.17486585770659,0.0804079653388151,0.60236559139785,150,13.9,1564,54.3333333333333,117,269.333333333333,370.333333333333,0.600175949970967,-1.39291576899224,-1.19787429439053,0.270321035241677,0.0246982224199404,0.31102749045023,0.104981872801476,0.261392571467636,0.258191782145473,0.129654414861256,0.164222632810182,6.10622663543836e-17,4.242,2.892,0.38285552733119,0.0791235242345448,13.49226094378,1.10825243805447,21.1825387523235,34,0
"1310",1317,195,280249,2018,"Conifer Forest",80440,"兵庫県",134.81,34.34,37,3,62.5931410950867,0.20871570576977,0.594381720430108,101,15.4,1476,56,116.333333333333,302,235,1.8859095234014,-0.880299786286163,-0.921873560301397,0.801015704356623,0.0805317897012313,0.84051829401522,0.169090993426428,0.778039274772466,0.714490493084365,0.424435671475,0.802257972876407,2.73855012740872e-16,3.85614814814815,2.83540740740741,0.416899915326902,0.0791018600997917,15.2560044572658,1.37021540925876,19.1505409605928,28.7666666666667,0
"1311",1318,196,280265,2018,"Conifer Forest",80427,"兵庫県",134.81,35.17,78,5,22.0819871544212,0.17634391391701,0.496854838709677,414,12.8,1723,47.3333333333333,98.6666666666667,279.666666666667,520.333333333333,2.05225223735822,-2.19901537487165,-0.501554190132275,1.28964753689105,0.223605305859542,0.315418948447063,0.941774394645626,0.027572273508437,0.0557285243933764,0.135787871863427,0.17841471218884,1.20747048233339,3.572,3.01333333333333,0.386,0.113184568559029,12.6267196627522,0.987135514775002,23.920810491449,33.6666666666667,0.266666666666667
"1312",1319,197,280343,2018,"Conifer Forest",80440,"兵庫県",134.94,34.49,44,3,69.4229885855489,0.319177989177353,0.58239247311828,353,13.7,1565,57,118.333333333333,309,224.333333333333,2.83345671278945,-1.18853429372593,-1.38758795786514,0.14981709606422,0.189129684206956,0.639752819372359,0.174997262406933,0.590588849642314,1.65913496073625,0.570982128408023,1.25551093762517,1.49070429917703,3.13185185185185,2.6262962962963,0.445444350363225,0.0710915454931137,14.47113390967,3.3202070778571,23.7532576477627,28.7777777777778,0.592592592592593
"1313",1320,198,260011,2018,"Conifer Forest",80427,"京都府",134.98,35.35,62,4,133.335661501555,0.410534264797215,0.540725806451613,402,12.1,1864,49,96.3333333333333,289.333333333333,471,2.91062397193283,-1.49933774912648,-1.39675468966776,0.741787853809194,0.116022351395611,0.370928186333834,0.0563462099707688,0.366002641254221,2.11352853851277,0.223965262435265,0.320964517803834,1.38970471890943,3.79131578947368,2.79236842105263,0.393833311050939,0.0796544612538443,13.4909862242219,2.19265299517453,19.1631910579276,34.9473684210526,0.342105263157895
"1314",1321,199,260015,2018,"Conifer Forest",80427,"京都府",134.98,35.6,75,5,24.3947360869084,0.190294878030816,0.550779569892473,110,14,1993,48.6666666666667,100.333333333333,277,446.666666666667,0.692244463634333,-1.35548054115564,-1.17991658706691,0.31178896798348,0.0284869924105426,0.358739896713069,0.121086358479211,0.301490855210653,0.297799056684514,0.149543731097181,0.189414801395827,1.95921710227969e-17,4.21764705882353,2.89411764705882,0.3851241498014,0.078623029145959,13.6274965351661,1.12514992712291,20.9710925477114,33.8235294117647,0
"1315",1322,200,280387,2018,"Conifer Forest",80427,"兵庫県",134.99,35.39,58,4,7.04224858814926,0.0595454506114265,0.503736559139785,520,12.3,1881,48.6666666666667,93.6666666666667,297.666666666667,469.666666666667,0,-1.96457189296925,-1.85228308501378,0,0,0,0,0,0,0,0,0,3.17,2.75,0.41,0.0775923918409506,11.96282374,4.254698741,16.9596241647564,40,1
"1316",1323,201,280388,2018,"Conifer Forest",80427,"兵庫県",134.99,35.42,69,4,46.9788695746741,0.219469355906872,0.529489247311828,417,12.8,1884,50.3333333333333,95.3333333333333,275.666666666667,473,0.464929855370231,-1.48565453305025,-1.2076064846318,0.20286736865421,0.0757748184448511,0.252415418380984,0.0324151092909636,0.110313211801742,0.270128523176994,0.0776162483523165,0.0737326106494696,2.22044604925031e-17,4.28114285714286,2.91514285714286,0.379958722094626,0.0811831620646018,13.0346351266435,1.10812566839652,21.6960509635241,34.5714285714286,0
"1317",1324,202,280400,2018,"Conifer Forest",80440,"兵庫県",135.03,34.96,63,4,12.4414124883345,0.156447327486051,0.617822580645161,214,14.2,1520,52.6666666666667,107.666666666667,266.666666666667,406,0.489243158976115,-1.49318835743364,-1.14824834102792,0.189167222132901,0.140035646093855,0.341319605432352,0.0445719448958744,0.091679130702386,0.155647046985961,0.0192282795769465,0.180216880998828,1.85037170770859e-17,4.28222222222222,2.94888888888889,0.384283919256877,0.0807404775736645,12.9980650286845,1.07094445900758,22.5606523660371,33.8888888888889,0
"1318",1325,203,280403,2018,"Conifer Forest",80440,"兵庫県",135.03,35.06,61,4,98.3463866780617,0.209631548263845,0.597661290322581,516,13.2,1647,50.6666666666667,102.333333333333,258.666666666667,397,0.377939923063144,-1.61683637152765,-1.31775425717375,0.0835152823527315,0.00942774074875046,0.03409955405141,0.00569608972502353,0.00917143083898852,0.308043489952591,0.0206693955288154,0.028932292202815,0.195807220114043,4.34032786885246,2.87573770491803,0.371311475409836,0.0818164738492445,12.7009061821251,1.11880159806557,22.2029926086102,35.1639344262295,0.0327868852459016
"1319",1326,204,280404,2018,"Conifer Forest",80440,"兵庫県",135.03,35.1,64,4,39.0531116623695,0.147905122238483,0.591129032258064,384,13.7,1631,49.6666666666667,99,260,410.333333333333,2.16741703634596,-2.12021627853099,-0.481078762480021,1.28352200472485,0.242963282681366,0.457749812000873,0.948079185422049,0.157364144995619,0.174230605490954,0.137326491600611,0.20649295545659,1.21481825523893,3.54038461538462,2.98538461538462,0.396042713331684,0.113432984411842,13.0672360418118,1.04775700500542,23.9136134715195,33.2692307692308,0.269230769230769
"1320",1327,205,280438,2018,"Conifer Forest",80440,"兵庫県",135.12,34.99,56,4,9.57086301719481,0.199153501274355,0.578467741935484,520,12.5,1693,53,111,255,381,1.78758222678853,-1.00807775831919,-0.839493879594816,0.768437002478067,0.305227465280442,0.956119009018877,0.143826158931384,0.4178530750066,1.02321410294316,0.294000940728472,0.279290191854051,1.58603289232165e-16,3.88571428571429,3.05571428571429,0.419793610473128,0.0780771580435505,14.2694719295138,1.49062834198258,18.9573191704539,32.8571428571429,0
"1321",1328,206,260043,2018,"Conifer Forest",80427,"京都府",135.12,35.39,63,4,49.0335116469411,0.215834437740414,0.553655913978495,141,14.1,1812,50.3333333333333,98.3333333333333,281.666666666667,472.333333333333,1.23294680013056,-1.55235781962192,-1.06353405035278,0.543477470084424,0.193364446677452,0.431523193847492,0.160436634389404,0.0774705297367064,0.743955378342742,0.111701547120076,0.0878718011469464,0.396464337918892,4.09034482758621,2.96931034482759,0.388620689655172,0.0859284158523973,12.9034368921439,1.28580448096803,21.5666054372163,34.6551724137931,0.0689655172413793
"1322",1329,207,260044,2018,"Conifer Forest",80427,"京都府",135.12,35.42,69,4,109.248073589627,0.316752559317047,0.527311827956989,222,13.9,1846,52,106,293.333333333333,487.666666666667,3.03209529148299,-0.912133274697733,-1.14335680443668,0.486252463568538,0.157928305511593,0.642103754592001,0.111981317203224,0.900527668344907,1.79843342753054,0.277501169603036,1.00611705595127,1.53292151077481,3.06175925925926,2.80671296296296,0.438328621382637,0.0749064487566506,15.6700577472216,3.16475394231659,14.7202012641216,30.7916666666667,0.541666666666667
"1323",1330,208,280449,2018,"Conifer Forest",80440,"兵庫県",135.16,34.77,64,4,127.522291875213,0.355000621649822,0.576397849462366,371,12.9,1651,54.3333333333333,106,257,309.666666666667,2.80678928261425,-4.4609616585485,-1.10939107210444,0.500179938684279,0.154312552171751,0.107962319061073,0.779437702326107,0.342859812847963,0.396294259531733,1.85458120561,1.19784460061848,1.12010248824991,4.17826666666667,3.02765714285714,0.49433835553514,0.137053295744402,12.1014010357775,1.91693736646451,76.8059394091033,40.8095238095238,0.761904761904762
"1324",1331,209,280458,2018,"Conifer Forest",80440,"兵庫県",135.16,35.1,76,5,38.7651589574274,0.281071268792278,0.577096774193548,314,13.8,1641,49.3333333333333,102.666666666667,267.333333333333,408.333333333333,3.25589810656243,-1.25028566429782,-1.31524291263001,0.68494289207715,0.384239513292499,0.864637255747827,0.2381508172199,0.239726158560321,2.21722931042365,0.293651634336663,0.585578435587327,1.51213835913736,3.61736772486772,2.69113756613757,0.432753948093707,0.0722079288628553,13.1147306990747,2.61498272774961,16.3152673796157,33.6428571428571,0.428571428571429
"1325",1332,210,280486,2018,"Conifer Forest",80440,"兵庫県",135.25,35.03,54,4,74.6488604584372,0.458835603469639,0.528440860215054,455,13,1690,49.3333333333333,95.6666666666667,276.666666666667,386.666666666667,3.1968848860742,-1.76386696698465,-1.50095644501887,0.789460708713133,0.415818758444937,0.567605980200552,0.199902341867303,0.47580527470756,2.12799191247885,0.607508441023274,0.404644220096432,1.5271218942061,3.64777702465436,2.60260573583472,0.422015247810178,0.0809372064066591,14.0235753011648,2.53822699163233,23.366949564941,36.2068965517241,0.551724137931034
"1326",1333,211,280488,2018,"Conifer Forest",80440,"兵庫県",135.25,35.1,67,4,30.8134993885611,0.258954157455944,0.553817204301075,280,13.9,1657,49.6666666666667,100.666666666667,274.333333333333,404.333333333333,2.89027665619161,-1.15479767422068,-1.15209998954454,0.474041235713666,0.260703458877148,0.736514130081244,0.169646254474192,0.533334187926563,1.88485473279233,0.204758975514612,0.456173980028283,1.54364124161939,3.291,2.95,0.437711054662379,0.074222135101668,14.1911920533286,3.06404164794227,16.0755935598693,35,0.5
"1327",1334,212,280489,2018,"Conifer Forest",80440,"兵庫県",135.25,35.13,58,4,108.329514091674,0.257830128497284,0.55,621,12.2,1781,49.6666666666667,97.6666666666667,273,527,0,-1.96457189296925,-1.85228308501378,0,0,0,0,0,0,0,0,0,3.17,2.75,0.41,0.0775923918409506,11.96282374,4.254698741,16.9596241647564,40,1
"1328",1335,213,300043,2018,"Conifer Forest",80440,"和歌山県",135.26,34.13,66,4,139.45503539676,0.241500389106575,0.587069892473118,303,14.9,1794,56.3333333333333,111,304.666666666667,246.333333333333,0,-1.96457189296925,-1.85228308501378,0,0,0,0,0,0,0,0,0,3.17,2.75,0.41,0.0775923918409506,11.96282374,4.254698741,16.9596241647564,40,1
"1329",1336,214,300051,2018,"Conifer Forest",80440,"和歌山県",135.31,33.87,58,4,81.4295249472489,0.171181847718037,0.559059139784946,241,15.2,2055,55,113.333333333333,364,251.666666666667,0.100638316086014,-1.58216051666123,-1.29616754206272,0.0137637039674444,0.0177272317234172,0.0704971645985765,0.000565237317994125,0.0443702906256393,0.0483592030042736,0.00070162685082506,0.0186112648101818,6.93889390390723e-18,4.37354166666667,2.87208333333333,0.372678234860664,0.0819456275052903,12.8454907948982,1.02898437361768,22.3747741028013,34.8958333333333,0
"1330",1337,215,260121,2018,"Conifer Forest",80440,"京都府",135.38,35.21,58,4,7.17397905158042,0.175157683995238,0.549327956989247,304,14,1740,49,100,256,539,2.71793589719678,-2.13232635743965,0.0864989980580096,1.34246388516157,0.343945615922132,0.534538929129621,1.17562870525226,0.415390458971774,0.361680716947308,0.208596235671077,0.510914857631677,1.48189559195461,2.892,3.004,0.419711054662379,0.127592588286431,13.9099580388515,1.11584022232406,23.8186234712668,29,0.4
"1331",1338,216,260122,2018,"Conifer Forest",80440,"京都府",135.38,35.24,64,4,18.2477348133908,0.214165794991724,0.549327956989247,420,12.2,1841,48.3333333333333,95.6666666666667,290.333333333333,536.666666666667,2.58372894143193,-2.39562796312742,1.27192330965358,0.594909417332731,0.246372391547059,0.737304392771475,1.1673919403595,0.448244062320108,1.27282551516816,0.474438757526917,0.105426875384314,1.37212554810613,1.76,3.45133333333333,0.471140703108253,0.156477178979482,14.1279846611119,1.55463350701013,22.2369414960408,29.3333333333333,0.666666666666667
"1332",1339,217,260149,2018,"Conifer Forest",80440,"京都府",135.47,35.17,58,4,4.13331498178668,0.0686748071880115,0.568978494623656,242,13.9,1750,49.3333333333333,105,280.666666666667,494.666666666667,0,-3.83242365725289,1.69316703570433,0,0,0,0,0,0,0,0,0,1.35,3.38,0.43,0.19905305865423,12.3539024390244,0.917383180406259,28.1560210855065,30,1
"1333",1340,218,260165,2018,"Conifer Forest",80440,"京都府",135.51,35.21,53,4,102.431177361631,0.214968540984063,0.505752688172043,283,13.6,1785,49,97.6666666666667,283.333333333333,511.333333333333,0,-1.96457189296925,-1.85228308501378,0,0,0,0,0,0,0,0,0,3.17,2.75,0.41,0.0775923918409506,11.96282374,4.254698741,16.9596241647564,40,1
"1334",1341,219,300155,2018,"Conifer Forest",80440,"和歌山県",135.52,33.91,104,5,100.858275744954,0.383998382984738,0.484059139784946,547,13.4,2372,50,100,323.666666666667,298.333333333333,0.670713446429161,-1.69425210937978,-1.21549142132302,0.296272860834595,0.0384227201737082,0.0863046387694982,0.160552425750972,0.0138115930932232,0.323747578845024,0.0238931521962882,0.0314602744847092,0.396464337918892,4.23379310344828,2.89275862068965,0.373448275862069,0.0858467708062595,12.6867836613456,1.12102006625539,22.3929469265048,35,0.0689655172413793
"1335",1342,220,260171,2018,"Conifer Forest",80440,"京都府",135.56,34.92,74,5,32.4073356215174,0.218195302351769,0.56508064516129,275,14.3,1632,53,105,270.333333333333,349.333333333333,2.49794131526136,-1.52025596767386,-1.30950505178586,0.613519177499277,0.0879273948878559,0.408471402499766,0.095123714639089,0.168442999581106,1.82614015512125,0.173736281203821,0.291648073657972,1.19728406552197,3.93368421052632,2.88473684210526,0.394058449822305,0.0782976757474904,12.9982200491495,1.94379043245331,20.442041120403,34.6842105263158,0.263157894736842
"1336",1343,221,260173,2018,"Conifer Forest",80440,"京都府",135.56,34.99,54,4,85.9428115171377,0.242003773646627,0.586424731182796,352,13.6,1700,53,107,268.666666666667,356.333333333333,2.26114128201092,-1.55825767527758,-1.56594278334235,0.318843424021662,0.0642796579497947,0.297862204813815,0.0820901849931292,0.390605504242971,1.64390463627079,0.113188853344754,0.489429029850652,1.21777395248279,3.29594594594595,2.76571428571429,0.416561523420527,0.0759669753600302,13.2737340483027,3.50279107051734,16.7575863244145,36.3243243243243,0.72972972972973
"1337",1344,222,260177,2018,"Conifer Forest",80440,"京都府",135.56,35.14,84,5,56.3397864511847,0.280994428779118,0.547284946236559,352,13.5,1767,49.3333333333333,97.6666666666667,285.333333333333,484.666666666667,1.94905390951909,-1.81223212905067,-0.639348370196534,1.13982568507626,0.178341469570533,0.4209346296201,0.763514316836381,0.347173866642614,0.23385792670004,0.134682898566414,0.333357908482207,0.95906704360968,3.66336182336182,2.97873219373219,0.3914273287163,0.102519968489427,13.6407989055104,1.07724383276667,22.3703697265616,32.5,0.192307692307692
"1338",1345,223,260181,2018,"Conifer Forest",80440,"京都府",135.56,35.28,77,5,49.9062632609342,0.251384123194997,0.515564516129032,272,13.5,1838,50.6666666666667,94.6666666666667,306.333333333333,486,2.99866886063954,-1.72035471983098,-1.53655921364222,0.663480801785323,0.0831698147740505,0.305700921705375,0.0459206371768743,0.111650393703024,2.39286644008577,0.160787868847276,0.284812058290291,1.54203495520772,3.75,2.80483870967742,0.393501783010061,0.0796522039240708,12.5716573694595,2.60411018921961,19.6169347906438,36.7741935483871,0.483870967741935
"1339",1346,224,260185,2018,"Conifer Forest",80440,"京都府",135.6,35.03,62,4,59.1412301939131,0.300448550075053,0.607150537634409,210,14,1706,50.3333333333333,99.6666666666667,271.666666666667,396,0.372047422454882,-1.61664624822451,-1.31746200521758,0.0822131869083706,0.00928075186319877,0.0335679043612665,0.0056072813982996,0.00902843810787048,0.303240751895163,0.0203471368355849,0.028481205829029,0.192754369400965,4.34096774193548,2.8758064516129,0.371290322580645,0.0818187833528028,12.7013097263799,1.11708705616129,22.2058594038228,35.1612903225806,0.032258064516129
"1340",1347,225,260187,2018,"Conifer Forest",80440,"京都府",135.6,35.1,59,4,56.1016761102164,0.294272299836331,0.535295698924731,448,13.2,1766,49.6666666666667,96.6666666666667,291.333333333333,393,2.58893499844153,-1.8805440958354,-1.18839660887211,0.805304211267477,0.0935394354767546,0.268822967426475,0.371622704452729,0.0560348601448463,1.82727675375428,0.136676028104182,0.190072491678451,1.37212554810613,3.825,2.88916666666667,0.385,0.0906256282279999,12.5041484222026,1.81512328361719,21.5067304061758,35.8333333333333,0.333333333333333
"1341",1348,226,260189,2018,"Conifer Forest",80440,"京都府",135.6,35.17,72,5,47.9589741427776,0.176469220529672,0.521532258064516,336,13.5,1788,50.6666666666667,103.333333333333,273.333333333333,567.666666666667,0.89162015150673,-1.81386512646926,-1.01905947917897,0.560299417050833,0.0971474134898913,0.137036708004512,0.409162681445049,0.0119790317366755,0.0242117778986227,0.0589943091203518,0.0775139380126183,0.52459682820659,4.0959375,2.926875,0.375625,0.0929371689058989,12.6910487240289,1.00358279816309,22.9221670843275,34.53125,0.09375
"1342",1349,227,180011,2018,"Conifer Forest",80427,"福井県",135.6,35.43,75,5,65.9114651903137,0.233948562036836,0.533064516129032,306,13.7,1933,51.6666666666667,99.3333333333333,309.333333333333,427,1.46139544936693,-2.2252023717065,-1.35756911468102,0.475604217795611,0.172981060215375,0.0645524053744482,0.599785613030719,0.0177955856692468,1.20050342011221,0.161626135390772,0.219081933080106,8.77850763657101e-16,2.91604651162791,2.83790697674419,0.412790697674419,0.0945403918614082,12.0173928607941,3.7890268023125,18.5219121071866,38.6046511627907,1
"1343",1350,228,300206,2018,"Conifer Forest",80441,"和歌山県",135.61,34.27,67,4,84.9844901913221,0.240160144181349,0.563225806451613,525,13.1,2117,55.3333333333333,107,310,264,1.45933703256792,-1.65640917905248,-1.37858441433715,0.322477031097732,0.0364032756756491,0.131668392208885,0.0219942751990445,0.035413587843525,1.18944637784184,0.0798106061183555,0.11171607674162,0.756069179568682,4.20714285714286,2.86142857142857,0.375714285714286,0.0813357671800197,12.6169113279365,1.47567124871429,21.6062896622152,35.7142857142857,0.142857142857143
"1344",1351,229,300222,2018,"Conifer Forest",80440,"和歌山県",135.65,34.31,57,4,73.4615152990432,0.229319662781176,0.618682795698925,251,14.8,1981,55,109.333333333333,271.666666666667,293.333333333333,1.79098922752709,-1.67127667840812,-1.40143829757154,0.395763881770797,0.0446763654500435,0.161591645239737,0.0269927433277286,0.0434617589497,1.4597626195282,0.0979485428043021,0.137104921975259,0.927895150779524,4.1571052631579,2.85605263157895,0.377368421052632,0.0811551657382225,12.5853544706238,1.6097471365,21.3821084320747,35.9210526315789,0.184210526315789
"1345",1352,230,260202,2018,"Conifer Forest",80440,"京都府",135.65,35.21,68,4,49.296350192248,0.238695000107159,0.475,411,13.2,1824,49.3333333333333,104,293.333333333333,592,0,-1.60504872673302,-1.29963463589104,0,0,0,0,0,0,0,0,0,4.38,2.88,0.37,0.0819596630698646,12.7259259259259,1.0125,22.3807339117917,35,0
"1346",1353,231,290016,2018,"Conifer Forest",80440,"奈良県",135.69,33.91,40,3,128.713526026067,0.242933810752418,0.447715053763441,825,12.3,2573,48.3333333333333,96,350.333333333333,307.333333333333,1.73775138285007,-1.9008589268008,-1.75434538516924,0.383999647936972,0.0433483432777117,0.156788271339908,0.0261903736347112,0.0421698414234571,1.41637061336238,0.0950369846396804,0.13302942535675,0.900313109997531,3.38443037974684,2.77303797468354,0.402911392405063,0.0783663386410113,12.0980570387717,3.68013187550633,17.9203271579019,39.1139240506329,0.822784810126582
"1347",1354,232,290025,2018,"Conifer Forest",80440,"奈良県",135.69,34.31,53,4,85.2681928475836,0.231943542702061,0.601639784946237,306,14.6,2036,55,114,317.666666666667,283.333333333333,0.732317244654224,-1.48230901560915,-1.22253075256566,0.276654378131044,0.0446974406448493,0.232712162988459,0.0482056196946737,0.144628004275767,0.424474839268972,0.0825068261657559,0.244178871307543,0.192754369400965,4.23927120669056,2.89409796893668,0.379584211181413,0.0806620147378549,13.1075405389976,1.16935759432384,21.7248395394228,33.741935483871,0.032258064516129
"1348",1355,233,260214,2018,"Conifer Forest",80440,"京都府",135.69,35.14,45,3,13.3957331953777,0.342758597218831,0.464758064516129,518,12.6,1818,50,99.3333333333333,265.333333333333,531.666666666667,2.38899991205086,-2.38285548794368,1.03476761684092,0.798049218373176,0.193113673242332,0.409538488987492,1.32941267647805,0.676745885697073,0.700838441827536,0.474438757526916,0.202743991123681,1.37212554810612,1.9,3.25333333333333,0.452851757770632,0.150568130675042,15.0323603275053,1.26826358045241,22.2369414960408,28.3333333333333,0.666666666666667
"1349",1356,234,260216,2018,"Conifer Forest",80440,"京都府",135.69,35.21,84,5,129.002382851416,0.312923115598614,0.443145161290323,426,12.5,1857,49.6666666666667,96,292.333333333333,523.333333333333,3.22514837892494,-2.13725827164925,-1.63891791737312,0.736913811583861,0.434232610586384,0.541998719414878,0.283218870081632,0.385397371355351,2.20919932400956,0.925743672456821,0.410556582025454,1.37212554810613,3.75233333333333,2.55841666666667,0.422948072883173,0.0877288936763577,13.5127752263737,2.67462245292914,27.9017109179591,36.1666666666667,0.666666666666667
"1350",1357,235,260227,2018,"Conifer Forest",80440,"京都府",135.73,35.07,52,4,92.2666307633813,0.223826561078719,0.60758064516129,256,13.8,1742,50,105,266.666666666667,359,1.05196281587937,-1.42200832421943,-1.12764893036225,0.383556758863418,0.192245870287101,0.504817027219593,0.00422072673255868,0.127736454821796,0.72924927622108,0.117473156683253,0.0854969975063421,0.12343986605203,4.17918367346939,2.96020408163265,0.391399087210447,0.0819534270361404,13.0839238628859,1.28986621893841,21.2861423412344,34.5918367346939,0.0204081632653061
"1351",1358,236,180025,2018,"Conifer Forest",80427,"福井県",135.73,35.46,65,4,118.132449191573,0.259999475163348,0.55491935483871,49,14.9,1975,50.6666666666667,98,303.666666666667,443.333333333333,0.361847748851931,-1.87597000926768,-1.79620266129493,0.012742506652364,0.0196892716995698,0.0819838860370022,0.0339857451008336,0.109982739234424,0.235733917947047,0.0271659257771421,0.0942604397507421,0.212644456753692,3.16392857142857,2.75892857142857,0.413162688332568,0.0767354590865119,12.2637684673024,4.1731032281266,16.7253083844833,39.4642857142857,0.964285714285714
"1352",1359,237,290070,2018,"Conifer Forest",80441,"奈良県",135.78,34.24,74,5,101.675681317904,0.36917044514866,0.397768817204301,984,11.2,2394,49.6666666666667,94,326.666666666667,334.333333333333,2.26047505983202,-2.54589083867884,1.12246337677564,0.659997375001064,0.251788858519844,0.384258335346289,1.19144657392933,0.705896703912991,0.624314519667085,0.477336145145659,0.269073815380194,1.28742644019834,1.7668716190732,3.2235394940447,0.450312673573895,0.157886893114321,15.0006910467264,1.2135003118866,22.5142268151867,29.2592592592593,0.703703703703704
"1353",1360,238,180029,2018,"Conifer Forest",80427,"福井県",135.78,35.43,65,4,126.554960881551,0.23203790436937,0.508279569892473,167,13.8,1971,49.6666666666667,99.6666666666667,322,480.666666666667,0.9537269824005,-1.93303477312397,-1.80380515088021,0.210749839755058,0.023790793685635,0.0860498264461477,0.0143740159041668,0.023143998621448,0.777344149671956,0.0521589782470426,0.0730103015126829,0.494117233390018,3.27614035087719,2.76140350877193,0.406491228070175,0.0779754858083992,12.0297625282391,3.97029534266667,17.4351601074788,39.5614035087719,0.912280701754386
"1354",1361,239,290089,2018,"Conifer Forest",80440,"奈良県",135.82,34.09,81,5,44.6414536083245,0.233818023855555,0.407956989247312,744,12.8,2538,50,93.3333333333333,319.333333333333,361.666666666667,2.51203863141715,-1.34345837554094,-0.691993543531784,1.07904442431976,0.440224716068331,0.809371141663543,0.489160223573531,0.513273651286719,0.649317029323687,0.596438797905642,0.714672568710977,1.01837443023502,3.58367836474595,2.7586793944781,0.43481469721329,0.090861297497453,15.1297387215941,1.3656863677047,23.4507368350181,27.8333333333333,0.208333333333333
"1355",1362,240,290097,2018,"Conifer Forest",80440,"奈良県",135.82,34.38,45,3,25.5955422337337,0.185067213759519,0.601236559139785,244,14.3,2078,55.3333333333333,119,301,247,2.98338583267121,-1.09124701669081,-1.16079821343988,0.866539806053903,0.0554475819318907,0.52388394620826,0.10312094152904,0.736681937927724,1.78166505178351,0.314216975627121,0.762462223761559,1.26011529928114,3.58373015873016,2.83150793650794,0.408976129995406,0.0771804829110227,14.9223408939784,2.1733539014223,17.1538554648086,31.5,0.285714285714286
"1356",1363,241,260257,2018,"Conifer Forest",80440,"京都府",135.82,34.92,60,4,64.5856943407843,0.13278139220378,0.668064516129032,175,14.5,1640,53.3333333333333,108.333333333333,295,355.333333333333,1.10820377381881,-1.21526038720885,-1.05803306135234,0.460860749012501,0.115114115222526,0.530117466070517,0.142344043866962,0.388087575152203,0.373193487440839,0.169914330901214,0.543810033167391,1.87537673078574e-16,4.11884884884885,2.92750679250679,0.394321267923872,0.0776911614646248,13.9888526336413,1.16612590726415,21.0009615250185,31.3243243243243,0
"1357",1364,242,290107,2018,"Conifer Forest",80440,"奈良県",135.87,33.88,56,4,116.106862958573,0.253520032669147,0.510188172043011,136,15.6,2959,50.3333333333333,102.333333333333,338,315.333333333333,0,-1.96457189296925,-1.85228308501378,0,0,0,0,0,0,0,0,0,3.17,2.75,0.41,0.0775923918409506,11.96282374,4.254698741,16.9596241647564,40,1
"1358",1365,243,260269,2018,"Conifer Forest",80440,"京都府",135.87,34.78,60,4,126.193204818832,0.205014602328522,0.618736559139785,174,14.5,1572,54.3333333333333,102.666666666667,290.666666666667,290.333333333333,0,-1.60504872673302,-1.29963463589104,0,0,0,0,0,0,0,0,0,4.38,2.88,0.37,0.0819596630698646,12.7259259259259,1.0125,22.3807339117917,35,0
"1359",1366,244,250011,2018,"Conifer Forest",80440,"滋賀県",135.87,35.17,64,4,61.1220878982752,0.309103134310605,0.458629032258065,398,12.5,1843,48.3333333333333,97.6666666666667,286.666666666667,513.666666666667,2.9852544802333,-1.03452180786359,-0.982137990195393,0.602637840098442,0.397614653727512,0.790530313647155,0.260196762687856,0.31999974083238,1.89611912443455,0.306957319734607,0.78821898589921,1.37212554810613,3.52506172839506,2.97723104056437,0.439042233961108,0.069388464572954,13.6789592291067,2.45374544316592,17.9202461204447,30.7142857142857,0.333333333333333
"1360",1367,245,290148,2018,"Conifer Forest",80440,"奈良県",135.91,34.63,97,5,44.7857116357367,0.245307101792677,0.559032258064516,622,12.3,1972,53,98.6666666666667,276.333333333333,296.333333333333,1.90279419810809,-1.54572551838254,-0.876625970831797,0.692561621690031,0.252013343581243,0.854806369193443,0.256998819743319,0.333500740043876,0.754908274802737,0.439994945426505,0.276745547883825,0.713505285015185,3.966,3.011,0.415425878885316,0.0879838080356941,13.9089662240115,1.35176823238271,24.5922056621102,32.8333333333333,0.133333333333333
"1361",1368,246,260275,2018,"Conifer Forest",80440,"京都府",135.91,34.81,97,5,45.4214981885071,0.285350922784865,0.58510752688172,200,14.3,1589,54,98,271.666666666667,373,2.14440066838701,-1.68964241290625,-1.42966956509639,0.473858982258951,0.053492241304241,0.193478121884798,0.0323191540987113,0.0520379595301625,1.74781393929701,0.117276484653731,0.16415949454305,1.11099438843195,4.09529411764706,2.84941176470588,0.379411764705882,0.0809320698395319,12.5463724704139,1.775370292,21.1051786771952,36.1764705882353,0.235294117647059
"1362",1369,247,250032,2018,"Conifer Forest",80427,"滋賀県",135.91,35.39,63,4,47.0099983607381,0.248696177886165,0.478897849462366,316,13.2,1956,50.6666666666667,92.6666666666667,307.333333333333,487.333333333333,0,-1.60504872673302,-1.29963463589104,0,0,0,0,0,0,0,0,0,4.38,2.88,0.37,0.0819596630698646,12.7259259259259,1.0125,22.3807339117917,35,0
"1363",1370,248,240008,2018,"Conifer Forest",80440,"三重県",135.95,33.77,85,5,39.2682523885491,0.330860604136375,0.519247311827957,370,14.8,3034,50.3333333333333,102.333333333333,354.666666666667,284.666666666667,2.65646793193357,-2.19942637535935,0.684694532059011,1.14431937784358,0.460415206084248,0.484988210735506,1.25581918530044,0.511679751391912,0.527237291797146,0.331118157622523,0.212291492090725,1.53936522709967,2.34894736842105,3.14105263157895,0.455707483499746,0.14103857988986,14.719714917568,1.22999053884678,23.3514339296691,28.6842105263158,0.526315789473684
"1364",1371,249,290154,2018,"Conifer Forest",80441,"奈良県",135.95,34.06,106,5,72.1730420125938,0.305772553200334,0.423790322580645,612,12.2,2672,51,93.6666666666667,341,316.666666666667,3.41127430098453,-2.73090439057058,-1.36845642023646,0.850575366927919,0.681689233769924,0.638936790109963,0.570150238955908,0.467474980795837,1.67398983031464,1.63741026540893,0.719952022239837,1.12624064988551,3.8,2.6071,0.467133163987138,0.100445244431011,14.1421037485702,2.40206134587091,43.0121202964635,34.72,0.76
"1365",1372,250,290173,2018,"Conifer Forest",80440,"奈良県",135.95,34.74,47,3,77.3087881943727,0.302075519509781,0.589811827956989,257,13.7,1686,56.6666666666667,118.666666666667,279,242,0,-1.60504872673302,-1.29963463589104,0,0,0,0,0,0,0,0,0,4.38,2.88,0.37,0.0819596630698646,12.7259259259259,1.0125,22.3807339117917,35,0
"1366",1373,251,290183,2018,"Conifer Forest",80441,"奈良県",136,34.34,100,5,169.281604620686,0.257938750682169,0.393145161290323,1100,10.7,2447,48.3333333333333,93,314.333333333333,364.666666666667,2.23460983111963,-1.87469110141019,-1.71412097273309,0.493792953868402,0.0557425158783376,0.201617225569856,0.0336787338985369,0.0542270563853977,1.82133976607032,0.122209990618732,0.171065242510606,1.15773093121454,3.4725,2.7825,0.4,0.0786842096481791,12.1535992864815,3.44414905575,18.3149016015152,38.75,0.75
"1367",1374,252,180059,2018,"Conifer Forest",80427,"福井県",136,35.71,89,5,10.7562724054314,0.245000020393492,0.487956989247312,413,11.1,2205,49.3333333333333,97,296,424,3.00536112321149,-2.79472823265087,-0.276527475805731,0.978080523528067,0.355735713867454,0.13275208267974,1.23345968022889,0.036596638752572,2.46883641840448,0.332384300230827,0.450542202497069,1.97372982155583e-15,2.36111111111111,3.03,0.418888888888889,0.13157491042463,12.136636495122,2.77144738073612,21.9358005739787,35.5555555555556,1
"1368",1375,253,240024,2018,"Conifer Forest",80440,"三重県",136.04,33.95,62,4,62.36952956038,0.359225385034531,0.51239247311828,395,14.1,3033,50.3333333333333,98.6666666666667,322,307,2.17027506493435,-0.774736248956421,-0.751291957554622,0.779087305126705,0.101869772607498,0.779066332976448,0.3812858471642,0.734953706148139,1.00118947223045,0.344587848778291,0.47690916093866,0.727169841093432,3.505,2.94545454545455,0.434797851505408,0.0739935253241628,16.1229838316832,1.73816020308424,16.7040771723744,30.6818181818182,0.136363636363636
"1369",1376,254,290205,2018,"Conifer Forest",80440,"奈良県",136.04,34.45,53,4,133.066533102325,0.251518799930168,0.504220430107527,584,12.3,2241,51.6666666666667,102,314,277.666666666667,2.90519911561999,-1.81319371771189,-1.61958900117263,0.641976434946177,0.0724704176885498,0.262121009789804,0.0437854638311542,0.0705001804161034,2.36790987130842,0.158884272198684,0.222400610761711,1.5051571109419,3.67947368421053,2.80473684210526,0.393157894736842,0.0794312428847039,12.2841299235477,2.889562429,19.2421966898239,37.8947368421053,0.578947368421053
"1370",1377,255,250073,2018,"Conifer Forest",80440,"滋賀県",136.04,34.92,64,4,20.1898796753066,0.21947094457288,0.56510752688172,490,12.4,1808,52,102.333333333333,290,356,2.58573921118104,-1.51994308757873,-0.207919122900295,1.28524420038745,0.263223685654693,0.806360329659253,0.341354756890487,0.663275329785798,0.737164805079538,0.258250028986284,0.423590124311977,1.51213835913736,3.00214285714286,3.11142857142857,0.438563350941663,0.0893937657219378,16.1729710001707,1.49100186403696,23.144149615572,29.6428571428571,0.428571428571429
"1371",1378,256,180067,2018,"Conifer Forest",80427,"福井県",136.04,35.86,61,4,148.116633052814,0.366674005866846,0.431827956989247,132,13.4,2363,48.6666666666667,98,236.666666666667,534.666666666667,0.533728029531198,-1.8631957416981,-1.79742133398064,0.0237782392110735,0.027156610299703,0.113077033926591,0.035042198780105,0.129314021546629,0.291130475400141,0.120163276978168,0.260019168616121,0.293291835907685,3.1585,2.7375,0.414427763665595,0.0766955343834143,12.3219853851954,4.15241325822767,18.0116609339725,38.5,0.95
"1372",1379,257,250096,2018,"Conifer Forest",80440,"滋賀県",136.08,35.03,53,4,85.0607412251155,0.135940904789045,0.626854838709677,214,14,1665,56.3333333333333,115.333333333333,286,321.333333333333,0,-1.60504872673302,-1.29963463589104,0,0,0,0,0,0,0,0,0,4.38,2.88,0.37,0.0819596630698646,12.7259259259259,1.0125,22.3807339117917,35,0
"1373",1380,258,250208,2018,"Conifer Forest",80440,"滋賀県",136.3,35.25,91,5,37.1261999419671,0.232058090190451,0.523360215053763,317,13.3,1832,50.3333333333333,106.333333333333,310.333333333333,465,1.39618369552612,-3.11343035454063,1.45608582418953,0.265375537253766,0.183756899552163,0.245042420003596,0.777786493946618,0.393412754892552,0.353875773419972,0.341217667102163,0.210269668356527,0.82099478778649,1.48038986354776,3.28458089668616,0.440824516838721,0.176596164299707,13.5865814291366,1.05764335814117,24.7858815047493,28.6315789473684,0.842105263157895
"1374",1381,259,250209,2018,"Conifer Forest",80440,"滋賀県",136.3,35.28,71,5,30.9442731456096,0.364928686117776,0.507661290322581,158,13.9,1815,49.6666666666667,108.333333333333,302,471.333333333333,3.14083519103761,-2.33358842509372,-0.308690373276663,1.23915278634671,0.309185154738513,0.393238016984387,1.09988558315126,0.06679042536277,1.55219594295889,0.201848939251085,0.408731886105342,1.53678061387886,3.058,3.062,0.406570351554126,0.118825339710381,12.537680932596,1.6643008170733,23.3717635065211,32.9333333333333,0.533333333333333
"1375",1382,260,170002,2018,"Conifer Forest",80427,"石川県",136.32,36.25,71,5,34.9371289685484,0.142515210669064,0.492661290322581,193,12.9,2474,49,96.6666666666667,238.666666666667,541,1.48265250254134,-1.07103096453255,-0.9523773094985,0.952489879610621,0.240917928515936,0.64797393843798,0.142135237028849,0.505356557041961,0.303631424489617,0.39795318167829,0.335287875320788,3.88578058618805e-16,3.7965,2.73953571428571,0.402138818327974,0.0777810317362459,14.5038146730577,1.14762490098597,17.9675352421544,32.55,0
"1376",1383,261,180195,2018,"Conifer Forest",80427,"福井県",136.44,36.04,36,3,25.5124948233352,0.234508429495647,0.493951612903226,315,11,2356,48.6666666666667,94.6666666666667,313.333333333333,509.666666666667,2.27238676448915,-1.14991216578566,-1.41156888858768,0.514197621383626,0.237160923782744,0.446356712868124,0.103130769446686,0.794615078303649,1.23474624419499,0.261091935736257,1.00358275606222,1.15773093121454,2.855,2.61172619047619,0.432138818327974,0.0742490354400154,14.7583493670673,3.70520040014116,14.0641815938869,32.6666666666667,0.75
"1377",1384,262,210032,2018,"Conifer Forest",80440,"岐阜県",136.46,35.42,69,4,117.111488493464,0.27415301639871,0.511559139784946,602,11.7,2087,48.3333333333333,99.6666666666667,335,478.333333333333,1.35074429177791,-1.57099590127986,-1.64916977541987,0.12099781355361,0.0240865212781422,0.26753534506976,0.110162945154186,0.466133293581815,0.826857762753208,0.151700393312278,0.543421407217875,0.693915729843473,3.1390972520908,2.74405400238949,0.421426486878954,0.0745170800887238,13.3749580098541,3.93783052937459,15.5109610676373,36.5806451612903,0.870967741935484
"1378",1385,263,210036,2018,"Conifer Forest",80441,"岐阜県",136.46,35.57,65,4,154.108841029782,0.268989005547908,0.481397849462366,375,12.4,2167,51.3333333333333,98.6666666666667,302,538.333333333333,2.88743562573779,-1.7725545861844,-1.59875524853406,0.63916487398797,0.0927877320337608,0.272407273658828,0.0514598716255825,0.0866164404674274,2.30773623969393,0.165614151642313,0.248361389126509,1.50076231824108,3.64583333333333,2.81955555555556,0.395333333333333,0.078831680046822,12.354612053787,2.93814450106667,18.9370743274912,37.6666666666667,0.583333333333333
"1379",1386,264,240225,2018,"Conifer Forest",80440,"三重県",136.48,34.45,56,4,86.3417921494146,0.259402205919555,0.562311827956989,88,15.2,2335,51.6666666666667,112,347,242.333333333333,2.58640231179305,-1.65525865273928,-1.43673348758708,0.608066344714914,0.0717942964188365,0.271175974767221,0.0560956900696281,0.0934438212373505,2.05722294788715,0.162397902588853,0.202820642916166,1.30728029536009,3.965438603672,2.85315203445596,0.384968592898085,0.0799357991277296,12.740553093337,2.03139031248218,20.3764496584167,36.3478260869565,0.304347826086957
"1380",1387,265,240274,2018,"Conifer Forest",80440,"三重県",136.52,35.24,106,5,83.5766103261937,0.243197887296924,0.527043010752688,635,11.4,2049,48.6666666666667,94,291,488.666666666667,0,-1.96457189296925,-1.85228308501378,0,0,0,0,0,0,0,0,0,3.17,2.75,0.41,0.0775923918409506,11.96282374,4.254698741,16.9596241647564,40,1
"1381",1388,266,210080,2018,"Conifer Forest",80441,"岐阜県",136.59,35.5,84,5,68.8312353304376,0.213192606463561,0.60502688172043,249,13.9,2099,48.6666666666667,105,328.333333333333,413.333333333333,0.138866725510108,-1.55991405487328,-1.27798349940157,0.0625459867266089,0.00571459298484613,0.0719645116478578,0.0242903583766808,0.0604801483200607,0.0597395602771076,0.0299990095247612,0.0379972894183812,3.54326497220795e-18,4.35063829787234,2.88255319148936,0.372735218581104,0.0813562292751157,12.8889759297246,1.03287285916053,22.1257987714793,34.7872340425532,0
"1382",1389,267,240296,2018,"Conifer Forest",80440,"三重県",136.61,34.31,59,4,62.8878693036073,0.243958043781252,0.551801075268817,107,15.3,2621,52,113.666666666667,333,227.666666666667,2.06226267850751,-1.55134648580375,-1.27438360406405,0.517388939624761,0.0652035604063529,0.420938309444546,0.0856124114663563,0.11311454166851,1.48443025049671,0.151992968928599,0.355152752617175,0.897341621425806,4.04323529411765,2.87117647058824,0.392182973330811,0.0815632350929167,12.6813664470009,1.70736736278729,22.162626344919,33.7941176470588,0.176470588235294
"1383",1390,268,170161,2018,"Conifer Forest",80427,"石川県",136.8,37.05,59,4,111.083385515538,0.346946691186291,0.464838709677419,30,13.6,2409,54.3333333333333,114.666666666667,302,489,1.38162452349155,-1.61948021760726,-1.62502640799118,0.0466946867764927,0.0423494897461255,0.300428477979826,0.0673114030791732,0.379135717754496,0.91121708026581,0.0548020190965873,0.460554251441449,0.779231792751627,3.14481481481481,2.75,0.423119299749911,0.0756924651015974,13.1371764873203,3.89766627058167,16.552153153596,37.037037037037,0.851851851851852
"1384",1391,269,170163,2018,"Conifer Forest",80427,"石川県",136.8,37.12,80,5,39.6217959066426,0.146404524264854,0.461989247311828,158,13,2377,50,94.6666666666667,289.333333333333,616.333333333333,1.94925876219934,-1.33790333696969,-1.46092957028823,0.124181203645068,0.0893622248937747,0.431849276244292,0.161289929082005,0.628889943604958,1.22684900393897,0.165700800197878,0.58257865204519,1.1201024882499,3.09511463844797,2.80128747795414,0.431084588883785,0.0724452961407475,14.1407436325051,3.71724590143569,15.1507569869742,35.8095238095238,0.761904761904762
"1385",1392,270,210157,2018,"Conifer Forest",80440,"岐阜県",136.81,35.53,94,5,30.2093003446519,0.537441268140583,0.601209677419355,125,14.7,2181,50.6666666666667,108.666666666667,359,436.333333333333,2.33730660236604,-1.12961387280488,-1.36424679006944,0.437520489850229,0.221686614691453,0.485830435774829,0.150962436682033,0.777231785466839,1.36211145396048,0.224558604759713,0.837870575562152,1.26011529928114,2.90714285714286,2.67857142857143,0.435301506660542,0.0724536995450039,14.8339119001144,3.61821016133294,14.344811994687,33.5714285714286,0.714285714285714
"1386",1393,271,210159,2018,"Conifer Forest",80441,"岐阜県",136.81,35.61,94,5,98.2532642778661,0.284853872450804,0.557016129032258,167,13.9,2340,49,98,338,441.333333333333,1.48446116842541,-1.26533588715394,-1.13429860442341,0.555421032614419,0.158859387717795,0.592179349329465,0.144646238564488,0.524075011975301,0.62172612984391,0.262422541379438,0.411625739791146,0.361790916004545,4.06335648148148,2.83561053240741,0.399371466036977,0.0788217342871901,14.4494818057786,1.28918638671629,21.2279199070709,32.3125,0.0625
"1387",1394,272,170177,2018,"Conifer Forest",80427,"石川県",136.85,37.01,53,4,34.7563366562801,0.113364837214088,0.472849462365591,215,12.8,2377,49.3333333333333,100.333333333333,239.666666666667,578,0,-1.96457189296925,-1.85228308501378,0,0,0,0,0,0,0,0,0,3.17,2.75,0.41,0.0775923918409506,11.96282374,4.254698741,16.9596241647564,40,1
"1388",1395,273,210178,2018,"Conifer Forest",80440,"岐阜県",136.86,35.5,94,5,37.6782838617656,0.17595312412283,0.618145161290323,133,15.3,2083,55,115.666666666667,329.666666666667,293.333333333333,0,-1.60504872673302,-1.29963463589104,0,0,0,0,0,0,0,0,0,4.38,2.88,0.37,0.0819596630698646,12.7259259259259,1.0125,22.3807339117917,35,0
"1389",1396,274,210214,2018,"Conifer Forest",80440,"岐阜県",136.9,35.82,44,3,57.608582279354,0.210411831395568,0.527043010752688,435,12.7,2454,49.3333333333333,96,317,463.666666666667,1.29953837413025,-1.51802709411951,-1.24876104721936,0.427336776578984,0.0877473365768918,0.245465826789301,0.0492885423362319,0.208975971680193,0.876340010700625,0.104702306155653,0.169443803170529,0.543626183842166,4.15,2.89682926829268,0.380696470080778,0.0805558235409139,13.2273326625633,1.34916413938556,21.3606055535637,34.5365853658537,0.0975609756097561
"1390",1397,275,210233,2018,"Conifer Forest",80440,"岐阜県",136.94,35.57,59,4,140.92297138158,0.268694008339335,0.585967741935484,153,14.4,2279,51.3333333333333,104.666666666667,332.666666666667,339.333333333333,0.690209000330412,-1.84856699401276,-1.77195841398643,0.0842347538959147,0.0142877747819865,0.0754343037758643,0.0157385945025009,0.146318686662001,0.48732009595636,0.0447528372818944,0.181710093189206,0.372658447508532,3.18023894862605,2.75667861409797,0.411566299139093,0.0773425444222985,12.3755208519569,4.08082742067648,16.7556972745692,38.9354838709677,0.935483870967742
"1391",1398,276,210239,2018,"Conifer Forest",80440,"岐阜県",136.94,35.79,63,4,58.7407578910023,0.332737129572029,0.542956989247312,405,12.3,2369,50.3333333333333,102,331.333333333333,488.333333333333,2.61063074289697,-1.04732802179399,-1.28977121802918,0.261647754526193,0.270777737495764,0.550875502382699,0.133262715779613,0.867141534291153,1.72075777276882,0.287485287114001,0.596419203640284,1.42882495092043,2.98442760942761,2.65122895622896,0.442201917567963,0.0743894618435059,15.5582681062904,3.35216318518785,13.2021757309016,34.8636363636364,0.636363636363636
"1392",1399,277,210282,2018,"Conifer Forest",80440,"岐阜県",137.03,35.5,68,4,33.6631490192226,0.100860891409154,0.604596774193548,184,14.4,2141,53.3333333333333,114,360,260.333333333333,0.659815590272925,-1.62619714827633,-1.33214336819238,0.145802763771985,0.0164591511705357,0.0595317298107072,0.00994435510729579,0.0160116798554346,0.537788904399081,0.036085072201148,0.0505106137055537,0.341844427209831,4.30882352941176,2.87235294117647,0.372352941176471,0.0817027647622814,12.6810375620479,1.203217573,22.0618451031426,35.2941176470588,0.0588235294117647
"1393",1400,278,170218,2018,"Conifer Forest",80427,"石川県",137.03,36.98,90,5,179.797740307075,0.238217241730693,0.457688172043011,59,13.3,2371,51,95.6666666666667,244,548.666666666667,1.23927574917715,-1.63271644181661,-1.66565170259459,0.313630381599069,0.213420130107699,0.249662862828732,0.122828395071113,0.368296754430006,0.794435994764241,0.152543514255245,0.260257082483256,0.647559251019473,3.00642857142857,2.64406462585034,0.420542294441892,0.0743812585916568,13.0659199628139,3.95370572785615,15.5194199606025,38.3809523809524,0.880952380952381
"1394",1401,279,210305,2018,"Conifer Forest",80440,"岐阜県",137.08,35.32,75,5,48.4920460637554,0.250073658518814,0.593629032258065,266,14.2,1957,54,112,353.666666666667,232.666666666667,1.26303705731618,-1.62917043306819,-0.91904921719047,0.719453462018242,0.180448528965131,0.437355621441066,0.368571571435216,0.142920810942092,0.356298063483195,0.0798721157350266,0.221751240291526,0.47166815716148,3.98333333333333,2.95208333333333,0.389523136387996,0.0915158497053576,13.1034939430593,1.13358646353973,22.1810462535706,33.5416666666667,0.0833333333333333
"1395",1402,280,210341,2018,"Conifer Forest",80440,"岐阜県",137.12,35.53,73,5,49.4018875515269,0.197801831043845,0.589838709677419,203,14.1,2156,53.3333333333333,109,346.666666666667,292,0.229659164529707,-1.52928695611131,-1.26329165678371,0.103439171648601,0.00945085041579354,0.119015621345751,0.0401716350005649,0.100022667653432,0.0987978758209718,0.0496126587479296,0.0628402931671614,6.1458774577464e-17,4.33071428571429,2.88428571428571,0.374591259761139,0.0809467563429647,12.9996170037309,1.04669729930517,21.9528070691245,34.6428571428571,0
"1396",1403,281,210343,2018,"Conifer Forest",80440,"岐阜県",137.12,35.61,68,4,45.4629231156456,0.259523199465487,0.564005376344086,524,12.3,2201,50,98,301.333333333333,314.666666666667,2.5086462687992,-2.98436735008501,0.572305964346927,1.48160558013315,0.400053793175997,0.378021742272074,1.10209149919851,0.160931367692968,0.150597240485139,0.256294320763494,0.246143876723594,1.37212554810613,2.43916666666667,3.10010416666667,0.418212939442658,0.156179126600424,12.9355041083197,0.997807414137091,26.9487517342814,30.375,0.666666666666667
"1397",1404,282,210375,2018,"Conifer Forest",80440,"岐阜県",137.16,35.64,65,4,85.5564069385797,0.262499322293772,0.56497311827957,273,12.6,2186,50,104.333333333333,340,346.333333333333,2.24070643025318,-1.19505965541199,-0.792280786657123,0.932162944162122,0.156552753751791,0.843573122943252,0.215865640540757,0.62432240970868,0.721114945919873,0.436998959229079,0.619651838993521,0.877040248299672,3.63,2.878,0.429910982085439,0.0800308754125756,15.4842771670561,1.47311904552295,23.1312515681995,30.0571428571429,0.171428571428571
"1398",1405,283,210404,2018,"Conifer Forest",80440,"岐阜県",137.21,35.5,80,5,62.5742794143872,0.193343570801441,0.553198924731183,476,13.2,2121,50,94.6666666666667,282.666666666667,307,1.74979934595235,-1.73546543017986,-0.73407661297504,1.13349748907065,0.180674054599327,0.485218101239738,0.408643479016972,0.255068968404595,0.277005570291443,0.123420989888193,0.247503373047254,0.935034175561773,3.70139534883721,2.9553488372093,0.393519340462125,0.0922438450826811,13.4678612174594,1.10966679109246,22.63842055673,33.2325581395349,0.186046511627907
"1399",1406,284,210413,2018,"Conifer Forest",80440,"岐阜県",137.21,35.82,71,5,50.7562824348073,0.182613298251841,0.49255376344086,925,9.4,1992,49.3333333333333,93.3333333333333,316,404.333333333333,2.66022407348481,-1.655668254898,-1.44351932216069,0.613139437743157,0.0813823230248885,0.301534159416329,0.042801949064814,0.0920743789906391,2.09438739243314,0.146718897650879,0.240887790474119,1.34674822610671,3.94178571428571,2.82464285714286,0.387448402618282,0.0803408199932173,12.7186504925365,2.07988297927885,20.4824798305999,35.8928571428571,0.321428571428571
"1400",1407,285,210436,2018,"Conifer Forest",80440,"岐阜県",137.25,35.5,62,4,68.6527040457961,0.293681146327716,0.536263440860215,600,11.8,2121,48,98,311,317.666666666667,2.57731907061149,-2.4737963854847,-0.1558850911638,1.54099646592104,0.273704139736588,0.382683935034795,1.14336150336675,0.0360739099726103,0.218253358282834,0.17034923055899,0.224316957121346,1.49261177908652,3.18181818181818,3.07022727272727,0.394090909090909,0.127101037017712,12.5648463472156,1.04943665472515,24.4888878255671,33.1818181818182,0.409090909090909
"1401",1408,286,210439,2018,"Conifer Forest",80440,"岐阜県",137.25,35.61,75,5,28.1880065942221,0.173600226052872,0.535779569892473,250,13.6,2112,50,99.6666666666667,329.666666666667,320.666666666667,1.59468165314205,-3.31218455657572,1.16497261411547,0.859149090503416,0.253889512404527,0.210039480833354,0.744107994460838,0.171889491156264,0.105004987256546,0.191563497844597,0.11171607674162,0.952087115012413,1.83761904761905,3.24285714285714,0.424693108252947,0.176703856491976,12.8859247929169,0.96067743183516,26.1878361994755,30.7142857142857,0.80952380952381
"1402",1409,287,210440,2018,"Conifer Forest",80440,"岐阜県",137.25,35.64,55,4,75.1476742148258,0.396506532376387,0.506989247311828,677,10.9,2060,50,98.3333333333333,326,322.333333333333,2.76744179276283,-1.56406160319585,-0.788742432330367,1.00131780626973,0.454981053968583,0.626642420212364,0.497868104922712,0.622120507949727,0.353904298036584,1.30079229243201,0.421083673872261,1.39749769211697,3.60615384615385,2.61048076923077,0.46515365075439,0.0936069858853157,17.2328664152282,1.41861982391789,29.6380977719235,29.5,0.346153846153846
"1403",1410,288,210441,2018,"Conifer Forest",80440,"岐阜県",137.25,35.68,80,5,64.665601683385,0.280198501215106,0.508279569892473,651,11.9,2073,49.3333333333333,97.3333333333333,300,333,0.694923955367406,-1.66807039759833,-1.2135836151942,0.293766921419539,0.0799573910194636,0.251291832081211,0.0492439072882312,0.15850524988929,0.176807099208141,0.143290332140783,0.110568485463919,0.448981524570737,4.24447368421053,2.87111842105263,0.380149100524623,0.0832596043567212,13.1800004567588,1.07657154347995,23.6746770811506,34.3421052631579,0.0789473684210526
"1404",1411,289,210448,2018,"Conifer Forest",80440,"岐阜県",137.25,35.93,68,4,112.202229036733,0.38310122658023,0.415645161290323,561,10.8,1923,49,97.3333333333333,295.333333333333,471,1.72829304204595,-3.37059643178036,1.17795003304348,0.764257725094442,0.270428519481144,0.283040574195808,0.673507286453447,0.36424591061292,0.388512639846445,0.496953738422569,0.263902302495701,0.793791639400238,1.79567901234568,3.22991021324355,0.440646413329436,0.178268607028204,13.3670087789114,1.07939726564711,30.2013787525024,29.9090909090909,0.848484848484848
"1405",1412,290,170253,2018,"Conifer Forest",80427,"石川県",137.25,37.45,49,3,150.28061577231,0.243822705910922,0.466155913978495,81,13.2,2249,50.6666666666667,97.3333333333333,273.666666666667,553.333333333333,0.384021837644263,-1.95258778742804,-1.83386147004302,0.084859233553681,0.00957945458057359,0.0346482935794124,0.00578775278848931,0.00931902006030536,0.313000611650604,0.0210020132026265,0.0293978787129337,0.198958204475388,3.21033333333333,2.75433333333333,0.408666666666667,0.0777379675485811,11.9882604795309,4.14662544963333,17.1403278229909,39.8333333333333,0.966666666666667
"1406",1413,291,210464,2018,"Conifer Forest",80441,"岐阜県",137.3,35.35,70,4,31.5007716007724,0.209986466531487,0.569596774193548,374,12.5,2136,52.6666666666667,110,349.333333333333,254.333333333333,2.94179660340698,-1.8054103232892,-0.359874828370677,1.2900296731559,0.310512758742686,0.538237629698847,0.972630497851324,0.674743595636757,0.93951846562357,0.380339112368509,0.377003289279573,1.42882495092043,3.09170033670034,2.88213804713805,0.413373686056709,0.112341899123445,14.6931189206673,1.40801054266776,20.1967952173812,32.0454545454545,0.363636363636364
"1407",1414,292,210487,2018,"Conifer Forest",80440,"岐阜県",137.3,36.18,101,5,131.882018457096,0.332199112975352,0.445188172043011,617,10.8,1773,50,96.6666666666667,307.666666666667,566.333333333333,2.63762249520324,-1.54016723022984,0.279367283210145,1.08960924531292,0.242980197418395,0.623646415433761,0.971639785280843,0.693014141794842,0.752062797869051,0.418000177728077,0.320747329707387,1.54364124161939,2.51625,3.1675,0.457312341237942,0.104555419018134,16.692914693457,1.53190187177287,21.5240176253108,28.125,0.5
"1408",1415,293,170257,2018,"Conifer Forest",80427,"石川県",137.3,37.48,67,4,70.2724527100419,0.264030041878651,0.464865591397849,46,13.1,2231,49.6666666666667,95.3333333333333,272.333333333333,551,2.35101966646751,-3.2781735528416,0.778478302723307,0.77103181473348,0.293035291452131,0.110112713747086,0.981892188280557,0.0643365081625462,1.82962177361896,0.261991865079722,0.352781781104561,0.146925995633017,1.83414634146341,3.20487804878049,0.426794031056388,0.166425687220009,12.4301327813436,1.75092481885355,25.1779629652316,32.0731707317073,0.975609756097561
"1409",1416,294,230222,2018,"Conifer Forest",80441,"愛知県",137.34,35.25,50,3,97.8557222708621,0.290168788064391,0.579166666666667,483,13,2143,50.3333333333333,106.333333333333,338.666666666667,253.666666666667,2.31830167974649,-1.88111542141129,-0.413246136514542,1.31523603854619,0.278455071506596,0.566230284951605,0.889708845205532,0.258149003057565,0.461396387570132,0.180633936041344,0.313026757561941,1.12344400382508,3.45342190016103,3.04299459397286,0.40229708304208,0.108590527566198,13.3903241311607,1.15976269540811,22.2445951536428,32.3695652173913,0.239130434782609
"1410",1417,295,210519,2018,"Conifer Forest",80440,"岐阜県",137.34,36.18,67,4,23.3700039423529,0.408717671393462,0.410268817204301,749,10.2,1738,49.6666666666667,104.333333333333,298,549.666666666667,2.37000241935774,-1.59534483945447,0.591592317025262,0.775703840258727,0.482987460656611,0.38701387209318,1.00870245554433,0.559887866472013,0.577131640577908,0.292491203348456,0.547408776033939,1.48189559195462,2.109,3.028,0.477988691318328,0.117301224805878,17.2782391453825,1.5594845037463,24.101455595999,22.5,0.6
"1411",1418,296,210520,2018,"Conifer Forest",80440,"岐阜県",137.34,36.22,68,4,64.0287361239832,0.267968928228027,0.362311827956989,873,9.5,1740,49.3333333333333,97.3333333333333,311,473,0.815477905321041,-1.68025158087932,-1.09095213166453,0.492027844221757,0.0919892463257102,0.228602469075677,0.148428121747346,0.140003003419941,0.162353731568041,0.0558619302206315,0.122330392568138,0.496742683289285,4.13205882352941,2.92411764705882,0.379326780783053,0.0859177843311819,13.1067952841846,1.06710355418868,22.8903180741783,34.2647058823529,0.0882352941176471
"1412",1419,297,230254,2018,"Conifer Forest",80441,"愛知県",137.43,35.17,70,4,52.8746138828403,0.307787640764634,0.447204301075269,796,11.2,2274,54,105.666666666667,316.333333333333,280,2.32010997399054,-1.87516303824707,-0.598830136665818,1.20026923994257,0.22000853202127,0.479958950624257,0.815777636163721,0.314337770191664,0.637358115949905,0.212967174798109,0.245146127771432,1.19728406552197,3.50684210526316,2.93842105263158,0.398268976138094,0.104837834632259,13.5204801116704,1.2413404128843,21.7211209350206,33.4210526315789,0.263157894736842
"1413",1420,298,160169,2018,"Conifer Forest",80427,"富山県",137.43,36.62,95,5,171.872395781333,0.324204806996958,0.361854838709677,791,9.5,1703,49,90.3333333333333,306.666666666667,540,0.629128825830544,-1.82885506106198,-1.77046752603446,0.0785671312129021,0.0924083151766476,0.128259235044555,0.00755095385300418,0.213329717848684,0.438011603164647,0.0829777154927591,0.0983101475326258,0.33267043901022,3.13171428571429,2.70714285714286,0.415060301332108,0.077787112307182,12.5598224640036,4.09964235589325,16.227645641056,39.4285714285714,0.942857142857143
"1414",1421,299,200037,2018,"Conifer Forest",80441,"長野県",137.57,35.93,71,5,64.1820660336958,0.307251504243423,0.301747311827957,1220,7.7,1790,52.6666666666667,97.3333333333333,282.666666666667,447.666666666667,0.818211106318171,-3.47136022541369,1.55928966796516,0.233857362583081,0.0361529359339667,0.14077885558945,0.475339573293385,0.178390591296498,0.267765720686489,0.186778299908021,0.0364305609050366,0.47166815716148,1.46721450617284,3.37941358024691,0.435712939442658,0.186445000218383,12.8673882476564,1.01488067907566,26.4613019249272,29.7916666666667,0.916666666666667
"1415",1422,300,200050,2018,"Conifer Forest",80441,"長野県",137.61,35.6,44,3,46.0874608666591,0.243233947852074,0.467365591397849,427,11.5,1824,54,103.666666666667,322.666666666667,301.333333333333,2.65054874300077,-2.70952345714648,-0.999535898621971,0.754562189959403,0.26062226813941,0.21267196721124,0.98644760121068,0.0327881904102543,1.98361579468472,0.736523690434511,0.356301570199605,3.86016005485054e-15,2.85230769230769,2.91461538461538,0.4214273287163,0.112236592396601,11.9790093059287,3.29836751696197,25.8081377934954,38.4615384615385,1
"1416",1423,301,220031,2018,"Conifer Forest",80440,"静岡県",137.71,34.85,74,5,117.623421679804,0.297100607070878,0.574623655913978,139,15.4,2064,51,108,340,242.333333333333,0.60548746290317,-1.42743456844628,-1.24990135961945,0.143224205329107,0.0779540180294334,0.393787977995454,0.0369014770320821,0.268621456054222,0.284319495011572,0.0455733964531434,0.129950125995695,3.822079265103e-17,4.30426229508197,2.84655737704918,0.386859707975331,0.0809635152124253,13.5416862967638,1.12172210431116,21.9597449252571,34.1803278688525,0
"1417",1424,302,220041,2018,"Conifer Forest",80440,"静岡県",137.75,34.85,54,4,60.5644107488007,0.236156191140482,0.579811827956989,92,15.8,2044,53,123.333333333333,343,216.666666666667,3.01486187714624,-1.6476649633657,-1.47663980299376,0.67283155554696,0.108458288813055,0.330607702829268,0.0696207133758134,0.106737397317393,2.36939870597501,0.199857103226614,0.315691335659711,1.53829992244424,3.72308823529412,2.83946078431373,0.39613397862682,0.0783625583313466,12.5612952524749,2.60358045624265,18.8484038007285,36.3235294117647,0.470588235294118
"1418",1425,303,220046,2018,"Conifer Forest",80440,"静岡県",137.75,35.03,55,4,97.7571742454057,0.402224373323976,0.482795698924731,461,13.8,2223,50.6666666666667,96.3333333333333,348.666666666667,287.333333333333,2.118051154481,-1.98995172419098,-0.665260616746341,1.14784351863415,0.211422265148648,0.45706627633754,0.756286414258897,0.214837328166367,0.422237030467342,0.21544488883392,0.23894827525291,1.1936092140413,3.65,2.95791666666667,0.39462431174399,0.103776651688673,13.2540557262532,1.15190982777556,23.8143490954879,33.3333333333333,0.261904761904762
"1419",1426,304,200144,2018,"Conifer Forest",80441,"長野県",137.75,35.46,68,4,80.1729832583318,0.247158736267514,0.533844086021505,637,12.1,1832,56,116,303,257.333333333333,0.517772373579661,-3.65936893518848,1.56243019548892,0.253944848233781,0.0501718276305344,0.0483387092943049,0.269208419707963,0.0794381152207738,0.0857305694556319,0.0705376672397635,0.0240091568435938,0.307873045419934,1.47315789473684,3.35684210526316,0.430225138771366,0.192143896035232,12.5751497325071,0.947587338820264,27.5367440870299,30,0.947368421052632
"1420",1427,305,200145,2018,"Conifer Forest",80441,"長野県",137.75,35.5,60,4,145.981339263588,0.341660277343447,0.533844086021505,1010,10.4,1874,53.3333333333333,97,312.333333333333,372.333333333333,3.17644481831543,-1.6178362680186,0.439988701072225,1.18079362350495,0.411499827985562,1.07078968972352,1.09951560173517,0.357380093940281,1.51951333794367,0.416906165479333,0.208015334892897,1.38557237847757,2.643,3.3902,0.464113316398714,0.120424890218057,14.0016805050641,1.75442394817081,20.0308289767691,31.2,0.34
"1421",1428,306,220054,2018,"Conifer Forest",80440,"静岡県",137.8,34.88,65,4,165.736438264842,0.344396949244053,0.565833333333333,113,15.9,2043,54,119.333333333333,327.666666666667,207.666666666667,2.53011713310094,-1.80318219127129,-1.45806322777754,0.535535734936407,0.0619595450594755,0.263662084101009,0.0724982540670413,0.0667502114743519,1.95426076135432,0.198381016320271,0.220757162357732,1.30728029536009,4.04065217391304,2.84586956521739,0.384099027680693,0.0824998980607085,12.4727464836876,1.94663963354971,22.5012980412018,36.7391304347826,0.304347826086956
"1422",1429,307,200276,2018,"Conifer Forest",80441,"長野県",137.88,35.68,61,4,88.5593162901034,0.221146899037579,0.399489247311828,1000,9.4,1712,54,95,299,360.333333333333,2.53939585931284,-2.24305444823427,-1.0113042329622,0.726106895085058,0.230902652311422,0.282226115380738,0.779498497282462,0.274607274651432,1.93689551492559,0.408614875282505,0.37064135877298,0.428360444549382,2.8105,2.86375,0.423569409163987,0.101408619085699,12.8383960891825,3.29694831083643,20.2145520676933,37.625,0.925
"1423",1430,308,220099,2018,"Conifer Forest",80440,"静岡県",137.93,34.88,53,4,102.225603961544,0.433147973843442,0.538494623655914,163,15.3,2119,51,108.333333333333,329.333333333333,252.666666666667,2.37920549664379,-0.75436904473538,-0.312495792051688,1.01345896328779,0.401585240837966,1.08229784535647,0.321821126388079,0.758304903437864,0.729575073265152,0.440155333051715,0.779893662641927,0.256787200874303,3.4158615136876,2.99444214400736,0.452166182021529,0.0817197298661869,15.1044510024988,1.36592406612619,17.6028293612571,26.3913043478261,0.0434782608695652
"1424",1431,309,220106,2018,"Conifer Forest",80440,"静岡県",137.93,35.14,89,5,142.273847002427,0.435152944863313,0.370672043010753,685,11.6,2125,51,97.3333333333333,310.666666666667,325,3.53224898717904,-2.3493417998279,-1.48986860778995,0.907172671166066,0.497912361942919,0.709812248422654,0.542043463795698,0.422782696698989,1.99730059422785,1.49544215185377,0.495596422746776,1.37212554810613,3.63740740740741,2.60768518518518,0.442057508634036,0.093477702322808,13.4670135266333,2.68368311504629,33.9681471755112,37.7777777777778,0.666666666666667
"1425",1432,310,200373,2018,"Conifer Forest",80441,"長野県",137.96,35.97,58,4,80.0777764921394,0.411097548792073,0.510618279569892,1032,9.2,1482,58,99,259.333333333333,335.333333333333,0,-3.83242365725289,1.69316703570433,0,0,0,0,0,0,0,0,0,1.35,3.38,0.43,0.19905305865423,12.3539024390244,0.917383180406259,28.1560210855065,30,1
"1426",1433,311,200374,2018,"Conifer Forest",80441,"長野県",137.96,36,62,4,83.8492392759843,0.161602454354091,0.510618279569892,916,10.8,1333,59.3333333333333,105,273,343.666666666667,0,-3.83242365725289,1.69316703570433,0,0,0,0,0,0,0,0,0,1.35,3.38,0.43,0.19905305865423,12.3539024390244,0.917383180406259,28.1560210855065,30,1
"1427",1434,312,220120,2018,"Conifer Forest",80441,"静岡県",137.97,35.03,78,5,71.5084672207202,0.291227030783033,0.519032258064516,287,14.3,2112,53.3333333333333,99,328,284.333333333333,2.39435704671603,-0.782962008152614,-0.53575316464037,1.098782109014,0.133956141565855,0.771819091228455,0.477196603819479,0.994282068864717,0.726348894275236,0.436778206462689,0.686085665962538,0.555710846982981,3.37032098765432,2.93827160493827,0.427422109324759,0.0830276720181018,16.9871030513863,1.39751998893759,17.2885839841313,27.9,0.1
"1428",1435,313,200356,2018,"Conifer Forest",80441,"長野県",137.97,35.35,60,4,184.538714943455,0.330498473977163,0.299086021505376,892,10.3,1939,55,100.666666666667,321.666666666667,351.333333333333,0.213470723914336,-1.99792638876003,-1.78897147571524,0.0694730346351648,0.0252678986811146,0.00942937704620919,0.0876126096208502,0.00259945831700739,0.175361387818749,0.0236092483662043,0.0320020011499434,7.13714801544744e-17,3.1375,2.76125,0.410357142857143,0.0797613323197592,11.9698072881969,4.19510382027511,17.1595598240555,39.8214285714286,1
"1429",1436,314,200364,2018,"Conifer Forest",80441,"長野県",137.97,35.64,59,4,138.556760494055,0.281228547577392,0.402069892473118,928,9.7,1691,56.6666666666667,105,256.666666666667,300,2.92858507271168,-1.6911148056064,-1.49572831047443,0.658384135187988,0.0844048998012671,0.311236403167151,0.0457193324662098,0.106191860032759,2.32604216904452,0.158778272486706,0.27337893690161,1.49775416547137,3.83172413793103,2.81310344827586,0.390984664596962,0.0799448554894209,12.6399597641093,2.37847653940717,19.9871324112925,36.3793103448276,0.413793103448276
"1430",1437,315,220139,2018,"Conifer Forest",80441,"静岡県",138.01,35.06,51,4,147.047527042988,0.249995707795929,0.465134408602151,1095,10.3,2200,50.3333333333333,96,331,350.666666666667,2.41822163032054,-1.88638166004831,-1.57035685872828,0.445725664127106,0.0943018468624467,0.36423053424801,0.236679396613493,0.387617845474707,1.6198112489493,0.649532090060807,0.436376955964267,1.02624348473311,3.26069525666017,2.74523066926576,0.421325486545947,0.081808502353305,13.1201642384532,3.50306659709064,21.9954430874404,37.859649122807,0.789473684210526
"1431",1438,316,200413,2018,"Conifer Forest",80441,"長野県",138.01,35.82,68,4,102.680069090122,0.258623720030968,0.474220430107527,833,10.4,1483,60,123.666666666667,235,257.666666666667,2.44507303047088,-2.42820902714254,-0.193599235518838,1.53649846440153,0.266405509456841,0.375793165239845,1.12203906090035,0.0328498715299383,0.0663954993161979,0.161778974979062,0.212565002035863,1.43859193217081,3.26021739130435,3.06478260869565,0.392173913043478,0.125233309264087,12.5884389851145,0.97734813188927,24.5150791716428,33.1521739130435,0.369565217391304
"1432",1439,317,200419,2018,"Conifer Forest",80441,"長野県",138.01,36.04,74,5,57.5245623678765,0.283713041061117,0.47991935483871,943,10.2,1344,59,102,252,334.333333333333,0,-3.83242365725289,1.69316703570433,0,0,0,0,0,0,0,0,0,1.35,3.38,0.43,0.19905305865423,12.3539024390244,0.917383180406259,28.1560210855065,30,1
"1433",1440,318,200457,2018,"Conifer Forest",80441,"長野県",138.05,35.82,71,5,137.014393796502,0.31602304467573,0.419381720430108,851,10.2,1483,58,107,271,311.333333333333,2.13485246603294,-2.76499451106489,1.08188219356202,0.85725836816877,0.18655247388936,0.330588374061086,1.1431518142477,0.508172051730376,0.524376072149368,0.360668636733792,0.165205606166875,1.23547203041335,1.89446808510638,3.26723404255319,0.440756441130191,0.160631185757874,14.0873025904102,1.14742067955872,24.0092498258232,29.2553191489362,0.723404255319149
"1434",1441,319,220156,2018,"Conifer Forest",80441,"静岡県",138.06,35.03,65,4,155.077487497128,0.297715346979966,0.529543010752688,676,12.3,2162,50.6666666666667,102.666666666667,334.666666666667,309.333333333333,3.00830855931466,-1.49612975866198,-1.431466703753,0.676461165506497,0.122573041697226,0.442653808770403,0.1405398311759,0.463863364249068,2.07952711035345,0.35367450515894,0.363252844587949,1.4706903322801,3.81575952764359,2.79158749329039,0.405505607437439,0.0784397263611038,13.8233046856994,2.33901592461188,19.7533188577427,35.1014492753623,0.391304347826087
"1435",1442,320,200448,2018,"Conifer Forest",80441,"長野県",138.06,35.5,114,5,155.052359009747,0.211235666537522,0.139032258064516,2283,2.4,2392,52,93.3333333333333,277.333333333333,495.666666666667,0.787103418632685,-3.85796860561786,-2.12537169210922,0.251062644979124,0.132761257549888,9.64235906127368e-18,0.119391029436967,0.063122538362814,0.058062623677373,0.616555086286821,0.180961578854195,0.231194707801994,4.21069264069264,1.88246753246753,0.498555273311897,0.111396557222464,19.9691570845774,1.79305389392887,92.7602244750293,19.0909090909091,0.961038961038961
"1436",1443,321,200451,2018,"Conifer Forest",80441,"長野県",138.06,35.61,65,4,101.856540050322,0.276795092886157,0.303333333333333,1134,8.8,1755,54.6666666666667,93.6666666666667,285.333333333333,400.333333333333,1.26970643474154,-3.23971920823514,1.41418408881031,0.431179648001516,0.150099967594293,0.221270389669283,0.681499951246135,0.350485476811795,0.34860996428987,0.219665224560321,0.182568277566755,0.741348524909691,1.58023255813953,3.30372093023256,0.439565852090032,0.179796075931189,13.4286456183834,1.05260801625177,26.0327238175733,28.8372093023256,0.86046511627907
"1437",1444,322,220189,2018,"Conifer Forest",80440,"静岡県",138.15,34.78,70,4,94.2949185652056,0.312384347457017,0.557338709677419,172,15.4,2174,53,121.333333333333,343.333333333333,238.333333333333,2.73567137123468,-1.18211377325862,-1.37576610010667,0.679916194955142,0.345668520062406,0.462769056004173,0.169427411665868,0.708884423729797,1.74710640798284,0.261006413674392,0.71707729084113,1.39496711489981,2.92655172413793,2.58724137931034,0.427237479764941,0.0727577432305317,14.5324608112034,3.36465020823532,14.8372642288531,34.1379310344828,0.655172413793103
"1438",1445,323,220194,2018,"Conifer Forest",80441,"静岡県",138.15,34.96,58,4,74.6213641071844,0.267550750246931,0.504220430107527,358,13.9,2153,50.3333333333333,104.333333333333,352.333333333333,280.333333333333,1.0951412582737,-1.55366198283388,-1.30743970571292,0.315743871252426,0.0256350968461606,0.169088844928758,0.0307887437287915,0.119230234889974,0.820431593149143,0.101705376985712,0.118716950884095,0.483884274923956,4.21621164021164,2.86734391534392,0.377101579237483,0.0811144737520707,12.9824430556698,1.32167093642774,21.4256687023351,34.7714285714286,0.0857142857142857
"1439",1446,324,150075,2018,"Conifer Forest",80427,"新潟県",138.18,37.12,76,5,113.136971409549,0.337405965203768,0.486693548387097,167,12.9,2376,51.6666666666667,98.3333333333333,302.666666666667,573.666666666667,0.61173992306875,-1.80078145663698,-1.77055489385481,0.0658731248176038,0.023900034253091,0.118698738048033,0.0521929074331809,0.206421559109511,0.369289629616435,0.0661569865902405,0.254749790508869,0.307873045419934,3.1500947368421,2.73896842105263,0.414660803858521,0.0762528747285016,12.5377393348947,4.124592496,16.3788068271968,38.5263157894737,0.947368421052632
"1440",1447,325,220230,2018,"Conifer Forest",80441,"静岡県",138.19,35.46,84,5,176.942580753386,0.462657103416962,0.0552688172043011,2225,2.1,2440,52.3333333333333,96.3333333333333,298,495,2.20022404193779,-3.71405874969664,-1.83723468387257,0.708499521989194,0.234078404672911,2.4133157593521e-15,0.522241579592386,0.385953043603661,0.169665539129773,1.64896901379962,0.203581776210969,0.826039424750845,3.939,1.91604545454545,0.498555273311897,0.114049547831233,17.9688302568331,1.75762318268311,80.1144673401345,28.7727272727273,0.840909090909091
"1441",1448,326,220252,2018,"Conifer Forest",80441,"静岡県",138.23,35.39,85,5,176.008220217148,0.337841874954953,0.146129032258065,1833,4.5,2272,50.3333333333333,92,282.333333333333,507.666666666667,0.874895806515938,-3.53113074511793,-1.03317651807472,0.26919805698818,0.332784072321813,8.88563913805898e-16,0.123543408782238,0.106575445185082,0.130283396305884,0.496114690364892,0.124884666754657,0.323974087747279,4.12907964023082,2.82537684275575,0.498555273311897,0.111937902761012,17.0621455488307,1.54487615035679,61.2640644408423,30.3611111111111,0.944444444444444
"1442",1449,327,220255,2018,"Conifer Forest",80441,"静岡県",138.23,35.5,80,5,99.5553002385945,0.20274018826794,0.13508064516129,2069,3.6,2281,49.6666666666667,90.6666666666667,272.333333333333,523,3.06269543798122,-2.73091025967563,-1.644263232567,1.35428457699321,0.120155302291683,2.50746393345738e-17,0.569420839477233,0.0504646961162846,0.0710753631367797,2.33688270916788,0.503676394477509,1.15773093121454,3.45216666666666,1.80118181818182,0.498555273311897,0.0955973148893803,20.0817828053864,1.80050276109186,70.8137177779368,21.5454545454545,0.75
"1443",1450,328,200633,2018,"Conifer Forest",80441,"長野県",138.27,36.11,84,5,82.5677914266115,0.385096106051175,0.21989247311828,1612,5.2,1782,54,102,298.333333333333,443.666666666667,3.5589165991495,-2.14199534571866,-0.635027688807591,1.16426254995648,0.631295463376095,1.92747052886312e-17,0.926141925127172,0.238691799690021,0.318531475374666,2.52740011364252,0.553416005400567,1.5415237639217,3.34933086419753,2.93832768959436,0.498555273311897,0.0899270790125421,16.5589369636472,1.89737913904881,45.8799751184784,32.5555555555556,0.518518518518518
"1444",1451,329,200634,2018,"Conifer Forest",80441,"長野県",138.27,36.15,51,4,153.708061649641,0.209666807181166,0.290752688172043,1519,5.8,1688,55.3333333333333,98.6666666666667,303.666666666667,441.333333333333,0.533913200681193,-1.45966867536774,0.509452634910901,2.22044604925031e-16,0.0199547041712352,1.09561482693272e-18,0.168130847891624,0.101384738404299,0.121143043791357,0.0103205103639174,0.172486837323714,0.448981524570737,1.25,2.38947368421053,0.498555273311897,0.103180460760252,19.4884639246639,1.85234800187248,5.90714029409315,38.9736842105263,0.921052631578947
"1445",1452,330,150098,2018,"Conifer Forest",80427,"新潟県",138.27,38.02,71,5,8.69881987180737,0.223867603953893,0.483817204301075,93,12.6,1743,49,95.3333333333333,256.666666666667,564,2.6582696562052,-1.94178666252766,0.976520630787689,0.673166607352598,0.256028075209175,0.442301568106491,1.3771249275005,0.894795321475391,0.80611114043413,0.587158459021786,0.503616073951225,1.48189559195462,1.86548148148148,3.19340740740741,0.457422109324759,0.143247460262636,16.2888630892558,1.36581209474685,20.0167252791093,25.4,0.6
"1446",1453,331,220266,2018,"Conifer Forest",80441,"静岡県",138.28,35.03,72,5,118.931403687585,0.167347982069309,0.541102150537634,253,14.6,2102,53,104.333333333333,330.666666666667,296.333333333333,0.150834939291003,-1.60965799809502,-1.30671987241825,0.0333307538442841,0.00376258928129038,0.0136090522628786,0.00227329608607262,0.00366029659581483,0.122939436324712,0.00824910740972373,0.0115468101453577,0.0781462035533815,4.36448717948718,2.87833333333333,0.370512820512821,0.0819036724130837,12.7161425645679,1.05406665052564,22.3112325047784,35.0641025641026,0.0128205128205128
"1447",1454,332,150115,2018,"Conifer Forest",80427,"新潟県",138.31,38.13,94,5,120.342265469726,0.263435017981496,0.393440860215054,476,10.7,1845,48.6666666666667,88.6666666666667,249.666666666667,573.666666666667,1.06045447778769,-1.42822934614754,-1.15576710415663,0.473663844473314,0.107015528068446,0.387141183115405,0.119363400930032,0.105452302247078,0.580776226310192,0.194983887605887,0.165298417252879,0.280025622062475,4.12610229276896,2.87385361552028,0.386801567141326,0.0785737667598382,12.9932942184484,1.22347506763082,20.48870279136,34.2619047619048,0.0476190476190476
"1448",1455,333,200656,2018,"Conifer Forest",80441,"長野県",138.32,36,46,3,44.1114707274021,0.153573453669938,0.230241935483871,1797,3.9,1992,52.3333333333333,95.6666666666667,294,466.333333333333,2.55282384690954,-1.9986154293995,-0.383836184079133,1.38510907682589,0.230845565073949,0.61346645059217,0.0871495763885819,0.460235105281872,0.262104173628847,1.13530281591047,0.411366358321362,1.0960766212682,2.22330769230769,2.22561538461538,0.468888671778382,0.106770824252115,18.1539631640366,1.77123693045239,20.4420561645208,40.2307692307692,0.769230769230769
"1449",1456,334,220295,2018,"Conifer Forest",80441,"静岡県",138.37,35.14,72,5,130.385139493104,0.208271435775317,0.506908602150538,423,13.7,1987,55,113.333333333333,346.666666666667,270.333333333333,3.01956683776519,-1.69153423826213,-1.46084564614079,0.703090189301229,0.115824091991752,0.32421061127249,0.0540735238637556,0.122214019953348,2.38013092684829,0.178406116036663,0.27359590431185,1.52712189420611,3.76229885057471,2.85390804597701,0.393316727279447,0.0797094819921817,12.6821793163004,2.48252854613275,19.5680868804536,36.6551724137931,0.448275862068966
"1450",1457,335,220298,2018,"Conifer Forest",80441,"静岡県",138.37,35.25,46,3,123.141885106703,0.214901769899908,0.451370967741936,1248,9.2,2014,54.6666666666667,100.666666666667,313.666666666667,384.333333333333,0.921699231541038,-1.59773586052991,-1.32397173146674,0.235309684473387,0.0357746688158653,0.13483000693041,0.0167935154172681,0.048064789521289,0.712183232473724,0.0544304847197775,0.0701806123120435,0.438430648507283,4.26038461538462,2.86269230769231,0.375549139871383,0.0815079082621424,12.7953835950553,1.27549480220784,21.8798576514418,35,0.0769230769230769
"1451",1458,336,220305,2018,"Conifer Forest",80441,"静岡県",138.41,35.14,64,4,129.144243687945,0.289454935430468,0.442795698924731,551,13.6,1987,51.3333333333333,99.3333333333333,342.333333333333,350.666666666667,2.9330602058676,-1.71583764333614,-1.5157165545966,0.655696044594149,0.0752067673299124,0.292794142964729,0.0555347993126275,0.0962297579482391,2.35380123166566,0.170120506492887,0.239391593017758,1.51213835913736,3.83326530612245,2.82673469387755,0.389766434149222,0.0795091715563872,12.5552770335605,2.42155506003152,19.812871538681,36.9387755102041,0.428571428571429
"1452",1459,337,190070,2018,"Conifer Forest",80441,"山梨県",138.41,35.61,94,5,73.8416012433218,0.389970301262458,0.334354838709677,895,10.4,1550,56,105.333333333333,264,297,2.74148849699617,-1.46507507859366,-0.435355615946892,1.0761107729567,0.193504591609219,0.762065554992058,0.883441567578667,0.768132506540237,0.660700966321506,0.769602480835287,0.553347135537266,1.21481825523893,3.34653846153846,2.94769230769231,0.445158000247341,0.0960745713330622,15.9096611041024,1.42428028662935,23.833295312634,31.3461538461538,0.269230769230769
"1453",1460,338,150146,2018,"Conifer Forest",80427,"新潟県",138.41,37.95,60,4,29.6112160050964,0.233830120340458,0.447956989247312,253,11.8,1874,48,98.3333333333333,251.333333333333,601,0,-1.96457189296925,-1.85228308501378,0,0,0,0,0,0,0,0,0,3.17,2.75,0.41,0.0775923918409506,11.96282374,4.254698741,16.9596241647564,40,1
"1454",1461,339,190097,2018,"Conifer Forest",80441,"山梨県",138.45,35.82,69,4,31.3452567974599,0.149198201366059,0.591989247311828,808,11.1,1306,57,116,247,333.666666666667,0,-3.83242365725289,1.69316703570433,0,0,0,0,0,0,0,0,0,1.35,3.38,0.43,0.19905305865423,12.3539024390244,0.917383180406259,28.1560210855065,30,1
"1455",1462,340,150165,2018,"Conifer Forest",80427,"新潟県",138.45,37.99,69,4,131.982638909033,0.274912946452337,0.483629032258064,257,11.9,1861,49.6666666666667,93,259.666666666667,547.666666666667,1.32559223570781,-2.05377610178333,-1.45745264512364,0.451289245822644,0.134356730819539,0.112200507155149,0.441878392002554,0.10363552672245,1.0581416601403,0.122222558852399,0.20506468196901,0.192754369400965,2.93193548387097,2.77290322580645,0.414792105590706,0.0880336565248932,12.276783890185,3.84919797581571,17.6515407673564,38.7096774193548,0.967741935483871
"1456",1463,341,190116,2018,"Conifer Forest",80441,"山梨県",138.5,35.79,66,4,133.058599265515,0.238794964942293,0.470887096774194,1306,7.9,1625,54.3333333333333,99.6666666666667,279,402.333333333333,0.805189466171074,-1.57723316253146,0.471561460893627,0.305253502336802,0.123417649213265,0.0861992722471141,0.180947920427084,0.133182156013061,0.168122705762726,0.180879339922072,0.332157615439987,0.4187390875541,1.40658536585366,2.44146341463415,0.49573415575249,0.10886207210056,19.4739693292588,1.83233958774179,7.66741595435782,37.9268292682927,0.926829268292683
"1457",1464,342,150184,2018,"Conifer Forest",80427,"新潟県",138.5,38.06,56,4,20.8233026496116,0.18591554276092,0.46989247311828,153,12.4,1842,49.6666666666667,94,262,530.666666666667,1.3526450841648,-3.38838392352351,1.29883500875373,0.46239475120212,0.141412724740021,0.124977793574598,0.672114413208873,0.202744136225646,0.805258805067066,0.21313045866159,0.125680586334323,0.409537472266369,1.59785714285714,3.30785714285714,0.433468233807993,0.179987669314884,12.8999235080543,1.23095152045856,26.0879042505674,30.3571428571429,0.928571428571428
"1458",1465,343,150187,2018,"Conifer Forest",80427,"新潟県",138.5,38.31,75,5,111.474969733324,0.417027834034118,0.454435483870968,277,11.9,1826,49.3333333333333,95.6666666666667,284,580,2.87510006511086,-0.82241921206964,-1.11424023136223,0.378227320630857,0.309118698616142,0.647532929766926,0.191920615783982,0.839387352904478,1.76270431071055,0.277855165958502,0.927193858814883,1.50710535424379,2.90627492877493,2.67407407407407,0.451752028196883,0.0705587221172655,15.7063503317579,3.23490699971864,13.2704869517445,31.1923076923077,0.576923076923077
"1459",1466,344,190129,2018,"Conifer Forest",80441,"山梨県",138.54,35.75,70,4,76.4007743147045,0.295322473018073,0.577930107526882,650,11.3,1351,56,109.333333333333,264,303.666666666667,2.66950406452749,-1.63439622343741,0.19179161318042,1.06270656246778,0.391897278169682,0.595303467552612,1.16275567628006,0.645285726415076,0.574410621201855,0.251667620040666,0.718819604893052,1.42882495092043,2.69272727272727,2.91575757575758,0.446356782617168,0.121307275571153,15.4481612694206,1.28541740320973,22.3997293463127,25,0.363636363636364
"1460",1467,345,200792,2018,"Conifer Forest",80441,"長野県",138.54,36.11,115,5,89.3196083726736,0.281259766892259,0.391747311827957,1392,6.7,1597,55,103.333333333333,276.333333333333,427,0.579046013893858,-3.58574835118357,1.62243226032434,0.136395840560597,0.0450861310590267,0.0992921887586001,0.348205075703664,0.0875636030271985,0.20779603928447,0.148444564290259,5.07530525542929e-17,0.33267043901022,1.41646560846561,3.40091005291005,0.433917444189251,0.190073709024358,12.5989473385516,0.990943110002092,26.8465341663347,30,0.942857142857143
"1461",1468,346,200794,2018,"Conifer Forest",80441,"長野県",138.54,36.18,63,4,76.0733781099547,0.186832802430968,0.484381720430108,1040,8.6,1289,56,110.333333333333,281,317.666666666667,0,-1.61694862931245,0.486960914345582,0,0,0,0,0,0,0,0,0,1.25,2.38,0.498555273311897,0.107618781007451,19.7789036896351,1.89624794611869,6.00033676932058,40,1
"1462",1469,347,220332,2018,"Conifer Forest",80441,"静岡県",138.58,35.21,66,4,103.542180299872,0.25477875452481,0.561532258064516,313,14.5,1907,55.6666666666667,120,333.666666666667,241.666666666667,2.83482821437067,-1.74520182543528,-1.51507386182024,0.626426223580254,0.0707150100886926,0.255771809283678,0.0427248747187415,0.0687924966957529,2.3105534061955,0.155035713465188,0.21701353373365,1.46869859013026,3.90830508474576,2.8293220338983,0.385593220338983,0.0802571675060507,12.4284454127683,2.27640798377966,20.2674199426084,36.9491525423729,0.389830508474576
"1463",1470,348,100050,2018,"Conifer Forest",80441,"群馬県",138.67,36.25,66,4,53.1141627261604,0.142704696063458,0.525967741935484,826,9.7,1201,55.3333333333333,105.666666666667,277.666666666667,368.666666666667,1.07317212349402,-1.23748858562382,-1.08744564533499,0.579508597382616,0.0884153632862988,0.374526176679179,0.0983096801850084,0.522645061135201,0.269710414478618,0.210581663144867,0.466931824455254,1.36134489924275e-16,4.07776190476191,2.89209523809524,0.385814787934466,0.0792463523555679,14.2913152101808,1.11468689846032,20.3925759880698,32.0952380952381,0
"1464",1471,349,150246,2018,"Conifer Forest",80427,"新潟県",138.68,37.48,64,4,157.564977908412,0.36531547840313,0.502177419354839,35,12.7,2307,50.3333333333333,95,314,583,2.1030897860882,-1.29095942863448,-1.43520075998852,0.29130892357457,0.133032960333381,0.429083593623825,0.177825163463431,0.683860993483266,1.26762592704468,0.250290297814586,0.654554920462983,1.12624064988551,3.1106962962963,2.79401481481481,0.432168843729903,0.0734837363564405,14.4689518967236,3.66706252710224,14.0683166876429,35.28,0.76
"1465",1472,350,220365,2018,"Conifer Forest",80441,"静岡県",138.76,35.17,69,4,65.3866943498986,0.285029927269121,0.50739247311828,239,14.7,1940,52,112,321.666666666667,284,0.718992791719071,-1.54428917171826,-1.25466527303024,0.19920594370765,0.04379129613555,0.226194729015254,0.0301804641321063,0.0557317770954087,0.524118742846497,0.0244877153468305,0.194230327433917,0.186925306602348,4.27900589459417,2.88723234056605,0.379284704581994,0.0818269252253278,12.6132621334723,1.20553302037713,22.2385618378744,34.03125,0.03125
"1466",1473,351,190191,2018,"Conifer Forest",80441,"山梨県",138.76,35.46,107,5,144.060978034899,0.262123018040244,0.482822580645161,1003,9.9,1743,55.6666666666667,103.333333333333,289,326,0.616592246949852,-3.61802284809736,1.57643741105671,0.0190245391192924,0.199893117053512,0.161087980059596,0.328707229883009,0.245971330366266,0.256347248135366,0.232840383650079,0.159494752642563,8.59527502935605e-17,1.34032258064516,3.28322580645161,0.436634381288248,0.190204580172284,13.072450947148,1.01211202870101,26.011922603295,30.9677419354839,1
"1467",1474,352,100086,2018,"Conifer Forest",80441,"群馬県",138.76,36.11,64,4,49.2538927120446,0.268981522713551,0.447338709677419,883,9.3,1309,55,106.666666666667,256.333333333333,391.333333333333,0.78145891796089,-1.85199352479553,-1.80758901378902,0.118999055047361,0.0494925205462042,0.0896294678285836,0.0332470710398704,0.153330480783885,0.577509169674706,0.0450536613174867,0.0971731555089833,0.438430648507283,3.22923076923077,2.73269230769231,0.411867510511996,0.0769263800508415,12.4011106934801,4.04587930154197,16.7867543909438,39.4230769230769,0.923076923076923
"1468",1475,353,100118,2018,"Conifer Forest",80441,"群馬県",138.8,36.54,59,4,75.9559973470018,0.432702580075225,0.471048387096774,521,11.1,1322,52,109.666666666667,237.666666666667,441.333333333333,3.49110346469234,-1.8957009720176,0.0440821779470474,1.03867484219919,0.372229654337857,0.427651399243949,1.27711651304303,0.854648213617512,1.91559529382159,0.462834169019985,0.777776635948223,1.29665864296029,2.33586,2.97308,0.439211054662379,0.121423662290558,15.228999994306,2.1234583329795,18.959802226096,28.65,0.7
"1469",1476,354,150318,2018,"Conifer Forest",80427,"新潟県",138.81,37.59,60,4,8.56181176856772,0.254086280323581,0.519838709677419,34,12.6,2200,51.3333333333333,100.333333333333,330,549,1.49312494503179,-3.10763957259829,1.36396732627262,0.498780761483235,0.120696045776457,0.255961555617183,0.830882922798782,0.422966178560671,0.43802402614221,0.296524223454323,0.126714994452301,0.857578467566328,1.625,3.31666666666667,0.441425878885316,0.174810594664636,13.6931313832649,1.09282338042933,25.1964812907736,29.1666666666667,0.833333333333333
"1470",1477,355,220399,2018,"Conifer Forest",80440,"静岡県",138.85,34.99,53,4,122.445673605464,0.183926761729297,0.471935483870968,419,13.9,2134,51.6666666666667,112,372.333333333333,241.666666666667,0.48557902276549,-1.44659602160253,-1.20667458933209,0.227792086640017,0.0401161332135712,0.234365350725932,0.0710764270440323,0.219263338815885,0.201207140889198,0.115415077767998,0.125807410553903,5.68650817490934e-17,4.26707745777834,2.89830994806557,0.379406483413066,0.0805021014743493,13.3501409574609,1.07690346108123,21.3450062643606,34.2560975609756,0
"1471",1478,356,190237,2018,"Conifer Forest",80441,"山梨県",138.89,35.61,77,5,191.716111470731,0.329070528411957,0.535537634408602,711,11.1,1554,55.6666666666667,107,300.666666666667,301.666666666667,2.22618138541657,-2.00299623516501,-1.37763913852495,0.537448156451781,0.116876773331968,0.206885370115102,0.343249670969739,0.208241497733922,1.81047029445666,0.158741732617631,0.190891265488758,0.736563489492235,3.07784615384615,2.77830769230769,0.412504251793223,0.0879813157508867,12.6937873433478,3.41898635814182,17.5562262944355,38.6923076923077,0.861538461538462
"1472",1479,357,110018,2018,"Conifer Forest",80441,"埼玉県",138.9,35.96,52,4,178.859379321885,0.249418124645277,0.445940860215054,691,10.4,1313,54.6666666666667,103.666666666667,271.333333333333,408.333333333333,0,-1.96457189296925,-1.85228308501378,0,0,0,0,0,0,0,0,0,3.17,2.75,0.41,0.0775923918409506,11.96282374,4.254698741,16.9596241647564,40,1
"1473",1480,358,220430,2018,"Conifer Forest",80440,"静岡県",138.93,34.74,54,4,63.586051660218,0.283853265175886,0.525483870967742,71,15.9,2119,52.6666666666667,105.666666666667,342,288,2.08602205884351,-1.24892634699231,-1.1071882753435,0.728497220378218,0.152521162326996,0.639102066593657,0.16501204800614,0.405346746987245,1.23072215532138,0.273037945795323,0.416211631364648,0.727169841093433,3.88909090909091,2.81181818181818,0.404868661210172,0.076328111433939,13.905950559901,1.53339423648853,19.0500210790184,33.0454545454545,0.136363636363636
"1474",1481,359,190249,2018,"Conifer Forest",80441,"山梨県",138.94,35.64,50,3,59.6532680683892,0.367211560993907,0.510860215053763,505,12.5,1478,55.6666666666667,107.333333333333,289.666666666667,312,2.81657954347397,-1.47925649977247,-0.186846060589855,1.1581985975023,0.201910015175017,0.653294155896698,1.06615069980644,0.794575061168679,0.741912922524484,0.596596090049873,0.532202976699664,1.27564797050491,3.10186728395062,3.02683641975309,0.437374894158628,0.105109583528188,15.8165166146969,1.39624384190094,21.8195568304157,29.3333333333333,0.291666666666667
"1475",1482,360,220453,2018,"Conifer Forest",80440,"静岡県",138.98,34.81,30,2,93.5887626509151,0.226432764193038,0.418629032258064,549,12.8,2324,49.3333333333333,95.3333333333333,349.666666666667,372,0,-1.60504872673302,-1.29963463589104,0,0,0,0,0,0,0,0,0,4.38,2.88,0.37,0.0819596630698646,12.7259259259259,1.0125,22.3807339117917,35,0
"1476",1483,361,140011,2018,"Conifer Forest",80441,"神奈川県",139.04,35.32,57,4,127.070412604088,0.24993360594201,0.466666666666667,366,13.2,1841,52.6666666666667,103.333333333333,275.333333333333,314.333333333333,1.21020292332786,-1.58398069625486,-1.66081039367427,0.235154967564715,0.0527949034691912,0.219831968159964,0.0401237977264422,0.539570629403837,0.597034474666267,0.126122116973045,0.606600901470136,0.570185821947647,3.04955882352941,2.72426470588235,0.419115984017401,0.0765048729987713,13.5498909494118,4.03255789467647,15.7902510889727,36.2941176470588,0.897058823529412
"1477",1484,362,220484,2018,"Conifer Forest",80440,"静岡県",139.07,34.92,59,4,96.7814054872497,0.136188962227715,0.512150537634409,317,14.3,2221,51.3333333333333,106.666666666667,342.333333333333,272,0,-1.60504872673302,-1.29963463589104,0,0,0,0,0,0,0,0,0,4.38,2.88,0.37,0.0819596630698646,12.7259259259259,1.0125,22.3807339117917,35,0
"1478",1485,363,140023,2018,"Conifer Forest",80441,"神奈川県",139.08,35.42,60,4,181.434913314044,0.185619502665492,0.457634408602151,447,11.5,1830,53,100.333333333333,294.333333333333,331.666666666667,0,-1.96457189296925,-1.85228308501378,0,0,0,0,0,0,0,0,0,3.17,2.75,0.41,0.0775923918409506,11.96282374,4.254698741,16.9596241647564,40,1
"1479",1486,364,140032,2018,"Conifer Forest",80441,"神奈川県",139.13,35.39,56,4,120.031442000521,0.271004378356403,0.544032258064516,300,13.9,1705,54.6666666666667,108.333333333333,290,371.666666666667,0.946224200700941,-1.93330900894871,-1.80422669813354,0.209091912413085,0.0236036362131335,0.0853728894662529,0.0142609383615733,0.0229619293578999,0.771228936861536,0.0517486538725821,0.072435943898631,0.490230110760034,3.27521739130435,2.76130434782609,0.406521739130435,0.0779721545565083,12.0291804518196,3.97276841569565,17.4310250123247,39.5652173913043,0.91304347826087
"1480",1487,365,150505,2018,"Conifer Forest",80427,"新潟県",139.13,37.7,66,4,46.3682667334696,0.229317410910562,0.506586021505376,72,12.7,1926,49.6666666666667,100,303.333333333333,559.333333333333,2.71266055784851,-1.61571116133135,-1.02560617744838,0.42169646198128,0.206533167805636,0.42955527740397,0.562867043794323,0.558662949001004,1.90934353984805,0.162800513959052,0.712771843794192,1.15773093121454,2.9,2.82875,0.434638818327974,0.089568848819952,13.993428838481,3.23504200209484,17.6715664485169,33.75,0.75
"1481",1488,366,110070,2018,"Conifer Forest",80440,"埼玉県",139.16,36.15,63,4,95.9169420809108,0.228712169539691,0.590456989247312,197,13.7,1281,60.6666666666667,117.333333333333,253.333333333333,381.333333333333,2.99236324150864,-1.5239442292733,-1.4085062768263,0.740588816071266,0.132295796547748,0.361072743130931,0.0801820421160689,0.240135223831495,2.23994749606197,0.219279407659388,0.33200828132236,1.46143549502428,3.74807692307692,2.84128205128205,0.394944433588919,0.0783390834260725,13.0943803363896,2.3802522156305,18.9936502624464,35.2692307692308,0.384615384615385
"1482",1489,367,130021,2018,"Conifer Forest",80441,"東京都",139.17,35.75,44,3,144.230815884424,0.267755602816116,0.566155913978495,502,11.6,1518,54,102.666666666667,280,391,0,-1.96457189296925,-1.85228308501378,0,0,0,0,0,0,0,0,0,3.17,2.75,0.41,0.0775923918409506,11.96282374,4.254698741,16.9596241647564,40,1
"1483",1490,368,130023,2018,"Conifer Forest",80440,"東京都",139.17,35.82,61,4,68.5806134201593,0.205632209311533,0.561317204301075,493,12,1441,54.3333333333333,106.666666666667,280.666666666667,379.666666666667,0.924933124725907,-1.5919095553395,-1.32257675861192,0.235309684473387,0.0215155455006055,0.13483000693041,0.0327634655188748,0.0552068420985756,0.725233046725112,0.0703566200358045,0.0674813579923495,0.438430648507283,4.26038461538462,2.87230769230769,0.375549139871383,0.0810783078146943,12.8145978765959,1.28031383354894,21.7333033236605,35.1923076923077,0.0769230769230769
"1484",1491,369,100324,2018,"Conifer Forest",80440,"群馬県",139.25,36.47,41,3,105.449078087247,0.174292525935975,0.560430107526882,370,12.9,1397,51.3333333333333,108.333333333333,256,410.666666666667,0.136268243615509,-1.63435629160828,-1.26025566652794,0.0856317764143023,0.0148472501274072,0.0209436176145971,0.0625332209678172,0.00183078142885489,0.00370033858418166,0.00901622834965745,0.0118466234425627,0.0801752722447744,4.34013157894737,2.88657894736842,0.370789473684211,0.0835003656433431,12.7210308800456,1.01124846290008,22.4567245324985,34.9342105263158,0.0131578947368421
"1485",1492,370,140065,2018,"Conifer Forest",80440,"神奈川県",139.26,35.53,63,4,36.9536596201842,0.238684383714819,0.549408602150538,373,13.7,1579,53.6666666666667,107.333333333333,299.666666666667,328.333333333333,1.41711285366287,-1.6546381289725,-1.37586200818383,0.313146542286739,0.0353499902518193,0.127858724102961,0.0213578970422747,0.0343889378583575,1.15503116358007,0.0775013812881376,0.108483705119687,0.73419321836832,4.21310344827586,2.86206896551724,0.37551724137931,0.0813572808313937,12.6206704520051,1.45969982634483,21.6329946363386,35.6896551724138,0.137931034482759
"1486",1493,371,100345,2018,"Conifer Forest",80440,"群馬県",139.29,36.54,60,4,105.103770446447,0.155493866578138,0.523870967741936,477,11.7,1550,51.6666666666667,98.3333333333333,263.333333333333,459.666666666667,0,-1.60504872673302,-1.29963463589104,0,0,0,0,0,0,0,0,0,4.38,2.88,0.37,0.0819596630698646,12.7259259259259,1.0125,22.3807339117917,35,0
"1487",1494,372,100339,2018,"Conifer Forest",80440,"群馬県",139.3,36.33,64,4,31.6432893340091,0.331666115093288,0.669569892473118,66,14.3,1264,59.3333333333333,116,236.333333333333,411.333333333333,0,-3.83242365725289,1.69316703570433,0,0,0,0,0,0,0,0,0,1.35,3.38,0.43,0.19905305865423,12.3539024390244,0.917383180406259,28.1560210855065,30,1
"1488",1495,373,150590,2018,"Conifer Forest",80427,"新潟県",139.32,37.91,62,4,9.81568258128245,0.237096434840669,0.517338709677419,17,13.1,1904,54,105,378.666666666667,470.333333333333,2.92121101176157,-2.71171259868271,-0.434103036726536,0.950694268869281,0.345775113879165,0.129035024364708,1.19892280918249,0.0355719328674999,2.39970899868916,0.323077539824364,0.437927020827151,1.86517468137026e-15,2.442,3.002,0.418,0.126176658566262,12.1192552196098,2.9197725167625,21.4381829330564,36,1
"1489",1496,374,90030,2018,"Conifer Forest",80440,"栃木県",139.47,36.47,38,3,75.5804617378046,0.265062665956157,0.520779569892473,306,12.4,1511,54.3333333333333,105,223,433,1.08050501528881,-1.78368478317175,-0.957823843749287,0.671488781387402,0.110796119350764,0.226420500946574,0.456805501774517,0.0748098121980706,0.0742973767817885,0.0693883041158569,0.125100343553463,0.581537974682097,4.02473684210526,2.93578947368421,0.379698822981892,0.0935389313326084,12.8884326688453,1.02768571321499,22.6733443617964,34.2105263157895,0.105263157894737
"1490",1497,375,150727,2018,"Conifer Forest",80427,"新潟県",139.59,38.27,71,5,139.339694524454,0.310420263011477,0.442956989247312,79,11.9,2050,49.6666666666667,93,266.333333333333,578.666666666667,1.903660088472,-1.76579690314368,-1.4102834515659,0.376189928816533,0.217647170750432,0.289826484483387,0.319425005739929,0.469402085975485,1.43624520790678,0.195934506818661,0.299415026130335,0.73419321836832,2.95206896551724,2.69,0.423593830801641,0.0864390044707008,13.4308260875275,3.65026501414967,15.9649447572555,37.9310344827586,0.862068965517241
"1491",1498,376,150734,2018,"Conifer Forest",80427,"新潟県",139.6,38.52,69,4,117.38720120352,0.280847282555715,0.415134408602151,350,11.1,2038,49.6666666666667,84.6666666666667,259.666666666667,619.333333333333,1.71882894823334,-1.40388295223197,-1.49123188569691,0.26084781641538,0.191038694782799,0.360139715537604,0.150411782978627,0.55616182512358,0.948563441247645,0.19046307607453,0.575259767202141,0.973307049694657,3.05018518518519,2.82623093681917,0.426664449278103,0.0734119339828083,13.7882127625941,3.86278571699661,15.061263312183,36.078431372549,0.803921568627451
"1492",1499,377,90142,2018,"Conifer Forest",80441,"栃木県",139.7,36.8,73,5,64.8448057375999,0.338897845015539,0.437096774193548,362,11.4,1675,53.3333333333333,103,254.666666666667,454.666666666667,2.88338572973783,-1.88326011527268,0.801542805049467,0.719126667452951,0.474813951517255,0.444365488265238,1.38256378661195,0.969259406221132,0.879786798667207,0.635053807748147,0.688915806573326,1.45613323472487,1.87603950617284,3.01665467372134,0.455163913642627,0.140225759997463,16.4550925719033,1.43126756947859,18.9126298841005,25.3809523809524,0.619047619047619
"1493",1500,378,60047,2018,"Conifer Forest",80427,"山形県",139.73,38.74,60,4,65.0644590114897,0.287482429912332,0.457715053763441,122,11.9,1986,49.6666666666667,92,233,624,1.98532372152781,-1.36643869539123,-1.50940633099322,0.428419322132302,0.095727346615395,0.478820320922187,0.0991856323261618,0.712510526789254,1.00737642483904,0.244086412315311,0.615269368104263,1.08437607882354,2.97681818181818,2.71045454545455,0.433050479391991,0.0745066913829417,14.3957726209091,3.81957229699987,17.4694823086047,35.6363636363636,0.772727272727273
"1494",1501,379,90188,2018,"Conifer Forest",80441,"栃木県",139.79,36.76,69,4,67.114167771181,0.248710982484291,0.498145161290323,281,12.3,1534,57.6666666666667,106.333333333333,162.666666666667,463.666666666667,2.64943947094517,-1.35689460545976,-0.523810848109208,1.25688522302582,0.166049212295317,0.610363545316708,0.695640423021794,0.746865028260319,0.929179318275681,0.389500637109716,0.702845835895429,1.0672087596381,3.34053497942387,2.94434156378601,0.410790060735977,0.097570422279865,15.1253954675159,1.41996636056121,19.2278972126036,29.3333333333333,0.222222222222222
"1495",1502,380,90207,2018,"Conifer Forest",80440,"栃木県",139.83,36.62,51,4,69.9691562494005,0.241531748091761,0.516209677419355,167,13.1,1474,57.3333333333333,114.666666666667,212.666666666667,433.666666666667,0.823080567524705,-1.35652210442366,-1.20480823668231,0.372780782849548,0.121738037686155,0.330598948182643,0.0671367010128805,0.349654177499703,0.286920938284266,0.126993501280061,0.365404667675717,8.12841857314847e-17,4.18017857142857,2.82517857142857,0.383773779283417,0.0807565825618111,13.7756871593818,1.12422721338521,21.1977406240586,33.3571428571429,0
"1496",1503,381,90211,2018,"Conifer Forest",80441,"栃木県",139.83,36.76,65,4,73.6983951098676,0.284611109259198,0.491747311827957,384,11.9,1568,53,106,208,476.666666666667,3.18507985844668,-2.1910586715719,-0.927113888871067,0.996418136086327,0.246799274403701,0.320006860424475,0.771753543695518,0.0644481745836364,2.10284561781507,0.186268434934696,0.379536751383531,1.5411714156328,3.3504,2.8668,0.3948,0.105231138529094,12.4402593039067,2.06135173339592,21.8010362274834,36.8,0.52
"1497",1504,382,120017,2018,"Conifer Forest",80440,"千葉県",139.87,35.14,51,4,81.1468070254497,0.242998529758307,0.509086021505376,80,15.1,1805,54,121.666666666667,326.666666666667,281.333333333333,0.750753904562368,-1.7674049855072,-1.68453647297037,0.104306167917597,0.132790969353029,0.217012590126267,0.0117380586930883,0.21902874008447,0.377420003995796,0.0524489788171609,0.292863152436956,0.418739087554101,3.13243902439024,2.80463414634146,0.418710013332288,0.0776215425343038,12.5863708985777,4.11878132477906,16.4889503282785,38.2682926829268,0.926829268292683
"1498",1505,383,120073,2018,"Conifer Forest",80440,"千葉県",140.01,35.07,69,4,184.189729346439,0.311179321603704,0.524784946236559,205,14.6,1919,50,114.333333333333,326.666666666667,325.666666666667,0.6991525065204,-1.82940369127438,-1.77913408363626,0.0311481028262016,0.0355735713867454,0.148124301751792,0.0459032311505469,0.169393806002602,0.381363897600185,0.157406865749179,0.340609905087785,0.384195153469716,3.15466666666667,2.73333333333333,0.41590368488746,0.0763965818975688,12.4417059335938,4.11831809730356,18.3623398570445,38,0.933333333333333
"1499",1506,384,90318,2018,"Conifer Forest",80440,"栃木県",140.05,36.69,61,4,33.5614493163262,0.290231885811324,0.489758064516129,185,13.2,1406,56.6666666666667,113,222.666666666667,414.666666666667,2.51501879768093,-1.30738997420736,-1.20630414098135,0.350355698520647,0.417751247914439,0.479959583796433,0.280747909849957,0.32348401876592,1.71857392363736,0.284567956212591,0.356385921897096,1.44716366401818,3.15703703703704,3.01523148148148,0.427138818327974,0.0692188128171938,13.2280526234282,3.33691970020833,14.7073568419467,36.875,0.625
"1500",1507,385,120139,2018,"Conifer Forest",80440,"千葉県",140.14,35.32,52,4,35.2072670140279,0.447675691877291,0.490161290322581,94,15.1,1717,52.6666666666667,110,309.333333333333,358.666666666667,2.97364225628918,-0.939599871003023,-1.67941221563451,0.584545141769443,0.595520253360618,1.30571155607145,0.3689705454278,0.399647015023068,1.33950590216641,0.346744798718298,0.93096730618017,1.51213835913736,3.64,2.41142857142857,0.47,0.0659062574838108,13.591737137037,3.47229194285714,14.0062697292948,31.8571428571429,0.571428571428571
"1501",1508,386,90355,2018,"Conifer Forest",80440,"栃木県",140.14,36.54,58,4,75.8535900708687,0.447481409720249,0.484005376344086,141,13.2,1410,55.3333333333333,110.333333333333,232.333333333333,390,1.93482575131919,-1.01165252838154,-1.05845628546074,0.760165842853581,0.247592409097032,0.659673584868696,0.21307942315303,0.644029517146331,0.827732417589745,0.356439348722174,0.65468295961715,0.256787200874304,3.79262479871176,2.79878421900161,0.40527528869006,0.077451506956973,15.0527512641682,1.48082697233195,18.1190988631911,33.0869565217391,0.0434782608695652
"1502",1509,387,120163,2018,"Conifer Forest",80440,"千葉県",140.18,35.46,6,1,38.9764751064607,0.273387867241762,0.51752688172043,112,15,1606,56,115.333333333333,310.333333333333,339.666666666667,2.15986547582162,-1.38437754631609,-1.36999821552469,0.386664250922222,0.0601362754394981,0.46127595603599,0.108345468240645,0.640786751381225,1.45614315421841,0.130373436014691,0.709603968932884,1.0672087596381,2.94888888888889,2.73666666666667,0.432061697034655,0.0744219344262387,14.1366555160396,3.62981607558943,15.8722216053415,35,0.777777777777778
"1503",1510,388,80153,2018,"Conifer Forest",80440,"茨城県",140.28,36.47,39,3,75.5667501534881,0.235989635721002,0.470887096774194,138,13.2,1400,54,110.333333333333,239.666666666667,379.666666666667,1.85697963730059,-1.94874724908218,-1.67145407856068,0.389361355712262,0.0691367386796533,0.154481253143352,0.122750795018197,0.0426525129304528,1.5311425217837,0.115993973925121,0.1611941369047,0.874209674016455,3.33219512195122,2.78756097560976,0.403658536585366,0.0813004788023086,12.1026479839148,3.61975467398552,18.1582623391466,38.9024390243902,0.829268292682927
"1504",1511,389,80154,2018,"Conifer Forest",80440,"茨城県",140.28,36.51,45,3,14.6921121063778,0.136048957627678,0.46760752688172,278,12.5,1467,54,106,251.666666666667,353,1.09699106186276,-1.21739934211284,-1.08089784421403,0.565914122602103,0.135777649777885,0.423166653673783,0.138436381516987,0.430901621678833,0.41757226575358,0.249699142219455,0.402177876269833,8.72318090776909e-17,4.07665343915344,2.91470899470899,0.388365039044557,0.0780327371470138,14.0523819537043,1.17510293138095,19.9577719243929,32.4285714285714,0
"1505",1512,390,80155,2018,"Conifer Forest",80440,"茨城県",140.28,36.54,57,4,75.4377572174171,0.206659374822751,0.46760752688172,133,13,1425,53,111.333333333333,249,373.666666666667,1.74441926250225,-1.32104877871111,-1.21496467744144,0.608450780561936,0.0964755005743775,0.414983762124699,0.0587875805825456,0.442470847045706,1.05173777259605,0.184181066962725,0.506017551253288,0.581537974682098,4.01784925276153,2.82538661468486,0.389998016020759,0.0801079936836933,13.9652905224307,1.46725720216481,20.3962392985001,32.4385964912281,0.105263157894737
"1506",1513,391,120226,2018,"Conifer Forest",80440,"千葉県",140.32,35.53,31,3,84.9025166340625,0.186209772877811,0.530537634408602,27,15.2,1576,57.6666666666667,113.666666666667,287,363.666666666667,0.746058211965586,-1.7737370665351,-1.73149448008087,0.02627251864682,0.0405953688690671,0.169034494813964,0.0700718584064526,0.22676257083442,0.486036532992728,0.0560107450605639,0.194346311017967,0.438430648507283,3.15692307692308,2.76923076923077,0.416811944100915,0.075746690523698,12.6110123834206,4.07895455942652,16.4549440226297,38.8461538461538,0.923076923076923
"1507",1514,392,70433,2018,"Conifer Forest",80441,"福島県",140.32,37.05,64,4,135.724465052957,0.236351388417185,0.433198924731183,355,11.3,1414,59.6666666666667,117.666666666667,240.333333333333,355,2.13219823057454,-1.47473075751934,-1.44540088138087,0.14122111338256,0.134075532149895,0.407431672021292,0.195353695118009,0.53021070171391,1.47146102130833,0.144119490212057,0.493964762438955,1.1739779474516,3.12723404255319,2.78404255319149,0.427564951768489,0.0759224368711313,13.813995571638,3.57578024861106,16.0326070996149,37.0212765957447,0.74468085106383
"1508",1515,393,120236,2018,"Conifer Forest",80440,"千葉県",140.36,35.21,82,5,121.172107785834,0.288145498444105,0.504193548387097,67,15.1,1899,50.6666666666667,111.666666666667,331.666666666667,376,0.411894871345862,-1.84659548959717,-1.75836405381636,0.108217540823206,0.0574051654885235,0.141320691296018,0.00994271724870113,0.115554380527133,0.177327402058155,0.0430785894845163,0.142874982499487,0.241736404351892,3.11816326530612,2.76,0.415480719863508,0.0774612570542275,12.2806959601803,4.19299322212488,16.5860795690322,39.1836734693878,0.959183673469388
"1509",1516,394,70459,2018,"Conifer Forest",80441,"福島県",140.37,36.9,65,4,187.865385018129,0.441662960519491,0.414327956989247,355,11.8,1439,54.3333333333333,109.666666666667,248.333333333333,362.666666666667,3.47020518474587,-1.70752633426726,-1.21823162366377,0.727731594936099,0.159771773191828,0.659206825888089,0.569795751961585,0.812106337473103,1.55467943493257,1.49108366277026,0.772586569725744,1.5345072697755,3.67333333333333,2.83796703296703,0.447575375546211,0.0863984798145958,15.2496635579227,2.41493222350957,29.3053598913982,34.7948717948718,0.461538461538462
"1510",1517,395,70460,2018,"Conifer Forest",80441,"福島県",140.37,36.94,95,5,69.9637862698309,0.426091618366413,0.394704301075269,587,10.6,1522,54.3333333333333,103.333333333333,270.333333333333,436.666666666667,3.38900765806128,-2.60910978933523,0.309579729501241,1.35156650119901,0.350869966784217,0.411973588930477,1.23258368051313,0.845573765600667,0.716445712118962,1.36914901924164,0.758852745604705,1.40065745931438,2.64841739130435,3.05919627329193,0.462043367817699,0.143642459388994,15.4138849673028,1.41738130306655,32.9222181017003,28.9565217391304,0.652173913043478
"1511",1518,396,80233,2018,"Conifer Forest",80440,"茨城県",140.41,36.4,34,3,114.735343772242,0.405969535312377,0.484516129032258,47,13.5,1386,56.6666666666667,110,228.666666666667,355.666666666667,2.66316119349565,-1.59963979750716,-1.64396920044196,0.327487418027184,0.355183960515334,0.330998779127563,0.19335065609837,0.374694794580244,1.90992810104052,0.153481533040253,0.449098628501313,1.48189559195462,3.33985714285714,2.589,0.412365039044557,0.079306569217945,13.4686778447751,3.19223112101781,17.4163606929016,40.4285714285714,0.6
"1512",1519,397,70489,2018,"Conifer Forest",80441,"福島県",140.41,36.87,50,3,42.2607962015116,0.2956797975164,0.431747311827957,237,12.4,1417,53.3333333333333,108.333333333333,236,370,0.809800404439734,-1.75023194359649,-1.68368119737481,0.0714413367710763,0.113109162707951,0.18900548900276,0.097426934456454,0.197178598888324,0.51555125343955,0.0872505402443396,0.181089859746577,0.490230110760034,3.1340499194847,2.80417069243156,0.417700458548861,0.0749979540655694,12.532641861966,4.06623390825557,16.1648212946519,38.9130434782609,0.91304347826087
"1513",1520,398,70531,2018,"Conifer Forest",80441,"福島県",140.46,37.23,40,3,24.5711830778811,0.157469101851083,0.397177419354839,411,10.8,1382,58.3333333333333,118.666666666667,225.333333333333,384.666666666667,2.70482501089034,-3.20980640249168,0.511350328798293,0.880272471175261,0.320162142480708,0.119476874411766,1.11011371220601,0.0329369748773148,2.22195277656404,0.299145870207744,0.405487982247362,1.92438657601694e-15,1.95666666666667,3.17,0.423333333333333,0.15856616971647,12.2235428726829,2.02982170060417,24.4238887785898,33.3333333333333,1
"1514",1521,399,80289,2018,"Conifer Forest",80441,"茨城県",140.5,36.61,69,4,104.995697922318,0.128344167653809,0.436854838709677,239,12.5,1490,53,111.666666666667,261,372.333333333333,0,-1.60504872673302,-1.29963463589104,0,0,0,0,0,0,0,0,0,4.38,2.88,0.37,0.0819596630698646,12.7259259259259,1.0125,22.3807339117917,35,0
"1515",1522,400,80292,2018,"Conifer Forest",80441,"茨城県",140.5,36.72,69,4,116.481418303775,0.361702597785081,0.382016129032258,230,12.3,1484,55.3333333333333,113.666666666667,252,377,3.17831744532725,-2.10121663000682,-0.774615392974299,1.06830747160435,0.214507727973009,0.360415428915863,0.825377422546203,0.121052609762061,1.98068315460418,0.205552814572237,0.316877996841075,1.54364124161939,3.32281084656085,2.94226851851852,0.398876974046853,0.105401492173933,12.7483847977047,1.95062677363667,21.6850305277218,34.5892857142857,0.5
"1516",1523,401,70593,2018,"Conifer Forest",80441,"福島県",140.55,37.26,55,4,25.5100391419258,0.14955139082054,0.377069892473118,544,10.3,1418,55,100.333333333333,285,399.666666666667,0,-1.61694862931245,0.486960914345582,0,0,0,0,0,0,0,0,0,1.25,2.38,0.498555273311897,0.107618781007451,19.7789036896351,1.89624794611869,6.00033676932058,40,1
"1517",1524,402,70594,2018,"Conifer Forest",80441,"福島県",140.55,37.3,60,4,141.990813906756,0.241417880499465,0.370994623655914,550,10,1432,55,105,262,436.666666666667,2.42589443477482,-1.51212887052923,-0.382811180242335,0.995598990708929,0.230071874430542,0.571457223266278,0.360619538573986,0.735370021073227,1.70479261269503,0.302850959480772,0.284217772712934,0.52459682820659,2.0309375,2.569375,0.466687341237942,0.0911141434958061,17.1370163658832,2.73733318254864,10.2545635387099,38.28125,0.90625
"1518",1525,403,80337,2018,"Conifer Forest",80441,"茨城県",140.59,36.72,65,4,93.3168343371737,0.320199996757432,0.374435483870968,433,11,1573,53.6666666666667,103.666666666667,321.333333333333,356,2.20181455275055,-2.51915135884664,1.22041383600334,0.3574055156766,0.40449638520906,0.362586961034044,1.09992313296325,0.769936100997293,0.683538412096074,0.478936666026436,0.524195188884572,1.21481825523893,1.56452242985844,3.15430887007736,0.448457188968588,0.162456709437773,15.1338869097626,1.22958297086845,22.7049657040837,26.1153846153846,0.730769230769231
"1519",1526,404,80355,2018,"Conifer Forest",80441,"茨城県",140.64,36.76,79,5,107.092080513724,0.176712903740464,0.37747311827957,441,11.2,1550,53.6666666666667,103,290.333333333333,413.666666666667,0,-1.60504872673302,-1.29963463589104,0,0,0,0,0,0,0,0,0,4.38,2.88,0.37,0.0819596630698646,12.7259259259259,1.0125,22.3807339117917,35,0
"1520",1527,405,70659,2018,"Conifer Forest",80441,"福島県",140.65,37.69,89,5,56.0603771326754,0.125720288866885,0.396693548387097,533,9.7,1391,55,104,257,435,0,-1.96457189296925,-1.85228308501378,0,0,0,0,0,0,0,0,0,3.17,2.75,0.41,0.0775923918409506,11.96282374,4.254698741,16.9596241647564,40,1
"1521",1528,406,80367,2018,"Conifer Forest",80441,"茨城県",140.68,36.76,62,4,70.7355220894032,0.208142674175686,0.429005376344086,130,13,1458,54,109.666666666667,289.333333333333,366.666666666667,0.689025181735475,-1.78588952700587,-1.77982980288086,0.0787007136441302,0.0192521485371447,0.128210092004874,0.0595331273970181,0.228831965027479,0.433042910323448,0.0735730096750905,0.205034202676208,0.396464337918893,3.20137931034483,2.75586206896552,0.415122595631445,0.0760376846352529,12.6113370041158,4.09945464183563,16.3023667160528,38.7931034482759,0.931034482758621
"1522",1529,407,70679,2018,"Conifer Forest",80441,"福島県",140.69,37.41,13,2,15.5173226259864,0.264639967737436,0.354650537634409,577,10,1410,60,113,243,407,1.2021444492846,-2.17211097788965,-1.45834418271177,0.391232209411227,0.142294285546982,0.0531008330718962,0.493383872091558,0.0146386555010289,0.987534567361794,0.132953720092331,0.180216880998828,7.89491928622333e-16,2.96777777777778,2.82,0.412222222222222,0.0910880214868705,12.0062769287805,3.88388590093403,18.203668267062,38.8888888888889,1
"1523",1530,408,70689,2018,"Conifer Forest",80441,"福島県",140.69,37.77,53,4,68.2769975035309,0.147447372106174,0.385967741935484,728,8.4,1494,54,98.6666666666667,279,441.666666666667,1.98619961469931,-2.77417745395598,1.22835367837912,0.650449703007684,0.305173104409635,0.327146130256281,1.00314638809747,0.640960837550281,0.445909694500973,0.36835553601845,0.528446514438089,1.09607662126821,1.73850698005698,3.21967692307692,0.445820447687361,0.16734546044836,14.5524850406344,1.11086501725475,24.1731769208034,26.3269230769231,0.769230769230769
"1524",1531,409,40097,2018,"Conifer Forest",80441,"宮城県",140.69,37.95,56,4,23.6888534203138,0.28594928123244,0.445322580645161,218,11.7,1287,55.6666666666667,110,241.333333333333,436.666666666667,1.1923307622001,-4.07830846582727,1.34915736239556,0.677132670134816,0.0858282992188142,0.182017106216663,0.14407436787674,0.0506785755305094,0.271333668056585,0.834138520820607,0.360433761997655,6.36527867451756e-15,1.7,3.33777777777778,0.437617252590211,0.195112163095379,12.2034688346884,1.01926721705965,35.9610310289073,32.2222222222222,1
"1525",1532,410,40109,2018,"Conifer Forest",80441,"宮城県",140.69,38.38,61,4,64.9773296804684,0.254136488015224,0.335618279569892,486,9.2,1449,49.3333333333333,97.3333333333333,270,486.666666666667,2.70482501089034,-2.58718914773046,-0.670466378107743,0.880272471175261,0.320162142480708,0.119476874411766,1.11011371220601,0.0329369748773148,2.22195277656404,0.299145870207744,0.405487982247362,1.77635683940025e-15,2.56333333333333,2.96,0.416666666666667,0.11807928077871,12.0931833063415,3.14226022080209,20.6917564716731,36.6666666666667,1
"1526",1533,411,70694,2018,"Conifer Forest",80441,"福島県",140.73,37.01,16,2,87.3036217565636,0.26874350941017,0.420537634408602,141,12.4,1402,57,113,257,418.333333333333,1.75583226914457,-1.85787764211933,-1.73032280275159,0.353658419115092,0.0418393708923653,0.152461042459145,0.024275827718169,0.0899884862751468,1.40564528756705,0.0872098026151663,0.203581776210969,0.918530325591704,3.35863636363636,2.765,0.405648983484361,0.0782495737669827,12.2530288542236,3.68127475970018,17.846163969898,38.6363636363636,0.818181818181818
"1527",1534,412,40142,2018,"Conifer Forest",80441,"宮城県",140.74,38.45,57,4,33.5429539202703,0.177191849147379,0.356559139784946,385,9.4,1435,48.6666666666667,98.3333333333333,209,464,2.50426695863861,-2.46177580351206,0.963081846602189,0.971122010696225,0.419888518013823,0.392575356307537,1.30764499760543,0.664835166658886,0.562521506420334,0.547194933706989,0.387612920308056,1.31529194552185,1.99449031339031,3.14800594220594,0.451093930249814,0.153128353178708,14.8877633149716,1.18858332018342,21.5820820644456,27.8461538461538,0.692307692307692
"1528",1535,413,70731,2018,"Conifer Forest",80441,"福島県",140.78,37.44,15,2,13.9400537840738,0.340560738153761,0.370456989247312,438,10.6,1375,55,109,232.666666666667,408.333333333333,1.93016197717393,-2.82098949774627,1.18123282444411,0.673354028002367,0.377333953637978,0.345548100083196,0.949420356384429,0.500003936023879,0.450561034750417,0.228508752615981,0.513195727531818,1.15773093121454,1.7625,3.16,0.447138818327974,0.168274168486664,14.1129601953575,1.11789607300664,25.6219176545643,26.25,0.75
"1529",1536,414,70772,2018,"Conifer Forest",80441,"福島県",140.87,37.15,63,4,105.556909407176,0.295857661665572,0.41241935483871,147,12.1,1386,56,111,252.666666666667,443.666666666667,0.340217413734477,-1.9539976821976,-1.83602871886311,0.0751795500699298,0.00848674982230744,0.0306960481836459,0.00512755810219939,0.00825602242545858,0.277297403830776,0.018606365353717,0.0260445351919262,0.176263532780069,3.20558823529412,2.75382352941176,0.408823529411765,0.0777208409947422,11.985267921939,4.1593399545,17.119068569081,39.8529411764706,0.970588235294118
"1530",1537,415,70789,2018,"Conifer Forest",80441,"福島県",140.87,37.76,61,4,89.7956217162989,0.216132024725956,0.426989247311828,124,12,1277,53,108,238.333333333333,420.666666666667,2.73333084471416,-1.45685395153148,-0.891237818984252,0.951988500874368,0.134691572782791,0.530057328906501,0.462831679230509,0.527464836852319,1.49472318831739,0.290351199888322,0.46070819999639,1.26648646540218,3.5475392341494,2.91464532328939,0.407527254346286,0.0883958989734062,14.2152389902214,1.79261377072435,19.4664163351121,32.7627118644068,0.288135593220339
"1531",1538,416,70817,2018,"Conifer Forest",80440,"福島県",140.92,37.84,57,4,94.6860588206187,0.188937830431374,0.478897849462366,9,12.6,1255,59.6666666666667,123.333333333333,236.333333333333,413.333333333333,2.85783707369934,-1.51517785516566,-0.454093168170401,1.01485755757921,0.212216528148301,0.595594342382382,0.863814241749359,0.593440258282365,1.27331376859776,0.357464319850439,0.44667035544436,1.37212554810613,3.20202932098765,3.01354938271605,0.422138818327974,0.0982398871485809,14.636241639619,1.68314360660469,19.4511518016201,31.5,0.333333333333333
"1532",1539,417,40283,2018,"Conifer Forest",80440,"宮城県",140.97,38.45,43,3,29.8646631197778,0.151021477144457,0.425752688172043,44,11.7,1242,54,107,200,422,1.50166197368806,-1.89283752711859,-1.44197436254529,0.31080389559188,0.123300321598468,0.196104052714054,0.372955308106155,0.258889476140556,1.12866344362845,0.10593335636416,0.386251632369548,0.454447981532749,3,2.80402857142857,0.418684421864952,0.0857028077443801,12.7393272509862,3.80622697389918,17.1425172779203,37.48,0.92
"1533",1540,418,40340,2018,"Conifer Forest",80441,"宮城県",141.11,38.81,67,4,32.8518111659179,0.153832521586201,0.430618279569893,38,10.8,1253,54,109.666666666667,209.666666666667,423.333333333333,2.14989026927003,-2.70726269302531,1.15751712536183,0.55271434208736,0.224066426957723,0.318622528760301,1.07467244503006,0.658946237915316,0.867603934389125,0.446375121369267,0.414609545553116,1.05049309448579,1.69357487922705,3.24743961352657,0.444033755067804,0.163701325665116,14.5538136298507,1.30917048803948,23.133038683406,27.6521739130435,0.782608695652174
"1534",1541,419,40398,2018,"Conifer Forest",80440,"宮城県",141.38,38.49,60,4,82.799604843053,0.218692280056394,0.389865591397849,77,11.5,1184,54,105,247.666666666667,400.666666666667,2.50404602828621,-1.78751169189354,-1.33331684636272,0.666471980378889,0.0703314765656586,0.243372272285507,0.179962476581237,0.057660479791306,1.91410034801927,0.135426344093686,0.188947802378579,1.31529194552185,3.93769230769231,2.86423076923077,0.383076923076923,0.0852874514153249,12.5061667417573,1.88174132182332,21.1433307942712,36.1538461538462,0.307692307692308
"1535",1542,420,40408,2018,"Conifer Forest",80440,"宮城県",141.43,38.45,30,2,45.0553114533445,0.249291942811399,0.384677419354839,94,10.9,1227,54.6666666666667,108.666666666667,232,401,2.05005154494881,-2.68857224883918,1.22516004149402,0.519232572737729,0.309397846845049,0.355346250369109,1.17848746788503,0.536575437315196,0.521085870876097,0.454769941946081,0.142802289400158,1.19055884041722,1.62826086956522,3.19695652173913,0.447883984342234,0.160286293498616,14.2693825295628,1.15269196855739,23.0385732125331,29,0.739130434782609
"1536",1543,421,40412,2018,"Conifer Forest",80440,"宮城県",141.43,38.6,74,5,42.3931466446342,0.303238032479559,0.383817204301075,227,10.3,1268,55,101.666666666667,266,405.666666666667,1.31541811259368,-1.59040248554397,-1.60460559028188,0.332117452494695,0.0564659863281672,0.235117939288559,0.0929543094577123,0.488251278467056,0.79230768312577,0.148607257320266,0.504607266796718,0.609833576936056,2.99833333333333,2.72222222222222,0.419839474812433,0.0750497936625474,13.4121422907407,3.95719233272222,15.5691103686724,36.8888888888889,0.888888888888889
"1537",1544,422,40428,2018,"Conifer Forest",80440,"宮城県",141.47,38.7,50,3,38.382521149025,0.262214644191704,0.395833333333333,77,10.9,1236,54,103.666666666667,259,384,2.06017415142163,-2.66152232101698,1.20043492172742,0.401291794466057,0.520263481531151,0.345548100083196,0.946296047381277,0.832340023420274,0.454470672206502,0.530280253243825,0.36240488413358,1.15773093121454,1.59583333333333,3.07666666666667,0.447138818327974,0.168375454248035,15.2821477359453,1.11963597649335,22.2753491474632,27.8333333333333,0.75
"1538",1545,423,30579,2018,"Conifer Forest",80441,"岩手県",141.48,39.06,33,3,51.8889580084658,0.136200347343479,0.351263440860215,765,7.3,1505,53,97.6666666666667,280.666666666667,506,1.56924680673422,-1.3641089856335,0.404073098189876,0.463390570462494,0.218915966042749,0.144615226670895,0.349002804557884,0.234983399797473,0.252471480303655,0.26702782383229,0.624269436832175,0.98793039463641,1.51730096328504,2.44358760969163,0.492761662838769,0.106808260901074,19.5085290896575,1.80608630964511,8.55478785082511,35.9714285714286,0.8
"1539",1546,424,30617,2018,"Conifer Forest",80441,"岩手県",141.52,39.03,71,5,130.287879993098,0.202647809602579,0.380134408602151,173,10.1,1350,55,105,245,431,0,-1.96457189296925,-1.85228308501378,0,0,0,0,0,0,0,0,0,3.17,2.75,0.41,0.0775923918409506,11.96282374,4.254698741,16.9596241647564,40,1
"1540",1547,425,30700,2018,"Conifer Forest",80441,"岩手県",141.62,39.24,54,4,161.526409412604,0.223198809815458,0.36,392,8.9,1440,53,95.6666666666667,240.333333333333,455,0,-1.96457189296925,-1.85228308501378,0,0,0,0,0,0,0,0,0,3.17,2.75,0.41,0.0775923918409506,11.96282374,4.254698741,16.9596241647564,40,1
"1541",1548,426,30736,2018,"Conifer Forest",80441,"岩手県",141.66,39.14,34,3,60.3543233019625,0.253158565042972,0.375672043010753,113,10.3,1425,54,98,248,419.666666666667,2.94488434825948,-2.68613449296775,0.727760183542452,1.08550815905184,0.445702969884122,0.380891061647466,1.28409161282369,0.865456793821594,0.723687346671264,0.830654287137595,0.662972850974438,1.29665864296029,2.18123456790124,3.05517283950617,0.453614739549839,0.165559975359699,15.6480824095271,1.31996083367507,27.9097910340914,27.6666666666667,0.7
"1542",1549,427,30771,2018,"Conifer Forest",80441,"岩手県",141.68,40.4,18,2,72.0454298051245,0.195424491781554,0.374677419354839,141,9.6,1159,54,105.333333333333,224.666666666667,407.666666666667,1.40650900566298,-2.21361879487374,-1.37955640225137,0.457741685011135,0.166484314089968,0.0621279746941186,0.577259130347123,0.0171272269362037,1.1554154438133,0.155555852508027,0.210853750768629,8.58572472376788e-16,2.92733333333333,2.834,0.412666666666667,0.0937871474160545,12.0149675665366,3.80972333292084,18.4524770875231,38.6666666666667,1
"1543",1550,428,30912,2018,"Conifer Forest",80440,"岩手県",141.89,39.1,84,5,190.087968989172,0.363338326906666,0.357715053763441,305,10.3,1462,54,103.666666666667,256.333333333333,414,2.09030165976561,-2.69449489296936,1.19055747249661,0.345867843548381,0.589408659877113,0.339860911444111,1.17171073606562,0.606838497572184,0.472428026894307,0.502178261704196,0.170746382054608,1.13867646615589,1.50987353206865,3.03912375790425,0.446720798368755,0.16137415546062,14.4715965396852,1.12593200778166,22.6319045392753,29.1219512195122,0.75609756097561
"1544",1551,429,30924,2018,"Conifer Forest",80441,"岩手県",141.9,39.6,64,4,73.1827244700648,0.312339163305106,0.387258064516129,119,10.8,1309,54,105,245.333333333333,413.666666666667,2.23524940768795,-1.24212148948375,-1.51188734762648,0.411425877317332,0.172108912480361,0.454269483109189,0.168492863136218,0.805409563968465,1.29723170118058,0.221567369427805,0.803750140589625,1.11099438843195,3.07117647058823,2.67647058823529,0.432097989407982,0.0722351314068028,14.7418349006723,3.68849457909171,14.5497513012929,34.2941176470588,0.764705882352941
"1545",1552,430,30943,2018,"Conifer Forest",80441,"岩手県",141.95,39.67,17,2,189.195520435401,0.258988259501991,0.376774193548387,129,9.8,1325,54.6666666666667,100.666666666667,224.333333333333,423,0.172534076073615,-1.92200655163707,-1.81636301937601,0.0397981496797862,0.00693252383610856,0.0383859575699542,0.0203799890289729,0.0342298791428124,0.112593750128064,0.0231860277697503,0.0441340050551416,0.0995629932783269,3.15140983606557,2.75308196721311,0.411451725791998,0.0770886149861706,12.0546468271311,4.21649175282514,16.7635647522194,39.7540983606557,0.983606557377049
"1546",1553,431,30945,2018,"Conifer Forest",80441,"岩手県",141.95,39.75,32,3,87.7472072805131,0.381596105524208,0.375806451612903,188,9.9,1294,55,100.666666666667,238.666666666667,437.666666666667,2.1964717656593,-1.55897989282307,-1.31815895245058,0.378722240643962,0.258953638962874,0.390135497685746,0.251983782223425,0.56561684709803,1.5718019893813,0.265445558524433,0.353819153484541,1.02624348473311,2.93384990253411,2.71715399610136,0.429695847013031,0.0826453149767897,13.8792909057874,3.5427096582966,14.9095136522156,37.3684210526316,0.789473684210526
"1547",1554,432,30950,2018,"Conifer Forest",80441,"岩手県",141.95,39.96,67,4,84.3680844564872,0.36190422427824,0.373091397849462,52,9.8,1230,56,109.666666666667,247.666666666667,421.666666666667,0,-3.83242365725289,1.69316703570433,0,0,0,0,0,0,0,0,0,1.35,3.38,0.43,0.19905305865423,12.3539024390244,0.917383180406259,28.1560210855065,30,1
"1548",1555,433,30953,2018,"Conifer Forest",80441,"岩手県",141.99,39.49,106,5,86.457683139008,0.298480893070935,0.378333333333333,105,10.8,1352,53.6666666666667,99.6666666666667,271,398.333333333333,0.290329850422848,-3.71162630981046,1.63830041746571,0.0969851480661846,0.0234686755676445,0.0497703024811188,0.161560568321985,0.0822434236090193,0.0851713384165408,0.0576574878938961,0.0246390266990586,0.166751368693453,1.39583333333333,3.36944444444444,0.431904313147553,0.195012647989298,12.5771072630645,0.946623213743438,27.662764453051,29.8611111111111,0.972222222222222
